Action ID,Deal Type,Announce Date,Target Ticker,Acquirer Ticker,Deal Status,Deal Attributes,Deal Description,Currency of Deal,Payment Type,Completion/Termination Date,Percent Owned,Percent Sought,Has Contingency Payment,Target Industry Sector,Acquirer Industry Sector,Adviser Fees Disclosed,Nature of Bid,Target Country/Region,Acquirer Country/Region,Target Security Description,Acquirer Security Description,Target Security Type,Acquirer Security Type,Financials Fiscal Year (as-at),Target Total Assets,Target Revenue,Acquirer Total Assets,Acquirer Revenue,Announced Total Value (mil.),Financial Variables Present (of 4),Target Limb Driver,Regime No.,Regime Start,Regime End,Intermediate Combined (R'm),Intermediate Target (R'm),Large Combined (R'm),Large Target (R'm),CPI Index (Dec 2024=100),CPI YoY %,Nominal GDP (R million),"Real GDP (R million, 2015 prices)","GDP Deflator (Index, 2015=100)",GDP Deflator YoY %,Market Capitalisation (R million),"Combined Limb Value (best of 4 routes, R'm)","Target Limb Value (max of assets/turnover, R'm)",Classification,Data Completeness,Year
100026324,INV,2014/12/15,DAW SJ,DAW SJ,Completed,Minority Purchase,Ukhamba Holdings Pty Ltd sold a minority stake in Distribution and Warehousing Network Ltd to Distribution and Warehousing Network Ltd. The transaction was completed on 12/15/2014.,ZAR,Cash,2014/12/15,0.000000,32.250000,No,Consumer Discretionary,Consumer Discretionary,N,Friendly,South Africa,South Africa,DAW,DAW,Common Stock,Common Stock,2013,3017.595,3763.476,3017.595,3763.476,664.13,4,Both,3,2009-04-01,2017-09-30,560,80,6600,190,61.0166666666667,6.05,4133873.0,4363118.1,94.7458424286063,5.36654656658044,11505020.0,7526.952,3763.476,Large,Full (4/4),2014
100560439,INV,2014/12/24,TSX SJ,GRSP SJ,Completed,Additional Stake Purchase,Goldrush Holdings Ltd acquired Trans Hex Group Ltd. The transaction was completed on 12/24/2014. Financial terms of the transaction are undisclosed.,ZAR,Undisclosed,2014/12/24,24.299999,0.700100,No,Materials,Financials,N,Friendly,South Africa,South Africa,TSX,GRSP,Common Stock,Preference,2013,990.427,751.304,606.024023,20.773118,,4,Both,3,2009-04-01,2017-09-30,560,80,6600,190,61.0166666666667,6.05,4133873.0,4363118.1,94.7458424286063,5.36654656658044,11505020.0,1596.451023,990.427,Intermediate,Full (4/4),2014
101568253,M&A,2014/10/15,LHG SJ,ENDPQ US,Completed,"Company Takeover, Cross Border, Additional Stake Purchase",Endo International PLC acquired Litha Healthcare Group Ltd for ZAR 461.70M. The transaction was announced on 10/15/2014 and completed on 2/10/2015.,ZAR,Cash,2015/2/10,70.000000,30.000000,No,Health Care,Health Care,N,Friendly,South Africa,United States,LHG,ENDPQ,Common Stock,Common Stock,2013,1944.3,1045.332,6571.856,2124.681,461.70,4,Both,3,2009-04-01,2017-09-30,560,80,6600,190,61.0166666666667,6.05,4133873.0,4363118.1,94.7458424286063,5.36654656658044,11505020.0,8516.155999999999,1944.3,Large,Full (4/4),2014
101824608,INV,2015/1/26,SPP SJ,184023Z SJ,Completed,"Private Equity, Minority Purchase",Public Investment Corp Ltd acquired a minority stake in SPAR Group Ltd/The. The transaction was completed on 1/26/2015. Financial terms of the transaction are undisclosed.,ZAR,Undisclosed,2015/1/26,0.000000,20.002001,No,Consumer Staples,Financials,N,Friendly,South Africa,South Africa,SPP,184023Z,Common Stock,Private Comp,2014,17122.6,54483,1206.976,808.88,,4,Both,3,2009-04-01,2017-09-30,560,80,6600,190,63.825,4.58333333333333,4420792.5,4420792.5,100.0,5.54552837012652,11727560.0,55689.976,54483.0,Large,Full (4/4),2015
101825286,INV,2015/1/26,NPK SJ,0229878D LN,Completed,"Cross Border, Minority Purchase",Somerset Capital Management LLP acquired a minority stake in Nampak Ltd. The transaction was completed on 1/26/2015. Financial terms of the transaction are undisclosed.,ZAR,Undisclosed,2015/1/26,0.000000,5.030000,No,Materials,Financials,N,Friendly,South Africa,United Kingdom,NPK,0229878D,Common Stock,Private Comp,2014,21891.1,15305.6,6.61405014235,12.479166883651953,,4,Both,3,2009-04-01,2017-09-30,560,80,6600,190,63.825,4.58333333333333,4420792.5,4420792.5,100.0,5.54552837012652,11727560.0,21903.57916688365,21891.1,Large,Full (4/4),2015
102634716,INV,2015/2/12,SAP SJ,184023Z SJ,Completed,Minority Purchase,Public Investment Corp Ltd acquired a minority stake in Sappi Ltd. The transaction was completed on 2/12/2015. Financial terms of the transaction are undisclosed.,ZAR,Undisclosed,2015/2/12,0.000000,15.573000,No,Materials,Financials,N,Friendly,South Africa,South Africa,SAP,184023Z,Common Stock,Private Comp,2014,5465,6061,1206.976,808.88,,4,Both,3,2009-04-01,2017-09-30,560,80,6600,190,63.825,4.58333333333333,4420792.5,4420792.5,100.0,5.54552837012652,11727560.0,7267.976000000001,6061.0,Large,Full (4/4),2015
10263927,M&A,2003/2/11,AMA SJ,0544801D US,Completed,"Cross Border, Majority Purchase, Tender Offer",Russell Hobbs Inc acquired Home of Living Brands Holdings Ltd. The transaction was announced on 2/11/2003 and completed on 3/25/2003. Financial terms of the transaction are undisclosed.,ZAR,Cash,2003/3/25,30.799999,21.200001,No,Consumer Discretionary,Consumer Discretionary,N,Friendly,South Africa,United States,AMA,0544801D,Common Stock,Common Stock,2002,480.7330017089844,862.3380126953125,823.927,922.479,,4,Both,2,2001-02-01,2009-03-31,200,30,3500,100,33.675,5.96666666666667,1490399.0,3099254.3,48.0889548172927,6.39575753417796,1787194.0,1784.8170126953125,862.3380126953125,Intermediate,Full (4/4),2003
102805375,M&A,2015/2/17,213619Z SJ,TKG SJ,Withdrawn,"Company Takeover, Cross Border","On 11/19/2015 Telkom withdrew their interest in Cell C. On 11/09/2015, Telkom SA announced that the companies were still in discussions. On 10/29/2015 it was reported that shareholders of Cell C rejected the ZAR 14,000.00M offer from Telkom SA. On 09/23/2015, the CEO of Cell C Pty Ltd stated ...",ZAR,Undisclosed,2015/11/19,0.000000,100.000000,No,Communications,Communications,N,Friendly,South Africa,South Africa,213619Z,TKG,Private Comp,Common Stock,2014,15475.813,11634.148,39405,31288,13999.94,4,Both,3,2009-04-01,2017-09-30,560,80,6600,190,63.825,4.58333333333333,4420792.5,4420792.5,100.0,5.54552837012652,11727560.0,54880.813,15475.813,Large,Full (4/4),2015
103008079,INV,2015/2/23,AIP SJ,BVT SJ,Completed,Additional Stake Purchase,Bidvest Group Ltd/The acquired Adcock Ingram Holdings Ltd for ZAR 299.74M. The transaction was announced on 2/23/2015 and completed on 5/18/2015.,ZAR,Cash,2015/5/18,33.720001,3.280000,No,Health Care,Consumer Staples,N,Friendly,South Africa,South Africa,AIP,BVT,Common Stock,Common Stock,2014,5405.842,,80975.47,161612.418,299.74,3,Assets only,3,2009-04-01,2017-09-30,560,80,6600,190,63.825,4.58333333333333,4420792.5,4420792.5,100.0,5.54552837012652,11727560.0,167018.26,5405.842,Large,Partial (3/4),2015
103063244,M&A,2015/2/24,AIA SJ,REB SJ,Completed,"Company Takeover, Additional Stake Purchase",Rebosis Property Fund Ltd acquired Ascension Properties Ltd for ZAR 2487.52M. The transaction was announced on 2/24/2015 and completed on 4/25/2017.,ZAR,Stock,2017/4/25,33.869999,66.129997,No,Real Estate,Real Estate,N,Friendly,South Africa,South Africa,AIA,REB,REIT,REIT,2014,3823.853,353.101,7852.361,884.378,2487.52,4,Both,3,2009-04-01,2017-09-30,560,80,6600,190,63.825,4.58333333333333,4420792.5,4420792.5,100.0,5.54552837012652,11727560.0,11676.214,3823.853,Large,Full (4/4),2015
104477899,INV,2015/3/18,AVV SJ,IVZ US,Completed,"Cross Border, Additional Stake Purchase",Invesco Ltd acquired Alviva Holdings Ltd. The transaction was completed on 3/18/2015. Financial terms of the transaction are undisclosed.,ZAR,Undisclosed,2015/3/18,14.440000,0.810000,No,Consumer Discretionary,Financials,N,Friendly,South Africa,United States,AVV,IVZ,Common Stock,Common Stock,2014,3346.679,7152.444,20450,5147.1,,4,Both,3,2009-04-01,2017-09-30,560,80,6600,190,63.825,4.58333333333333,4420792.5,4420792.5,100.0,5.54552837012652,11727560.0,27602.444,7152.444,Large,Full (4/4),2015
106151682,INV,2015/4/29,MRF SJ,GLEN LN,Completed,"Cross Border, Minority Purchase",Royal Bafokeng Platinum Ltd sold a minority stake in Merafe Resources Ltd to Glencore PLC. The transaction was completed on 4/29/2015. Financial terms of the transaction are undisclosed.,ZAR,Undisclosed,2015/4/29,0.000000,28.680000,No,Materials,Materials,N,Friendly,South Africa,Switzerland,MRF,GLEN,Common Stock,Common Stock,2014,5401.147,3609.066,152205,221073,,4,Both,3,2009-04-01,2017-09-30,560,80,6600,190,63.825,4.58333333333333,4420792.5,4420792.5,100.0,5.54552837012652,11727560.0,226474.147,5401.147,Large,Full (4/4),2015
106890033,INV,2015/5/13,SNT SJ,SNT SJ,Pending,Minority Purchase,Central Plaza Investments 112 Pty Ltd announced the sale of a minority stake in Santam Ltd to Santam Ltd. The transaction was announced on 5/13/2015 and is currently pending.,ZAR,Cash,,0.000000,3.530000,No,Financials,Financials,N,Friendly,South Africa,South Africa,SNT,SNT,Common Stock,Common Stock,2014,25184,19434,25184,19434,800.85,4,Both,3,2009-04-01,2017-09-30,560,80,6600,190,63.825,4.58333333333333,4420792.5,4420792.5,100.0,5.54552837012652,11727560.0,50368.0,25184.0,Large,Full (4/4),2015
107941646,INV,2015/6/8,RMH SJ,184023Z SJ,Completed,Additional Stake Purchase,Public Investment Corp Ltd acquired RMB Holdings Ltd. The transaction was completed on 6/8/2015. Financial terms of the transaction are undisclosed.,ZAR,Undisclosed,2015/6/8,9.987000,0.044000,No,Financials,Financials,N,Friendly,South Africa,South Africa,RMH,184023Z,Common Stock,Private Comp,2014,33566,0,1206.976,808.88,,4,Assets only,3,2009-04-01,2017-09-30,560,80,6600,190,63.825,4.58333333333333,4420792.5,4420792.5,100.0,5.54552837012652,11727560.0,34772.976,33566.0,Large,Full (4/4),2015
108021185,INV,2015/6/9,NPK SJ,LAZ US,Completed,"Cross Border, Minority Purchase",Lazard Inc acquired a minority stake in Nampak Ltd. The transaction was completed on 6/9/2015. Financial terms of the transaction are undisclosed.,ZAR,Undisclosed,2015/6/9,0.000000,10.040000,No,Materials,Financials,N,Friendly,South Africa,United States,NPK,LAZ,Common Stock,Common Stock,2014,21891.1,15305.6,3332.236,2363.017,,4,Both,3,2009-04-01,2017-09-30,560,80,6600,190,63.825,4.58333333333333,4420792.5,4420792.5,100.0,5.54552837012652,11727560.0,25223.336,21891.1,Large,Full (4/4),2015
108135892,M&A,2015/6/11,IRA SJ,AFT SJ,Completed,"Company Takeover, Additional Stake Purchase",Afrimat Ltd acquired Infrasors Holdings Ltd for ZAR 19.22M. The transaction was announced on 6/11/2015 and completed on 10/13/2015.,ZAR,Cash,2015/10/13,91.279999,8.720000,No,Materials,Materials,N,Friendly,South Africa,South Africa,IRA,AFT,Common Stock,Common Stock,2014,326.506,327.51,1479.417249,1901.187222,19.22,4,Both,3,2009-04-01,2017-09-30,560,80,6600,190,63.825,4.58333333333333,4420792.5,4420792.5,100.0,5.54552837012652,11727560.0,2228.697222,327.51,Intermediate,Full (4/4),2015
10823834,M&A,2003/3/3,AHV SJ,CRH SJ,Completed,"Company Takeover, Additional Stake Purchase, Tender Offer",Coronation Holdings Ltd acquired African Harvest Ltd for ZAR 137.81M. The transaction was announced on 3/3/2003 and completed on 7/8/2003.,ZAR,Cash,2003/7/8,75.000000,25.000000,No,Financials,Financials,N,Friendly,South Africa,South Africa,AHV,CRH,Common Stock,Common Stock,2002,680.291015625,38.356998443603516,7026,1383,137.81,4,Assets only,2,2001-02-01,2009-03-31,200,30,3500,100,33.675,5.96666666666667,1490399.0,3099254.3,48.0889548172927,6.39575753417796,1787194.0,7706.291015625,680.291015625,Large,Full (4/4),2003
108247445,BUY,2015/6/15,CMH SJ,CMH SJ,Completed,,,ZAr,,2015/7/3,0.000000,0.000000,,Consumer Discretionary,Consumer Discretionary,N,,South Africa,,CMH,CMH,Common Stock,Common Stock,2014,2574.11,10703.616,2574.11,10703.616,2.50,4,Both,3,2009-04-01,2017-09-30,560,80,6600,190,63.825,4.58333333333333,4420792.5,4420792.5,100.0,5.54552837012652,11727560.0,21407.232,10703.616,Large,Full (4/4),2015
108682908,M&A,2015/6/24,CCL SJ,WTC AU,Completed,"Company Takeover, Cross Border, Additional Stake Purchase",WiseTech Global Ltd acquired Compu-Clearing Outsourcing Ltd for ZAR 176.97M. The transaction was announced on 6/24/2015 and completed on 9/22/2015.,ZAR,Cash,2015/9/22,23.500000,76.500000,No,Technology,Technology,N,Friendly,South Africa,Australia,CCL,WTC,Common Stock,Common Stock,2014,66.281,71.968,,60.60752183908047,176.98,3,Neither,3,2009-04-01,2017-09-30,560,80,6600,190,63.825,4.58333333333333,4420792.5,4420792.5,100.0,5.54552837012652,11727560.0,132.57552183908047,71.968,Small,Partial (3/4),2015
108732382,M&A,2015/6/25,ADH SJ,COH SJ,Terminated,Company Takeover,Curro Holdings Ltd announced the acquisition of Advtech Ltd for ZAR 6712.98M. The transaction was announced on 6/25/2015 and terminated on 7/29/2015.,ZAR,Cash or Stock,2015/7/29,0.000000,100.000000,No,Consumer Discretionary,Consumer Discretionary,N,Unsolicited,South Africa,South Africa,ADH,COH,Common Stock,Common Stock,2014,1960.2,1931.8,4144.001,1000.701,6713.01,4,Both,3,2009-04-01,2017-09-30,560,80,6600,190,63.825,4.58333333333333,4420792.5,4420792.5,100.0,5.54552837012652,11727560.0,6104.201,1960.2,Intermediate,Full (4/4),2015
108842109,M&A,2015/6/26,FPT SJ,RDF SJ,Completed,"Company Takeover, Additional Stake Purchase",Redefine Properties Ltd acquired Fountainhead Property Trust for ZAR 3452.13M. The transaction was announced on 6/26/2015 and completed on 8/11/2015.,ZAR,Stock,2015/8/11,66.000000,34.000000,No,Real Estate,Real Estate,N,Friendly,South Africa,South Africa,FPT,RDF,REIT,REIT,2014,12601.452,1282.033,57490.164,5594.127,3452.12,4,Both,3,2009-04-01,2017-09-30,560,80,6600,190,63.825,4.58333333333333,4420792.5,4420792.5,100.0,5.54552837012652,11727560.0,70091.616,12601.452,Large,Full (4/4),2015
108970285,M&A,2015/6/30,ZSA SJ,ZURN SW,Completed,Company Takeover,Zurich Insurance Group AG acquired Zurich Insurance Co South Africa Ltd for ZAR 2405.11M. The transaction was announced on 6/30/2015 and completed on 9/22/2015.,ZAR,Cash,2015/9/22,0.000000,100.000000,No,Financials,Financials,N,Friendly,South Africa,Switzerland,ZSA,ZURN,Common Stock,Common Stock,2014,4757.682,3392.387,406529,72781,2405.11,4,Both,3,2009-04-01,2017-09-30,560,80,6600,190,63.825,4.58333333333333,4420792.5,4420792.5,100.0,5.54552837012652,11727560.0,411286.682,4757.682,Large,Full (4/4),2015
110252034,M&A,2015/7/29,GGM SJ,601212 CH,Completed,"Company Takeover, Cross Border, Additional Stake Purchase, Tender Offer",Baiyin Nonferrous Group Co Ltd acquired Goliath Gold Mining Ltd for ZAR 41.26M. The transaction was announced on 7/29/2015 and completed on 12/8/2015.,ZAR,Cash,2015/12/8,72.000000,28.000000,No,Materials,Materials,N,Friendly,South Africa,China,GGM,601212,Common Stock,Common Stock,2014,168.204,0,34031.79185955,46193.35742672,41.26,4,Assets only,3,2009-04-01,2017-09-30,560,80,6600,190,63.825,4.58333333333333,4420792.5,4420792.5,100.0,5.54552837012652,11727560.0,46361.56142672,168.204,Intermediate,Full (4/4),2015
110768195,INV,2015/8/5,ILA SJ,SLM SJ,Completed,Minority Purchase,Sanlam Ltd acquired a minority stake in Iliad Africa Ltd. The transaction was completed on 8/5/2015. Financial terms of the transaction are undisclosed.,ZAR,Undisclosed,2015/8/5,0.000000,10.000000,No,Consumer Discretionary,Financials,N,Friendly,South Africa,South Africa,ILA,SLM,Common Stock,Common Stock,2014,1640.62,4365.448,611253,92165,,4,Both,3,2009-04-01,2017-09-30,560,80,6600,190,63.825,4.58333333333333,4420792.5,4420792.5,100.0,5.54552837012652,11727560.0,615618.448,4365.448,Large,Full (4/4),2015
111337505,INV,2015/8/19,IMP SJ,CML SJ,Completed,Minority Purchase,Coronation Fund Managers Ltd acquired a minority stake in Impala Platinum Holdings Ltd. The transaction was completed on 8/19/2015. Financial terms of the transaction are undisclosed.,ZAR,Undisclosed,2015/8/19,0.000000,20.020000,No,Materials,Financials,N,Friendly,South Africa,South Africa,IMP,CML,Common Stock,Common Stock,2014,79867,29028,76861,4830,,4,Both,3,2009-04-01,2017-09-30,560,80,6600,190,63.825,4.58333333333333,4420792.5,4420792.5,100.0,5.54552837012652,11727560.0,156728.0,79867.0,Large,Full (4/4),2015
11145294,INV,2003/5/2,ARI SJ,HAR SJ,Completed,"Cross Border, Minority Purchase",Anglo American PLC sold a minority stake in African Rainbow Minerals Ltd to Harmony Gold Mining Co Ltd. The transaction was completed on 5/2/2003.,GBP,Cash,2003/5/2,0.000000,34.900002,No,Materials,N.A.,N,Friendly,South Africa,South Africa,ARI,HAR,Common Stock,Common Stock,2002,8786,3499,14368,7806,1725.26,4,Both,2,2001-02-01,2009-03-31,200,30,3500,100,33.675,5.96666666666667,1490399.0,3099254.3,48.0889548172927,6.39575753417796,1787194.0,23154.0,8786.0,Large,Full (4/4),2003
11146050,M&A,2003/5/2,AOD SJ,HAR SJ,Completed,Company Takeover,Harmony Gold Mining Co Ltd acquired African Rainbow Minerals Gold Ltd for ZAR 5752.92M. The transaction was announced on 5/2/2003 and completed on 9/23/2003.,ZAR,Stock,2003/9/23,0.000000,100.000000,No,Materials,Materials,N,Friendly,South Africa,South Africa,AOD,HAR,Common Stock,Common Stock,2002,,3537.800048828125,14368,7806,5752.94,3,Turnover only,2,2001-02-01,2009-03-31,200,30,3500,100,33.675,5.96666666666667,1490399.0,3099254.3,48.0889548172927,6.39575753417796,1787194.0,17905.800048828125,3537.800048828125,Large,Partial (3/4),2003
11205459,M&A,2003/5/9,SIS SJ,SUI SJ,Completed,"Majority Purchase, Additional Stake Purchase",Sun International Ltd/South Africa acquired Sun International South Africa Ltd for ZAR 547.00M. The transaction was completed on 5/9/2003.,ZAR,Cash,2003/5/9,43.599998,18.600000,No,Consumer Discretionary,Consumer Discretionary,N,Friendly,South Africa,South Africa,SIS,SUI,Common Stock,Common Stock,2002,3510.305908203125,1732.31103515625,8488.814453125,3719.387939453125,547.00,4,Both,2,2001-02-01,2009-03-31,200,30,3500,100,33.675,5.96666666666667,1490399.0,3099254.3,48.0889548172927,6.39575753417796,1787194.0,11999.120361328125,3510.305908203125,Large,Full (4/4),2003
113022356,INV,2015/9/25,PGR SJ,INL SJ,Completed,Additional Stake Purchase,Investec Ltd acquired Peregrine Holdings Ltd. The transaction was completed on 9/25/2015. Financial terms of the transaction are undisclosed.,ZAR,Undisclosed,2015/9/25,6.360000,3.910000,No,Financials,Financials,N,Friendly,South Africa,South Africa,PGR,INL,Common Stock,Common Stock,2014,21520.042,2172.119,47141.907,3336.322,,4,Both,3,2009-04-01,2017-09-30,560,80,6600,190,63.825,4.58333333333333,4420792.5,4420792.5,100.0,5.54552837012652,11727560.0,68661.949,21520.042,Large,Full (4/4),2015
113666572,INV,2015/10/5,HDC SJ,OML LN,Completed,"Cross Border, Minority Purchase",Om Residual UK Ltd acquired a minority stake in Hudaco Industries Ltd. The transaction was completed on 10/5/2015. Financial terms of the transaction are undisclosed.,ZAR,Undisclosed,2015/10/5,0.000000,8.920000,No,Industrials,Financials,N,Friendly,South Africa,United Kingdom,HDC,OML,Common Stock,Common Stock,2014,3068.364,4479.794,142516,13806,,4,Both,3,2009-04-01,2017-09-30,560,80,6600,190,63.825,4.58333333333333,4420792.5,4420792.5,100.0,5.54552837012652,11727560.0,146995.794,4479.794,Large,Full (4/4),2015
113667184,M&A,2015/10/14,MDC SJ,MDC LN,Completed,"Reverse Merger, Company Takeover, Cross Border","Al Noor Hospitals Group PLC announced the acquisition of Mediclinic International Ltd for GBP 6,574.97M. The transaction was announced on 10/14/2015 and is currently pending. This is the second largest deal ever in the medical-hospital industry at the time of announcement. On 10/05/2015, Medi...",GBP,Stock,2016/2/15,0.000000,100.000000,No,Health Care,Health Care,N,Friendly,South Africa,United Arab Emirates,MDC,MDC,Common Stock,Common Stock,2014,70534,30495,210.6085954,272.7913689256705,135149.56,4,Both,3,2009-04-01,2017-09-30,560,80,6600,190,63.825,4.58333333333333,4420792.5,4420792.5,100.0,5.54552837012652,11727560.0,70806.79136892567,70534.0,Large,Full (4/4),2015
11367918,INV,2003/5/27,APP SJ,AMB SJ,Completed,Minority Purchase,AMB Holdings Ltd acquired a minority stake in AMB Private Equity Partners Ltd. The transaction was announced on 5/27/2003 and completed on 7/22/2003.,ZAR,Cash,2003/7/22,0.000000,40.000000,No,Financials,Financials,N,Friendly,South Africa,South Africa,APP,AMB,Unit,Common Stock,2002,1431.3399658203125,744.072021484375,1849.948974609375,269.385986328125,253.00,4,Both,2,2001-02-01,2009-03-31,200,30,3500,100,33.675,5.96666666666667,1490399.0,3099254.3,48.0889548172927,6.39575753417796,1787194.0,3281.2889404296875,1431.3399658203125,Intermediate,Full (4/4),2003
114163848,INV,2015/10/15,DCT SJ,AVV SJ,Completed,Additional Stake Purchase,Anchor Capital Pty Ltd announced the sale of a minority stake in Datacentrix Holdings Ltd to Pinnacle Holdings Ltd for ZAR 100.36M. The transaction was announced on 10/15/2015 and completed on 10/02/2015.,ZAR,Stock,2015/10/2,34.994999,10.000000,No,Technology,Consumer Discretionary,N,Friendly,South Africa,South Africa,DCT,AVV,Common Stock,Common Stock,2014,962.531,2279.512,3346.679,7152.444,100.36,4,Both,3,2009-04-01,2017-09-30,560,80,6600,190,63.825,4.58333333333333,4420792.5,4420792.5,100.0,5.54552837012652,11727560.0,9431.956,2279.512,Large,Full (4/4),2015
114163914,M&A,2015/10/15,DCT SJ,AVV SJ,Completed,"Mandatory Offer, Majority Purchase, Additional Stake Purchase, Tender Offer",Alviva Holdings Ltd acquired Datacentrix Holdings Ltd for ZAR 99.33M. The transaction was announced on 10/15/2015 and completed on 1/11/2016.,ZAR,Stock,2016/1/11,45.000000,9.641861,No,Technology,Consumer Discretionary,N,Friendly,South Africa,South Africa,DCT,AVV,Common Stock,Common Stock,2014,962.531,2279.512,3346.679,7152.444,99.33,4,Both,3,2009-04-01,2017-09-30,560,80,6600,190,63.825,4.58333333333333,4420792.5,4420792.5,100.0,5.54552837012652,11727560.0,9431.956,2279.512,Large,Full (4/4),2015
114513044,M&A,2015/7/16,CPF SJ,FFB SJ,Completed,"Company Takeover, Additional Stake Purchase",Fortress Real Estate Investmen acquired Capital Property Fund Ltd for ZAR 35781.75M. The transaction was announced on 7/16/2015 and completed on 11/30/2015.,ZAR,Stock,2015/11/30,3.710000,96.290001,No,Real Estate,Real Estate,N,Friendly,South Africa,South Africa,CPF,FFB,REIT,Common Stock,2014,,2038.247,13465.169,961.851,35781.82,3,Turnover only,3,2009-04-01,2017-09-30,560,80,6600,190,63.825,4.58333333333333,4420792.5,4420792.5,100.0,5.54552837012652,11727560.0,15503.416,2038.247,Large,Partial (3/4),2015
11590910,INV,2003/6/19,SFT SJ,EXACT NA,Completed,"Cross Border, Minority Purchase",Exact Holding BV acquired a minority stake in Softline Ltd/South Africa. The transaction was completed on 6/19/2003.,ZAR,Cash,2003/6/19,0.000000,15.100000,No,Technology,Technology,N,Friendly,South Africa,Netherlands,SFT,EXACT,Common Stock,Common Stock,2002,666.0540161132812,486.8290100097656,0,0,85.92,4,Both,2,2001-02-01,2009-03-31,200,30,3500,100,33.675,5.96666666666667,1490399.0,3099254.3,48.0889548172927,6.39575753417796,1787194.0,666.0540161132812,666.0540161132812,Intermediate,Full (4/4),2003
116565120,BUY,2015/10/11,MEAFR NA,MEAFR NA,Pending,,,EUR,,2015/11/24,0.000000,0.000000,,Industrials,Industrials,N,,South Africa,,MEAFR,MEAFR,Common Stock,Common Stock,2014,1694.721,1048.065,1694.721,1048.065,1859.85,4,Both,3,2009-04-01,2017-09-30,560,80,6600,190,63.825,4.58333333333333,4420792.5,4420792.5,100.0,5.54552837012652,11727560.0,3389.442,1694.721,Intermediate,Full (4/4),2015
117368927,M&A,2015/12/16,ABG SJ,184023Z SJ,Withdrawn,"Cross Border, Majority Purchase","Abraaj CEO Arif Naqvi announced on 01/17/2017 that the company is interested in acquiring Barclay's Africa business. On 11/07/2016 it was reported that Public Investment Corp has sought approval from the Reserve Bank to increase its stake in Barclays Africa Group Ltd, citing people familiar w...",USD,Undisclosed,2016/6/16,6.500000,31.000000,No,Financials,Financials,N,Friendly,South Africa,South Africa,ABG,184023Z,Common Stock,Private Comp,2014,991414,96081,1206.976,808.88,,4,Both,3,2009-04-01,2017-09-30,560,80,6600,190,63.825,4.58333333333333,4420792.5,4420792.5,100.0,5.54552837012652,11727560.0,992620.976,991414.0,Large,Full (4/4),2015
11835695,INV,2003/7/15,AVG SJ,HAR SJ,Completed,"Cross Border, Minority Purchase",Anglo American PLC sold a minority stake in Avgold Ltd to Harmony Gold Mining Co Ltd. The transaction was announced on 7/15/2003 and completed on 7/21/2003. Financial terms of the transaction are undisclosed.,GBP,Undisclosed,2003/7/21,0.000000,11.500000,No,Materials,Materials,N,Friendly,South Africa,South Africa,AVG,HAR,Common Stock,Common Stock,2002,3139.948975,363.802002,14368,7806,,4,Both,2,2001-02-01,2009-03-31,200,30,3500,100,33.675,5.96666666666667,1490399.0,3099254.3,48.0889548172927,6.39575753417796,1787194.0,17507.948975,3139.948975,Large,Full (4/4),2003
12007815,M&A,2003/8/1,SFT SJ,SGE LN,Completed,"Company Takeover, Cross Border",Sage Group PLC/The acquired Softline Ltd/South Africa for ZAR 677.31M. The transaction was announced on 8/1/2003 and completed on 11/25/2003.,ZAR,Cash,2003/11/25,0.000000,100.000000,No,Technology,Technology,N,Friendly,South Africa,United Kingdom,SFT,SGE,Common Stock,Common Stock,2002,666.0540161132812,486.8290100097656,1083.074951171875,551.7310180664062,677.31,4,Both,2,2001-02-01,2009-03-31,200,30,3500,100,33.675,5.96666666666667,1490399.0,3099254.3,48.0889548172927,6.39575753417796,1787194.0,1749.1289672851562,666.0540161132812,Intermediate,Full (4/4),2003
120301109,M&A,2016/2/8,ILV SJ,ABF LN,Completed,"Company Takeover, Cross Border, Additional Stake Purchase",Associated British Foods PLC acquired Illovo Sugar Pty Ltd for ZAR 5603.64M. The transaction was announced on 2/8/2016 and completed on 6/28/2016.,ZAR,Cash,2016/6/28,51.349998,48.650002,No,Consumer Staples,Consumer Staples,N,Unsolicited,South Africa,United Kingdom,ILV,ABF,Common Stock,Common Stock,2015,14826.5,13266.5,10219,12800,5603.60,4,Both,3,2009-04-01,2017-09-30,560,80,6600,190,67.8333333333333,6.325,4759554.5,4450171.0,106.952171051405,6.95217105140453,13580619.0,27626.5,14826.5,Large,Full (4/4),2016
12054839,M&A,2003/8/6,WET SJ,ELH SJ,Completed,"Company Takeover, Tender Offer",Ellerine Holdings Ltd acquired Wetherlys Investment Holdings Ltd for ZAR 486.53M. The transaction was announced on 8/6/2003 and completed on 10/28/2003.,ZAR,Cash,2003/10/28,0.000000,100.000000,No,Consumer Discretionary,Consumer Discretionary,N,Friendly,South Africa,South Africa,WET,ELH,Common Stock,Common Stock,2002,254.70399475097656,269.7879943847656,2159.885986328125,1151.1700439453125,486.53,4,Both,2,2001-02-01,2009-03-31,200,30,3500,100,33.675,5.96666666666667,1490399.0,3099254.3,48.0889548172927,6.39575753417796,1787194.0,2429.6739807128906,269.7879943847656,Intermediate,Full (4/4),2003
12054903,M&A,2003/8/6,NAI SJ,HCI SJ,Completed,Company Takeover,Hosken Consolidated Investments Ltd acquired New Africa Investments Ltd. The transaction was completed on 8/6/2003. Financial terms of the transaction are undisclosed.,ZAR,Undisclosed,2003/8/6,0.000000,100.000000,No,Financials,Consumer Discretionary,N,Friendly,South Africa,South Africa,NAI,HCI,Common Stock,Common Stock,2002,1683.625,0,3281.6689453125,390.2659912109375,,4,Assets only,2,2001-02-01,2009-03-31,200,30,3500,100,33.675,5.96666666666667,1490399.0,3099254.3,48.0889548172927,6.39575753417796,1787194.0,4965.2939453125,1683.625,Large,Full (4/4),2003
12154778,M&A,2003/8/21,FSDI LN,RNG SJ,Completed,Majority Purchase,Randgold & Exploration Co Ltd acquired Free State Development & Investment Corp Ltd for ZAR 46.14M. The transaction was announced on 8/21/2003 and completed on 11/25/2003.,ZAR,Stock,2003/11/25,0.000000,55.099998,No,Materials,Materials,N,Friendly,South Africa,South Africa,FSDI,RNG,Common Stock,Common Stock,2002,57.749000549316406,,688.9199829101562,404.0639953613281,46.14,3,Assets only,2,2001-02-01,2009-03-31,200,30,3500,100,33.675,5.96666666666667,1490399.0,3099254.3,48.0889548172927,6.39575753417796,1787194.0,746.6689834594727,57.749000549316406,Intermediate,Partial (3/4),2003
122105447,INV,2016/3/8,REB SJ,AWA SJ,Completed,Minority Purchase,Arrowhead Properties Ltd/Old acquired a minority stake in Rebosis Property Fund Ltd. The transaction was announced on 3/8/2016 and completed on 3/4/2016. Financial terms of the transaction are undisclosed.,ZAR,Cash and Stock,2016/3/4,0.000000,9.757885,No,Real Estate,Real Estate,N,Friendly,South Africa,South Africa,REB,AWA,REIT,REIT,2015,15242.551,1051.529,9906.502916,1256.369389,,4,Both,3,2009-04-01,2017-09-30,560,80,6600,190,67.8333333333333,6.325,4759554.5,4450171.0,106.952171051405,6.95217105140453,13580619.0,25149.053915999997,15242.551,Large,Full (4/4),2016
12301775,M&A,2003/9/4,CHE SJ,AFE SJ,Completed,"Company Takeover, Additional Stake Purchase, Tender Offer",AECI Ltd acquired Chemical Services Ltd for ZAR 530.78M. The transaction was announced on 9/4/2003 and completed on 12/17/2003.,ZAR,Cash and Stock,2003/12/17,74.000000,26.000000,No,Materials,Materials,N,Friendly,South Africa,South Africa,CHE,AFE,Common Stock,Common Stock,2002,1699.800048828125,3036.5,5854,7818,530.79,4,Both,2,2001-02-01,2009-03-31,200,30,3500,100,33.675,5.96666666666667,1490399.0,3099254.3,48.0889548172927,6.39575753417796,1787194.0,10854.5,3036.5,Large,Full (4/4),2003
123861594,INV,2016/4/11,LSAK US,1411Z US,Pending,"Private Placement, Cross Border, Minority Purchase",International Finance Corp announced the acquisition of a minority stake in Lesaka Technologies Inc. The transaction was announced on 4/11/2016 and is expected to be completed by 4/30/2016.,USD,Cash,2016/4/30,0.000000,18.000000,No,Financials,Government,N,Friendly,South Africa,United States,LSAK,1411Z,Common Stock,Private Comp,2015,1316.956,625.979,87548,2707,1583.44,4,Both,3,2009-04-01,2017-09-30,560,80,6600,190,67.8333333333333,6.325,4759554.5,4450171.0,106.952171051405,6.95217105140453,13580619.0,88864.956,1316.956,Large,Full (4/4),2016
12645258,INV,2003/10/16,CSH SJ,RLO SJ,Completed,"Cross Border, Minority Purchase",Getronics BV sold a minority stake in CS Computer Services Holdings Ltd to Reunert Ltd. The transaction was completed on 10/16/2003.,ZAR,Cash,2003/10/16,0.000000,16.290001,No,Technology,Industrials,N,Friendly,South Africa,South Africa,CSH,RLO,Common Stock,Common Stock,2002,300.18499755859375,403.1610107421875,3304.699951171875,5062.89990234375,22.00,4,Both,2,2001-02-01,2009-03-31,200,30,3500,100,33.675,5.96666666666667,1490399.0,3099254.3,48.0889548172927,6.39575753417796,1787194.0,5466.0609130859375,403.1610107421875,Large,Full (4/4),2003
12645614,INV,2003/10/16,CSH SJ,RLO SJ,Completed,Minority Purchase,Sanlam Ltd sold a minority stake in CS Computer Services Holdings Ltd to Reunert Ltd. The transaction was completed on 10/16/2003.,ZAR,Cash,2003/10/16,0.000000,15.360000,No,Technology,Industrials,N,Friendly,South Africa,South Africa,CSH,RLO,Common Stock,Common Stock,2002,300.18499755859375,403.1610107421875,3304.699951171875,5062.89990234375,20.74,4,Both,2,2001-02-01,2009-03-31,200,30,3500,100,33.675,5.96666666666667,1490399.0,3099254.3,48.0889548172927,6.39575753417796,1787194.0,5466.0609130859375,403.1610107421875,Large,Full (4/4),2003
12709487,INV,2003/10/24,EXX SJ,AAL LN,Completed,"Cross Border, Minority Purchase, Additional Stake Purchase",Anglo American PLC acquired a minority stake in Exxaro Resources Ltd. The transaction was completed on 10/24/2003. Financial terms of the transaction are undisclosed.,ZAR,Undisclosed,2003/10/24,20.100000,4.200000,No,Materials,Materials,N,Friendly,South Africa,United Kingdom,EXX,AAL,Common Stock,Common Stock,2002,10208,7182,33581,15145,,4,Both,2,2001-02-01,2009-03-31,200,30,3500,100,33.675,5.96666666666667,1490399.0,3099254.3,48.0889548172927,6.39575753417796,1787194.0,43789.0,10208.0,Large,Full (4/4),2003
127657244,INV,2016/6/23,TOR SJ,SCP SJ,Completed,"Mandatory Offer, Cross Border, Additional Stake Purchase, Tender Offer",Stellar Capital Partners Ltd acquired Torre Industries Ltd for ZAR 200.74M. The transaction was announced on 6/23/2016 and completed on 10/14/2016.,ZAR,Stock,2016/10/14,35.430000,19.950001,No,Industrials,Financials,N,Friendly,South Africa,United Kingdom,TOR,SCP,Common Stock,Common Stock,2015,1972,1332,2473.277,0,200.74,4,Both,3,2009-04-01,2017-09-30,560,80,6600,190,67.8333333333333,6.325,4759554.5,4450171.0,106.952171051405,6.95217105140453,13580619.0,4445.277,1972.0,Intermediate,Full (4/4),2016
12774983,M&A,2003/10/31,EXX SJ,AAL LN,Completed,"Cross Border, Majority Purchase, Additional Stake Purchase, Tender Offer",Anglo American PLC acquired Exxaro Resources Ltd for ZAR 5848.29M. The transaction was announced on 10/31/2003 and completed on 12/5/2003.,ZAR,Cash,2003/12/5,35.000000,31.620001,No,Materials,Materials,N,Friendly,South Africa,United Kingdom,EXX,AAL,Common Stock,Common Stock,2002,10208,7182,33581,15145,5848.30,4,Both,2,2001-02-01,2009-03-31,200,30,3500,100,33.675,5.96666666666667,1490399.0,3099254.3,48.0889548172927,6.39575753417796,1787194.0,43789.0,10208.0,Large,Full (4/4),2003
12838282,M&A,2003/11/5,MCC SJ,BVT SJ,Completed,Company Takeover,Bidvest Group Ltd/The acquired McCarthy Pty Ltd for ZAR 715.52M. The transaction was announced on 11/5/2003 and completed on 4/13/2004.,ZAR,Cash,2004/4/13,2.230000,97.769997,No,Consumer Discretionary,Consumer Staples,N,Friendly,South Africa,South Africa,MCC,BVT,Common Stock,Common Stock,2002,2446.323975,8774.068359,15117.099609375,41950.390625,715.52,4,Both,2,2001-02-01,2009-03-31,200,30,3500,100,33.675,5.96666666666667,1490399.0,3099254.3,48.0889548172927,6.39575753417796,1787194.0,50724.458984,8774.068359,Large,Full (4/4),2003
12890463,M&A,2003/11/13,AVG SJ,HAR SJ,Completed,"Majority Purchase, Additional Stake Purchase",African Rainbow Minerals Ltd sold Avgold Ltd to Harmony Gold Mining Co Ltd for ZAR 3077.66M. The transaction was announced on 11/13/2003 and completed on 4/30/2004.,ZAR,Stock,2004/4/30,11.500000,42.200001,No,Materials,Materials,N,Friendly,South Africa,South Africa,AVG,HAR,Common Stock,Common Stock,2002,3139.948975,363.802002,14368,7806,3077.66,4,Both,2,2001-02-01,2009-03-31,200,30,3500,100,33.675,5.96666666666667,1490399.0,3099254.3,48.0889548172927,6.39575753417796,1787194.0,17507.948975,3139.948975,Large,Full (4/4),2003
12890475,INV,2003/11/13,HAR SJ,ARI SJ,Completed,Minority Purchase,African Rainbow Minerals & Exploration Ltd sold a minority stake in Harmony Gold Mining Co Ltd to African Rainbow Minerals Ltd. The transaction was announced on 11/13/2003 and completed on 12/31/2003.,ZAR,Stock,2003/12/31,0.000000,13.600000,No,Materials,Materials,N,Friendly,South Africa,South Africa,HAR,ARI,Common Stock,Common Stock,2002,14368,7806,8786,3499,3799.41,4,Both,2,2001-02-01,2009-03-31,200,30,3500,100,33.675,5.96666666666667,1490399.0,3099254.3,48.0889548172927,6.39575753417796,1787194.0,23154.0,14368.0,Large,Full (4/4),2003
129252083,M&A,2016/7/25,EMI SJ,AWA SJ,Withdrawn,Company Takeover,"With no further information disclosed, this proposal has been withdrawn. On 07/25/2016, It was reported that Arrowhead Properties Ltd released an official statement expressing interest to acquire the entire issued share capital of Emira Property Fund Ltd. Arrowhead would acquire all of the sh...",ZAR,Stock,2016/7/25,0.000000,100.000000,No,Real Estate,Real Estate,N,Unsolicited,South Africa,South Africa,EMI,AWA,REIT,REIT,2015,13841.064,2967.88,9906.502916,1256.369389,11759.92,4,Both,3,2009-04-01,2017-09-30,560,80,6600,190,67.8333333333333,6.325,4759554.5,4450171.0,106.952171051405,6.95217105140453,13580619.0,23747.566916,13841.064,Large,Full (4/4),2016
12944510,M&A,2003/11/20,AVS SJ,BAW SJ,Completed,"Company Takeover, Additional Stake Purchase",Barloworld Ltd acquired Avis Southern Africa Ltd for ZAR 1424.74M. The transaction was announced on 11/20/2003 and completed on 3/30/2004.,ZAR,Cash and Stock,2004/3/30,34.700001,65.300003,No,Consumer Discretionary,Industrials,N,Friendly,South Africa,South Africa,AVS,BAW,Common Stock,Common Stock,2002,2805.669922,1236.723022,27097,35999,1424.75,4,Both,2,2001-02-01,2009-03-31,200,30,3500,100,33.675,5.96666666666667,1490399.0,3099254.3,48.0889548172927,6.39575753417796,1787194.0,38804.669922,2805.669922,Large,Full (4/4),2003
13021774,M&A,2003/11/28,ALN SJ,APH LN,Completed,"Company Takeover, Cross Border",Alliance Pharma PLC acquired Alliance Pharmaceuticals Ltd/South Africa for ZAR 175.72M. The transaction was announced on 11/28/2003 and completed on 2/28/2004.,ZAR,Cash and Stock,2004/2/28,0.000000,100.000000,No,Health Care,Health Care,N,Friendly,South Africa,United Kingdom,ALN,APH,Common Stock,Common Stock,2002,100.83200073242188,190.7169952392578,8.82469,6.342421,175.72,4,Both,2,2001-02-01,2009-03-31,200,30,3500,100,33.675,5.96666666666667,1490399.0,3099254.3,48.0889548172927,6.39575753417796,1787194.0,199.54168523925782,190.7169952392578,Small,Full (4/4),2003
130303982,M&A,2016/8/10,AER SJ,SCP SJ,Completed,"Company Takeover, Cross Border",Stellar Capital Partners Ltd acquired Amalgamated Electronic Corp Ltd for ZAR 285.67M. The transaction was announced on 8/10/2016 and completed on 11/1/2016.,ZAR,Cash or Stock,2016/11/1,0.000000,100.000000,No,Industrials,Financials,N,Friendly,South Africa,United Kingdom,AER,SCP,Common Stock,Common Stock,2015,187.243,112.569,2473.277,0,285.68,4,Both,3,2009-04-01,2017-09-30,560,80,6600,190,67.8333333333333,6.325,4759554.5,4450171.0,106.952171051405,6.95217105140453,13580619.0,2660.52,187.243,Intermediate,Full (4/4),2016
130317212,M&A,2016/8/11,LDO SJ,FFB SJ,Completed,"Company Takeover, Tender Offer",Fortress Real Estate Investmen acquired Lodestone REIT Ltd for ZAR 1866.59M. The transaction was announced on 8/11/2016 and completed on 12/1/2016.,ZAR,Stock,2016/12/1,0.000000,100.000000,No,Real Estate,Real Estate,N,Unsolicited,South Africa,South Africa,LDO,FFB,REIT,Common Stock,2015,1133.769,,18396.6,1071.721,1866.58,3,Assets only,3,2009-04-01,2017-09-30,560,80,6600,190,67.8333333333333,6.325,4759554.5,4450171.0,106.952171051405,6.95217105140453,13580619.0,19530.369,1133.769,Large,Partial (3/4),2016
131120301,M&A,2016/8/30,PIV SJ,RDF SJ,Completed,Company Takeover,"On 08/30/2016, Business Day reported that Redefine Properties Ltd is expected to make a takeover bid for The Pivotal Fund Ltd via a share swap. On 06/17/2016, the Pivotal Fund Ltd received a non-binding expression of interest in the company.",ZAR,Stock,2017/1/10,0.000000,100.000000,No,N.A.,Real Estate,N,Friendly,South Africa,South Africa,PIV,RDF,Closed-End Fund,REIT,2015,#N/A Field Not Applicable,#N/A Field Not Applicable,70488.72,6777.485,5310.20,4,Neither,3,2009-04-01,2017-09-30,560,80,6600,190,67.8333333333333,6.325,4759554.5,4450171.0,106.952171051405,6.95217105140453,13580619.0,,,Small,Partial (2/4),2016
13159112,INV,2003/12/12,GNK SJ,SAABB SS,Completed,"Cross Border, Minority Purchase",Saab AB acquired a minority stake in Grintek Ltd. The transaction was announced on 12/12/2003 and completed on 1/15/2004.,ZAR,Cash,2004/1/15,0.000000,21.200001,No,Industrials,Industrials,N,Friendly,South Africa,Sweden,GNK,SAABB,Common Stock,Common Stock,2002,1239.3809814453125,1177.301025390625,28109,16538,99.86,4,Both,2,2001-02-01,2009-03-31,200,30,3500,100,33.675,5.96666666666667,1490399.0,3099254.3,48.0889548172927,6.39575753417796,1787194.0,29348.380981445312,1239.3809814453125,Large,Full (4/4),2003
133043574,INV,2016/10/5,BLU SJ,LSAK US,Terminated,"Private Placement, Minority Purchase",Lesaka Technologies Inc announced the acquisition of a minority stake in Blu Label Unlimited Group Ltd. The transaction was announced on 10/5/2016 and terminated on 6/1/2017.,ZAR,Cash and Stock,2017/6/1,0.000000,15.000000,No,Communications,Financials,N,Friendly,South Africa,South Africa,BLU,LSAK,Common Stock,Common Stock,2015,7026.82,22044.222,1316.956,625.979,2000.01,4,Both,3,2009-04-01,2017-09-30,560,80,6600,190,67.8333333333333,6.325,4759554.5,4450171.0,106.952171051405,6.95217105140453,13580619.0,23361.178,22044.222,Large,Full (4/4),2016
133047846,INV,2015/12/10,213619Z SJ,BLU SJ,Completed,"Recapitalization, Minority Purchase",Blu Label Unlimited Group Ltd acquired a minority stake in Cell C Ltd. The transaction was announced on 12/10/2015 and completed on 8/7/2017.,ZAR,Cash,2017/8/7,0.000000,45.000000,No,Communications,Communications,N,Friendly,South Africa,South Africa,213619Z,BLU,Private Comp,Common Stock,2014,15475.813,11634.148,6502.887,19401.666,5500.02,4,Both,3,2009-04-01,2017-09-30,560,80,6600,190,63.825,4.58333333333333,4420792.5,4420792.5,100.0,5.54552837012652,11727560.0,34877.479,15475.813,Large,Full (4/4),2015
133375000,M&A,2016/10/12,DCT SJ,AVV SJ,Completed,"Company Takeover, Additional Stake Purchase",Alviva Holdings Ltd acquired Datacentrix Holdings Ltd for ZAR 571.07M. The transaction was announced on 10/12/2016 and completed on 2/14/2017.,ZAR,Cash,2017/2/14,57.099998,42.900002,No,Technology,Consumer Discretionary,N,Friendly,South Africa,South Africa,DCT,AVV,Common Stock,Common Stock,2015,980.918,2249.661,3566.858,7987.636,571.07,4,Both,3,2009-04-01,2017-09-30,560,80,6600,190,67.8333333333333,6.325,4759554.5,4450171.0,106.952171051405,6.95217105140453,13580619.0,10237.297,2249.661,Large,Full (4/4),2016
134277588,INV,2016/10/31,SUR SJ,GPL SJ,Pending,"Minority Purchase, Additional Stake Purchase",Grand Parade Investments Ltd announced the acquisition of a minority stake in Spur Corp Ltd. The transaction was announced on 10/31/2016 and is currently pending.,ZAR,Cash,,10.000000,18.000000,No,Consumer Discretionary,Financials,N,Friendly,South Africa,South Africa,SUR,GPL,Common Stock,Common Stock,2015,1106.284,612.402,3323.103,502.012,781.06,4,Both,3,2009-04-01,2017-09-30,560,80,6600,190,67.8333333333333,6.325,4759554.5,4450171.0,106.952171051405,6.95217105140453,13580619.0,4429.387000000001,1106.284,Intermediate,Full (4/4),2016
134714328,INV,2016/11/4,REB SJ,AWA SJ,Completed,Minority Purchase,Arrowhead Properties Ltd/Old acquired a minority stake in Rebosis Property Fund Ltd. The transaction was completed on 11/4/2016. Financial terms of the transaction are undisclosed.,ZAR,Undisclosed,2016/11/4,0.000000,20.200001,No,Real Estate,Real Estate,N,Friendly,South Africa,South Africa,REB,AWA,REIT,REIT,2015,15242.551,1051.529,9906.502916,1256.369389,,4,Both,3,2009-04-01,2017-09-30,560,80,6600,190,67.8333333333333,6.325,4759554.5,4450171.0,106.952171051405,6.95217105140453,13580619.0,25149.053915999997,15242.551,Large,Full (4/4),2016
13477471,M&A,2004/1/20,MAF SJ,OML LN,Completed,"Company Takeover, Cross Border, Additional Stake Purchase",Om Residual UK Ltd acquired Old Mutual Insure Ltd for ZAR 1570.67M. The transaction was announced on 1/20/2004 and completed on 4/30/2004.,ZAR,Cash,2004/4/30,50.500000,37.599998,No,Financials,Financials,N,Hostile,South Africa,United Kingdom,MAF,OML,Common Stock,Common Stock,2003,7203,6078,57715,9552,1570.67,4,Both,2,2001-02-01,2009-03-31,200,30,3500,100,34.15,1.39166666666667,1652434.1,3240411.7,50.994572695809,6.04217307187445,2566352.0,64918.0,7203.0,Large,Full (4/4),2004
135803352,M&A,2017/2/2,KEH SJ,SLG SJ,Completed,Company Takeover,"On 02/02/2017, the respective boards of directors of Wescoal Holdings Ltd and Keaton Energy Holdings Corp announced that Wescoal Holdings Ltd has made an offer to Keaton Energy Holdings Corp to acquire 100% of the issued ordinary share capital of Keaton Energy in a combination of stock and ca...",ZAR,Cash and Stock,2017/7/4,0.000000,100.000000,No,Materials,Materials,N,Friendly,South Africa,South Africa,KEH,SLG,Common Stock,Common Stock,2016,1494.811387,1032.079534,1019.969,1589.87,845.59,4,Both,3,2009-04-01,2017-09-30,560,80,6600,190,71.4416666666667,5.28333333333333,5078189.9,4501701.6,112.806008732343,5.4733229100365,15467873.0,3084.6813869999996,1494.811387,Intermediate,Full (4/4),2017
136967688,INV,2016/12/15,DGH SJ,184023Z SJ,Completed,"Cross Border, Private Equity, Minority Purchase",Anheuser-Busch InBev SA/NV sold a minority stake in Distell Group Holdings Ltd to Public Investment Corp Ltd. The transaction was announced on 12/15/2016 and completed on 4/12/2017. Financial terms of the transaction are undisclosed.,EUR,Cash,2017/4/12,0.970000,26.400000,No,Consumer Staples,Financials,N,Friendly,South Africa,South Africa,DGH,184023Z,Common Stock,Private Comp,2015,17807.768,19588.97,1640.94,955.232,,4,Both,3,2009-04-01,2017-09-30,560,80,6600,190,67.8333333333333,6.325,4759554.5,4450171.0,106.952171051405,6.95217105140453,13580619.0,21229.91,19588.97,Large,Full (4/4),2016
136987404,M&A,2016/12/15,APK SJ,RPC LN,Completed,"Company Takeover, Cross Border",RPC Group Ltd acquired Astrapak Ltd for ZAR 1164.61M. The transaction was announced on 12/15/2016 and completed on 6/20/2017.,ZAR,Cash,2017/6/20,0.000000,100.000000,No,Materials,Materials,N,Friendly,South Africa,United Kingdom,APK,RPC,Unit,Common Stock,2015,2094.539,1388.606,1867,1222.4,1164.61,4,Both,3,2009-04-01,2017-09-30,560,80,6600,190,67.8333333333333,6.325,4759554.5,4450171.0,106.952171051405,6.95217105140453,13580619.0,3961.539,2094.539,Intermediate,Full (4/4),2016
13787794,M&A,2004/2/12,MNS SJ,NPN SJ,Completed,"Company Takeover, Tender Offer",Naspers Ltd acquired SuperSport International Holdings Pty Ltd for ZAR 2531.18M. The transaction was announced on 2/12/2004 and completed on 4/15/2004.,ZAR,Cash or Stock,2004/4/15,0.000000,100.000000,No,Communications,Communications,N,Friendly,South Africa,South Africa,MNS,NPN,Unit,Common Stock,2003,635.265991,960.877014,1693.869851076068,1268.2725422929402,2531.18,4,Both,2,2001-02-01,2009-03-31,200,30,3500,100,34.15,1.39166666666667,1652434.1,3240411.7,50.994572695809,6.04217307187445,2566352.0,2654.746865076068,960.877014,Intermediate,Full (4/4),2004
13850932,INV,2004/3/1,ITV SJ,VNF SJ,Completed,Additional Stake Purchase,VenFin Pty Ltd acquired Intervid Ltd for ZAR 306.29M. The transaction was announced on 3/1/2004 and completed on 6/8/2004.,ZAR,Cash,2004/6/8,32.400002,32.525002,No,Industrials,Financials,N,Friendly,South Africa,South Africa,ITV,VNF,Common Stock,Common Stock,2003,401.1159973144531,446.1809997558594,8255,5,306.29,4,Both,2,2001-02-01,2009-03-31,200,30,3500,100,34.15,1.39166666666667,1652434.1,3240411.7,50.994572695809,6.04217307187445,2566352.0,8701.18099975586,446.1809997558594,Large,Full (4/4),2004
13920922,BUY,2004/3/5,DGC SJ,DGC SJ,Completed,,,ZAR,,2004/5/7,0.000000,0.000000,,Technology,Technology,N,,South Africa,,DGC,DGC,Common Stock,Common Stock,2003,136.472,172.160995,136.472,172.160995,43.04,4,Both,2,2001-02-01,2009-03-31,200,30,3500,100,34.15,1.39166666666667,1652434.1,3240411.7,50.994572695809,6.04217307187445,2566352.0,344.32199,172.160995,Intermediate,Full (4/4),2004
14019195,INV,2003/11/17,ECH SJ,MFL SJ,Completed,Additional Stake Purchase,Cycad Financial Holdings Ltd sold EC-Hold Ltd to Metrofile Holdings Ltd for ZAR 14.76M. The transaction was completed on 11/17/2003.,ZAR,Cash,2003/11/17,47.000000,4.800000,No,Technology,Technology,N,Friendly,South Africa,South Africa,ECH,MFL,Common Stock,Common Stock,2002,62.641998,173.865005,1373.97900390625,1500.43798828125,14.76,4,Both,2,2001-02-01,2009-03-31,200,30,3500,100,33.675,5.96666666666667,1490399.0,3099254.3,48.0889548172927,6.39575753417796,1787194.0,1674.30299328125,173.865005,Intermediate,Full (4/4),2003
140726076,M&A,2017/2/22,213619Z SJ,TKG SJ,Withdrawn,Majority Purchase,"With no further information the deal has been withdrawn. On 12/06/2018, it was reported that Telkom SA SOC Ltd is considering to make an offer to buy a majority stake in Cell C Pty Ltd. On 02/28/2017, it was reported that Cell C Pty Ltd fended off a potential rival bid from Telkom SA SOC Ltd....",USD,Undisclosed,2019/6/4,0.000000,0.000000,No,Communications,Communications,N,Friendly,South Africa,South Africa,213619Z,TKG,Private Comp,Common Stock,2016,15762.461,14646.123,46553,37325,13055.20,4,Both,3,2009-04-01,2017-09-30,560,80,6600,190,71.4416666666667,5.28333333333333,5078189.9,4501701.6,112.806008732343,5.4733229100365,15467873.0,62315.460999999996,15762.461,Large,Full (4/4),2017
14128671,INV,2004/3/29,GFI SJ,GMKN RM,Completed,"Cross Border, Minority Purchase",Anglo American PLC sold a minority stake in Gold Fields Ltd to MMC Norilsk Nickel PJSC. The transaction was completed on 3/29/2004.,GBP,Cash,2004/3/29,0.000000,20.000000,No,Materials,Materials,N,Friendly,South Africa,Russia,GFI,GMKN,Common Stock,Common Stock,2003,2567.9342860462016,1561.1072995288373,11335.6413,5200.73281829382,7425.10,4,Both,2,2001-02-01,2009-03-31,200,30,3500,100,34.15,1.39166666666667,1652434.1,3240411.7,50.994572695809,6.04217307187445,2566352.0,13903.575586046201,2567.9342860462016,Large,Full (4/4),2004
14216278,BUY,2004/4/2,CCN SJ,CCN SJ,Completed,,,ZAR,,2004/7/9,0.000000,0.000000,,Industrials,Industrials,N,,South Africa,,CCN,CCN,Common Stock,Common Stock,2003,87.21700286865234,6.729000091552734,87.21700286865234,6.729000091552734,10.85,4,Assets only,2,2001-02-01,2009-03-31,200,30,3500,100,34.15,1.39166666666667,1652434.1,3240411.7,50.994572695809,6.04217307187445,2566352.0,174.4340057373047,87.21700286865234,Small,Full (4/4),2004
14260519,M&A,2004/4/6,SIS SJ,SUI SJ,Completed,"Company Takeover, Additional Stake Purchase",Sun International Ltd/South Africa acquired Sun International South Africa Ltd for ZAR 1330.14M. The transaction was announced on 4/6/2004 and completed on 10/21/2004.,ZAR,Cash or Stock,2004/10/21,62.200001,37.799999,No,Consumer Discretionary,Consumer Discretionary,N,Friendly,South Africa,South Africa,SIS,SUI,Common Stock,Common Stock,2003,3534.280029,1869.02002,7290.82177734375,4213.55615234375,1330.14,4,Both,2,2001-02-01,2009-03-31,200,30,3500,100,34.15,1.39166666666667,1652434.1,3240411.7,50.994572695809,6.04217307187445,2566352.0,10825.10180634375,3534.280029,Large,Full (4/4),2004
14303899,BUY,2003/11/4,MTM SJ,MTM SJ,Completed,,,ZAR,,2004/4/13,0.000000,0.000000,,Financials,Financials,N,,South Africa,,MTM,MTM,Common Stock,Common Stock,2002,32399,8362,32399,8362,245.40,4,Both,2,2001-02-01,2009-03-31,200,30,3500,100,33.675,5.96666666666667,1490399.0,3099254.3,48.0889548172927,6.39575753417796,1787194.0,64798.0,32399.0,Large,Full (4/4),2003
14397695,INV,2004/4/15,MNS SJ,ELE SJ,Completed,Additional Stake Purchase,Naspers Ltd sold SuperSport International Holdings Pty Ltd to ElementOne Ltd for ZAR 286.33M. The transaction was announced on 4/15/2004 and completed on 4/21/2004.,ZAR,Cash,2004/4/21,26.030001,12.530000,No,Communications,Communications,N,Friendly,South Africa,South Africa,MNS,ELE,Unit,Common Stock,2003,635.265991,960.877014,2699,2541.300049,286.33,4,Both,2,2001-02-01,2009-03-31,200,30,3500,100,34.15,1.39166666666667,1652434.1,3240411.7,50.994572695809,6.04217307187445,2566352.0,3659.877014,960.877014,Large,Full (4/4),2004
14531185,M&A,2004/5/4,ENR SJ,TLW LN,Completed,"Company Takeover, Cross Border",Tullow Oil PLC acquired Energy Africa Pty Ltd for USD 450.45M. The transaction was announced on 5/4/2004 and completed on 8/2/2004.,USD,Cash,2004/8/2,0.000000,100.000000,No,Energy,Energy,N,Friendly,South Africa,United Kingdom,ENR,TLW,Common Stock,Common Stock,2003,298.612,184.526001,286.501,132.364,3112.63,4,Both,2,2001-02-01,2009-03-31,200,30,3500,100,34.15,1.39166666666667,1652434.1,3240411.7,50.994572695809,6.04217307187445,2566352.0,585.113,298.612,Intermediate,Full (4/4),2004
145568980,M&A,2017/5/16,MNY SJ,AME SJ,Completed,"Company Takeover, Additional Stake Purchase","African Media Entertainment Ltd acquired Moneyweb Holdings Ltd for ZAR 14.18M. The transaction was announced on 05/16/2017 and completed on 08/22/2017. On 12/01/2016, African Media Entertainment Ltd reported that the company may purchase Cognition Holdings Ltd and/or Moneyweb Holdings Ltd.",ZAR,Cash or Stock,2017/8/22,0.930000,99.070000,No,Communications,Communications,N,Friendly,South Africa,South Africa,MNY,AME,Common Stock,Common Stock,2016,22.084,28.304,299.79,238.303,14.18,4,Neither,3,2009-04-01,2017-09-30,560,80,6600,190,71.4416666666667,5.28333333333333,5078189.9,4501701.6,112.806008732343,5.4733229100365,15467873.0,328.094,28.304,Small,Full (4/4),2017
14603471,M&A,2004/5/11,AVG SJ,HAR SJ,Completed,"Company Takeover, Additional Stake Purchase",Harmony Gold Mining Co Ltd acquired Avgold Ltd for ZAR 2546.12M. The transaction was announced on 5/11/2004 and completed on 5/25/2004.,ZAR,Stock,2004/5/25,54.000000,46.000000,No,Materials,Materials,N,Friendly,South Africa,South Africa,AVG,HAR,Common Stock,Common Stock,2003,2654.177002,999.47998,15185,8995,2546.12,4,Both,2,2001-02-01,2009-03-31,200,30,3500,100,34.15,1.39166666666667,1652434.1,3240411.7,50.994572695809,6.04217307187445,2566352.0,17839.177002,2654.177002,Large,Full (4/4),2004
14634134,INV,2004/5/14,IDI SJ,VNF SJ,Completed,"Cross Border, Additional Stake Purchase",Datamirror Corp sold Idion Technology Holdings Ltd to VenFin Pty Ltd for CAD 20.45M. The transaction was completed on 5/14/2004.,CAD,Cash,2004/5/14,6.000000,42.580002,No,Technology,Financials,N,Friendly,South Africa,South Africa,IDI,VNF,Common Stock,Common Stock,2003,32.816624534973144,32.126318645071215,8255,5,99.56,4,Both,2,2001-02-01,2009-03-31,200,30,3500,100,34.15,1.39166666666667,1652434.1,3240411.7,50.994572695809,6.04217307187445,2566352.0,8287.816624534973,32.816624534973144,Intermediate,Full (4/4),2004
14652750,INV,2004/5/17,MES SJ,SDM CN,Completed,"Cross Border, Additional Stake Purchase",SouthernEra Diamonds Inc acquired Messina Ltd for ZAR 209.36M. The transaction was announced on 5/17/2004 and completed on 6/28/2004.,ZAR,Stock,2004/6/28,73.099998,18.400000,No,Materials,Materials,N,Friendly,South Africa,Canada,MES,SDM,Common Stock,Common Stock,2003,1198.238037109375,65.74700164794922,292.35,3.179,209.36,4,Both,2,2001-02-01,2009-03-31,200,30,3500,100,34.15,1.39166666666667,1652434.1,3240411.7,50.994572695809,6.04217307187445,2566352.0,1490.588037109375,1198.238037109375,Intermediate,Full (4/4),2004
14691455,INV,2004/5/20,ALT SJ,AEL SJ,Completed,"Minority Purchase, Additional Stake Purchase",Altron Ltd acquired a minority stake in Allied Technologies Ltd. The transaction was completed on 5/20/2004.,ZAR,Cash,2004/5/20,53.400002,7.600000,No,Communications,Communications,N,Friendly,South Africa,South Africa,ALT,AEL,Common Stock,Common Stock,2003,2129.700928,3749.910889,6176,11034,255.93,4,Both,2,2001-02-01,2009-03-31,200,30,3500,100,34.15,1.39166666666667,1652434.1,3240411.7,50.994572695809,6.04217307187445,2566352.0,14783.910889,3749.910889,Large,Full (4/4),2004
147798167,M&A,2017/6/22,CVH SJ,REM SJ,Completed,"Private Placement, Majority Purchase, Additional Stake Purchase","The restructuring was approved by Capevin shareholders on 10/27/2017. On 06/22/2017, Remgro Ltd announced its proposed restructuring of Distell's multi-tiered ownership restructure. Remgro will exchange its 50% share holding in Remgro-Capevin Investments Pty Ltd for additional ordinary shares...",ZAR,Stock,2018/5/21,19.000000,40.500000,No,Consumer Staples,Financials,N,Friendly,South Africa,South Africa,CVH,REM,Common Stock,Common Stock,2016,2868.314,0,109100,27697,,4,Assets only,3,2009-04-01,2017-09-30,560,80,6600,190,71.4416666666667,5.28333333333333,5078189.9,4501701.6,112.806008732343,5.4733229100365,15467873.0,111968.314,2868.314,Large,Full (4/4),2017
147798191,M&A,2017/6/22,CVH SJ,REM SJ,Withdrawn,"Mandatory Offer, Company Takeover, Additional Stake Purchase, Tender Offer","On 11/09/2017 the South Africa Takeover Regulation Panel granted a waiver of the mandatory offer for Capevin Holdings Ltd. On 06/22/2017, Remgro Ltd announced its proposed restructuring of Distell's multi-tiered ownership structure.",ZAR,Undisclosed,2017/11/9,59.500000,40.500000,No,Consumer Staples,Financials,N,Friendly,South Africa,South Africa,CVH,REM,Common Stock,Common Stock,2016,2868.314,0,109100,27697,,4,Assets only,3,2009-04-01,2017-09-30,560,80,6600,190,71.4416666666667,5.28333333333333,5078189.9,4501701.6,112.806008732343,5.4733229100365,15467873.0,111968.314,2868.314,Large,Full (4/4),2017
148337501,INV,2017/7/4,SAR SJ,SAC SJ,Completed,"Private Placement, Minority Purchase",SA Corporate Real Estate Ltd acquired a minority stake in Safari Investments RSA Ltd. The transaction was announced on 7/4/2017 and completed on 12/31/2017.,ZAR,Cash,2017/12/31,0.000000,9.470000,No,Consumer Discretionary,Real Estate,N,Friendly,South Africa,South Africa,SAR,SAC,REIT,REIT,2016,2219.36843,173.280586,16989.211,1833.133,152.00,4,Assets only,3,2009-04-01,2017-09-30,560,80,6600,190,71.4416666666667,5.28333333333333,5078189.9,4501701.6,112.806008732343,5.4733229100365,15467873.0,19208.579429999998,2219.36843,Large,Full (4/4),2017
14873054,M&A,2004/6/8,ITV SJ,VNF SJ,Completed,"Company Takeover, Additional Stake Purchase, Tender Offer",VenFin Pty Ltd acquired Intervid Ltd for ZAR 11.09M. The transaction was announced on 6/8/2004 and completed on 8/24/2004.,ZAR,Cash or Stock,2004/8/24,64.919998,35.080002,No,Industrials,Financials,N,Friendly,South Africa,South Africa,ITV,VNF,Common Stock,Common Stock,2003,401.1159973144531,446.1809997558594,8255,5,11.09,4,Both,2,2001-02-01,2009-03-31,200,30,3500,100,34.15,1.39166666666667,1652434.1,3240411.7,50.994572695809,6.04217307187445,2566352.0,8701.18099975586,446.1809997558594,Large,Full (4/4),2004
15034041,BUY,2004/6/29,RLO SJ,RLO SJ,Completed,,,ZAR,,2004/9/27,0.000000,0.000000,,Industrials,Industrials,N,,South Africa,,RLO,RLO,Common Stock,Common Stock,2003,3637.800048828125,6103.89990234375,3637.800048828125,6103.89990234375,519.40,4,Both,2,2001-02-01,2009-03-31,200,30,3500,100,34.15,1.39166666666667,1652434.1,3240411.7,50.994572695809,6.04217307187445,2566352.0,12207.7998046875,6103.89990234375,Large,Full (4/4),2004
15188060,BUY,2004/7/15,SBK SJ,SBK SJ,Completed,,,ZAR,,2004/10/4,0.000000,0.000000,,Financials,Financials,N,,South Africa,,SBK,SBK,Common Stock,Common Stock,2003,540566,49965,540566,49965,4143.14,4,Both,2,2001-02-01,2009-03-31,200,30,3500,100,34.15,1.39166666666667,1652434.1,3240411.7,50.994572695809,6.04217307187445,2566352.0,1081132.0,540566.0,Large,Full (4/4),2004
15188268,BUY,2004/7/15,LGL SJ,LGL SJ,Completed,,,ZAR,,2004/11/8,0.000000,0.000000,,Financials,Financials,N,,South Africa,,LGL,LGL,Common Stock,Common Stock,2003,96557.898438,17239,96557.898438,17239,1242.42,4,Both,2,2001-02-01,2009-03-31,200,30,3500,100,34.15,1.39166666666667,1652434.1,3240411.7,50.994572695809,6.04217307187445,2566352.0,193115.796876,96557.898438,Large,Full (4/4),2004
15238167,M&A,2004/7/22,CMT SJ,MUR SJ,Completed,"Company Takeover, Additional Stake Purchase, Tender Offer",Murray & Roberts Holdings Ltd acquired Cementation Co Africa Ltd for ZAR 30.05M. The transaction was announced on 7/22/2004 and completed on 10/19/2004.,ZAR,Cash,2004/10/19,79.129997,20.870001,No,Industrials,Industrials,N,Friendly,South Africa,South Africa,CMT,MUR,Common Stock,Common Stock,2003,359.4519958496094,1296.2919921875,6302.8,9769.5,30.05,4,Both,2,2001-02-01,2009-03-31,200,30,3500,100,34.15,1.39166666666667,1652434.1,3240411.7,50.994572695809,6.04217307187445,2566352.0,11065.7919921875,1296.2919921875,Large,Full (4/4),2004
15266617,M&A,2004/6/23,RLY SJ,ELH SJ,Completed,Company Takeover,Ellerine Holdings Ltd acquired Relyant Retail Ltd for ZAR 1888.25M. The transaction was announced on 6/23/2004 and completed on 6/17/2005.,ZAR,Stock,2005/6/17,0.000000,100.000000,No,Consumer Discretionary,Consumer Discretionary,N,Friendly,South Africa,South Africa,RLY,ELH,Common Stock,Common Stock,2003,2264.297119140625,1906.0460205078125,2301.93408203125,1235.6419677734375,1888.24,4,Both,2,2001-02-01,2009-03-31,200,30,3500,100,34.15,1.39166666666667,1652434.1,3240411.7,50.994572695809,6.04217307187445,2566352.0,4566.231201171875,2264.297119140625,Large,Full (4/4),2004
15787861,M&A,2004/9/22,ABI SJ,SAB LN,Completed,"Company Takeover, Cross Border, Additional Stake Purchase",Abi Sab Group Holding Ltd acquired Amalgamated Beverage Industries Ltd for ZAR 3684.51M. The transaction was announced on 9/22/2004 and completed on 12/13/2004.,ZAR,Cash,2004/12/13,73.500000,26.500000,No,Consumer Staples,Consumer Staples,N,Friendly,South Africa,United Kingdom,ABI,SAB,Common Stock,Common Stock,2003,4354,4933,12250,6695,3684.52,4,Both,2,2001-02-01,2009-03-31,200,30,3500,100,34.15,1.39166666666667,1652434.1,3240411.7,50.994572695809,6.04217307187445,2566352.0,17183.0,4933.0,Large,Full (4/4),2004
15896996,M&A,2004/8/16,CSH SJ,BTG SJ,Completed,"Company Takeover, Tender Offer",Bytes Technology Group Ltd/South Africa acquired CS Computer Services Holdings Ltd for ZAR 63.28M. The transaction was announced on 8/16/2004 and completed on 12/3/2004.,ZAR,Stock,2004/12/3,0.000000,100.000000,No,Technology,Technology,N,Friendly,South Africa,South Africa,CSH,BTG,Common Stock,Common Stock,2003,319.00299072265625,430.4849853515625,1592.744995,2995.533936,63.28,4,Both,2,2001-02-01,2009-03-31,200,30,3500,100,34.15,1.39166666666667,1652434.1,3240411.7,50.994572695809,6.04217307187445,2566352.0,3426.0189213515623,430.4849853515625,Intermediate,Full (4/4),2004
15933651,INV,2004/8/2,AFL SJ,RNG SJ,Completed,Minority Purchase,Randgold & Exploration Co Ltd acquired a minority stake in Aflease Gold and Uranium Resources Ltd. The transaction was announced on 8/2/2004 and completed on 9/23/2004.,ZAR,Stock,2004/9/23,0.000000,29.995001,No,Materials,Materials,N,Friendly,South Africa,South Africa,AFL,RNG,Common Stock,Common Stock,2003,263.24798583984375,100.96399688720703,1158.219970703125,0,130.94,4,Both,2,2001-02-01,2009-03-31,200,30,3500,100,34.15,1.39166666666667,1652434.1,3240411.7,50.994572695809,6.04217307187445,2566352.0,1421.4679565429688,263.2479858398437,Intermediate,Full (4/4),2004
16002862,M&A,2004/10/18,GFI SJ,HAR SJ,Terminated,"Company Takeover, Tender Offer",Harmony Gold Mining Co Ltd announced the acquisition of Gold Fields Ltd for ZAR 51461.19M. The transaction was announced on 10/18/2004 and terminated on 12/18/2004.,ZAR,Stock,2004/12/18,0.000000,100.000000,No,Materials,Materials,N,Hostile,South Africa,South Africa,GFI,HAR,Common Stock,Common Stock,2003,2567.9342860462016,1561.1072995288373,15185,8995,51461.20,4,Both,2,2001-02-01,2009-03-31,200,30,3500,100,34.15,1.39166666666667,1652434.1,3240411.7,50.994572695809,6.04217307187445,2566352.0,17752.934286046202,2567.9342860462016,Large,Full (4/4),2004
160144072,BUY,2018/1/24,QFH SJ,QFH SJ,Completed,,,ZAr,,2018/3/16,0.000000,0.000000,,Consumer Staples,Consumer Staples,N,,South Africa,,QFH,QFH,Common Stock,Common Stock,2017,2254.655,4051.89,2254.655,4051.89,,4,Both,4,2017-10-01,2026-04-30,600,100,6600,190,74.725,4.61666666666667,5363190.4,4571783.4,117.310684491308,3.99329416011343,12701949.0,8103.78,4051.89,Large,Full (4/4),2018
161091834,INV,2018/2/15,RDF SJ,INL SJ,Completed,Minority Purchase,Investec Ltd acquired a minority stake in Redefine Properties Ltd. The transaction was completed on 2/15/2018. Financial terms of the transaction are undisclosed.,ZAR,Undisclosed,2018/2/15,0.000000,5.023800,No,Real Estate,Financials,N,Friendly,South Africa,South Africa,RDF,INL,REIT,Common Stock,2017,91492.611,7887.034,53534.832,3976.258,,4,Both,4,2017-10-01,2026-04-30,600,100,6600,190,74.725,4.61666666666667,5363190.4,4571783.4,117.310684491308,3.99329416011343,12701949.0,145027.443,91492.611,Large,Full (4/4),2018
161652376,INV,2018/2/28,TON SJ,184023Z SJ,Completed,"Private Equity, Minority Purchase, Additional Stake Purchase",Public Investment Corp Ltd acquired a minority stake in Tongaat Hulett Pvt Ltd. The transaction was completed on 2/28/2018. Financial terms of the transaction are undisclosed.,ZAR,Undisclosed,2018/2/28,0.550000,14.467000,No,Consumer Staples,Financials,N,Friendly,South Africa,South Africa,TON,184023Z,Common Stock,Private Comp,2017,27954,17915,2665.717,1112.864,,4,Both,4,2017-10-01,2026-04-30,600,100,6600,190,74.725,4.61666666666667,5363190.4,4571783.4,117.310684491308,3.99329416011343,12701949.0,30619.717,27954.0,Large,Full (4/4),2018
16259352,BUY,2004/11/15,WHL SJ,WHL SJ,Pending,,,ZAR,,2005/3/29,0.000000,0.000000,,Consumer Discretionary,Consumer Discretionary,N,,South Africa,,WHL,WHL,Common Stock,Common Stock,2003,4792.10009765625,9500.2998046875,4792.10009765625,9500.2998046875,1002.60,4,Both,2,2001-02-01,2009-03-31,200,30,3500,100,34.15,1.39166666666667,1652434.1,3240411.7,50.994572695809,6.04217307187445,2566352.0,19000.599609375,9500.2998046875,Large,Full (4/4),2004
16380606,INV,2004/11/30,AHH SJ,AFX SJ,Completed,Minority Purchase,African Oxygen Ltd acquired a minority stake in Afrox Healthcare Ltd. The transaction was announced on 11/30/2004 and completed on 3/24/2005.,ZAR,Undisclosed,2005/3/24,0.000000,25.000000,No,Health Care,Materials,N,Friendly,South Africa,South Africa,AHH,AFX,Common Stock,Common Stock,2003,2827.614013671875,4474.8291015625,5212.32421875,2851.06591796875,375.00,4,Both,2,2001-02-01,2009-03-31,200,30,3500,100,34.15,1.39166666666667,1652434.1,3240411.7,50.994572695809,6.04217307187445,2566352.0,9687.1533203125,4474.8291015625,Large,Full (4/4),2004
16411063,M&A,2004/12/1,CPT SJ,LGL SJ,Completed,Company Takeover,Liberty Group Ltd acquired Capital Alliance Holdings Ltd for ZAR 3434.49M. The transaction was announced on 12/1/2004 and completed on 4/26/2005.,ZAR,Cash,2005/4/26,0.000000,100.000000,No,Financials,Financials,N,Friendly,South Africa,South Africa,CPT,LGL,Common Stock,Common Stock,2003,18621.251953125,5976.24609375,96557.898438,17239,3434.48,4,Both,2,2001-02-01,2009-03-31,200,30,3500,100,34.15,1.39166666666667,1652434.1,3240411.7,50.994572695809,6.04217307187445,2566352.0,115179.150391125,18621.251953125,Large,Full (4/4),2004
16469488,M&A,2004/8/20,GDA SJ,KAP SJ,Completed,Company Takeover,KAP Ltd acquired Glodina Holdings Ltd for ZAR 78.42M. The transaction was announced on 8/20/2004 and completed on 11/30/2004.,ZAR,Stock,2004/11/30,0.000000,100.000000,No,Consumer Discretionary,Consumer Discretionary,N,Friendly,South Africa,South Africa,GDA,KAP,Common Stock,Common Stock,2003,146.53700256347656,166.70399475097656,404.122009,1158.366943,78.42,4,Both,2,2001-02-01,2009-03-31,200,30,3500,100,34.15,1.39166666666667,1652434.1,3240411.7,50.994572695809,6.04217307187445,2566352.0,1325.0709377509766,166.70399475097656,Intermediate,Full (4/4),2004
168302916,M&A,2018/5/18,AEG SJ,MUR SJ,Withdrawn,Company Takeover,"On 08/08/2018, following the acquisition by ATON GmbH of an approximately 25% shareholding in Aveng, Murray & Roberts Holdings announced the withdrawal of the deal. On 05/18/2018, Murray & Roberts Holdings Ltd announced their intention to  make a takeover offer to Aveng Ltd for ZAR 1,000.00M.",ZAR,Undisclosed,2018/8/8,0.000000,100.000000,No,Industrials,Materials,N,Friendly,South Africa,South Africa,AEG,MUR,Common Stock,Common Stock,2017,17687,23456,14203,21397.3,1000.00,4,Both,4,2017-10-01,2026-04-30,600,100,6600,190,74.725,4.61666666666667,5363190.4,4571783.4,117.310684491308,3.99329416011343,12701949.0,44853.3,23456.0,Large,Full (4/4),2018
168665742,INV,2017/6/22,DGH SJ,REM SJ,Completed,"Private Placement, Minority Purchase","On 06/22/2017, Remgro Ltd announced that New Distell (Business Venture Investments No 1997 Pty Ltd) will issue unlisted voting shares (B Shares) to Remgro. The B Shares and accompanying Stapled Ordinary Shares will provide Remgro with a 52.8% voting interest in New Distell.",ZAR,Cash,2018/5/21,0.000000,31.400000,No,Consumer Staples,Financials,N,Friendly,South Africa,South Africa,DGH,REM,Common Stock,Common Stock,2016,19941.891,21470.12,109100,27697,,4,Both,3,2009-04-01,2017-09-30,560,80,6600,190,71.4416666666667,5.28333333333333,5078189.9,4501701.6,112.806008732343,5.4733229100365,15467873.0,130570.12,21470.12,Large,Full (4/4),2017
168842872,M&A,2017/6/22,CVH SJ,DGH SJ,Completed,Company Takeover,Distell Group Holdings Ltd acquired Capevin Holdings Ltd for ZAR 7615.50M. The transaction was announced on 6/22/2017 and completed on 6/5/2018.,ZAR,Stock,2018/6/5,0.000000,100.000000,No,Consumer Staples,Consumer Staples,N,Friendly,South Africa,South Africa,CVH,DGH,Common Stock,Common Stock,2016,2868.314,0,19941.891,21470.12,7615.54,4,Assets only,3,2009-04-01,2017-09-30,560,80,6600,190,71.4416666666667,5.28333333333333,5078189.9,4501701.6,112.806008732343,5.4733229100365,15467873.0,24338.433999999997,2868.314,Large,Full (4/4),2017
16913340,INV,2005/1/21,TIW SJ,BVT SJ,Completed,Minority Purchase,Bidvest Group Ltd/The acquired a minority stake in Tiger Wheels Ltd. The transaction was completed on 1/21/2005.,ZAR,Cash,2005/1/21,0.000000,17.000000,No,Consumer Discretionary,Consumer Staples,N,Friendly,South Africa,South Africa,TIW,BVT,Common Stock,Common Stock,2004,1962.447,3181.58,17949.024,51262.212,239.90,4,Both,2,2001-02-01,2009-03-31,200,30,3500,100,35.275,3.4,1837001.4,3411409.9,53.8487444736559,5.5970108718677,3586112.0,54443.792,3181.58,Large,Full (4/4),2005
16913376,BUY,2005/1/20,LAR SJ,LAR SJ,Pending,,,ZAR,,,0.000000,0.000000,,Consumer Discretionary,Consumer Discretionary,N,,South Africa,,LAR,LAR,Common Stock,Common Stock,2004,369.40899658203125,600.7119750976562,369.40899658203125,600.7119750976562,25.28,4,Both,2,2001-02-01,2009-03-31,200,30,3500,100,35.275,3.4,1837001.4,3411409.9,53.8487444736559,5.5970108718677,3586112.0,1201.4239501953125,600.7119750976562,Intermediate,Full (4/4),2005
16913392,BUY,2005/1/20,LAR SJ,LAR SJ,Pending,,,ZAR,,,0.000000,0.000000,,Consumer Discretionary,Consumer Discretionary,N,,South Africa,,LAR,LAR,Common Stock,Common Stock,2004,369.40899658203125,600.7119750976562,369.40899658203125,600.7119750976562,2.89,4,Both,2,2001-02-01,2009-03-31,200,30,3500,100,35.275,3.4,1837001.4,3411409.9,53.8487444736559,5.5970108718677,3586112.0,1201.4239501953125,600.7119750976562,Intermediate,Full (4/4),2005
16913680,BUY,2005/1/19,PTC SJ,PTC SJ,Pending,,,ZAR,,2005/4/11,0.000000,0.000000,,Industrials,Industrials,N,,South Africa,,PTC,PTC,Common Stock,Common Stock,2004,533.0999755859375,916.8150024414062,533.0999755859375,916.8150024414062,106.67,4,Both,2,2001-02-01,2009-03-31,200,30,3500,100,35.275,3.4,1837001.4,3411409.9,53.8487444736559,5.5970108718677,3586112.0,1833.6300048828125,916.8150024414062,Intermediate,Full (4/4),2005
169568203,M&A,2017/12/20,1328238D FP,CPR IM,Completed,"Company Takeover, Cross Border",Distell Group Holdings Ltd sold Bisquit Dubouche ET Cie to Davide Campari-Milano NV for EUR 52.50M. The transaction was announced on 12/20/2017 and completed on 3/31/2018.,EUR,Undisclosed,2018/3/31,0.000000,100.000000,No,Consumer Staples,Consumer Staples,N,Friendly,South Africa,Italy,1328238D,CPR,Private Comp,Common Stock,2016,79.757739,19.338537,4549.9,1726.5,785.72,4,Neither,4,2017-10-01,2026-04-30,600,100,6600,190,71.4416666666667,5.28333333333333,5078189.9,4501701.6,112.806008732343,5.4733229100365,15467873.0,4629.657738999999,79.757739,Small,Full (4/4),2017
17127611,M&A,2004/12/6,MOZ SJ,MTS AU,Completed,"Company Takeover, Cross Border",Metcash Ltd acquired Metoz Holdings Ltd for ZAR 5886.36M. The transaction was announced on 12/6/2004 and completed on 4/19/2005.,ZAR,Cash,2005/4/19,0.000000,100.000000,No,Consumer Staples,Consumer Staples,N,Friendly,South Africa,Australia,MOZ,MTS,Common Stock,Common Stock,2003,9337.501953125,51763.640625,1391.520996,6695.519043,5886.38,4,Both,2,2001-02-01,2009-03-31,200,30,3500,100,34.15,1.39166666666667,1652434.1,3240411.7,50.994572695809,6.04217307187445,2566352.0,58459.159668,51763.640625,Large,Full (4/4),2004
17161643,M&A,2005/2/15,INM SJ,WNH SJ,Completed,"Company Takeover, Additional Stake Purchase",Winhold Ltd acquired Inmins Ltd for ZAR 52.71M. The transaction was announced on 2/15/2005 and completed on 5/16/2005.,ZAR,Stock,2005/5/16,60.000000,40.000000,No,Industrials,Materials,N,Friendly,South Africa,South Africa,INM,WNH,Common Stock,Common Stock,2004,,440.5299987792969,299.4150085449219,734.8809814453125,52.71,3,Turnover only,2,2001-02-01,2009-03-31,200,30,3500,100,35.275,3.4,1837001.4,3411409.9,53.8487444736559,5.5970108718677,3586112.0,1175.4109802246094,440.5299987792969,Intermediate,Partial (3/4),2005
17203439,M&A,2005/2/21,GNK SJ,SAABB SS,Completed,"Cross Border, Majority Purchase, Additional Stake Purchase",Saab AB acquired Grintek Ltd for ZAR 178.47M. The transaction was announced on 2/21/2005 and completed on 5/16/2005.,ZAR,Cash,2005/5/16,21.200001,48.799999,No,Industrials,Industrials,N,Friendly,South Africa,Sweden,GNK,SAABB,Common Stock,Common Stock,2004,1226.66796875,1406.4189453125,27509,17848,178.47,4,Both,2,2001-02-01,2009-03-31,200,30,3500,100,35.275,3.4,1837001.4,3411409.9,53.8487444736559,5.5970108718677,3586112.0,28915.4189453125,1406.4189453125,Large,Full (4/4),2005
17708145,BUY,2005/4/7,IPL SJ,IPL SJ,Pending,,,ZAR,,2005/6/27,0.000000,0.000000,,Consumer Discretionary,Consumer Discretionary,N,,South Africa,,IPL,IPL,Common Stock,Common Stock,2004,23225,35150,23225,35150,1405.94,4,Both,2,2001-02-01,2009-03-31,200,30,3500,100,35.275,3.4,1837001.4,3411409.9,53.8487444736559,5.5970108718677,3586112.0,70300.0,35150.0,Large,Full (4/4),2005
17929477,BUY,2005/4/29,AFX SJ,AFX SJ,Pending,,,ZAR,,2005/7/4,0.000000,0.000000,,Materials,Materials,N,,South Africa,,AFX,AFX,Common Stock,Common Stock,2004,5631.35400390625,2921.362060546875,5631.35400390625,2921.362060546875,660.68,4,Both,2,2001-02-01,2009-03-31,200,30,3500,100,35.275,3.4,1837001.4,3411409.9,53.8487444736559,5.5970108718677,3586112.0,11262.7080078125,5631.35400390625,Large,Full (4/4),2005
18007045,M&A,2005/5/9,ABG SJ,BARC LN,Completed,"Cross Border, Majority Purchase, Tender Offer",Barclays PLC acquired Absa Group Ltd for ZAR 29472.71M. The transaction was announced on 5/9/2005 and completed on 7/25/2005.,ZAR,Cash,2005/7/25,0.000000,53.959999,No,Financials,Financials,N,Friendly,South Africa,United Kingdom,ABG,BARC,Common Stock,Common Stock,2004,306848,39654,538181,21817,29472.73,4,Both,2,2001-02-01,2009-03-31,200,30,3500,100,35.275,3.4,1837001.4,3411409.9,53.8487444736559,5.5970108718677,3586112.0,845029.0,306848.0,Large,Full (4/4),2005
18024920,BUY,2004/11/4,FSR SJ,FSR SJ,Completed,,,ZAR,,2005/5/9,0.000000,0.000000,,Financials,Financials,N,,South Africa,,FSR,FSR,Common Stock,Common Stock,2003,393674,34830,393674,34830,5110.92,4,Both,2,2001-02-01,2009-03-31,200,30,3500,100,34.15,1.39166666666667,1652434.1,3240411.7,50.994572695809,6.04217307187445,2566352.0,787348.0,393674.0,Large,Full (4/4),2004
180627567,M&A,2018/11/2,IWE SJ,SCHP FP,Completed,"Company Takeover, Cross Border",Seche Environnement SA acquired Interwaste Holdings Ltd for ZAR 674.97M. The transaction was announced on 11/2/2018 and completed on 3/5/2019.,ZAR,Cash,2019/3/5,0.000000,100.000000,No,Industrials,Industrials,N,Friendly,South Africa,France,IWE,SCHP,Common Stock,Common Stock,2017,1082.084,1033.085,877.262,534.464,674.97,4,Both,4,2017-10-01,2026-04-30,600,100,6600,190,74.725,4.61666666666667,5363190.4,4571783.4,117.310684491308,3.99329416011343,12701949.0,1959.346,1082.084,Intermediate,Full (4/4),2018
18135461,M&A,2005/5/20,SGG SJ,FSR SJ,Completed,Company Takeover,FirstRand Ltd acquired Sage Group Ltd for ZAR 642.40M. The transaction was announced on 5/20/2005 and completed on 9/13/2005.,ZAR,Cash,2005/9/13,0.000000,100.000000,No,Financials,Financials,N,Friendly,South Africa,South Africa,SGG,FSR,Common Stock,Common Stock,2004,8970.200195,2790,424867,31752,642.40,4,Both,2,2001-02-01,2009-03-31,200,30,3500,100,35.275,3.4,1837001.4,3411409.9,53.8487444736559,5.5970108718677,3586112.0,433837.200195,8970.200195,Large,Full (4/4),2005
181766307,INV,2018/11/23,QFH SJ,OMU SJ,Completed,Minority Purchase,Old Mutual Ltd acquired a minority stake in Quantum Foods Holdings Ltd. The transaction was completed on 11/23/2018. Financial terms of the transaction are undisclosed.,ZAR,Undisclosed,2018/11/23,0.000000,5.410000,No,Consumer Staples,Financials,N,Friendly,South Africa,South Africa,QFH,OMU,Common Stock,Common Stock,2017,2254.655,4051.89,3046886,174210,,4,Both,4,2017-10-01,2026-04-30,600,100,6600,190,74.725,4.61666666666667,5363190.4,4571783.4,117.310684491308,3.99329416011343,12701949.0,3050937.89,4051.89,Large,Full (4/4),2018
182094098,INV,2018/11/29,MTN SJ,184023Z SJ,Completed,Additional Stake Purchase,Public Investment Corp Ltd acquired MTN Group Ltd. The transaction was completed on 11/29/2018. Financial terms of the transaction are undisclosed.,ZAR,Undisclosed,2018/11/29,0.220000,24.738001,No,Communications,Financials,N,Friendly,South Africa,South Africa,MTN,184023Z,Common Stock,Private Comp,2017,244282,132869,2665.717,1112.864,,4,Both,4,2017-10-01,2026-04-30,600,100,6600,190,74.725,4.61666666666667,5363190.4,4571783.4,117.310684491308,3.99329416011343,12701949.0,246947.717,244282.0,Large,Full (4/4),2018
182480482,INV,2018/12/4,TRU SJ,INL SJ,Completed,Minority Purchase,Investec Ltd acquired a minority stake in Truworths International Ltd. The transaction was completed on 12/4/2018. Financial terms of the transaction are undisclosed.,ZAR,Undisclosed,2018/12/4,0.000000,5.345000,No,Consumer Discretionary,Financials,N,Friendly,South Africa,South Africa,TRU,INL,Common Stock,Common Stock,2017,16139,18065,53534.832,3976.258,,4,Both,4,2017-10-01,2026-04-30,600,100,6600,190,74.725,4.61666666666667,5363190.4,4571783.4,117.310684491308,3.99329416011343,12701949.0,71599.832,18065.0,Large,Full (4/4),2018
183632132,INV,2018/12/20,PIK SJ,184023Z SJ,Completed,Additional Stake Purchase,Public Investment Corp Ltd acquired Pick n Pay Stores Ltd. The transaction was completed on 12/20/2018. Financial terms of the transaction are undisclosed.,ZAR,Undisclosed,2018/12/20,0.640000,9.503000,No,Consumer Staples,Financials,N,Friendly,South Africa,South Africa,PIK,184023Z,Common Stock,Private Comp,2017,17791.8,77486.1,2665.717,1112.864,,4,Both,4,2017-10-01,2026-04-30,600,100,6600,190,74.725,4.61666666666667,5363190.4,4571783.4,117.310684491308,3.99329416011343,12701949.0,80151.81700000001,77486.1,Large,Full (4/4),2018
18380116,M&A,2005/6/2,BRM SJ,IVT SJ,Completed,"Company Takeover, Additional Stake Purchase, Tender Offer",Invicta Holdings Ltd acquired Bearing Man Ltd/South Africa for ZAR 333.95M. The transaction was announced on 6/2/2005 and completed on 9/2/2005.,ZAR,Cash or Stock,2005/9/2,60.650002,39.349998,No,Consumer Discretionary,Consumer Discretionary,N,Friendly,South Africa,South Africa,BRM,IVT,Common Stock,Common Stock,2004,535.025,1009.305,967.8460083007812,2069.1630859375,333.95,4,Both,2,2001-02-01,2009-03-31,200,30,3500,100,35.275,3.4,1837001.4,3411409.9,53.8487444736559,5.5970108718677,3586112.0,3078.4680859375,1009.305,Intermediate,Full (4/4),2005
18453570,BUY,2005/3/17,APN SJ,APN SJ,Pending,,,ZAR,,2005/6/27,0.000000,0.000000,,Health Care,Health Care,N,,South Africa,,APN,APN,Common Stock,Common Stock,2004,2109.656,2201.721,2109.656,2201.721,551.14,4,Both,2,2001-02-01,2009-03-31,200,30,3500,100,35.275,3.4,1837001.4,3411409.9,53.8487444736559,5.5970108718677,3586112.0,4403.442,2201.721,Large,Full (4/4),2005
184682235,M&A,2019/1/4,CIL SJ,HFPC/U CN,Completed,"Cross Border, Majority Purchase",Helios Fairfax Partners Corp acquired Consolidated Infrastructure Group Ltd for ZAR 2293.45M. The transaction was announced on 1/4/2019 and completed on 3/18/2020.,ZAR,Cash,2020/3/18,0.000000,50.450001,No,Industrials,Financials,N,Friendly,South Africa,Canada,CIL,HFPC/U,Common Stock,Common Stock,2018,5331.929,3136.518,643.83,-42.108,2293.45,4,Both,4,2017-10-01,2026-04-30,600,100,6600,190,77.8,4.14166666666667,5625206.5,4583667.1,122.722841281384,4.61352417603231,17459094.0,5975.759,5331.929,Intermediate,Full (4/4),2019
185660916,INV,2019/1/24,OCE SJ,BRT SJ,Completed,Additional Stake Purchase,Tiger Brands Ltd sold Oceana Group Ltd to Brimstone Investment Corp Ltd for ZAR 581.44M. The transaction was announced on 1/24/2019 and completed on 3/20/2019.,ZAR,Cash,2019/3/20,16.980000,5.900000,No,Consumer Staples,Consumer Staples,N,Friendly,South Africa,South Africa,OCE,BRT,Common Stock,Common Stock,2018,10699.481,7657.311,10896.551,3376.655,581.44,4,Both,4,2017-10-01,2026-04-30,600,100,6600,190,77.8,4.14166666666667,5625206.5,4583667.1,122.722841281384,4.61352417603231,17459094.0,21596.032,10699.481,Large,Full (4/4),2019
18587964,M&A,2005/7/1,JNC SJ,HCI SJ,Terminated,"Company Takeover, Additional Stake Purchase, Tender Offer",Hosken Consolidated Investments Ltd announced the acquisition of Johnnic Holdings Ltd for ZAR 1781.23M. The transaction was announced on 7/1/2005 and terminated on 10/21/2005.,ZAR,Cash or Stock,2005/10/21,39.799999,60.200001,No,Real Estate,Consumer Discretionary,N,Hostile,South Africa,South Africa,JNC,HCI,Private Comp,Common Stock,2004,4445.9,2788.8,2320.958,877.969,1781.24,4,Both,2,2001-02-01,2009-03-31,200,30,3500,100,35.275,3.4,1837001.4,3411409.9,53.8487444736559,5.5970108718677,3586112.0,6766.858,4445.9,Large,Full (4/4),2005
186612286,INV,2019/1/31,AAL LN,VEDL IN,Completed,"Cross Border, Minority Purchase",Volcan Investments Ltd sold a minority stake in Anglo American PLC to Vedanta Ltd. The transaction was announced on 1/31/2019 and completed on 12/31/2018.,USD,Cash,2018/12/31,0.000000,0.000000,No,Materials,Materials,N,Friendly,South Africa,India,AAL,VEDL,Common Stock,Common Stock,2018,52196,27610,1845850,909540,2662.68,4,Both,4,2017-10-01,2026-04-30,600,100,6600,190,77.8,4.14166666666667,5625206.5,4583667.1,122.722841281384,4.61352417603231,17459094.0,1898046.0,52196.0,Large,Full (4/4),2019
187259078,INV,2019/2/14,IMP SJ,INL SJ,Completed,Minority Purchase,Investec Ltd acquired a minority stake in Impala Platinum Holdings Ltd. The transaction was completed on 2/14/2019. Financial terms of the transaction are undisclosed.,ZAR,Undisclosed,2019/2/14,0.000000,15.083800,No,Materials,Financials,N,Friendly,South Africa,South Africa,IMP,INL,Common Stock,Common Stock,2018,66168,35854,57616.844,4309.538,,4,Both,4,2017-10-01,2026-04-30,600,100,6600,190,77.8,4.14166666666667,5625206.5,4583667.1,122.722841281384,4.61352417603231,17459094.0,123784.844,66168.0,Large,Full (4/4),2019
18761262,M&A,2005/7/21,PRM SJ,AXI SJ,Completed,Company Takeover,ApexHi Properties Ltd acquired Prima Property Trust for ZAR 1157.68M. The transaction was announced on 7/21/2005 and completed on 2/27/2006.,ZAR,Cash and Stock,2006/2/27,0.000000,100.000000,No,N.A.,Real Estate,N,Friendly,South Africa,South Africa,PRM,AXI,Common Stock,Unit,2004,535.260986328125,56.39099884033203,3158.727051,684.197998,1157.68,4,Assets only,2,2001-02-01,2009-03-31,200,30,3500,100,35.275,3.4,1837001.4,3411409.9,53.8487444736559,5.5970108718677,3586112.0,3693.988037328125,535.260986328125,Large,Full (4/4),2005
187906618,INV,2019/2/26,SHP SJ,SHP SJ,Withdrawn,Minority Purchase,Thibault Square Financial Services Pty Ltd announced the sale of a minority stake in Shoprite Holdings Ltd to Shoprite Holdings Ltd. Financial terms of the transaction are undisclosed.,ZAR,Cash,2019/8/26,0.000000,32.299999,No,Consumer Staples,Consumer Staples,N,Friendly,South Africa,South Africa,SHP,SHP,Common Stock,Common Stock,2018,78190,145104,78190,145104,,4,Both,4,2017-10-01,2026-04-30,600,100,6600,190,77.8,4.14166666666667,5625206.5,4583667.1,122.722841281384,4.61352417603231,17459094.0,290208.0,145104.0,Large,Full (4/4),2019
18857460,M&A,2005/8/1,CCT SJ,JDG SJ,Completed,"Company Takeover, Tender Offer",JD Group Ltd/South Africa acquired Connection Group Holdings Ltd for ZAR 489.63M. The transaction was announced on 8/1/2005 and completed on 12/9/2005.,ZAR,Cash,2005/12/9,0.000000,100.000000,No,Consumer Discretionary,Consumer Discretionary,N,Friendly,South Africa,South Africa,CCT,JDG,Common Stock,Common Stock,2004,258.7950134277344,790.927001953125,7739,9056,489.63,4,Both,2,2001-02-01,2009-03-31,200,30,3500,100,35.275,3.4,1837001.4,3411409.9,53.8487444736559,5.5970108718677,3586112.0,9846.927001953125,790.927001953125,Large,Full (4/4),2005
18958812,M&A,2005/8/10,AFI SJ,SLM SJ,Completed,"Company Takeover, Additional Stake Purchase",Sanlam Ltd acquired African Life Assurance Co Ltd for ZAR 2101.01M. The transaction was announced on 8/10/2005 and completed on 2/17/2006.,ZAR,Cash,2006/2/17,20.500000,79.500000,No,Financials,Financials,N,Friendly,South Africa,South Africa,AFI,SLM,Common Stock,Common Stock,2004,14266.2,2851.2,225280,67622,2101.02,4,Both,2,2001-02-01,2009-03-31,200,30,3500,100,35.275,3.4,1837001.4,3411409.9,53.8487444736559,5.5970108718677,3586112.0,239546.2,14266.2,Large,Full (4/4),2005
190868005,M&A,2019/7/8,AWA SJ,FTA SJ,Completed,"Company Takeover, Additional Stake Purchase",Fairvest Ltd acquired Arrowhead Properties Ltd/Old for ZAR 1958.62M. The transaction was announced on 7/8/2019 and completed on 9/25/2019.,ZAR,Stock,2019/9/25,53.299999,46.700001,No,Real Estate,Real Estate,N,Friendly,South Africa,South Africa,AWA,FTA,REIT,REIT,2018,17076.566894,2509.642212,17076.566894,2509.642212,1958.62,4,Both,4,2017-10-01,2026-04-30,600,100,6600,190,77.8,4.14166666666667,5625206.5,4583667.1,122.722841281384,4.61352417603231,17459094.0,34153.133788,17076.566894,Large,Full (4/4),2019
192525216,M&A,2019/2/23,1026484D PW,0793986D PW,Completed,"Cross Border, Majority Purchase",Bounty Brands Pty Ltd sold Sonko Sp zoo to Oshee Polska SP ZOO. The transaction was announced on 2/23/2019 and completed on 8/19/2024. Financial terms of the transaction are undisclosed.,ZAR,Undisclosed,2024/8/19,0.000000,0.000000,No,Consumer Staples,Consumer Staples,N,Friendly,South Africa,Poland,1026484D,0793986D,Private Comp,Private Comp,2018,242.14616395,144.76287327,116.82881773,214.16615353,,4,Both,4,2017-10-01,2026-04-30,600,100,6600,190,77.8,4.14166666666667,5625206.5,4583667.1,122.722841281384,4.61352417603231,17459094.0,456.31231748,242.14616395,Small,Full (4/4),2019
19291374,M&A,2005/9/16,MES SJ,LMI LN,Completed,"Company Takeover, Squeeze Out, Cross Border, Additional Stake Purchase",Lonmin Ltd acquired Messina Ltd for ZAR 76.77M. The transaction was announced on 9/16/2005 and completed on 2/7/2006.,ZAR,Cash,2006/2/7,91.500000,8.500000,No,Materials,Materials,N,Friendly,South Africa,United Kingdom,MES,LMI,Common Stock,Common Stock,2004,1159.882,276.131,1733,1030,76.77,4,Both,2,2001-02-01,2009-03-31,200,30,3500,100,35.275,3.4,1837001.4,3411409.9,53.8487444736559,5.5970108718677,3586112.0,2892.882,1159.882,Intermediate,Full (4/4),2005
194567973,INV,2019/6/3,SUR SJ,GPL SJ,Withdrawn,Minority Purchase,Grand Parade Investments Ltd announced the acquisition of a minority stake in Spur Corp Ltd. Financial terms of the transaction are undisclosed.,ZAR,Undisclosed,2019/12/3,0.000000,0.000000,No,Consumer Discretionary,Financials,N,Friendly,South Africa,South Africa,SUR,GPL,Common Stock,Common Stock,2018,1019.729,891.797,2783.751,1101.707,,4,Both,4,2017-10-01,2026-04-30,600,100,6600,190,77.8,4.14166666666667,5625206.5,4583667.1,122.722841281384,4.61352417603231,17459094.0,3803.4800000000005,1019.729,Intermediate,Full (4/4),2019
196141996,INV,2019/6/27,SUR SJ,SUR SJ,Pending,Minority Purchase,Grand Parade Investments Ltd announced the sale of a minority stake in Spur Corp Ltd to Spur Corp Ltd. The transaction was announced on 6/27/2019 and is currently pending.,ZAR,Cash,,0.000000,0.000000,No,Consumer Discretionary,Consumer Discretionary,N,Friendly,South Africa,South Africa,SUR,SUR,Common Stock,Common Stock,2018,1019.729,891.797,1019.729,891.797,260.35,4,Both,4,2017-10-01,2026-04-30,600,100,6600,190,77.8,4.14166666666667,5625206.5,4583667.1,122.722841281384,4.61352417603231,17459094.0,2039.458,1019.729,Intermediate,Full (4/4),2019
196236653,INV,2019/6/28,OCE SJ,BRT SJ,Pending,Additional Stake Purchase,Tiger Brands Ltd announced the sale of Oceana Group Ltd to Brimstone Investment Corp Ltd. The transaction was announced on 6/28/2019 and is currently pending. Financial terms of the transaction are undisclosed.,ZAR,Undisclosed,,22.879999,1.110000,No,Consumer Staples,Consumer Staples,N,Friendly,South Africa,South Africa,OCE,BRT,Common Stock,Common Stock,2018,10699.481,7657.311,10896.551,3376.655,,4,Both,4,2017-10-01,2026-04-30,600,100,6600,190,77.8,4.14166666666667,5625206.5,4583667.1,122.722841281384,4.61352417603231,17459094.0,21596.032,10699.481,Large,Full (4/4),2019
196585326,M&A,2019/7/2,FVT SJ,SAR SJ,Withdrawn,Company Takeover,"On 08/14/2019, it was announced that Safari withdrew it's proposed offer to acquire Fairvest Investments. On 07/02/2019, it was reported that Safari Investments RSA Ltd proposed a merge agreement with Fairvest Property Holdings Ltd to acquire all shares of the company.",ZAR,Stock,2019/8/14,0.000000,100.000000,No,Real Estate,Consumer Discretionary,N,Friendly,South Africa,South Africa,FVT,SAR,REIT,REIT,2018,3324.972,435.212,2939.779,257.838,3050.23,4,Both,4,2017-10-01,2026-04-30,600,100,6600,190,77.8,4.14166666666667,5625206.5,4583667.1,122.722841281384,4.61352417603231,17459094.0,6264.751,3324.972,Intermediate,Full (4/4),2019
19658552,BUY,2005/8/18,NPK SJ,NPK SJ,Completed,,,ZAR,,2005/10/31,0.000000,0.000000,,Materials,Materials,N,,South Africa,,NPK,NPK,Common Stock,Common Stock,2004,11185.6,17494.6,11185.6,17494.6,1012.67,4,Both,2,2001-02-01,2009-03-31,200,30,3500,100,35.275,3.4,1837001.4,3411409.9,53.8487444736559,5.5970108718677,3586112.0,34989.2,17494.6,Large,Full (4/4),2005
196763086,INV,2019/7/4,SAC SJ,PRU US,Pending,"Cross Border, Additional Stake Purchase",Prudential Financial Inc announced the acquisition of SA Corporate Real Estate Ltd. The transaction was announced on 7/4/2019 and is currently pending. Financial terms of the transaction are undisclosed.,ZAR,Undisclosed,,8.370000,6.690000,No,Real Estate,Financials,N,Friendly,South Africa,United States,SAC,PRU,REIT,Common Stock,2018,20396.007,2309.524,815078,62992,,4,Both,4,2017-10-01,2026-04-30,600,100,6600,190,77.8,4.14166666666667,5625206.5,4583667.1,122.722841281384,4.61352417603231,17459094.0,835474.007,20396.007,Large,Full (4/4),2019
197058673,M&A,2019/7/10,SAC SJ,EMI SJ,Withdrawn,Company Takeover,Emira Property Fund Ltd announced the acquisition of SA Corporate Real Estate Ltd for ZAR 13443.93M.,ZAR,Stock,2019/8/6,0.000000,100.000000,No,Real Estate,Real Estate,N,Friendly,South Africa,South Africa,SAC,EMI,REIT,REIT,2018,20396.007,2309.524,15170.678,1828.871,13443.86,4,Both,4,2017-10-01,2026-04-30,600,100,6600,190,77.8,4.14166666666667,5625206.5,4583667.1,122.722841281384,4.61352417603231,17459094.0,35566.685,20396.007,Large,Full (4/4),2019
197508784,M&A,2019/2/28,CTK SJ,KARO US,Completed,"Cross Border, Majority Purchase",One August Holdings Pty Ltd sold Cartrack Holdings Ltd to Karooooo Ltd for ZAR 2748.48M. The transaction was announced on 2/28/2019 and completed on 7/17/2019.,ZAR,Cash,2019/7/17,0.000000,68.169998,No,Technology,Technology,N,Friendly,South Africa,Singapore,CTK,KARO,Common Stock,Common Stock,2018,1077.75,1324.245,1077.75,1324.245,2748.49,4,Both,4,2017-10-01,2026-04-30,600,100,6600,190,77.8,4.14166666666667,5625206.5,4583667.1,122.722841281384,4.61352417603231,17459094.0,2648.49,1324.245,Intermediate,Full (4/4),2019
197510548,M&A,2019/7/18,CTK SJ,KARO US,Completed,"Mandatory Offer, Company Takeover, Cross Border, Additional Stake Purchase, Tender Offer",Karooooo Ltd acquired Cartrack Holdings Ltd for ZAR 0.40M. The transaction was announced on 7/18/2019 and completed on 10/7/2019.,ZAR,Cash,2019/10/7,68.169998,0.010000,No,Technology,Technology,N,Friendly,South Africa,Singapore,CTK,KARO,Common Stock,Common Stock,2018,1077.75,1324.245,1077.75,1324.245,0.40,4,Both,4,2017-10-01,2026-04-30,600,100,6600,190,77.8,4.14166666666667,5625206.5,4583667.1,122.722841281384,4.61352417603231,17459094.0,2648.49,1324.245,Intermediate,Full (4/4),2019
197529088,M&A,2019/7/19,PFG SJ,PEP US,Completed,"Company Takeover, Cross Border",PepsiCo Inc acquired Pioneer Foods Group Ltd for ZAR 25951.62M. The transaction was announced on 7/19/2019 and completed on 3/24/2020.,ZAR,Cash,2020/3/24,0.000000,100.000000,No,Consumer Staples,Consumer Staples,N,Friendly,South Africa,United States,PFG,PEP,Common Stock,Common Stock,2018,14541.072,20151.853,77648,64661,25951.45,4,Both,4,2017-10-01,2026-04-30,600,100,6600,190,77.8,4.14166666666667,5625206.5,4583667.1,122.722841281384,4.61352417603231,17459094.0,97799.853,20151.853,Large,Full (4/4),2019
19783297,M&A,2005/11/3,VNF SJ,VOD LN,Completed,"Company Takeover, Cross Border",Vodafone Group PLC acquired VenFin Pty Ltd for ZAR 20830.38M. The transaction was announced on 11/3/2005 and completed on 4/18/2006.,ZAR,Cash,2006/4/18,0.000000,100.000000,No,Financials,Communications,N,Friendly,South Africa,United Kingdom,VNF,VOD,Common Stock,Common Stock,2004,7194,0,220252.11300000004,47129.80723702293,20830.40,4,Assets only,2,2001-02-01,2009-03-31,200,30,3500,100,35.275,3.4,1837001.4,3411409.9,53.8487444736559,5.5970108718677,3586112.0,227446.11300000004,7194.0,Large,Full (4/4),2005
197997722,M&A,2019/7/26,SAC SJ,DIB SJ,Terminated,Company Takeover,Dipula Properties Ltd announced the acquisition of SA Corporate Real Estate Ltd for ZAR 15113.00M. The transaction was announced on 7/26/2019 and terminated on 8/5/2019.,ZAR,Stock,2019/8/5,0.000000,100.000000,No,Real Estate,Real Estate,N,Friendly,South Africa,South Africa,SAC,DIB,REIT,REIT,2018,20396.007,2309.524,9273.384,1102.598,15113.10,4,Both,4,2017-10-01,2026-04-30,600,100,6600,190,77.8,4.14166666666667,5625206.5,4583667.1,122.722841281384,4.61352417603231,17459094.0,29669.391000000003,20396.007,Large,Full (4/4),2019
198715135,M&A,2019/8/6,REB SJ,DLT SJ,Withdrawn,Company Takeover,Delta Property Fund Ltd announced the acquisition of Rebosis Property Fund Ltd for ZAR 9921.07M.,ZAR,Undisclosed,2020/2/6,0.000000,100.000000,No,Real Estate,Real Estate,N,Friendly,South Africa,South Africa,REB,DLT,REIT,REIT,2018,21654.693,2261.439,12435.281,1584.34,9921.12,4,Both,4,2017-10-01,2026-04-30,600,100,6600,190,77.8,4.14166666666667,5625206.5,4583667.1,122.722841281384,4.61352417603231,17459094.0,34089.974,21654.693,Large,Full (4/4),2019
198733327,INV,2019/8/6,AXL SJ,ZCL SJ,Completed,"Cross Border, Minority Purchase",A consortium led by Coronation Fund Managers Ltd sold a minority stake in African Phoenix Investments Ltd to Zarclear Holdings Ltd. The transaction was completed on 8/6/2019.,ZAR,Cash,2019/8/6,0.000000,21.469999,No,Financials,Financials,N,Friendly,South Africa,South Africa,AXL,ZCL,Common Stock,Common Stock,2018,2070.692,230.862,1223.105,-37.18,245.05,4,Both,4,2017-10-01,2026-04-30,600,100,6600,190,77.8,4.14166666666667,5625206.5,4583667.1,122.722841281384,4.61352417603231,17459094.0,3293.797,2070.692,Intermediate,Full (4/4),2019
198817799,INV,2019/8/7,SAC SJ,INL SJ,Completed,Minority Purchase,Investec Ltd acquired a minority stake in SA Corporate Real Estate Ltd. The transaction was completed on 8/7/2019. Financial terms of the transaction are undisclosed.,ZAR,Undisclosed,2019/8/7,0.000000,5.077600,No,Real Estate,Financials,N,Friendly,South Africa,South Africa,SAC,INL,REIT,Common Stock,2018,20396.007,2309.524,57616.844,4309.538,,4,Both,4,2017-10-01,2026-04-30,600,100,6600,190,77.8,4.14166666666667,5625206.5,4583667.1,122.722841281384,4.61352417603231,17459094.0,78012.851,20396.007,Large,Full (4/4),2019
199890169,INV,2019/8/27,BAW SJ,1186539D LN,Completed,"Cross Border, Minority Purchase",Silchester International Investors LLP acquired a minority stake in Barloworld Ltd. The transaction was completed on 8/27/2019. Financial terms of the transaction are undisclosed.,ZAR,Undisclosed,2019/8/27,0.000000,10.090000,No,Consumer Discretionary,Financials,N,Friendly,South Africa,United Kingdom,BAW,1186539D,Common Stock,Private Comp,2018,49259,60094,100.63848383300001,224.9717369260925,,4,Both,4,2017-10-01,2026-04-30,600,100,6600,190,77.8,4.14166666666667,5625206.5,4583667.1,122.722841281384,4.61352417603231,17459094.0,60318.97173692609,60094.0,Large,Full (4/4),2019
20092031,INV,2005/11/9,ASG SJ,ASR SJ,Completed,"Additional Stake Purchase, Tender Offer",Assore Ltd acquired Assmang Ltd for ZAR 369.01M. The transaction was announced on 11/9/2005 and completed on 8/31/2006.,ZAR,Cash,2006/8/31,46.000000,4.000000,No,Materials,Materials,N,Friendly,South Africa,South Africa,ASG,ASR,Common Stock,Common Stock,2004,4226.59716796875,3323.89404296875,2557.914,2228.091,369.01,4,Both,2,2001-02-01,2009-03-31,200,30,3500,100,35.275,3.4,1837001.4,3411409.9,53.8487444736559,5.5970108718677,3586112.0,6784.511167968751,4226.59716796875,Large,Full (4/4),2005
202763261,M&A,2019/10/8,213619Z SJ,TKG SJ,Withdrawn,"Company Takeover, Cross Border, Minority Purchase",Telkom SA SOC Ltd announced the acquisition of a minority stake in Cell C Ltd. Financial terms of the transaction are undisclosed.,ZAR,Undisclosed,2019/11/29,0.000000,0.000000,No,Communications,Communications,N,Friendly,South Africa,South Africa,213619Z,TKG,Private Comp,Common Stock,2018,1556.6024544,1008.8388963383144,50341,39661,,4,Both,4,2017-10-01,2026-04-30,600,100,6600,190,77.8,4.14166666666667,5625206.5,4583667.1,122.722841281384,4.61352417603231,17459094.0,51897.6024544,1556.6024544,Large,Full (4/4),2019
206268370,M&A,2019/12/3,ZCL SJ,AXL SJ,Withdrawn,Company Takeover,African Phoenix Investments Ltd announced the acquisition of Zarclear Holdings Ltd for ZAR 994.69M.,ZAR,Cash,2019/12/3,0.000000,100.000000,No,Financials,Financials,N,Friendly,South Africa,South Africa,ZCL,AXL,Common Stock,Common Stock,2018,1223.105,-37.18,2070.692,230.862,994.69,4,Assets only,4,2017-10-01,2026-04-30,600,100,6600,190,77.8,4.14166666666667,5625206.5,4583667.1,122.722841281384,4.61352417603231,17459094.0,3293.797,1223.105,Intermediate,Full (4/4),2019
20648054,M&A,2006/1/31,ALX SJ,APK SJ,Completed,Company Takeover,Astrapak Ltd acquired Alex White Holdings Ltd for ZAR 98.52M. The transaction was completed on 1/31/2006.,ZAR,Cash,2006/1/31,0.000000,100.000000,No,Industrials,Materials,N,Friendly,South Africa,South Africa,ALX,APK,Common Stock,Unit,2005,105.84500122070312,125.75399780273438,1112.528,1650.227,98.52,4,Both,2,2001-02-01,2009-03-31,200,30,3500,100,36.9166666666667,4.64166666666667,2057593.9,3602578.7,57.114474695584,6.06463577535368,5041515.0,1775.9809978027345,125.75399780273438,Intermediate,Full (4/4),2006
20756662,M&A,2006/2/9,PIM SJ,LSAK US,Completed,Company Takeover,Lesaka Technologies Inc acquired Prism Holdings Ltd/South Africa for ZAR 613.65M. The transaction was announced on 2/9/2006 and completed on 7/4/2006.,ZAR,Cash,2006/7/4,0.000000,100.000000,No,Technology,Financials,N,Friendly,South Africa,South Africa,PIM,LSAK,Common Stock,Common Stock,2005,186.350998,301.06601,181.754,176.29,613.65,4,Both,2,2001-02-01,2009-03-31,200,30,3500,100,36.9166666666667,4.64166666666667,2057593.9,3602578.7,57.114474695584,6.06463577535368,5041515.0,482.82001,301.06601,Intermediate,Full (4/4),2006
20787807,M&A,2006/2/14,ACH SJ,PSG SJ,Completed,Company Takeover,PSG Group Ltd acquired Arch Equity Ltd for ZAR 897.80M. The transaction was announced on 2/14/2006 and completed on 8/15/2006.,ZAR,Stock,2006/8/15,0.000000,100.000000,No,Financials,Financials,N,Friendly,South Africa,South Africa,ACH,PSG,Common Stock,Common Stock,2005,313.3349914550781,84.43399810791016,2793.832,468.459,897.80,4,Both,2,2001-02-01,2009-03-31,200,30,3500,100,36.9166666666667,4.64166666666667,2057593.9,3602578.7,57.114474695584,6.06463577535368,5041515.0,3107.166991455078,313.3349914550781,Intermediate,Full (4/4),2006
20799112,M&A,2006/2/15,BPL SJ,ELR CN,Completed,"Cross Border, Majority Purchase",Eastern Platinum Ltd acquired Barplats Investments Pty Ltd for CAD 509.19M. The transaction was announced on 2/15/2006 and completed on 5/2/2006.,CAD,Cash and Stock,2006/5/2,0.000000,69.900002,No,Materials,Materials,N,Friendly,South Africa,Canada,BPL,ELR,Common Stock,Common Stock,2005,438.34100341796875,40.176998138427734,70.6325643408,0,2680.73,4,Both,2,2001-02-01,2009-03-31,200,30,3500,100,36.9166666666667,4.64166666666667,2057593.9,3602578.7,57.114474695584,6.06463577535368,5041515.0,508.9735677587688,438.3410034179688,Intermediate,Full (4/4),2006
20889032,M&A,2006/2/24,PIM SJ,ALT SJ,Terminated,"Competing Bid, Company Takeover",Allied Technologies Ltd announced the acquisition of Prism Holdings Ltd/South Africa for ZAR 633.97M. The transaction was announced on 2/24/2006 and terminated on 3/10/2006.,ZAR,Cash,2006/3/10,0.000000,100.000000,No,Technology,Communications,N,Hostile,South Africa,South Africa,PIM,ALT,Common Stock,Common Stock,2005,186.350998,301.06601,2781,5552,633.97,4,Both,2,2001-02-01,2009-03-31,200,30,3500,100,36.9166666666667,4.64166666666667,2057593.9,3602578.7,57.114474695584,6.06463577535368,5041515.0,5853.0660100000005,301.06601,Large,Full (4/4),2006
21046168,INV,2006/3/9,WAR SJ,HAR SJ,Completed,"Minority Purchase, Additional Stake Purchase",Harmony Gold Mining Co Ltd acquired a minority stake in Gold Fields Operations Ltd. The transaction was completed on 3/9/2006.,ZAR,Cash,2006/3/9,4.700000,24.500000,No,Materials,Materials,N,Friendly,South Africa,South Africa,WAR,HAR,Common Stock,Common Stock,2005,5438.8,660.9,33815,7822,1669.70,4,Both,2,2001-02-01,2009-03-31,200,30,3500,100,36.9166666666667,4.64166666666667,2057593.9,3602578.7,57.114474695584,6.06463577535368,5041515.0,39253.8,5438.8,Large,Full (4/4),2006
211393870,M&A,2020/3/4,NIV SJ,HCI SJ,Completed,"Company Takeover, Additional Stake Purchase",Hosken Consolidated Investments Ltd acquired Niveus Investments Ltd for ZAR 134.04M. The transaction was announced on 3/4/2020 and completed on 5/26/2020.,ZAR,Cash,2020/5/26,51.660000,46.869999,No,Consumer Discretionary,Consumer Discretionary,N,Friendly,South Africa,South Africa,NIV,HCI,Common Stock,Common Stock,2019,571.165,18.398,72586.906,24066.093,134.04,4,Assets only,4,2017-10-01,2026-04-30,600,100,6600,190,80.3583333333333,3.28333333333333,5562760.3,4300904.4,129.339315237977,5.3913956746017,17874362.0,73158.071,571.165,Large,Full (4/4),2020
21160651,M&A,2006/3/22,BCX SJ,TKG SJ,Terminated,Company Takeover,Telkom SA SOC Ltd announced the acquisition of Business Connexion Group Ltd for ZAR 1763.29M. The transaction was announced on 3/22/2006 and terminated on 6/28/2007.,ZAR,Cash,2007/6/28,0.000000,100.000000,No,Technology,Communications,N,Unsolicited,South Africa,South Africa,BCX,TKG,Common Stock,Common Stock,2005,2388.595,2816.132,57583,43117,1763.29,4,Both,2,2001-02-01,2009-03-31,200,30,3500,100,36.9166666666667,4.64166666666667,2057593.9,3602578.7,57.114474695584,6.06463577535368,5041515.0,60399.132,2816.132,Large,Full (4/4),2006
211703503,BUY,2020/3/9,PBT SJ,PBT SJ,Completed,,,ZAr,,2020/3/20,0.000000,0.000000,,Technology,Technology,N,,South Africa,,PBT,PBT,Common Stock,Common Stock,2019,321.348463,588.414409,321.348463,588.414409,11.58,4,Both,4,2017-10-01,2026-04-30,600,100,6600,190,80.3583333333333,3.28333333333333,5562760.3,4300904.4,129.339315237977,5.3913956746017,17874362.0,1176.828818,588.414409,Intermediate,Full (4/4),2020
21230909,M&A,2006/3/27,RAH SJ,SUI SJ,Completed,Majority Purchase,Sun International Ltd/South Africa acquired Real Africa Holdings Ltd for ZAR 1108.04M. The transaction was announced on 3/27/2006 and completed on 9/19/2006.,ZAR,Cash,2006/9/19,2.200000,58.099998,No,Consumer Discretionary,Consumer Discretionary,N,Friendly,South Africa,South Africa,RAH,SUI,Common Stock,Common Stock,2005,2067.968994140625,123.95500183105469,7557.589,5139.552,1108.04,4,Both,2,2001-02-01,2009-03-31,200,30,3500,100,36.9166666666667,4.64166666666667,2057593.9,3602578.7,57.114474695584,6.06463577535368,5041515.0,9625.557994140625,2067.968994140625,Large,Full (4/4),2006
212614820,INV,2020/3/26,AXL SJ,ZCL SJ,Completed,Additional Stake Purchase,Zarclear Holdings Ltd acquired African Phoenix Investments Ltd for ZAR 11.39M. The transaction was completed on 3/26/2020.,ZAR,Cash,2020/3/26,21.400000,2.100000,No,Financials,Financials,N,Friendly,South Africa,South Africa,AXL,ZCL,Common Stock,Common Stock,2019,1400.323,102.993,1275.221,142.079,11.39,4,Both,4,2017-10-01,2026-04-30,600,100,6600,190,80.3583333333333,3.28333333333333,5562760.3,4300904.4,129.339315237977,5.3913956746017,17874362.0,2675.544,1400.323,Intermediate,Full (4/4),2020
215811483,M&A,2020/8/4,UCP SJ,AFT SJ,Completed,"Company Takeover, Tender Offer",Afrimat Ltd acquired Unicorn Capital Partners Ltd for ZAR 418.91M. The transaction was announced on 8/4/2020 and completed on 12/15/2020.,ZAR,Stock,2020/12/15,0.000000,100.000000,No,Materials,Materials,N,Friendly,South Africa,South Africa,UCP,AFT,Common Stock,Common Stock,2019,1346.566,1001.445,2687.012,2966.399,418.91,4,Both,4,2017-10-01,2026-04-30,600,100,6600,190,80.3583333333333,3.28333333333333,5562760.3,4300904.4,129.339315237977,5.3913956746017,17874362.0,4312.965,1346.566,Intermediate,Full (4/4),2020
216946093,M&A,2020/2/5,1808563D LN,1264Z DC,Pending,"Company Takeover, Cross Border",Arla Foods amba announced the acquisition of PCL Transport 24/7 Ltd. The transaction was announced on 2/5/2020 and is currently pending. Financial terms of the transaction are undisclosed.,GBP,Undisclosed,,0.000000,100.000000,No,Industrials,Consumer Staples,N,Friendly,South Africa,Denmark,1808563D,1264Z,Private Comp,Private Comp,2019,9.330369788250001,52.74181032014615,7106,10527,,4,Neither,4,2017-10-01,2026-04-30,600,100,6600,190,80.3583333333333,3.28333333333333,5562760.3,4300904.4,129.339315237977,5.3913956746017,17874362.0,10579.741810320145,52.74181032014615,Small,Full (4/4),2020
21830683,M&A,2006/5/19,ILV SJ,ABF LN,Completed,"Cross Border, Majority Purchase",Associated British Foods PLC acquired Illovo Sugar Pty Ltd for ZAR 5109.51M. The transaction was announced on 5/19/2006 and completed on 9/4/2006.,ZAR,Cash,2006/9/4,0.000000,51.000000,No,Consumer Staples,Consumer Staples,N,Friendly,South Africa,United Kingdom,ILV,ABF,Common Stock,Common Stock,2005,4407.7,5143,6072,5622,5109.51,4,Both,2,2001-02-01,2009-03-31,200,30,3500,100,36.9166666666667,4.64166666666667,2057593.9,3602578.7,57.114474695584,6.06463577535368,5041515.0,11215.0,5143.0,Large,Full (4/4),2006
21831159,INV,2006/5/18,WAR SJ,GFI SJ,Completed,Additional Stake Purchase,Gold Fields Ltd acquired Gold Fields Operations Ltd for ZAR 730.80M. The transaction was completed on 5/18/2006.,ZAR,Cash,2006/5/18,3.324000,12.146000,No,Materials,Materials,N,Friendly,South Africa,South Africa,WAR,GFI,Common Stock,Common Stock,2005,5438.8,660.9,3594.4265616,1897.526637495784,730.80,4,Both,2,2001-02-01,2009-03-31,200,30,3500,100,36.9166666666667,4.64166666666667,2057593.9,3602578.7,57.114474695584,6.06463577535368,5041515.0,9033.2265616,5438.8,Large,Full (4/4),2006
218332007,INV,2020/7/14,QFH SJ,ARL SJ,Pending,Minority Purchase,Astral Foods Ltd announced the acquisition of a minority stake in Quantum Foods Holdings Ltd. The transaction was announced on 7/14/2020 and is currently pending. Financial terms of the transaction are undisclosed.,ZAR,Undisclosed,,0.000000,6.420000,No,Consumer Staples,Consumer Staples,N,Friendly,South Africa,South Africa,QFH,ARL,Common Stock,Common Stock,2019,2514.329,4417.674,6239.119,13485.475,,4,Both,4,2017-10-01,2026-04-30,600,100,6600,190,80.3583333333333,3.28333333333333,5562760.3,4300904.4,129.339315237977,5.3913956746017,17874362.0,17903.149,4417.674,Large,Full (4/4),2020
218562791,INV,2020/7/20,HPA SJ,SSU SJ,Completed,"Cross Border, Additional Stake Purchase",A consortium led by Prudential PLC sold Hospitality Property Fund Ltd to Southern Sun Ltd. The transaction was announced on 7/20/2020 and completed on 7/22/2020. Financial terms of the transaction are undisclosed.,USD,Stock,2020/7/22,59.150002,7.980000,No,Real Estate,Real Estate,N,Friendly,South Africa,South Africa,HPA,SSU,REIT,Common Stock,2019,12266.597,827.786,14586,4389,,4,Both,4,2017-10-01,2026-04-30,600,100,6600,190,80.3583333333333,3.28333333333333,5562760.3,4300904.4,129.339315237977,5.3913956746017,17874362.0,26852.597,12266.597,Large,Full (4/4),2020
22191987,INV,2006/6/21,VIL SJ,HAR SJ,Completed,Minority Purchase,Harmony Gold Mining Co Ltd acquired a minority stake in Village Main Reef Ltd. The transaction was completed on 6/21/2006.,ZAR,Cash,2006/6/21,0.000000,37.799999,No,Materials,Materials,N,Friendly,South Africa,South Africa,VIL,HAR,Common Stock,Common Stock,2005,5.495999813079834,0,33815,7822,0.46,4,Neither,2,2001-02-01,2009-03-31,200,30,3500,100,36.9166666666667,4.64166666666667,2057593.9,3602578.7,57.114474695584,6.06463577535368,5041515.0,33820.49599981308,5.495999813079834,Small,Full (4/4),2006
22192127,M&A,2006/6/21,VIL SJ,HAR SJ,Completed,"Company Takeover, Additional Stake Purchase, Tender Offer",Harmony Gold Mining Co Ltd acquired Village Main Reef Ltd. The transaction was completed on 6/21/2006. Financial terms of the transaction are undisclosed.,ZAR,Cash,2006/6/21,37.799999,62.200001,No,Materials,Materials,N,Friendly,South Africa,South Africa,VIL,HAR,Common Stock,Common Stock,2005,5.495999813079834,0,33815,7822,,4,Neither,2,2001-02-01,2009-03-31,200,30,3500,100,36.9166666666667,4.64166666666667,2057593.9,3602578.7,57.114474695584,6.06463577535368,5041515.0,33820.49599981308,5.495999813079834,Small,Full (4/4),2006
22240791,INV,2006/6/26,OCE SJ,BRT SJ,Completed,"Private Equity, Minority Purchase",Brimstone Investment Corp Ltd acquired a minority stake in Oceana Group Ltd. The transaction was announced on 6/26/2006 and completed on 12/31/2006.,ZAR,Cash,2006/12/31,0.000000,10.000000,No,Consumer Staples,Consumer Staples,N,Friendly,South Africa,South Africa,OCE,BRT,Common Stock,Common Stock,2005,1469.755,2576.513,881.232,188.752,172.47,4,Both,2,2001-02-01,2009-03-31,200,30,3500,100,36.9166666666667,4.64166666666667,2057593.9,3602578.7,57.114474695584,6.06463577535368,5041515.0,3457.745,2576.513,Intermediate,Full (4/4),2006
22445545,INV,2006/7/11,WAR SJ,GFI SJ,Completed,Additional Stake Purchase,Gold Fields Ltd acquired Gold Fields Operations Ltd. The transaction was completed on 7/11/2006. Financial terms of the transaction are undisclosed.,ZAR,Undisclosed,2006/7/11,16.959999,1.940000,No,Materials,Materials,N,Friendly,South Africa,South Africa,WAR,GFI,Common Stock,Common Stock,2005,5438.8,660.9,3594.4265616,1897.526637495784,,4,Both,2,2001-02-01,2009-03-31,200,30,3500,100,36.9166666666667,4.64166666666667,2057593.9,3602578.7,57.114474695584,6.06463577535368,5041515.0,9033.2265616,5438.8,Large,Full (4/4),2006
22463647,INV,2006/7/14,EHS SJ,CSGN SW,Completed,"Cross Border, Private Equity, Minority Purchase",Anglo American PLC sold a minority stake in Evraz Highveld Steel & Vanadium Ltd to Credit Suisse Group AG. The transaction was completed on 7/14/2006.,ZAR,Cash,2006/7/14,0.000000,24.900000,No,Materials,Financials,N,Friendly,South Africa,Switzerland,EHS,CSGN,Common Stock,Common Stock,2005,3899,7155,1339052,59366,1539.53,4,Both,2,2001-02-01,2009-03-31,200,30,3500,100,36.9166666666667,4.64166666666667,2057593.9,3602578.7,57.114474695584,6.06463577535368,5041515.0,1346207.0,7155.0,Large,Full (4/4),2006
224639753,INV,2020/11/20,CGR SJ,CGR SJ,Pending,Minority Purchase,Conduit Capital Ltd announced the sale of a minority stake in Calgro M3 Holdings Ltd to Calgro M3 Holdings Ltd. The transaction was announced on 11/20/2020 and is currently pending. Financial terms of the transaction are undisclosed.,ZAR,Undisclosed,,0.000000,4.590400,No,Consumer Discretionary,Consumer Discretionary,N,Friendly,South Africa,South Africa,CGR,CGR,Common Stock,Common Stock,2019,2911.274487,997.064528,2911.274487,997.064528,,4,Both,4,2017-10-01,2026-04-30,600,100,6600,190,80.3583333333333,3.28333333333333,5562760.3,4300904.4,129.339315237977,5.3913956746017,17874362.0,5822.548974,2911.274487,Intermediate,Full (4/4),2020
224705298,M&A,2020/11/26,1554290D PW,3110315Z PW,Completed,"PE Buyout, Company Takeover, Cross Border, Private Equity",Life Healthcare Group Holdings Ltd sold Scanmed SA to Abris Capital Partners Sp zoo for PLN 340.00M. The transaction was announced on 11/26/2020 and completed on 3/26/2021.,PLN,Cash,2021/3/26,0.000000,100.000000,No,Health Care,Financials,N,Friendly,South Africa,Poland,1554290D,3110315Z,Private Comp,Private Comp,2019,556.903,359.166,2.59224646,5.9822479500000005,1377.97,4,Both,4,2017-10-01,2026-04-30,600,100,6600,190,80.3583333333333,3.28333333333333,5562760.3,4300904.4,129.339315237977,5.3913956746017,17874362.0,562.88524795,556.903,Small,Full (4/4),2020
225029586,BUY,2020/11/19,IDQ SJ,IDQ SJ,Pending,,,ZAR,,,0.000000,0.000000,,Financials,Financials,N,,South Africa,,IDQ,IDQ,Common Stock,Common Stock,2019,63.918,66.589,63.918,66.589,26.43,4,Neither,4,2017-10-01,2026-04-30,600,100,6600,190,80.3583333333333,3.28333333333333,5562760.3,4300904.4,129.339315237977,5.3913956746017,17874362.0,133.178,66.589,Small,Full (4/4),2020
22511076,INV,2006/7/19,MYT SJ,PAP SJ,Completed,Minority Purchase,Matemeku Property Acquisitions 104 Pty Ltd sold a minority stake in Monyetla Property Fund Ltd to Pangbourne Properties Ltd. The transaction was completed on 7/19/2006.,ZAR,Cash,2006/7/19,0.000000,40.630001,No,Real Estate,Real Estate,N,Friendly,South Africa,South Africa,MYT,PAP,Unit,Unit,2005,389.4129943847656,13.539999961853027,2901.748,365.173,109.92,4,Assets only,2,2001-02-01,2009-03-31,200,30,3500,100,36.9166666666667,4.64166666666667,2057593.9,3602578.7,57.114474695584,6.06463577535368,5041515.0,3291.1609943847657,389.4129943847656,Intermediate,Full (4/4),2006
225341539,M&A,2021/1/27,ADI SJ,HUG SJ,Pending,Company Takeover,Huge Group Ltd announced the acquisition of AdaptIT Holdings Ltd for ZAR 1787.02M. The transaction was announced on 1/27/2021 and is currently pending.,ZAR,Stock,,0.000000,100.000000,No,Technology,Communications,N,Friendly,South Africa,South Africa,ADI,HUG,Common Stock,Common Stock,2020,1937.817764,1483.346995,1216.465,492.145,1787.01,4,Both,4,2017-10-01,2026-04-30,600,100,6600,190,84.0166666666667,4.55833333333333,6206842.1,4509870.3,137.627951296072,6.40844281790467,20520438.0,3154.2827639999996,1937.817764,Intermediate,Full (4/4),2021
225410161,INV,2021/2/1,1255Z SJ,ORN AU,Pending,"Option Agreement, Cross Border, Minority Purchase",Orion Minerals Ltd announced the acquisition of a minority stake in Industrial Development Corp of South Africa Ltd. The transaction was announced on 2/1/2021 and is currently pending. Financial terms of the transaction are undisclosed.,ZAR,Undisclosed,,0.000000,43.750000,No,Government,Materials,N,Friendly,South Africa,Australia,1255Z,ORN,Private Comp,Common Stock,2020,109631,16278,65.83,0,,4,Both,4,2017-10-01,2026-04-30,600,100,6600,190,84.0166666666667,4.55833333333333,6206842.1,4509870.3,137.627951296072,6.40844281790467,20520438.0,109696.83,109631.0,Large,Full (4/4),2021
225486858,M&A,2021/1/7,CTK SJ,KARO US,Completed,"Company Takeover, Cross Border, Additional Stake Purchase, Tender Offer",Karooooo Ltd acquired Cartrack Holdings Ltd for ZAR 4009.32M. The transaction was announced on 1/7/2021 and completed on 4/22/2021.,ZAR,Cash,2021/4/22,68.180000,31.820000,No,Technology,Technology,N,Friendly,South Africa,Singapore,CTK,KARO,Common Stock,Common Stock,2020,1844.453,1941.893,1845.257,1941.893,4009.35,4,Both,4,2017-10-01,2026-04-30,600,100,6600,190,84.0166666666667,4.55833333333333,6206842.1,4509870.3,137.627951296072,6.40844281790467,20520438.0,3883.786,1941.893,Intermediate,Full (4/4),2021
226485224,INV,2021/5/12,NPN SJ,PRX NA,Completed,"Cross Border, Additional Stake Purchase, Tender Offer",Prosus NV acquired Naspers Ltd for ZAR 696801.39M. The transaction was announced on 5/12/2021 and completed on 8/18/2021.,ZAR,Stock,2021/8/18,3.600000,45.400002,No,Communications,Communications,N,Friendly,South Africa,China,NPN,PRX,Common Stock,Common Stock,2020,36319,4001,35764,3330,696801.94,4,Both,4,2017-10-01,2026-04-30,600,100,6600,190,84.0166666666667,4.55833333333333,6206842.1,4509870.3,137.627951296072,6.40844281790467,20520438.0,72083.0,36319.0,Large,Full (4/4),2021
226544935,M&A,2021/11/15,DGH SJ,HEIA NA,Completed,"Company Takeover, Cross Border",Heineken NV acquired Distell Group Holdings Ltd for ZAR 40072.03M. The transaction was announced on 11/15/2021 and completed on 4/28/2023.,ZAR,Cash,2023/4/28,0.000000,100.000000,No,Consumer Staples,Consumer Staples,N,Friendly,South Africa,Netherlands,DGH,HEIA,Common Stock,Common Stock,2020,25271.837,22370.224,42632,19715,40071.84,4,Both,4,2017-10-01,2026-04-30,600,100,6600,190,84.0166666666667,4.55833333333333,6206842.1,4509870.3,137.627951296072,6.40844281790467,20520438.0,67903.837,25271.837,Large,Full (4/4),2021
226545328,M&A,2021/4/7,ADI SJ,CSU CN,Pending,"Competing Bid, Company Takeover, Cross Border",Constellation Software Inc/Canada announced the acquisition of AdaptIT Holdings Ltd for ZAR 1598.45M. The transaction was announced on 4/7/2021 and is currently pending.,ZAR,Cash,,0.000000,100.000000,No,Technology,Technology,N,Friendly,South Africa,Canada,ADI,CSU,Common Stock,Common Stock,2020,1937.817764,1483.346995,4375,3969,1598.44,4,Both,4,2017-10-01,2026-04-30,600,100,6600,190,84.0166666666667,4.55833333333333,6206842.1,4509870.3,137.627951296072,6.40844281790467,20520438.0,6312.817763999999,1937.817764,Intermediate,Full (4/4),2021
226546984,M&A,2021/5/18,FTA SJ,FVT SJ,Withdrawn,Majority Purchase,Fairvest Property Holdings Ltd announced the acquisition of Fairvest Ltd for ZAR 5583.05M.,ZAR,Stock,2021/12/21,0.000000,50.099998,No,Real Estate,Real Estate,N,Friendly,South Africa,South Africa,FTA,FVT,REIT,REIT,2020,14434.107,2222.086,3891.373,578.612,5583.06,4,Both,4,2017-10-01,2026-04-30,600,100,6600,190,84.0166666666667,4.55833333333333,6206842.1,4509870.3,137.627951296072,6.40844281790467,20520438.0,18325.48,14434.107,Large,Full (4/4),2021
226641797,M&A,2021/5/27,TWR SJ,RDCP BG,Withdrawn,"Company Takeover, Cross Border","With no further information, the deal has been withdrawn on 11/30/2021. RDC Properties Ltd/Botswana proposed to acquire Tower Property Fund Ltd for BWP 2,773.79M. The transaction was proposed on 05/27/2021.",BWP,Cash,2021/11/30,0.000000,100.000000,No,Real Estate,Real Estate,N,Friendly,South Africa,Botswana,TWR,RDCP,REIT,Common Stock,2020,5288.34,395.579,2518.95,133.507,3607.53,4,Both,4,2017-10-01,2026-04-30,600,100,6600,190,84.0166666666667,4.55833333333333,6206842.1,4509870.3,137.627951296072,6.40844281790467,20520438.0,7807.29,5288.34,Large,Full (4/4),2021
227024741,M&A,2021/6/30,MPT SJ,CAT SJ,Pending,"Majority Purchase, Additional Stake Purchase",Caxton and CTP Publishers and Printers Ltd announced the acquisition of Mpact Ltd. The transaction was announced on 6/30/2021 and is currently pending. Financial terms of the transaction are undisclosed.,ZAR,Undisclosed,,32.000000,0.000000,No,Materials,Communications,N,Friendly,South Africa,South Africa,MPT,CAT,Common Stock,Common Stock,2020,8028.3,10257.9,6509.192,5572.359,,4,Both,4,2017-10-01,2026-04-30,600,100,6600,190,84.0166666666667,4.55833333333333,6206842.1,4509870.3,137.627951296072,6.40844281790467,20520438.0,16767.092,10257.9,Large,Full (4/4),2021
227171034,M&A,2021/7/15,LBH SJ,SBK SJ,Completed,"Company Takeover, Additional Stake Purchase",Standard Bank Group Ltd acquired Liberty Holdings Ltd for ZAR 10369.14M. The transaction was announced on 7/15/2021 and completed on 3/1/2022.,ZAR,Cash and Stock,2022/3/1,53.619999,46.380001,No,Financials,Financials,N,Friendly,South Africa,South Africa,LBH,SBK,Common Stock,Common Stock,2020,475598,55115,2532940,159648,10369.09,4,Both,4,2017-10-01,2026-04-30,600,100,6600,190,84.0166666666667,4.55833333333333,6206842.1,4509870.3,137.627951296072,6.40844281790467,20520438.0,3008538.0,475598.0,Large,Full (4/4),2021
227769993,M&A,2021/9/13,251463Z LN,CSN LN,Completed,"Company Takeover, Cross Border",Sanlam Ltd sold Sanlam Life & Pensions UK Ltd to Chesnara PLC for GBP 39.00M. The transaction was announced on 9/13/2021 and completed on 4/28/2022.,GBP,Cash,2022/4/28,0.000000,100.000000,No,Financials,Financials,N,Friendly,South Africa,United Kingdom,251463Z,CSN,Private Comp,Common Stock,2020,2965.6677326322497,209.98192846085968,9065.496,637.905,764.20,4,Both,4,2017-10-01,2026-04-30,600,100,6600,190,84.0166666666667,4.55833333333333,6206842.1,4509870.3,137.627951296072,6.40844281790467,20520438.0,12031.163732632249,2965.6677326322497,Large,Full (4/4),2021
228200844,M&A,2021/10/27,RBP SJ,IMP SJ,Completed,"Company Takeover, Tender Offer, Mandatory Offer, Squeeze Out, Going Private",Impala Platinum Holdings Ltd acquired Royal Bafokeng Platinum Ltd for ZAR 39175.61M. The transaction was announced on 10/27/2021 and completed on 9/18/2023.,ZAR,Cash and Stock,2023/9/18,0.000000,100.000000,No,Materials,Materials,N,Unsolicited,South Africa,South Africa,RBP,IMP,Common Stock,Common Stock,2020,31944.4,13379.4,95855,69851,39175.60,4,Both,4,2017-10-01,2026-04-30,600,100,6600,190,84.0166666666667,4.55833333333333,6206842.1,4509870.3,137.627951296072,6.40844281790467,20520438.0,127799.4,31944.4,Large,Full (4/4),2021
228303895,M&A,2021/12/5,L4L SJ,OMU SJ,Withdrawn,Company Takeover,Old Mutual Ltd announced the acquisition of Long4Life Ltd for ZAR 4329.87M.,ZAR,Cash,2022/6/6,0.000000,100.000000,No,Consumer Discretionary,Financials,N,Hostile to Friendly,South Africa,South Africa,L4L,OMU,Common Stock,Common Stock,2020,6263.253,4091.446,940682,142606,4329.90,4,Both,4,2017-10-01,2026-04-30,600,100,6600,190,84.0166666666667,4.55833333333333,6206842.1,4509870.3,137.627951296072,6.40844281790467,20520438.0,946945.253,6263.253,Large,Full (4/4),2021
228327630,M&A,2021/11/8,TKG SJ,MTN SJ,Withdrawn,Company Takeover,MTN Group Ltd announced the acquisition of Telkom SA SOC Ltd for ZAR 41075.85M.,ZAR,Cash and Stock,2022/10/19,0.000000,100.000000,No,Communications,Communications,N,Unsolicited,South Africa,South Africa,TKG,MTN,Common Stock,Common Stock,2020,61386,43043,348942,179361,41075.66,4,Both,4,2017-10-01,2026-04-30,600,100,6600,190,84.0166666666667,4.55833333333333,6206842.1,4509870.3,137.627951296072,6.40844281790467,20520438.0,410328.0,61386.0,Large,Full (4/4),2021
228340503,INV,2021/11/9,RBP SJ,NPH SJ,Completed,Minority Purchase,Royal Bafokeng Holdings Pty Ltd sold a minority stake in Royal Bafokeng Platinum Ltd to Northam Platinum Holdings Ltd. The transaction was announced on 11/9/2021 and completed on 12/22/2021.,ZAR,Cash and Stock,2021/12/22,0.000000,32.799999,No,Materials,Materials,N,Friendly,South Africa,South Africa,RBP,NPH,Common Stock,Common Stock,2020,31944.4,13379.4,30667.505,17811.971,16597.89,4,Both,4,2017-10-01,2026-04-30,600,100,6600,190,84.0166666666667,4.55833333333333,6206842.1,4509870.3,137.627951296072,6.40844281790467,20520438.0,62611.905,31944.4,Large,Full (4/4),2021
228368383,M&A,2021/11/8,CSG SJ,AIL SJ,Completed,"Additional Stake Purchase, Company Takeover",African Rainbow Capital Investments Ltd acquired CSG Holdings Ltd/South Africa for ZAR 138.17M. The transaction was announced on 11/8/2021 and completed on 4/26/2022.,ZAR,Cash,2022/4/26,24.802246,75.197754,No,Industrials,Financials,N,Unsolicited,South Africa,South Africa,CSG,AIL,Common Stock,Common Stock,2020,752.287,1751.275,10002,130,138.17,4,Both,4,2017-10-01,2026-04-30,600,100,6600,190,84.0166666666667,4.55833333333333,6206842.1,4509870.3,137.627951296072,6.40844281790467,20520438.0,11753.275,1751.275,Large,Full (4/4),2021
228422582,M&A,2021/11/17,HPA SJ,TSG SJ,Completed,"Company Takeover, Additional Stake Purchase",Tsogo Sun Limited acquired Hospitality Property Fund Ltd. The transaction was announced on 11/17/2021 and completed on 2/2/2021. Financial terms of the transaction are undisclosed.,ZAR,Undisclosed,2021/2/2,67.129997,32.869999,No,Real Estate,Consumer Discretionary,N,Friendly,South Africa,South Africa,HPA,TSG,REIT,Common Stock,2020,10343.024,767.644,19003,11428,,4,Both,4,2017-10-01,2026-04-30,600,100,6600,190,84.0166666666667,4.55833333333333,6206842.1,4509870.3,137.627951296072,6.40844281790467,20520438.0,29346.023999999998,10343.024,Large,Full (4/4),2021
228447193,M&A,2021/11/19,AVI SJ,MDLZ US,Withdrawn,"Cross Border, Company Takeover",Mondelez International Inc announced the acquisition of AVI Ltd for ZAR 1724.60M.,ZAR,Undisclosed,2021/12/14,0.000000,100.000000,No,Consumer Staples,Consumer Staples,N,Unsolicited,South Africa,United States,AVI,MDLZ,Common Stock,Common Stock,2020,9768.7,13209.7,67810,26581,1724.59,4,Both,4,2017-10-01,2026-04-30,600,100,6600,190,84.0166666666667,4.55833333333333,6206842.1,4509870.3,137.627951296072,6.40844281790467,20520438.0,81019.7,13209.7,Large,Full (4/4),2021
228562668,INV,2021/12/1,GRSP SJ,ATIL MP,Completed,"Minority Purchase, Cross Border",Astoria Investments Ltd acquired a minority stake in Goldrush Holdings Ltd. The transaction was completed on 12/1/2021.,ZAR,Cash,2021/12/1,0.000000,14.800000,No,Financials,Financials,N,Friendly,South Africa,Mauritius,GRSP,ATIL,Preference,Common Stock,2020,1040.772295,1.572101,26.548199,3.904877,5.97,4,Assets only,4,2017-10-01,2026-04-30,600,100,6600,190,84.0166666666667,4.55833333333333,6206842.1,4509870.3,137.627951296072,6.40844281790467,20520438.0,1067.320494,1040.772295,Intermediate,Full (4/4),2021
228715193,M&A,2022/11/9,RBP SJ,NPH SJ,Terminated,"Additional Stake Purchase, Tender Offer, Mandatory Offer, Company Takeover",Northam Platinum Holdings Ltd announced the acquisition of Royal Bafokeng Platinum Ltd for ZAR 28283.27M. The transaction was announced on 11/9/2022 and terminated on 4/5/2023.,ZAR,Cash,2023/4/5,34.520000,65.480003,No,Materials,Materials,N,Unsolicited,South Africa,South Africa,RBP,NPH,Common Stock,Common Stock,2021,35047.2,16428.7,37950.86,32626.918,28283.07,4,Both,4,2017-10-01,2026-04-30,600,100,6600,190,89.7833333333334,6.85,6666581.0,4602689.5,144.840989165139,5.24096871394282,21356714.0,72998.06,35047.2,Large,Full (4/4),2022
229076854,BUY,2021/10/30,SPA SJ,SPA SJ,Completed,,,ZAR,,2022/1/11,0.000000,0.000000,,Materials,Materials,N,,South Africa,,SPA,SPA,Common Stock,Common Stock,2020,71.436,123.731,71.436,123.731,8.97,4,Turnover only,4,2017-10-01,2026-04-30,600,100,6600,190,84.0166666666667,4.55833333333333,6206842.1,4509870.3,137.627951296072,6.40844281790467,20520438.0,247.462,123.731,Small,Full (4/4),2021
229276779,INV,2022/2/3,BAU SJ,RBX SJ,Completed,"Additional Stake Purchase, Mandatory Offer, Tender Offer",Raubex Group Ltd acquired Bauba Resources Ltd for ZAR 28.73M. The transaction was announced on 2/3/2022 and completed on 6/10/2022.,ZAR,Cash,2022/6/10,51.000000,10.680000,No,Materials,Industrials,N,Friendly,South Africa,South Africa,BAU,RBX,Common Stock,Common Stock,2021,545.089,277.1,8486.556,8846.454,28.73,4,Both,4,2017-10-01,2026-04-30,600,100,6600,190,89.7833333333334,6.85,6666581.0,4602689.5,144.840989165139,5.24096871394282,21356714.0,9391.543,545.089,Large,Full (4/4),2022
229277377,INV,2022/2/3,BAU SJ,RBX SJ,Completed,"Additional Stake Purchase, Minority Purchase",Raubex Group Ltd acquired a minority stake in Bauba Resources Ltd. The transaction was completed on 2/3/2022.,ZAR,Cash,2022/2/3,24.700001,26.299999,No,Materials,Industrials,N,Friendly,South Africa,South Africa,BAU,RBX,Common Stock,Common Stock,2021,545.089,277.1,8486.556,8846.454,60.64,4,Both,4,2017-10-01,2026-04-30,600,100,6600,190,89.7833333333334,6.85,6666581.0,4602689.5,144.840989165139,5.24096871394282,21356714.0,9391.543,545.089,Large,Full (4/4),2022
229574983,M&A,2022/3/2,6648508Z GR,1995313D IM,Completed,"Cross Border, Company Takeover",Sasol Ltd sold Hywax GmbH to AWAX SpA. The transaction was announced on 3/2/2022 and completed on 3/1/2022. Financial terms of the transaction are undisclosed.,EUR,Undisclosed,2022/3/1,0.000000,100.000000,No,Energy,Consumer Staples,N,Friendly,South Africa,Italy,6648508Z,1995313D,Private Comp,Private Comp,2021,267.639958,359.775034,323.161898,245.591898,,4,Both,4,2017-10-01,2026-04-30,600,100,6600,190,89.7833333333334,6.85,6666581.0,4602689.5,144.840989165139,5.24096871394282,21356714.0,682.9369320000001,359.775034,Intermediate,Full (4/4),2022
229700690,INV,2022/3/9,LHC SJ,INL SJ,Completed,Minority Purchase,Investec Ltd acquired a minority stake in Life Healthcare Group Holdings Ltd. The transaction was completed on 3/9/2022. Financial terms of the transaction are undisclosed.,ZAR,Undisclosed,2022/3/9,0.000000,9.400000,No,Health Care,Financials,N,Friendly,South Africa,South Africa,LHC,INL,Common Stock,Common Stock,2021,40781,26885,51450.473,2785.07,,4,Both,4,2017-10-01,2026-04-30,600,100,6600,190,89.7833333333334,6.85,6666581.0,4602689.5,144.840989165139,5.24096871394282,21356714.0,92231.473,40781.0,Large,Full (4/4),2022
229727725,INV,2022/3/15,REN SJ,IVN CN,Completed,"Cross Border, Minority Purchase, Private Placement",Ivanhoe Mines Ltd acquired a minority stake in Renergen Ltd. The transaction was completed on 3/15/2022.,ZAr,Cash,2022/3/15,0.000000,4.350000,No,Financials,Materials,N,Friendly,South Africa,Canada,REN,IVN,Common Stock,Common Stock,2021,780.362,1.925,3218.206,0,2.01,4,Assets only,4,2017-10-01,2026-04-30,600,100,6600,190,89.7833333333334,6.85,6666581.0,4602689.5,144.840989165139,5.24096871394282,21356714.0,3998.568,780.362,Intermediate,Full (4/4),2022
230511032,M&A,2022/5/24,4496203Z LN,0369050D LN,Completed,"Company Takeover, Cross Border, Private Equity, PE Buyout",DataTec Ltd sold Analysys Mason Ltd to Bridgepoint Advisers II Ltd for GBP 210.00M. The transaction was announced on 05/24/2022 and completed on 09/27/2022.,GBP,Cash,2022/9/27,0.000000,100.000000,No,Industrials,Financials,N,Friendly,South Africa,United Kingdom,4496203Z,0369050D,Private Comp,Private Comp,2021,63.42034631625,58.49948698190756,65.62344135372,38.809834567005154,4130.29,4,Neither,4,2017-10-01,2026-04-30,600,100,6600,190,89.7833333333334,6.85,6666581.0,4602689.5,144.840989165139,5.24096871394282,21356714.0,129.04378766997,63.42034631625,Small,Full (4/4),2022
230791796,INV,2022/6/21,BAU SJ,RBX SJ,Completed,"Tender Offer, Additional Stake Purchase",Raubex Group Ltd acquired Bauba Resources Ltd for ZAR 35.75M. The transaction was announced on 6/21/2022 and completed on 8/23/2022.,ZAR,Cash,2022/8/23,61.680000,13.290000,No,Materials,Industrials,N,Friendly,South Africa,South Africa,BAU,RBX,Common Stock,Common Stock,2021,545.089,277.1,8486.556,8846.454,35.75,4,Both,4,2017-10-01,2026-04-30,600,100,6600,190,89.7833333333334,6.85,6666581.0,4602689.5,144.840989165139,5.24096871394282,21356714.0,9391.543,545.089,Large,Full (4/4),2022
231027846,M&A,2022/7/13,TPF SJ,EMI SJ,Completed,"Additional Stake Purchase, Company Takeover, Tender Offer",Emira Property Fund Ltd acquired Transcend Residential Property Fund Ltd for ZAR 1391.67M. The transaction was announced on 7/13/2022 and completed on 11/14/2023.,ZAR,Cash,2023/11/14,40.689999,59.310001,No,Real Estate,Real Estate,N,Friendly,South Africa,South Africa,TPF,EMI,REIT,REIT,2021,2522.526,309.468,13281.37,1476.324,1391.67,4,Both,4,2017-10-01,2026-04-30,600,100,6600,190,89.7833333333334,6.85,6666581.0,4602689.5,144.840989165139,5.24096871394282,21356714.0,15803.896,2522.526,Large,Full (4/4),2022
231488361,M&A,2022/9/1,MSM SJ,WMT US,Completed,"Cross Border, Additional Stake Purchase, Company Takeover",Walmart Inc acquired Massmart Holdings Ltd for ZAR 6415.60M. The transaction was announced on 9/1/2022 and completed on 11/22/2022.,ZAR,Cash,2022/11/22,52.779999,47.220001,No,Consumer Staples,Consumer Staples,N,Friendly,South Africa,United States,MSM,WMT,Common Stock,Common Stock,2021,40144.7,77621.6,252496,559151,6415.59,4,Both,4,2017-10-01,2026-04-30,600,100,6600,190,89.7833333333334,6.85,6666581.0,4602689.5,144.840989165139,5.24096871394282,21356714.0,636772.6,77621.6,Large,Full (4/4),2022
231924572,M&A,2022/10/11,ACT SJ,SLM SJ,Pending,"Private Placement, Tender Offer, Majority Purchase, Additional Stake Purchase",Sanlam Ltd announced the acquisition of AfroCentric Investment Corp Ltd for ZAR 2840.06M. The transaction was announced on 10/11/2022 and is currently pending.,ZAR,Cash,,16.100000,43.900002,No,Consumer Staples,Financials,N,Friendly,South Africa,South Africa,ACT,SLM,Common Stock,Common Stock,2021,5114.366,8074.418,1056178,178056,2840.05,4,Both,4,2017-10-01,2026-04-30,600,100,6600,190,89.7833333333334,6.85,6666581.0,4602689.5,144.840989165139,5.24096871394282,21356714.0,1064252.418,8074.418,Large,Full (4/4),2022
23197801,INV,2006/9/11,WAR SJ,GFI SJ,Completed,Additional Stake Purchase,JCI Ltd sold Gold Fields Operations Ltd to Gold Fields Ltd for ZAR 1354.09M. The transaction was completed on 9/11/2006.,ZAR,Stock,2006/9/11,18.010000,16.690001,No,Materials,Materials,N,Friendly,South Africa,South Africa,WAR,GFI,Common Stock,Common Stock,2005,5438.8,660.9,3594.4265616,1897.526637495784,1354.09,4,Both,2,2001-02-01,2009-03-31,200,30,3500,100,36.9166666666667,4.64166666666667,2057593.9,3602578.7,57.114474695584,6.06463577535368,5041515.0,9033.2265616,5438.8,Large,Full (4/4),2006
23197997,M&A,2006/9/11,WAR SJ,GFI SJ,Completed,"Company Takeover, Additional Stake Purchase, Tender Offer",Gold Fields Ltd acquired Gold Fields Operations Ltd for ZAR 9049.49M. The transaction was announced on 9/11/2006 and completed on 3/30/2007.,ZAR,Stock,2007/3/30,41.000000,59.000000,No,Materials,Materials,N,Unsolicited to Friendly,South Africa,South Africa,WAR,GFI,Common Stock,Common Stock,2005,5438.8,660.9,3594.4265616,1897.526637495784,9049.48,4,Both,2,2001-02-01,2009-03-31,200,30,3500,100,36.9166666666667,4.64166666666667,2057593.9,3602578.7,57.114474695584,6.06463577535368,5041515.0,9033.2265616,5438.8,Large,Full (4/4),2006
232541872,INV,2022/12/12,SAR SJ,HET SJ,Completed,Additional Stake Purchase,Heriot Reit Ltd acquired Safari Investments RSA Ltd for ZAR 132.29M. The transaction was announced on 12/12/2022 and completed on 12/9/2022.,ZAR,Cash,2022/12/9,40.700001,7.600000,No,Consumer Discretionary,Real Estate,N,Friendly,South Africa,South Africa,SAR,HET,REIT,REIT,2021,3554.149,353.514,4948.137,514.184,132.29,4,Both,4,2017-10-01,2026-04-30,600,100,6600,190,89.7833333333334,6.85,6666581.0,4602689.5,144.840989165139,5.24096871394282,21356714.0,8502.286,3554.149,Large,Full (4/4),2022
233110789,INV,2023/2/6,SPP SJ,OMU SJ,Completed,Minority Purchase,Old Mutual Ltd acquired a minority stake in SPAR Group Ltd/The. The transaction was completed on 2/6/2023. Financial terms of the transaction are undisclosed.,ZAr,Undisclosed,2023/2/6,0.000000,5.050000,No,Consumer Staples,Financials,N,Friendly,South Africa,South Africa,SPP,OMU,Common Stock,Common Stock,2022,57118.2,135609.1,1064745,81550,,4,Both,4,2017-10-01,2026-04-30,600,100,6600,190,95.0833333333333,5.90833333333333,7037674.4,4639792.0,151.680816726267,4.72230105618063,19023628.0,1200354.1,135609.1,Large,Full (4/4),2023
233519608,M&A,2023/3/14,ILU SJ,SAC SJ,Completed,Company Takeover,SA Corporate Real Estate Ltd acquired Indluplace Properties Ltd for ZAR 1086.25M. The transaction was announced on 3/14/2023 and completed on 7/26/2023.,ZAR,Cash,2023/7/26,0.000000,100.000000,No,Real Estate,Real Estate,N,Friendly,South Africa,South Africa,ILU,SAC,REIT,REIT,2022,3524.455752,583.692659,17533.845,2042.494,1086.26,4,Both,4,2017-10-01,2026-04-30,600,100,6600,190,95.0833333333333,5.90833333333333,7037674.4,4639792.0,151.680816726267,4.72230105618063,19023628.0,21058.300752000003,3524.455752,Large,Full (4/4),2023
233545205,INV,2023/3/16,SCATC NO,EQNR NO,Completed,"Cross Border, Minority Purchase",Equinor ASA acquired a minority stake in Scatec ASA. The transaction was completed on 3/16/2023.,NOK,Cash,2023/3/16,0.000000,3.100000,No,Utilities,Energy,N,Friendly,South Africa,Norway,SCATC,EQNR,Common Stock,Common Stock,2022,36730,3751,158021,149004,521.96,4,Both,4,2017-10-01,2026-04-30,600,100,6600,190,95.0833333333333,5.90833333333333,7037674.4,4639792.0,151.680816726267,4.72230105618063,19023628.0,194751.0,36730.0,Large,Full (4/4),2023
23401098,BUY,2006/9/27,EXX SJ,EXX SJ,Pending,,,ZAR,,2006/11/24,0.000000,0.000000,,Materials,Materials,N,,South Africa,,EXX,EXX,Common Stock,Common Stock,2005,14425,5308,14425,5308,1762.85,4,Both,2,2001-02-01,2009-03-31,200,30,3500,100,36.9166666666667,4.64166666666667,2057593.9,3602578.7,57.114474695584,6.06463577535368,5041515.0,28850.0,14425.0,Large,Full (4/4),2006
234356811,M&A,2023/5/31,RBP SJ,IMP SJ,Completed,"Majority Purchase, Additional Stake Purchase",Public Investment Corp Ltd sold Royal Bafokeng Platinum Ltd to Impala Platinum Holdings Ltd. The transaction was completed on 5/31/2023. Financial terms of the transaction are undisclosed.,ZAR,Undisclosed,2023/5/31,46.200001,9.260000,No,Materials,Materials,N,Friendly,South Africa,South Africa,RBP,IMP,Common Stock,Common Stock,2022,36396.3,15911.3,156087,118332,,4,Both,4,2017-10-01,2026-04-30,600,100,6600,190,95.0833333333333,5.90833333333333,7037674.4,4639792.0,151.680816726267,4.72230105618063,19023628.0,192483.3,36396.3,Large,Full (4/4),2023
234473181,INV,2023/6/9,RBP SJ,IMP SJ,Pending,Additional Stake Purchase,Impala Platinum Holdings Ltd announced the acquisition of Royal Bafokeng Platinum Ltd. The transaction was announced on 6/9/2023 and is currently pending. Financial terms of the transaction are undisclosed.,ZAR,Undisclosed,,55.720001,0.298400,No,Materials,Materials,N,Friendly,South Africa,South Africa,RBP,IMP,Common Stock,Common Stock,2022,36396.3,15911.3,156087,118332,,4,Both,4,2017-10-01,2026-04-30,600,100,6600,190,95.0833333333333,5.90833333333333,7037674.4,4639792.0,151.680816726267,4.72230105618063,19023628.0,192483.3,36396.3,Large,Full (4/4),2023
234886690,M&A,2023/7/3,RBP SJ,IMP SJ,Completed,"Additional Stake Purchase, Mandatory Offer, Majority Purchase, Tender Offer, Squeeze Out",Northam Platinum Holdings Ltd sold Royal Bafokeng Platinum Ltd to Impala Platinum Holdings Ltd for ZAR 13381.18M. The transaction was announced on 7/3/2023 and completed on 9/18/2023.,ZAR,Cash and Stock,2023/9/18,56.430000,34.520000,No,Materials,Materials,N,Friendly,South Africa,South Africa,RBP,IMP,Common Stock,Common Stock,2022,36396.3,15911.3,156087,118332,13358.81,4,Both,4,2017-10-01,2026-04-30,600,100,6600,190,95.0833333333333,5.90833333333333,7037674.4,4639792.0,151.680816726267,4.72230105618063,19023628.0,192483.3,36396.3,Large,Full (4/4),2023
234968748,M&A,2023/7/27,L2D SJ,SBK SJ,Completed,"Additional Stake Purchase, Company Takeover",Standard Bank Group Ltd acquired Liberty Two Degrees Ltd for ZAR 1966.33M. The transaction was announced on 7/27/2023 and completed on 11/14/2024.,ZAR,Cash,2024/11/14,61.000000,39.000000,No,Real Estate,Financials,N,Friendly,South Africa,South Africa,L2D,SBK,REIT,Common Stock,2022,8804.437,1029.588,2882397,213420,1980.08,4,Both,4,2017-10-01,2026-04-30,600,100,6600,190,95.0833333333333,5.90833333333333,7037674.4,4639792.0,151.680816726267,4.72230105618063,19023628.0,2891201.437,8804.437,Large,Full (4/4),2023
235278150,INV,2023/8/24,NPH SJ,OMU SJ,Completed,Minority Purchase,Old Mutual Ltd acquired a minority stake in Northam Platinum Holdings Ltd. The transaction was completed on 8/24/2023. Financial terms of the transaction are undisclosed.,ZAr,Undisclosed,2023/8/24,0.000000,5.000000,No,Materials,Financials,N,Friendly,South Africa,South Africa,NPH,OMU,Common Stock,Common Stock,2022,57351.141,34064.27,1064745,81550,,4,Both,4,2017-10-01,2026-04-30,600,100,6600,190,95.0833333333333,5.90833333333333,7037674.4,4639792.0,151.680816726267,4.72230105618063,19023628.0,1122096.141,57351.141,Large,Full (4/4),2023
235627394,INV,2023/9/26,SSW SJ,UBSG SW,Completed,"Cross Border, Minority Purchase",UBS Group AG acquired a minority stake in Sibanye Stillwater Ltd. The transaction was completed on 9/26/2023. Financial terms of the transaction are undisclosed.,ZAR,Undisclosed,2023/9/26,0.000000,5.070000,No,Materials,Financials,N,Friendly,South Africa,Switzerland,SSW,UBSG,Common Stock,Common Stock,2022,166631,138288,1104364,42949,,4,Both,4,2017-10-01,2026-04-30,600,100,6600,190,95.0833333333333,5.90833333333333,7037674.4,4639792.0,151.680816726267,4.72230105618063,19023628.0,1270995.0,166631.0,Large,Full (4/4),2023
235798354,M&A,2023/10/10,MIX SJ,AIOT US,Completed,"Company Takeover, Cross Border",Powerfleet Inc acquired MiX Telematics Ltd for USD 303.19M. The transaction was announced on 10/10/2023 and completed on 3/26/2024.,USD,Stock,2024/3/26,0.000000,100.000000,No,Technology,Technology,N,Friendly,South Africa,United States,MIX,AIOT,Common Stock,Common Stock,2022,180.554,143.294,218.056,135.912,5775.04,4,Both,4,2017-10-01,2026-04-30,600,100,6600,190,95.0833333333333,5.90833333333333,7037674.4,4639792.0,151.680816726267,4.72230105618063,19023628.0,398.61,180.554,Small,Full (4/4),2023
236973538,INV,2024/1/25,2106636D SJ,LAZ US,Completed,"Minority Purchase, Cross Border",Lazard Inc acquired a minority stake in Life Healthcare Funding Ltd. The transaction was completed on 1/25/2024. Financial terms of the transaction are undisclosed.,USD,Undisclosed,2024/1/25,0.000000,10.100000,No,Health Care,Financials,N,Friendly,South Africa,United States,2106636D,LAZ,Private Comp,Common Stock,2023,1027.540372,0,4635.781,2593.162,,4,Assets only,4,2017-10-01,2026-04-30,600,100,6600,190,99.2916666666667,4.43333333333333,7352449.5,4664607.7,157.622033252657,3.91692018451606,19239200.0,5663.321372,1027.540372,Intermediate,Full (4/4),2024
237074426,M&A,2024/4/8,MCG SJ,CAN LN,Completed,"Company Takeover, Cross Border, Additional Stake Purchase, Mandatory Offer, Squeeze Out, Tender Offer",Canal+ SA acquired MultiChoice Group for ZAR 52459.62M. The transaction was announced on 4/8/2024 and completed on 12/10/2025.,ZAR,Cash,2025/12/10,35.009998,64.989998,No,Communications,Communications,N,Friendly,South Africa,France,MCG,CAN,Common Stock,Common Stock,2023,47610,58424,8912,6223,52459.65,4,Both,4,2017-10-01,2026-04-30,600,100,6600,190,99.2916666666667,4.43333333333333,7352449.5,4664607.7,157.622033252657,3.91692018451606,19239200.0,67336.0,58424.0,Large,Full (4/4),2024
237243876,INV,2024/2/14,SSW SJ,JPM US,Completed,"Cross Border, Minority Purchase",JPMorgan Chase & Co acquired a minority stake in Sibanye Stillwater Ltd. The transaction was completed on 2/14/2024. Financial terms of the transaction are undisclosed.,ZAR,Undisclosed,2024/2/14,0.000000,5.640000,No,Materials,Financials,N,Friendly,South Africa,United States,SSW,JPM,Common Stock,Common Stock,2023,142941,113684,3875393,239425,,4,Both,4,2017-10-01,2026-04-30,600,100,6600,190,99.2916666666667,4.43333333333333,7352449.5,4664607.7,157.622033252657,3.91692018451606,19239200.0,4018334.0,142941.0,Large,Full (4/4),2024
237327252,INV,2024/2/21,HYP SJ,184023Z SJ,Completed,Minority Purchase,Public Investment Corp Ltd acquired a minority stake in Hyprop Investments Ltd. The transaction was completed on 2/21/2024. Financial terms of the transaction are undisclosed.,ZAR,Undisclosed,2024/2/21,0.000000,20.180000,No,Real Estate,Financials,N,Friendly,South Africa,South Africa,HYP,184023Z,REIT,Private Comp,2023,39870.697,4373.94,4530.826,1220.432,,4,Both,4,2017-10-01,2026-04-30,600,100,6600,190,99.2916666666667,4.43333333333333,7352449.5,4664607.7,157.622033252657,3.91692018451606,19239200.0,44401.523,39870.697,Large,Full (4/4),2024
237397927,INV,2024/2/27,OCT SJ,OMU SJ,Completed,Minority Purchase,Old Mutual Ltd acquired a minority stake in Octodec Investments Ltd. The transaction was completed on 2/27/2024. Financial terms of the transaction are undisclosed.,USD,Undisclosed,2024/2/27,0.000000,5.160000,No,Real Estate,Financials,N,Friendly,South Africa,South Africa,OCT,OMU,REIT,Common Stock,2023,11490.519,1982.537,1157026,105803,,4,Both,4,2017-10-01,2026-04-30,600,100,6600,190,99.2916666666667,4.43333333333333,7352449.5,4664607.7,157.622033252657,3.91692018451606,19239200.0,1168516.519,11490.519,Large,Full (4/4),2024
237568685,INV,2024/3/8,LEAT US,ATIL MP,Pending,"Additional Stake Purchase, Cross Border",Astoria Investments Ltd announced the acquisition of Leatt Corp for USD 3.65M. The transaction was announced on 3/8/2024 and is currently pending.,USD,Cash and Stock,,2.300000,6.540000,No,Consumer Discretionary,Financials,N,Friendly,South Africa,Mauritius,LEAT,ATIL,Common Stock,Common Stock,2023,47.607372,47.241187,44.70159,-0.858268,68.35,4,Neither,4,2017-10-01,2026-04-30,600,100,6600,190,99.2916666666667,4.43333333333333,7352449.5,4664607.7,157.622033252657,3.91692018451606,19239200.0,92.30896200000001,47.607372,Small,Full (4/4),2024
237614359,M&A,2024/3/14,CGN SJ,CAT SJ,Completed,"Additional Stake Purchase, Company Takeover",Caxton and CTP Publishers and Printers Ltd acquired Cognition Holdings Ltd for ZAR 60.05M. The transaction was announced on 3/14/2024 and completed on 6/11/2024.,ZAR,Cash,2024/6/11,75.519997,24.480000,No,Industrials,Communications,N,Friendly,South Africa,South Africa,CGN,CAT,Common Stock,Common Stock,2023,266.274763,79.204753,9176.015,6974.558,60.06,4,Assets only,4,2017-10-01,2026-04-30,600,100,6600,190,99.2916666666667,4.43333333333333,7352449.5,4664607.7,157.622033252657,3.91692018451606,19239200.0,9442.289762999999,266.274763,Large,Full (4/4),2024
238050860,INV,2024/4/23,LEW SJ,CML SJ,Completed,Minority Purchase,Coronation Fund Managers Ltd acquired a minority stake in Lewis Group Ltd. The transaction was completed on 4/23/2024. Financial terms of the transaction are undisclosed.,ZAR,Undisclosed,2024/4/23,0.000000,25.280001,No,Consumer Discretionary,Financials,N,Friendly,South Africa,South Africa,LEW,CML,Common Stock,Common Stock,2023,7047.3,7483,65337,3883,,4,Both,4,2017-10-01,2026-04-30,600,100,6600,190,99.2916666666667,4.43333333333333,7352449.5,4664607.7,157.622033252657,3.91692018451606,19239200.0,72820.0,7483.0,Large,Full (4/4),2024
238068990,M&A,2024/4/24,AAL LN,BHP AU,Withdrawn,"Cross Border, Company Takeover, Tender Offer",BHP Group Ltd announced the acquisition of Anglo American PLC for GBP 33773.13M.,GBP,Stock,2024/5/29,0.000000,100.000000,No,Materials,Materials,N,Unsolicited,South Africa,Australia,AAL,BHP,Common Stock,Common Stock,2023,66544,30652,101296,53817,807259.62,4,Both,4,2017-10-01,2026-04-30,600,100,6600,190,99.2916666666667,4.43333333333333,7352449.5,4664607.7,157.622033252657,3.91692018451606,19239200.0,167840.0,66544.0,Large,Full (4/4),2024
238183413,M&A,2024/5/2,AAL LN,GLEN LN,Withdrawn,"Cross Border, Company Takeover",With no further information the deal has been withdrawn on 11/03/2024. Glencore PLC proposed to acquire Anglo American PLC. The transaction was proposed on 5/2/2024. Financial terms of the transaction are unknown.,USD,Undisclosed,2024/11/3,0.000000,100.000000,No,Materials,Materials,N,Friendly,South Africa,Australia,AAL,GLEN,Common Stock,Common Stock,2023,66544,30652,123869,217829,,4,Both,4,2017-10-01,2026-04-30,600,100,6600,190,99.2916666666667,4.43333333333333,7352449.5,4664607.7,157.622033252657,3.91692018451606,19239200.0,284373.0,66544.0,Large,Full (4/4),2024
238300982,M&A,2024/5/13,AAL LN,RIO LN,Withdrawn,"Cross Border, Competing Bid, Company Takeover","With no further information, the deal has been withdrawn on 11/13/2024. Rio Tinto PLC proposed to acquire Anglo American PLC for GBP 8602.48M. The transaction was proposed on 5/13/2024.",GBP,Undisclosed,2024/11/13,0.000000,100.000000,No,Materials,Materials,N,Friendly,South Africa,Australia,AAL,RIO,Common Stock,Common Stock,2023,66544,30652,103549,54041,198194.80,4,Both,4,2017-10-01,2026-04-30,600,100,6600,190,99.2916666666667,4.43333333333333,7352449.5,4664607.7,157.622033252657,3.91692018451606,19239200.0,170093.0,66544.0,Large,Full (4/4),2024
238772368,INV,2024/6/25,PPH SJ,184023Z SJ,Completed,Minority Purchase,Public Investment Corp Ltd acquired a minority stake in Pepkor Holdings Ltd. The transaction was completed on 6/25/2024. Financial terms of the transaction are undisclosed.,ZAR,Undisclosed,2024/6/25,0.000000,10.295000,No,Consumer Staples,Financials,N,Friendly,South Africa,South Africa,PPH,184023Z,Common Stock,Private Comp,2023,108740,78960,4530.826,1220.432,,4,Both,4,2017-10-01,2026-04-30,600,100,6600,190,99.2916666666667,4.43333333333333,7352449.5,4664607.7,157.622033252657,3.91692018451606,19239200.0,113270.826,108740.0,Large,Full (4/4),2024
23974062,INV,2006/11/17,PPE SJ,CAE SJ,Completed,Minority Purchase,Cape Empowerment Trust Ltd acquired a minority stake in Purple Group Ltd. The transaction was completed on 11/17/2006.,ZAR,Stock,2006/11/17,0.000000,10.000000,No,Financials,Financials,N,Friendly,South Africa,South Africa,PPE,CAE,Common Stock,Common Stock,2005,54.461,0.378,131.7760009765625,106.51300048828125,15.46,4,Assets only,2,2001-02-01,2009-03-31,200,30,3500,100,36.9166666666667,4.64166666666667,2057593.9,3602578.7,57.114474695584,6.06463577535368,5041515.0,186.2370009765625,54.461,Small,Full (4/4),2006
239761996,M&A,2024/9/17,2482034D SJ,SLM SJ,Pending,"Cross Border, Company Takeover",A consortium led by International Finance Corp announced the sale of Assupol Holdings Ltd to Sanlam Ltd for ZAR 6571.17M. The transaction was announced on 9/17/2024 and is expected to be completed by 10/7/2024.,ZAR,Cash,2024/10/7,0.000000,100.000000,No,Financials,Financials,N,Friendly,South Africa,South Africa,2482034D,SLM,Private Comp,Common Stock,2023,13036.217,3887.196,996720,184708,6571.20,4,Both,4,2017-10-01,2026-04-30,600,100,6600,190,99.2916666666667,4.43333333333333,7352449.5,4664607.7,157.622033252657,3.91692018451606,19239200.0,1009756.217,13036.217,Large,Full (4/4),2024
239946254,INV,2024/10/2,SSW SJ,184023Z SJ,Pending,Minority Purchase,Public Investment Corp Ltd announced the acquisition of a minority stake in Sibanye Stillwater Ltd. The transaction was announced on 10/2/2024 and is currently pending. Financial terms of the transaction are undisclosed.,ZAR,Undisclosed,,0.000000,15.048000,No,Materials,Financials,N,Friendly,South Africa,South Africa,SSW,184023Z,Common Stock,Private Comp,2023,142941,113684,4530.826,1220.432,,4,Both,4,2017-10-01,2026-04-30,600,100,6600,190,99.2916666666667,4.43333333333333,7352449.5,4664607.7,157.622033252657,3.91692018451606,19239200.0,147471.826,142941.0,Large,Full (4/4),2024
239956968,INV,2024/10/3,MTM SJ,184023Z SJ,Pending,Minority Purchase,Public Investment Corp Ltd announced the acquisition of a minority stake in Momentum Group Limited. The transaction was announced on 10/3/2024 and is currently pending. Financial terms of the transaction are undisclosed.,ZAR,Undisclosed,,0.000000,15.696000,No,Financials,Financials,N,Friendly,South Africa,South Africa,MTM,184023Z,Common Stock,Private Comp,2023,635975,76182,4530.826,1220.432,,4,Both,4,2017-10-01,2026-04-30,600,100,6600,190,99.2916666666667,4.43333333333333,7352449.5,4664607.7,157.622033252657,3.91692018451606,19239200.0,640505.826,635975.0,Large,Full (4/4),2024
240102046,INV,2024/10/18,WBO SJ,184023Z SJ,Completed,Minority Purchase,Public Investment Corp Ltd acquired a minority stake in Wilson Bayly Holmes-Ovcon Ltd. The transaction was completed on 10/18/2024. Financial terms of the transaction are undisclosed.,ZAR,Undisclosed,2024/10/18,0.000000,20.455999,No,Industrials,Financials,N,Friendly,South Africa,South Africa,WBO,184023Z,Common Stock,Private Comp,2023,14646.421,23768.747,4530.826,1220.432,,4,Both,4,2017-10-01,2026-04-30,600,100,6600,190,99.2916666666667,4.43333333333333,7352449.5,4664607.7,157.622033252657,3.91692018451606,19239200.0,28299.573,23768.747,Large,Full (4/4),2024
240411920,M&A,2024/11/15,MST SJ,NVS SJ,Pending,"Company Takeover, Mandatory Offer, Additional Stake Purchase, Tender Offer",Novus Holdings Ltd announced the acquisition of Mustek Ltd for ZAR 975.78M. The transaction was announced on 11/15/2024 and is expected to be completed by 7/31/2025.,ZAR,Cash,2025/7/31,35.000000,65.000000,No,Consumer Discretionary,Industrials,N,Friendly,South Africa,South Africa,MST,NVS,Common Stock,Common Stock,2023,5723.381,10126.197,3397.072,3195.625,975.78,4,Both,4,2017-10-01,2026-04-30,600,100,6600,190,99.2916666666667,4.43333333333333,7352449.5,4664607.7,157.622033252657,3.91692018451606,19239200.0,13523.269,10126.197,Large,Full (4/4),2024
240456901,INV,2024/11/20,NY1 SJ,SLM SJ,Proposed,Minority Purchase,Sanlam Ltd proposed the acquisition of a minority stake in Ninety One Ltd. The transaction was proposed on 11/20/2024.,ZAR,Undisclosed,,0.000000,12.300000,No,Financials,Financials,N,Friendly,South Africa,South Africa,NY1,SLM,Common Stock,Common Stock,2023,10812.4,627.1,996720,184708,5000.03,4,Both,4,2017-10-01,2026-04-30,600,100,6600,190,99.2916666666667,4.43333333333333,7352449.5,4664607.7,157.622033252657,3.91692018451606,19239200.0,1007532.4,10812.4,Large,Full (4/4),2024
240619643,INV,2024/12/4,HYP SJ,N91 LN,Pending,"Minority Purchase, Cross Border",Ninety One PLC announced the acquisition of a minority stake in Hyprop Investments Ltd. The transaction was announced on 12/4/2024 and is currently pending. Financial terms of the transaction are undisclosed.,ZAR,Undisclosed,,0.000000,10.004200,No,Real Estate,Financials,N,Friendly,South Africa,United Kingdom,HYP,N91,REIT,Common Stock,2023,39870.697,4373.94,10812.4,627.1,,4,Both,4,2017-10-01,2026-04-30,600,100,6600,190,99.2916666666667,4.43333333333333,7352449.5,4664607.7,157.622033252657,3.91692018451606,19239200.0,50683.097,39870.697,Large,Full (4/4),2024
240656580,M&A,2024/12/6,AAL LN,BHP AU,Withdrawn,Company Takeover,BHP Group Ltd announced the acquisition of Anglo American PLC for GBP 45477.65M.,GBP,Cash,2025/11/18,0.000000,100.000000,No,Materials,Materials,N,Unsolicited,South Africa,Australia,AAL,BHP,Common Stock,Common Stock,2023,66544,30652,101296,53817,1043138.31,4,Both,4,2017-10-01,2026-04-30,600,100,6600,190,99.2916666666667,4.43333333333333,7352449.5,4664607.7,157.622033252657,3.91692018451606,19239200.0,167840.0,66544.0,Large,Full (4/4),2024
24099926,INV,2006/10/24,ATS SJ,ACP SJ,Completed,"Cross Border, Minority Purchase",Hoanib Investment Holdings Proprietary Ltd sold a minority stake in Atlas Properties Ltd to Acucap Properties Ltd. The transaction was announced on 10/24/2006 and completed on 11/30/2006.,ZAR,Cash,2006/11/30,0.000000,33.000000,No,Real Estate,Real Estate,N,Friendly,South Africa,South Africa,ATS,ACP,Unit,REIT,2005,1174.7550048828125,179.51499938964844,1813.447,159.407,331.39,4,Both,2,2001-02-01,2009-03-31,200,30,3500,100,36.9166666666667,4.64166666666667,2057593.9,3602578.7,57.114474695584,6.06463577535368,5041515.0,2988.2020048828126,1174.7550048828125,Intermediate,Full (4/4),2006
241400619,INV,2025/4/2,HAR SJ,BLK US,Completed,"Minority Purchase, Cross Border",Van Eck Associates Corp sold a minority stake in Harmony Gold Mining Co Ltd to Blackrock Inc. The transaction was completed on 4/2/2025. Financial terms of the transaction are undisclosed.,ZAR,Undisclosed,2025/4/2,0.000000,5.020000,No,Materials,Financials,N,Friendly,South Africa,United States,HAR,BLK,Common Stock,Common Stock,2024,60460,61379,138615,20407,,4,Both,4,2017-10-01,2026-04-30,600,100,6600,190,102.491666666667,3.21666666666667,7641793.2,4716600.6,162.019086373351,2.78961832299549,24187552.0,199994.0,61379.0,Large,Full (4/4),2025
241765436,INV,2025/3/13,KAP SJ,184023Z SJ,Completed,Minority Purchase,Public Investment Corp Ltd acquired a minority stake in KAP Ltd. The transaction was completed on 3/13/2025. Financial terms of the transaction are undisclosed.,USD,Undisclosed,2025/3/13,0.000000,20.173000,No,Industrials,Financials,N,Friendly,South Africa,South Africa,KAP,184023Z,Common Stock,Private Comp,2024,31098,29062,4617.254,1261.755,,4,Both,4,2017-10-01,2026-04-30,600,100,6600,190,102.491666666667,3.21666666666667,7641793.2,4716600.6,162.019086373351,2.78961832299549,24187552.0,35715.254,31098.0,Large,Full (4/4),2025
242165608,M&A,2024/7/30,1657741D NO,TTE FP,Completed,"Cross Border, Company Takeover",Scatec ASA sold SN Power AS to TotalEnergies SE. The transaction was announced on 7/30/2024 and completed on 4/2/2025. Financial terms of the transaction are undisclosed.,EUR,Undisclosed,2025/4/2,0.000000,100.000000,No,Financials,Energy,N,Friendly,South Africa,France,1657741D,TTE,Private Comp,Common Stock,2023,1356.31,0,283654,218945,,4,Assets only,4,2017-10-01,2026-04-30,600,100,6600,190,99.2916666666667,4.43333333333333,7352449.5,4664607.7,157.622033252657,3.91692018451606,19239200.0,285010.31,1356.31,Large,Full (4/4),2024
242589645,M&A,2025/5/20,REN SJ,ASPI US,Completed,"Company Takeover, Cross Border",ASP Isotopes Inc acquired Renergen Ltd for USD 83.65M. The transaction was announced on 5/20/2025 and completed on 1/12/2026.,USD,Stock,2026/1/12,0.000000,100.000000,No,Energy,Energy,N,Friendly,South Africa,United States,REN,ASPI,Common Stock,Common Stock,2024,2709.127,28.952,94.347988,4.144226,1499.29,4,Assets only,4,2017-10-01,2026-04-30,600,100,6600,190,102.491666666667,3.21666666666667,7641793.2,4716600.6,162.019086373351,2.78961832299549,24187552.0,2803.474988,2709.127,Intermediate,Full (4/4),2025
242946501,BUY,2025/6/3,1032Z SJ,1032Z SJ,Pending,,,ZAR,,,0.000000,0.000000,,Financials,Financials,N,,South Africa,,1032Z,1032Z,Private Comp,Private Comp,2024,1667809,172566,1667809,172566,,4,Both,4,2017-10-01,2026-04-30,600,100,6600,190,102.491666666667,3.21666666666667,7641793.2,4716600.6,162.019086373351,2.78961832299549,24187552.0,3335618.0,1667809.0,Large,Full (4/4),2025
243328019,M&A,2025/7/23,AIP SJ,NTCPH IN,Completed,"Minority Purchase, Cross Border, Tender Offer, Company Takeover",Natco Pharma Ltd acquired a minority stake in Adcock Ingram Holdings Ltd. The transaction was announced on 7/23/2025 and completed on 11/11/2025.,ZAR,Cash,2025/11/11,0.000000,35.750000,No,Health Care,Health Care,N,Friendly,South Africa,India,AIP,NTCPH,Common Stock,Common Stock,2024,8354.883,9643.128,69063,39988,4324.83,4,Both,4,2017-10-01,2026-04-30,600,100,6600,190,102.491666666667,3.21666666666667,7641793.2,4716600.6,162.019086373351,2.78961832299549,24187552.0,78706.128,9643.128,Large,Full (4/4),2025
243951346,M&A,2025/9/4,TKG SJ,MTN SJ,Proposed,Company Takeover,MTN Group Ltd proposed to acquire Telkom SA SOC Ltd. The transaction was proposed on 9/4/2025. Financial terms of the transaction are unknown.,ZAR,Undisclosed,,0.000000,100.000000,No,Communications,Communications,N,Friendly,South Africa,South Africa,TKG,MTN,Common Stock,Common Stock,2024,61191,42463,431731,188001,,4,Both,4,2017-10-01,2026-04-30,600,100,6600,190,102.491666666667,3.21666666666667,7641793.2,4716600.6,162.019086373351,2.78961832299549,24187552.0,492922.0,61191.0,Large,Full (4/4),2025
244430074,M&A,2025/10/16,RFG SJ,PMR SJ,Completed,"Company Takeover, Tender Offer",Premier Group Ltd acquired RFG Holdings Ltd for ZAR 6555.27M. The transaction was announced on 10/16/2025 and completed on 3/31/2026.,ZAR,Stock,2026/3/31,0.000000,100.000000,No,Consumer Staples,Consumer Staples,N,Friendly,South Africa,South Africa,RFG,PMR,Common Stock,Common Stock,2024,6011.307,8006.341,10425.5,18587.224,6555.29,4,Both,4,2017-10-01,2026-04-30,600,100,6600,190,102.491666666667,3.21666666666667,7641793.2,4716600.6,162.019086373351,2.78961832299549,24187552.0,26593.565,8006.341,Large,Full (4/4),2025
244534031,INV,2025/10/27,OPA SJ,FSR SJ,Pending,Minority Purchase,FirstRand Ltd announced the acquisition of a minority stake in Optasia Ltd. The transaction was announced on 10/27/2025 and is currently pending. Financial terms of the transaction are undisclosed.,ZAR,Cash,,0.000000,20.100000,No,Technology,Financials,N,Friendly,South Africa,South Africa,OPA,FSR,Common Stock,Common Stock,2024,141.786,151.191,2366815,147322,,4,Both,4,2017-10-01,2026-04-30,600,100,6600,190,102.491666666667,3.21666666666667,7641793.2,4716600.6,162.019086373351,2.78961832299549,24187552.0,2366966.191,151.191,Intermediate,Full (4/4),2025
246624547,INV,2026/4/13,OCT SJ,EMI SJ,Pending,"Minority Purchase, Cross Border",A consortium led by Abax Investments Pty Ltd announced the sale of a minority stake in Octodec Investments Ltd to Emira Property Fund Ltd. The transaction was announced on 4/13/2026 and is currently pending.,SAR,Cash,,0.000000,20.170000,No,Real Estate,Real Estate,N,Friendly,South Africa,South Africa,OCT,EMI,REIT,REIT,2025,11479.582,2172.603,16937.205,1691.3,3938.96,4,Both,4,2017-10-01,2026-04-30,600,100,6600,190,,,,,,,,28416.787000000004,11479.582,Large,Full (4/4),2026
246624560,INV,2026/4/13,OCT SJ,EMI SJ,Pending,"Additional Stake Purchase, Tender Offer",Emira Property Fund Ltd announced the acquisition of Octodec Investments Ltd for ZAR 656.78M. The transaction was announced on 4/13/2026 and is currently pending.,ZAR,Cash,,20.170000,14.730000,No,Real Estate,Real Estate,N,Friendly,South Africa,South Africa,OCT,EMI,REIT,REIT,2025,11479.582,2172.603,16937.205,1691.3,656.78,4,Both,4,2017-10-01,2026-04-30,600,100,6600,190,,,,,,,,28416.787000000004,11479.582,Large,Full (4/4),2026
247888293,M&A,2017/7/31,6950501Z LN,BVT SJ,Completed,"Private Equity, Cross Border, Company Takeover, PE Seller",Alchemy Partners LLP sold Bidvest Noonan UK Ltd to Bidvest Group Ltd/The for EUR 172.88M. The transaction was announced on 7/31/2017 and completed on 8/7/2017.,EUR,Cash,2017/8/7,0.000000,100.000000,No,Industrials,Consumer Discretionary,N,Friendly,South Africa,South Africa,6950501Z,BVT,Private Comp,Common Stock,2016,19.26833088752,58.67612502882179,45061.244,68241.101,2702.45,4,Neither,3,2009-04-01,2017-09-30,560,80,6600,190,71.4416666666667,5.28333333333333,5078189.9,4501701.6,112.806008732343,5.4733229100365,15467873.0,68299.77712502882,58.67612502882179,Small,Full (4/4),2017
248284889,M&A,2010/12/22,1946502Z LN,BVT SJ,Completed,"PE Seller, Private Equity, PE Exit, Cross Border, Company Takeover",Risk Capital Ltd sold Bidfresh Ltd to Bidvest Group Ltd/The for GBP 66.09M. The transaction was completed on 12/22/2010.,GBP,Cash,2010/12/22,0.000000,100.000000,No,Consumer Staples,Consumer Staples,N,Friendly,South Africa,South Africa,1946502Z,BVT,Private Comp,Common Stock,2009,39.671313,,38484.384,112427.831,690.36,3,Neither,3,2009-04-01,2017-09-30,560,80,6600,190,49.0333333333333,4.28333333333333,3055613.2,3973801.6,76.8939546453452,6.12843250176096,6698700.0,112467.502313,39.671313,Small,Partial (3/4),2010
25362959,M&A,2007/3/1,BPL SJ,ELR CN,Completed,"Company Takeover, Cross Border, Additional Stake Purchase",Eastern Platinum Ltd acquired Barplats Investments Pty Ltd for ZAR 1028.29M. The transaction was announced on 3/1/2007 and completed on 5/29/2007.,ZAR,Cash and Stock,2007/5/29,69.900002,30.100000,No,Materials,Materials,N,Friendly,South Africa,Canada,BPL,ELR,Common Stock,Common Stock,2006,685.4249877929688,385.6239929199219,689.7302016,12.116309266666667,1028.29,4,Both,2,2001-02-01,2009-03-31,200,30,3500,100,39.5583333333333,7.075,2346649.9,3795694.0,61.8240010917635,8.24576680654225,5696829.0,1375.1551893929686,685.4249877929688,Intermediate,Full (4/4),2007
25641502,M&A,2007/3/22,RCL SJ,REM SJ,Terminated,"Company Takeover, Additional Stake Purchase",Remgro Ltd announced the acquisition of RCL Foods Ltd/South Africa for ZAR 1718.39M. The transaction was announced on 3/22/2007 and terminated on 6/5/2007.,ZAR,Cash or Stock,2007/6/5,61.900002,38.000000,No,Consumer Staples,Financials,N,Friendly,South Africa,South Africa,RCL,REM,Common Stock,Common Stock,2006,2745.789,4101.454,41336,9802,1718.38,4,Both,2,2001-02-01,2009-03-31,200,30,3500,100,39.5583333333333,7.075,2346649.9,3795694.0,61.8240010917635,8.24576680654225,5696829.0,45437.454,4101.454,Large,Full (4/4),2007
25684734,INV,2007/2/27,SNT SJ,SLM SJ,Completed,Additional Stake Purchase,Sanlam Ltd acquired Santam Ltd for ZAR 708.96M. The transaction was announced on 2/27/2007 and completed on 4/30/2007.,ZAR,Cash,2007/4/30,52.000000,5.880000,No,Financials,Financials,N,Friendly,South Africa,South Africa,SNT,SLM,Common Stock,Common Stock,2006,16816,11248,335482,70183,708.96,4,Both,2,2001-02-01,2009-03-31,200,30,3500,100,39.5583333333333,7.075,2346649.9,3795694.0,61.8240010917635,8.24576680654225,5696829.0,352298.0,16816.0,Large,Full (4/4),2007
26233137,M&A,2007/5/3,ATS SJ,ACP SJ,Completed,"Company Takeover, Additional Stake Purchase",Acucap Properties Ltd acquired Atlas Properties Ltd for ZAR 1157.94M. The transaction was announced on 5/3/2007 and completed on 8/28/2007.,ZAR,Cash or Stock,2007/8/28,35.000000,65.000000,No,Real Estate,Real Estate,N,Friendly,South Africa,South Africa,ATS,ACP,Unit,REIT,2006,1391.512939453125,177.17599487304688,2481.86,213.045,1157.94,4,Both,2,2001-02-01,2009-03-31,200,30,3500,100,39.5583333333333,7.075,2346649.9,3795694.0,61.8240010917635,8.24576680654225,5696829.0,3873.372939453125,1391.512939453125,Large,Full (4/4),2007
26305547,M&A,2007/5/9,MFL SJ,IRM US,Terminated,"Cross Border, Majority Purchase",Iron Mountain Inc announced the acquisition of Metrofile Holdings Ltd for ZAR 700.99M. The transaction was announced on 5/9/2007 and terminated on 7/18/2007.,ZAR,Cash,2007/7/18,0.000000,75.000000,No,Technology,Technology,N,Friendly,South Africa,United States,MFL,IRM,Common Stock,REIT,2006,235.317,276.246,5209.521,2350.342,700.99,4,Both,2,2001-02-01,2009-03-31,200,30,3500,100,39.5583333333333,7.075,2346649.9,3795694.0,61.8240010917635,8.24576680654225,5696829.0,5485.767,276.246,Large,Full (4/4),2007
26358295,BUY,2007/5/14,SLM SJ,SLM SJ,Pending,,,ZAR,,2007/5/21,0.000000,0.000000,,Financials,Financials,N,,South Africa,,SLM,SLM,Common Stock,Common Stock,2006,335482,70183,335482,70183,375.00,4,Both,2,2001-02-01,2009-03-31,200,30,3500,100,39.5583333333333,7.075,2346649.9,3795694.0,61.8240010917635,8.24576680654225,5696829.0,670964.0,335482.0,Large,Full (4/4),2007
26479211,INV,2007/5/23,AEE SJ,ABG SJ,Completed,Minority Purchase,Absa Group Ltd acquired a minority stake in African Equity Empowerment Investments Ltd. The transaction was completed on 5/23/2007.,ZAR,Cash,2007/5/23,0.000000,10.000000,No,Consumer Staples,Financials,N,Friendly,South Africa,South Africa,AEE,ABG,Common Stock,Common Stock,2006,731.370972,422.417999,495112,54447,30.53,4,Both,2,2001-02-01,2009-03-31,200,30,3500,100,39.5583333333333,7.075,2346649.9,3795694.0,61.8240010917635,8.24576680654225,5696829.0,495843.370972,731.370972,Large,Full (4/4),2007
26680339,M&A,2006/12/18,FSP SJ,EMI SJ,Completed,Company Takeover,Emira Property Fund Ltd acquired Freestone Property Holdings Ltd for ZAR 2938.93M. The transaction was announced on 12/18/2006 and completed on 6/5/2007.,ZAR,Cash and Stock,2007/6/5,0.000000,100.000000,No,Real Estate,Real Estate,N,Friendly,South Africa,South Africa,FSP,EMI,Unit,REIT,2005,1325,208.2259979248047,2300.783,410.642,2938.94,4,Both,2,2001-02-01,2009-03-31,200,30,3500,100,36.9166666666667,4.64166666666667,2057593.9,3602578.7,57.114474695584,6.06463577535368,5041515.0,3625.783,1325.0,Large,Full (4/4),2006
26810893,M&A,2007/6/15,UMN LN,ARVCF US,Completed,"Company Takeover, Cross Border, Additional Stake Purchase, Tender Offer",Areva SA acquired AREVA Resources Southern Africa Inc for USD 1896.89M. The transaction was announced on 6/15/2007 and completed on 9/4/2007.,USD,Cash,2007/9/4,5.500000,94.500000,No,Materials,Industrials,N,Friendly,South Africa,France,UMN,ARVCF,Common Stock,Common Stock,2006,150.176061,0,25893,10863,13533.52,4,Assets only,2,2001-02-01,2009-03-31,200,30,3500,100,39.5583333333333,7.075,2346649.9,3795694.0,61.8240010917635,8.24576680654225,5696829.0,26043.176061,150.176061,Large,Full (4/4),2007
26860017,INV,2007/4/26,CPI SJ,PSG SJ,Completed,"Additional Stake Purchase, Tender Offer",PSG Group Ltd acquired Capitec Limited for ZAR 545.40M. The transaction was announced on 4/26/2007 and completed on 6/18/2007.,ZAR,Stock,2007/6/18,18.400000,16.500000,No,Financials,Financials,N,Friendly,South Africa,South Africa,CPI,PSG,Common Stock,Common Stock,2006,1251.272,838.794,1833.33,1171.55,545.40,4,Both,2,2001-02-01,2009-03-31,200,30,3500,100,39.5583333333333,7.075,2346649.9,3795694.0,61.8240010917635,8.24576680654225,5696829.0,3084.602,1251.272,Intermediate,Full (4/4),2007
27127746,M&A,2007/7/5,DMR SJ,KUU/H CN,Completed,"Company Takeover, Cross Border",Kuuhubb Inc acquired Diamond Core Resources Ltd for CAD 77.89M. The transaction was announced on 7/5/2007 and completed on 2/11/2008.,CAD,Stock,2008/2/11,0.000000,100.000000,No,Materials,Communications,N,Friendly,South Africa,Canada,DMR,KUU/H,Common Stock,Common Stock,2006,329.41082763671875,0,8.097741,0,516.82,4,Assets only,2,2001-02-01,2009-03-31,200,30,3500,100,39.5583333333333,7.075,2346649.9,3795694.0,61.8240010917635,8.24576680654225,5696829.0,337.50856863671873,329.41082763671875,Intermediate,Full (4/4),2007
27698764,M&A,2007/8/20,ELH SJ,AXL SJ,Completed,Company Takeover,African Phoenix Investments Ltd acquired Ellerine Holdings Ltd for ZAR 10445.05M. The transaction was announced on 8/20/2007 and completed on 1/22/2008.,ZAR,Stock,2008/1/22,0.000000,100.000000,No,Consumer Discretionary,Financials,N,Friendly,South Africa,South Africa,ELH,AXL,Common Stock,Common Stock,2006,7571.107,4959.408,8163,3911,10445.08,4,Both,2,2001-02-01,2009-03-31,200,30,3500,100,39.5583333333333,7.075,2346649.9,3795694.0,61.8240010917635,8.24576680654225,5696829.0,15734.107,7571.107,Large,Full (4/4),2007
28572976,M&A,2007/10/24,BTG SJ,AEL SJ,Completed,"Company Takeover, Additional Stake Purchase",Altron Ltd acquired Bytes Technology Group Ltd/South Africa for ZAR 1506.30M. The transaction was announced on 10/24/2007 and completed on 1/15/2008.,ZAR,Stock,2008/1/15,57.700001,42.299999,No,Technology,Communications,N,Unsolicited to Friendly,South Africa,South Africa,BTG,AEL,Common Stock,Common Stock,2006,1679,3441,7447,13969,1506.30,4,Both,2,2001-02-01,2009-03-31,200,30,3500,100,39.5583333333333,7.075,2346649.9,3795694.0,61.8240010917635,8.24576680654225,5696829.0,17410.0,3441.0,Large,Full (4/4),2007
28573240,M&A,2007/10/24,ALT SJ,AEL SJ,Terminated,"Company Takeover, Additional Stake Purchase",Altron Ltd announced the acquisition of Allied Technologies Ltd for ZAR 3308.11M. The transaction was announced on 10/24/2007 and terminated on 12/3/2007.,ZAR,Stock,2007/12/3,61.799999,38.200001,No,Communications,Communications,N,Unsolicited,South Africa,South Africa,ALT,AEL,Common Stock,Common Stock,2006,2976,6041,7447,13969,3308.11,4,Both,2,2001-02-01,2009-03-31,200,30,3500,100,39.5583333333333,7.075,2346649.9,3795694.0,61.8240010917635,8.24576680654225,5696829.0,20010.0,6041.0,Large,Full (4/4),2007
28586702,INV,2007/10/25,SBK SJ,601398 CH,Completed,"Private Placement, Cross Border, Minority Purchase","Industrial & Commercial Bank of China Ltd acquired a minority stake in Standard Bank Group Ltd. The transaction was announced on 10/25/2007 and completed on 03/03/2008. At the time of completion, this was the largest deal on record that involved Industrial & Commercial Bank of China.",ZAR,Cash,2008/3/3,0.000000,20.000000,No,Financials,Financials,N,Friendly,South Africa,China,SBK,601398,Common Stock,Common Stock,2006,968991,82015,7508751,289755,36673.29,4,Both,2,2001-02-01,2009-03-31,200,30,3500,100,39.5583333333333,7.075,2346649.9,3795694.0,61.8240010917635,8.24576680654225,5696829.0,8477742.0,968991.0,Large,Full (4/4),2007
28799354,INV,2007/11/8,VOX SJ,NBC SJ,Completed,Minority Purchase,New Bond Capital Ltd acquired a minority stake in Vox Telecom Ltd. The transaction was completed on 11/8/2007.,ZAR,Cash,2007/11/8,0.000000,9.840000,No,Communications,Financials,N,Friendly,South Africa,South Africa,VOX,NBC,Common Stock,Common Stock,2006,284.874,196.365,6309.651,3102.432,233.20,4,Both,2,2001-02-01,2009-03-31,200,30,3500,100,39.5583333333333,7.075,2346649.9,3795694.0,61.8240010917635,8.24576680654225,5696829.0,6594.525,284.874,Large,Full (4/4),2007
28799394,INV,2007/11/8,VOX SJ,NBC SJ,Completed,Additional Stake Purchase,Vantage Capital Pty Ltd sold Vox Telecom Ltd to New Bond Capital Ltd for ZAR 59.12M. The transaction was completed on 11/8/2007.,ZAR,Cash,2007/11/8,9.840000,2.460000,No,Communications,Financials,N,Friendly,South Africa,South Africa,VOX,NBC,Common Stock,Common Stock,2006,284.874,196.365,6309.651,3102.432,59.13,4,Both,2,2001-02-01,2009-03-31,200,30,3500,100,39.5583333333333,7.075,2346649.9,3795694.0,61.8240010917635,8.24576680654225,5696829.0,6594.525,284.874,Large,Full (4/4),2007
29572417,M&A,2007/1/16,SRL SJ,SAC SJ,Completed,"Company Takeover, Tender Offer",SA Corporate Real Estate Ltd acquired SA Retail Properties Ltd for ZAR 3591.35M. The transaction was announced on 1/16/2007 and completed on 6/29/2007.,ZAR,Stock,2007/6/29,0.000000,100.000000,No,Real Estate,Real Estate,N,Friendly,South Africa,South Africa,SRL,SAC,Unit,REIT,2006,1977.468994140625,229.8000030517578,3168.719,478.98,3591.35,4,Both,2,2001-02-01,2009-03-31,200,30,3500,100,39.5583333333333,7.075,2346649.9,3795694.0,61.8240010917635,8.24576680654225,5696829.0,5146.187994140625,1977.468994140625,Large,Full (4/4),2007
30410575,M&A,2008/2/25,IFR SJ,PAP SJ,Completed,Company Takeover,Pangbourne Properties Ltd acquired iFour Properties Ltd for ZAR 3809.04M. The transaction was announced on 2/25/2008 and completed on 6/10/2008.,ZAR,Stock,2008/6/10,0.000000,100.000000,No,Real Estate,Real Estate,N,Friendly,South Africa,South Africa,IFR,PAP,Unit,Unit,2007,2938.822998,360.515991,6039.476,711.757,3809.03,4,Both,2,2001-02-01,2009-03-31,200,30,3500,100,44.1333333333334,11.525,2611630.8,3916816.2,66.6773896615317,7.85033075191064,4541938.0,8978.298998,2938.822998,Large,Full (4/4),2008
30805255,INV,2007/6/5,RCL SJ,REM SJ,Completed,"Additional Stake Purchase, Tender Offer",Remgro Ltd acquired RCL Foods Ltd/South Africa for ZAR 584.65M. The transaction was announced on 6/5/2007 and completed on 7/4/2007.,ZAR,Cash or Stock,2007/7/4,61.500000,12.600000,No,Consumer Staples,Financials,N,Friendly,South Africa,South Africa,RCL,REM,Common Stock,Common Stock,2006,2745.789,4101.454,41336,9802,584.65,4,Both,2,2001-02-01,2009-03-31,200,30,3500,100,39.5583333333333,7.075,2346649.9,3795694.0,61.8240010917635,8.24576680654225,5696829.0,45437.454,4101.454,Large,Full (4/4),2007
32340206,INV,2008/6/27,JNC SJ,HCI SJ,Completed,Additional Stake Purchase,Coronation Asset Management Pty Ltd sold Johnnic Holdings Ltd to Hosken Consolidated Investments Ltd for ZAR 783.46M. The transaction was completed on 6/27/2008.,ZAR,Cash and Stock,2008/6/27,67.000000,28.600000,No,Real Estate,Consumer Discretionary,N,Friendly,South Africa,South Africa,JNC,HCI,Private Comp,Common Stock,2007,2124.5,174.9,16371.096,4185.302,783.46,4,Both,2,2001-02-01,2009-03-31,200,30,3500,100,44.1333333333334,11.525,2611630.8,3916816.2,66.6773896615317,7.85033075191064,4541938.0,18495.595999999998,2124.5,Large,Full (4/4),2008
32451176,INV,2008/5/27,LBH SJ,SBK SJ,Completed,"Additional Stake Purchase, Tender Offer",Standard Bank Group Ltd acquired Liberty Holdings Ltd for ZAR 4080.31M. The transaction was announced on 5/27/2008 and completed on 7/21/2008.,ZAR,Cash,2008/7/21,59.169998,37.910000,No,Financials,Financials,N,Friendly,South Africa,South Africa,LBH,SBK,Common Stock,Common Stock,2007,220647,29357,1182126,102996,4080.30,4,Both,2,2001-02-01,2009-03-31,200,30,3500,100,44.1333333333334,11.525,2611630.8,3916816.2,66.6773896615317,7.85033075191064,4541938.0,1402773.0,220647.0,Large,Full (4/4),2008
32455076,M&A,2008/4/15,SUL SJ,MOR SJ,Completed,"Company Takeover, Tender Offer",Morvest Group Ltd acquired SAB&T Ubuntu Holdings Ltd for ZAR 111.59M. The transaction was announced on 4/15/2008 and completed on 7/7/2008.,ZAR,Stock,2008/7/7,0.000000,100.000000,No,Industrials,Technology,N,Friendly,South Africa,South Africa,SUL,MOR,Common Stock,Common Stock,2007,67.29845428466797,85.45862579345703,398.322998046875,393.9530029296875,111.59,4,Both,2,2001-02-01,2009-03-31,200,30,3500,100,44.1333333333334,11.525,2611630.8,3916816.2,66.6773896615317,7.85033075191064,4541938.0,483.78162384033203,85.45862579345703,Intermediate,Full (4/4),2008
32863480,M&A,2008/8/4,JNC SJ,HCI SJ,Completed,"Company Takeover, Additional Stake Purchase, Tender Offer",Hosken Consolidated Investments Ltd acquired Johnnic Holdings Ltd for ZAR 122.69M. The transaction was announced on 8/4/2008 and completed on 9/26/2008.,ZAR,Cash,2008/9/26,95.599998,4.400000,No,Real Estate,Consumer Discretionary,N,Friendly,South Africa,South Africa,JNC,HCI,Private Comp,Common Stock,2007,2124.5,174.9,16371.096,4185.302,122.69,4,Both,2,2001-02-01,2009-03-31,200,30,3500,100,44.1333333333334,11.525,2611630.8,3916816.2,66.6773896615317,7.85033075191064,4541938.0,18495.595999999998,2124.5,Large,Full (4/4),2008
32922171,M&A,2008/8/7,CUH SJ,BFS SJ,Completed,Company Takeover,Blue Financial Services Ltd acquired Credit U Holdings Ltd for ZAR 317.00M. The transaction was announced on 8/7/2008 and completed on 12/17/2008.,ZAR,Stock,2008/12/17,0.000000,100.000000,No,Financials,Financials,N,Friendly,South Africa,South Africa,CUH,BFS,Common Stock,Common Stock,2007,182.5229949951172,204.5590057373047,,202.5201,317.00,3,Both,2,2001-02-01,2009-03-31,200,30,3500,100,44.1333333333334,11.525,2611630.8,3916816.2,66.6773896615317,7.85033075191064,4541938.0,407.0791057373047,204.5590057373047,Intermediate,Partial (3/4),2008
33271163,M&A,2008/9/4,LGL SJ,LBH SJ,Completed,"Company Takeover, Additional Stake Purchase",Liberty Holdings Ltd acquired Liberty Group Ltd for ZAR 29492.37M. The transaction was announced on 9/4/2008 and completed on 12/1/2008.,ZAR,Stock,2008/12/1,51.200001,48.799999,No,Financials,Financials,N,Friendly,South Africa,South Africa,LGL,LBH,Common Stock,Common Stock,2007,221255,50403,220647,29357,29492.37,4,Both,2,2001-02-01,2009-03-31,200,30,3500,100,44.1333333333334,11.525,2611630.8,3916816.2,66.6773896615317,7.85033075191064,4541938.0,441902.0,221255.0,Large,Full (4/4),2008
33272375,INV,2008/9/4,NPK SJ,BVT SJ,Terminated,"Additional Stake Purchase, Tender Offer",Bidvest Group Ltd/The announced the acquisition of Nampak Ltd for ZAR 2356.01M. The transaction was announced on 9/4/2008 and terminated on 10/8/2008.,ZAR,Stock,2008/10/8,5.000000,25.000000,No,Materials,Consumer Staples,N,Friendly,South Africa,South Africa,NPK,BVT,Common Stock,Common Stock,2007,13032.6,17014.4,32847.93,95655.509,2356.01,4,Both,2,2001-02-01,2009-03-31,200,30,3500,100,44.1333333333334,11.525,2611630.8,3916816.2,66.6773896615317,7.85033075191064,4541938.0,112669.90900000001,17014.4,Large,Full (4/4),2008
33515744,INV,2008/7/31,783608Z SJ,184023Z SJ,Completed,Minority Purchase,Public Investment Corp Ltd acquired a minority stake in AfriSam South Africa Pty Ltd. The transaction was announced on 7/31/2008 and completed on 8/31/2008.,ZAR,Cash,2008/8/31,0.000000,0.000000,No,Materials,Financials,N,Friendly,South Africa,South Africa,783608Z,184023Z,Private Comp,Private Comp,2007,17020.060546875,6243.47509765625,128.304,111.956,6.00,4,Both,2,2001-02-01,2009-03-31,200,30,3500,100,44.1333333333334,11.525,2611630.8,3916816.2,66.6773896615317,7.85033075191064,4541938.0,17148.364546875,17020.060546875,Large,Full (4/4),2008
33630602,INV,2008/8/20,PCN SJ,PCN SJ,Completed,Minority Purchase,WDB Investment Holdings sold a minority stake in Paracon Holdings Ltd to Paracon Holdings Ltd. The transaction was announced on 8/20/2008 and completed on 9/30/2008.,ZAR,Cash,2008/9/30,0.000000,9.730000,No,Technology,Technology,N,Friendly,South Africa,South Africa,PCN,PCN,Common Stock,Common Stock,2007,309.10699462890625,792.2650146484375,309.10699462890625,792.2650146484375,49.01,4,Both,2,2001-02-01,2009-03-31,200,30,3500,100,44.1333333333334,11.525,2611630.8,3916816.2,66.6773896615317,7.85033075191064,4541938.0,1584.530029296875,792.2650146484375,Intermediate,Full (4/4),2008
33759125,M&A,2008/10/2,MVL SJ,IMP SJ,Terminated,Company Takeover,Impala Platinum Holdings Ltd announced the acquisition of Mvelaphanda Resources Ltd for ZAR 89.00M. The transaction was announced on 10/2/2008 and terminated on 1/14/2009.,ZAR,Cash and Stock,2009/1/14,0.000000,100.000000,No,Materials,Materials,N,Friendly,South Africa,South Africa,MVL,IMP,Common Stock,Common Stock,2007,8280.919,0,49958.2,31481.5,89.00,4,Assets only,2,2001-02-01,2009-03-31,200,30,3500,100,44.1333333333334,11.525,2611630.8,3916816.2,66.6773896615317,7.85033075191064,4541938.0,58239.119,8280.919,Large,Full (4/4),2008
33795939,M&A,2008/10/9,VOD SJ,VOD LN,Completed,"Cross Border, Majority Purchase, Additional Stake Purchase",Telkom SA SOC Ltd sold Vodacom Group Ltd to Vodafone Group PLC for ZAR 22500.00M. The transaction was announced on 10/9/2008 and completed on 4/20/2009.,ZAR,Cash,2009/4/20,50.000000,15.000000,No,Communications,Communications,N,Friendly,South Africa,United Kingdom,VOD,VOD,Common Stock,Common Stock,2007,28470.2,41146.4,161400.0708,45894.26303999999,22500.03,4,Both,2,2001-02-01,2009-03-31,200,30,3500,100,44.1333333333334,11.525,2611630.8,3916816.2,66.6773896615317,7.85033075191064,4541938.0,202546.47079999998,41146.4,Large,Full (4/4),2008
34053878,INV,2008/10/30,BDM SJ,BRAIT LX,Completed,"Private Equity, Additional Stake Purchase",Brait PLC acquired Buildmax Ltd for ZAR 132.00M. The transaction was announced on 10/30/2008 and completed on 12/31/2008.,ZAR,Cash,2008/12/31,12.950000,11.650000,No,Materials,Financials,N,Friendly,South Africa,South Africa,BDM,BRAIT,Common Stock,Common Stock,2007,66.81999969482422,114.85700225830078,2322.2,746.7,132.00,4,Both,2,2001-02-01,2009-03-31,200,30,3500,100,44.1333333333334,11.525,2611630.8,3916816.2,66.6773896615317,7.85033075191064,4541938.0,2437.0570022583006,114.85700225830078,Intermediate,Full (4/4),2008
34153411,M&A,2008/11/5,MYT SJ,CPF SJ,Completed,Company Takeover,Capital Property Fund Ltd acquired Monyetla Property Fund Ltd for ZAR 919.90M. The transaction was announced on 11/5/2008 and completed on 1/19/2009.,ZAR,Stock,2009/1/19,0.000000,100.000000,No,Real Estate,Real Estate,N,Friendly,South Africa,South Africa,MYT,CPF,Unit,REIT,2007,1081.987060546875,81.19100189208984,3256.86,336.794,919.90,4,Assets only,2,2001-02-01,2009-03-31,200,30,3500,100,44.1333333333334,11.525,2611630.8,3916816.2,66.6773896615317,7.85033075191064,4541938.0,4338.847060546876,1081.987060546875,Large,Full (4/4),2008
34260687,INV,2008/11/12,ABT SJ,AXI SJ,Completed,Minority Purchase,A consortium led by Private Investor sold a minority stake in Ambit Properties Ltd to ApexHi Properties Ltd. The transaction was completed on 11/12/2008.,ZAR,Cash,2008/11/12,0.000000,13.507000,No,Real Estate,Real Estate,N,Friendly,South Africa,South Africa,ABT,AXI,Unit,Unit,2007,1386.4759521484375,142.7169952392578,9748.12890625,1210.072021484375,233.91,4,Both,2,2001-02-01,2009-03-31,200,30,3500,100,44.1333333333334,11.525,2611630.8,3916816.2,66.6773896615317,7.85033075191064,4541938.0,11134.604858398438,1386.4759521484375,Large,Full (4/4),2008
34365179,M&A,2008/11/20,AFO SJ,GDO AU,Completed,"Company Takeover, Cross Border",Gold One International Ltd acquired One Africa Ltd. The transaction was announced on 11/20/2008 and completed on 5/25/2009. Financial terms of the transaction are undisclosed.,ZAR,Stock,2009/5/25,0.000000,100.000000,No,Materials,Materials,N,Friendly,South Africa,Australia,AFO,GDO,Common Stock,Common Stock,2007,938.156,0,3.758449,3.67953,,4,Assets only,2,2001-02-01,2009-03-31,200,30,3500,100,44.1333333333334,11.525,2611630.8,3916816.2,66.6773896615317,7.85033075191064,4541938.0,941.914449,938.156,Intermediate,Full (4/4),2008
34848999,M&A,2008/7/30,GGM SJ,DCPL MP,Completed,"Company Takeover, Cross Border, Additional Stake Purchase, Tender Offer",Agape Global Investments Ltd acquired Goliath Gold Mining Ltd. The transaction was completed on 7/30/2008. Financial terms of the transaction are undisclosed.,ZAR,Undisclosed,2008/7/30,57.099998,42.900002,No,Materials,Financials,N,Friendly,South Africa,NORTHERN MARIANA ISLANDS,GGM,DCPL,Common Stock,Common Stock,2007,55.34600067138672,135.75999450683594,16.479127883911133,2.6316299438476562,,4,Both,2,2001-02-01,2009-03-31,200,30,3500,100,44.1333333333334,11.525,2611630.8,3916816.2,66.6773896615317,7.85033075191064,4541938.0,152.23912239074707,135.75999450683594,Small,Full (4/4),2008
35918927,M&A,2009/2/20,ABT SJ,AXI SJ,Completed,Company Takeover,ApexHi Properties Ltd acquired Ambit Properties Ltd for ZAR 2383.67M. The transaction was announced on 2/20/2009 and completed on 7/14/2009.,ZAR,Cash or Stock,2009/7/14,0.000000,100.000000,No,Real Estate,Real Estate,N,Friendly,South Africa,South Africa,ABT,AXI,Unit,Unit,2008,2757.6279296875,297.9010009765625,10197.6650390625,1321.1419677734375,2383.67,4,Both,2,2001-02-01,2009-03-31,200,30,3500,100,47.0166666666667,7.14166666666667,2794228.4,3856572.1,72.4536797846979,8.66304177846167,5929063.0,12955.29296875,2757.6279296875,Large,Full (4/4),2009
36236416,BUY,2008/12/15,CEL SJ,CEL SJ,Pending,,,ZAR,,,0.000000,0.000000,,Technology,Technology,N,,South Africa,,CEL,CEL,Common Stock,Common Stock,2007,152.46299743652344,694,152.46299743652344,694,57.81,4,Both,2,2001-02-01,2009-03-31,200,30,3500,100,44.1333333333334,11.525,2611630.8,3916816.2,66.6773896615317,7.85033075191064,4541938.0,1388.0,694.0,Intermediate,Full (4/4),2008
36718562,M&A,2009/4/9,CMP SJ,AIP SJ,Terminated,Company Takeover,Adcock Ingram Holdings Ltd announced the acquisition of Cipla Medpro South Africa Ltd for ZAR 2420.75M. The transaction was announced on 4/9/2009 and terminated on 6/2/2009.,ZAR,Cash,2009/6/2,0.000000,100.000000,No,Health Care,Health Care,N,Friendly,South Africa,South Africa,CMP,AIP,Common Stock,Common Stock,2008,2155.295,994.892,2712.879,1758.808,2420.76,4,Both,3,2009-04-01,2017-09-30,560,80,6600,190,47.0166666666667,7.14166666666667,2794228.4,3856572.1,72.4536797846979,8.66304177846167,5929063.0,4868.174,2155.295,Intermediate,Full (4/4),2009
37594888,BUY,2009/5/28,KDV SJ,KDV SJ,Pending,,,ZAR,,,0.000000,0.000000,,Industrials,Industrials,N,,South Africa,,KDV,KDV,Common Stock,Common Stock,2008,209.400629,440.446378,209.400629,440.446378,112.19,4,Both,3,2009-04-01,2017-09-30,560,80,6600,190,47.0166666666667,7.14166666666667,2794228.4,3856572.1,72.4536797846979,8.66304177846167,5929063.0,880.892756,440.446378,Intermediate,Full (4/4),2009
39211729,M&A,2009/8/14,IBLP SJ,NED SJ,Completed,"Company Takeover, Additional Stake Purchase",Imperial Logistics Ltd sold IBL Asset Finance & Services Pty Ltd to Nedbank Group Ltd for ZAR 1780.00M. The transaction was announced on 8/14/2009 and completed on 3/12/2010.,ZAR,Cash and Stock,2010/3/12,50.099998,49.900002,No,Financials,Financials,N,Friendly,South Africa,South Africa,IBLP,NED,Preference,Common Stock,2008,48768.09375,6519.34814453125,567023,68715,1780.00,4,Both,3,2009-04-01,2017-09-30,560,80,6600,190,47.0166666666667,7.14166666666667,2794228.4,3856572.1,72.4536797846979,8.66304177846167,5929063.0,615791.09375,48768.09375,Large,Full (4/4),2009
40131082,M&A,2009/9/30,TWP SJ,BSR SJ,Completed,"Private Placement, Company Takeover",Basil Read Holdings Ltd acquired TWP Holdings Ltd for ZAR 718.97M. The transaction was announced on 9/30/2009 and completed on 12/21/2009.,ZAR,Cash and Stock,2009/12/21,0.000000,100.000000,No,Materials,Industrials,N,Friendly,South Africa,South Africa,TWP,BSR,Common Stock,Common Stock,2008,454.8413391113281,705.00634765625,2476.719,3474.831,718.97,4,Both,3,2009-04-01,2017-09-30,560,80,6600,190,47.0166666666667,7.14166666666667,2794228.4,3856572.1,72.4536797846979,8.66304177846167,5929063.0,4179.83734765625,705.00634765625,Intermediate,Full (4/4),2009
40414318,M&A,2009/10/14,MAF SJ,OML LN,Completed,"Company Takeover, Cross Border, Additional Stake Purchase",Om Residual UK Ltd acquired Old Mutual Insure Ltd for ZAR 1798.42M. The transaction was announced on 10/14/2009 and completed on 2/8/2010.,ZAR,Stock,2010/2/8,73.500000,26.500000,No,Financials,Financials,N,Friendly,South Africa,United Kingdom,MAF,OML,Common Stock,Common Stock,2008,9310,7561,144283,-2806,1798.42,4,Both,3,2009-04-01,2017-09-30,560,80,6600,190,47.0166666666667,7.14166666666667,2794228.4,3856572.1,72.4536797846979,8.66304177846167,5929063.0,153593.0,9310.0,Large,Full (4/4),2009
43736834,INV,2010/3/11,MIX SJ,IPL SJ,Completed,Minority Purchase,Imperial Logistics Ltd acquired a minority stake in MiX Telematics Ltd. The transaction was completed on 3/11/2010. Financial terms of the transaction are undisclosed.,ZAR,Cash,2010/3/11,0.000000,25.400000,No,Technology,Consumer Discretionary,N,Friendly,South Africa,South Africa,MIX,IPL,Common Stock,Common Stock,2009,115.94831737999999,110.01038124879311,33315,52219,,4,Both,3,2009-04-01,2017-09-30,560,80,6600,190,49.0333333333333,4.28333333333333,3055613.2,3973801.6,76.8939546453452,6.12843250176096,6698700.0,52334.94831738,115.94831738,Intermediate,Full (4/4),2010
43785633,INV,2010/3/15,CLR SJ,CLR SJ,Completed,Minority Purchase,Hosken Consolidated Investments Ltd sold a minority stake in Clover Industries Ltd to Clover Industries Ltd. The transaction was announced on 3/15/2010 and completed on 6/3/2010.,ZAR,Cash,2010/6/3,0.000000,34.990002,No,Consumer Staples,Consumer Staples,N,Friendly,South Africa,South Africa,CLR,CLR,Common Stock,Common Stock,2009,3585.507,5475.846,3585.507,5475.846,337.40,4,Both,3,2009-04-01,2017-09-30,560,80,6600,190,49.0333333333333,4.28333333333333,3055613.2,3973801.6,76.8939546453452,6.12843250176096,6698700.0,10951.692,5475.846,Large,Full (4/4),2010
46143935,M&A,2010/6/16,2520469D LN,ND CN,Completed,"Cross Border, Private Equity, Majority Purchase, PE Exit, PE Seller",A consortium led by Investec PLC sold Central African Gold Ltd to New Dawn Mining Corp for CAD 3.91M. The transaction was completed on 6/16/2010.,CAD,Stock,2010/6/16,0.000000,89.000000,No,Materials,Materials,N,Friendly,South Africa,Canada,2520469D,ND,Common Stock,Common Stock,2009,10.742,0.921,19.238732,5.644977,28.93,4,Neither,3,2009-04-01,2017-09-30,560,80,6600,190,49.0333333333333,4.28333333333333,3055613.2,3973801.6,76.8939546453452,6.12843250176096,6698700.0,29.980732,10.742,Small,Full (4/4),2010
46146607,M&A,2010/6/21,BJM SJ,FSR SJ,Completed,Company Takeover,FirstRand Ltd acquired Barnard Jacobs Mellet Holdings Ltd for ZAR 450.00M. The transaction was announced on 6/21/2010 and completed on 1/4/2011.,ZAR,Cash,2011/1/4,0.000000,100.000000,No,Financials,Financials,N,Friendly,South Africa,South Africa,BJM,FSR,Common Stock,Common Stock,2009,6634.755,257.576,809851,71790,450.00,4,Both,3,2009-04-01,2017-09-30,560,80,6600,190,49.0333333333333,4.28333333333333,3055613.2,3973801.6,76.8939546453452,6.12843250176096,6698700.0,816485.755,6634.755,Large,Full (4/4),2010
47513650,M&A,2010/3/12,SYC SJ,ACP SJ,Completed,"Company Takeover, Additional Stake Purchase",Acucap Properties Ltd acquired Sycom Property Fund. The transaction was announced on 3/12/2010 and completed on 8/16/2010. Financial terms of the transaction are undisclosed.,ZAR,Undisclosed,2010/8/16,50.000000,50.000000,No,Real Estate,Real Estate,N,Friendly,South Africa,South Africa,SYC,ACP,REIT,REIT,2009,5169.172,437.666,6658.228,558.332,,4,Both,3,2009-04-01,2017-09-30,560,80,6600,190,49.0333333333333,4.28333333333333,3055613.2,3973801.6,76.8939546453452,6.12843250176096,6698700.0,11827.4,5169.172,Large,Full (4/4),2010
47656728,M&A,2010/8/23,NED SJ,HSBA LN,Terminated,"Cross Border, Majority Purchase",Om Residual UK Ltd announced the sale of Nedbank Group Ltd to HSBC Holdings PLC. The transaction was announced on 8/23/2010 and terminated on 10/15/2010. Financial terms of the transaction are undisclosed.,GBP,Undisclosed,2010/10/15,0.000000,70.000000,No,Financials,Financials,N,Friendly,South Africa,United Kingdom,NED,HSBA,Common Stock,Common Stock,2009,570703,62443,2364452,91286,,4,Both,3,2009-04-01,2017-09-30,560,80,6600,190,49.0333333333333,4.28333333333333,3055613.2,3973801.6,76.8939546453452,6.12843250176096,6698700.0,2935155.0,570703.0,Large,Full (4/4),2010
47987005,M&A,2010/9/3,SPS SJ,JSC SJ,Completed,Company Takeover,Jasco Electronics Holdings Ltd acquired Spescom Ltd for ZAR 37.03M. The transaction was announced on 9/3/2010 and completed on 1/25/2011.,ZAR,Cash and Stock,2011/1/25,0.000000,100.000000,No,Technology,Industrials,N,Friendly,South Africa,South Africa,SPS,JSC,Common Stock,Common Stock,2009,226.453781,358.563593,518.837,595.148,37.03,4,Both,3,2009-04-01,2017-09-30,560,80,6600,190,49.0333333333333,4.28333333333333,3055613.2,3973801.6,76.8939546453452,6.12843250176096,6698700.0,953.711593,358.563593,Intermediate,Full (4/4),2010
48240532,M&A,2010/1/19,SPO SJ,SBV SJ,Completed,"Majority Purchase, Additional Stake Purchase",Sabvest Ltd acquired Set Point Group Ltd for ZAR 172.45M. The transaction was announced on 1/19/2010 and completed on 5/25/2010.,ZAR,Cash,2010/5/25,32.509998,66.275002,No,Industrials,Financials,N,Friendly,South Africa,South Africa,SPO,SBV,Common Stock,Common Stock,2009,235.593,359.376,396.647,57.565,172.45,4,Both,3,2009-04-01,2017-09-30,560,80,6600,190,49.0333333333333,4.28333333333333,3055613.2,3973801.6,76.8939546453452,6.12843250176096,6698700.0,756.0229999999999,359.376,Intermediate,Full (4/4),2010
48464406,M&A,2010/9/27,MSM SJ,WMT US,Completed,"Cross Border, Majority Purchase",Walmart Inc acquired Massmart Holdings Ltd for ZAR 14600.53M. The transaction was announced on 9/27/2010 and completed on 6/20/2011.,ZAR,Cash,2011/6/20,0.000000,51.000000,No,Consumer Staples,Consumer Staples,N,Unsolicited to Friendly,South Africa,United States,MSM,WMT,Common Stock,Common Stock,2009,12526.9,43128.7,163429,404254,14600.52,4,Both,3,2009-04-01,2017-09-30,560,80,6600,190,49.0333333333333,4.28333333333333,3055613.2,3973801.6,76.8939546453452,6.12843250176096,6698700.0,447382.7,43128.7,Large,Full (4/4),2010
48568687,INV,2010/9/30,SAL SJ,1732347D LN,Completed,"Cross Border, Minority Purchase",Honeywell International Inc sold a minority stake in Sallies Ltd to Maghreb Minerals PLC/Old. The transaction was completed on 9/30/2010.,USD,Cash,2010/9/30,0.000000,11.400000,No,Materials,Materials,N,Friendly,South Africa,United Kingdom,SAL,1732347D,Common Stock,Common Stock,2009,218.83799743652344,251.92799377441406,0.429,,8.38,3,Both,3,2009-04-01,2017-09-30,560,80,6600,190,49.0333333333333,4.28333333333333,3055613.2,3973801.6,76.8939546453452,6.12843250176096,6698700.0,252.3569937744141,251.9279937744141,Small,Partial (3/4),2010
49597317,INV,2010/11/10,WGR SJ,HAR SJ,Completed,Minority Purchase,Harmony Gold Mining Co Ltd acquired a minority stake in Witwatersrand Consolidated Gold Resources Pty Ltd. The transaction was announced on 11/10/2010 and completed on 12/31/2010. Financial terms of the transaction are undisclosed.,ZAR,Undisclosed,2010/12/31,0.000000,13.560000,No,Materials,Materials,N,Friendly,South Africa,South Africa,WGR,HAR,Common Stock,Common Stock,2009,205.3234405517578,0,38025,11496,,4,Assets only,3,2009-04-01,2017-09-30,560,80,6600,190,49.0333333333333,4.28333333333333,3055613.2,3973801.6,76.8939546453452,6.12843250176096,6698700.0,38230.32344055176,205.3234405517578,Large,Full (4/4),2010
50400673,M&A,2010/12/9,GMB SJ,AON US,Completed,"Company Takeover, Cross Border",Aon PLC acquired Glenrand MIB Ltd for ZAR 596.05M. The transaction was announced on 12/9/2010 and completed on 4/28/2011.,ZAR,Cash,2011/4/28,0.000000,100.000000,No,Financials,Financials,N,Friendly,South Africa,United States,GMB,AON,Common Stock,Common Stock,2009,587.356,576.484,22958,7595,596.05,4,Both,3,2009-04-01,2017-09-30,560,80,6600,190,49.0333333333333,4.28333333333333,3055613.2,3973801.6,76.8939546453452,6.12843250176096,6698700.0,23545.356,587.356,Large,Full (4/4),2010
50401969,M&A,2010/12/13,FWD SJ,4613 JP,Completed,"Company Takeover, Cross Border, Additional Stake Purchase, Tender Offer",Kansai Paint Co Ltd acquired Kansai Plascon Africa Ltd for ZAR 2544.56M. The transaction was announced on 12/13/2010 and completed on 12/28/2011.,ZAR,Cash,2011/12/28,27.559999,72.440002,No,Materials,Materials,N,Friendly,South Africa,Japan,FWD,4613,Common Stock,Common Stock,2009,4477.118,2703.164,240665,229988,2544.57,4,Both,3,2009-04-01,2017-09-30,560,80,6600,190,49.0333333333333,4.28333333333333,3055613.2,3973801.6,76.8939546453452,6.12843250176096,6698700.0,245142.118,4477.118,Large,Full (4/4),2010
50742433,M&A,2010/12/24,SAL SJ,1732347D LN,Completed,"Cross Border, Private Equity, Majority Purchase",Firebird Management LLC sold Sallies Ltd to Maghreb Minerals PLC/Old for GBP 5.19M. The transaction was completed on 12/24/2010.,GBP,Stock,2010/12/24,11.400000,66.900002,No,Materials,Materials,N,Friendly,South Africa,United Kingdom,SAL,1732347D,Common Stock,Common Stock,2009,218.83799743652344,251.92799377441406,0.429,,53.89,3,Both,3,2009-04-01,2017-09-30,560,80,6600,190,49.0333333333333,4.28333333333333,3055613.2,3973801.6,76.8939546453452,6.12843250176096,6698700.0,252.3569937744141,251.9279937744141,Small,Partial (3/4),2010
5149158,M&A,2000/1/6,RFN SJ,HAR SJ,Completed,Company Takeover,Harmony Gold Mining Co Ltd acquired Randfontein Estates Ltd for ZAR 869.10M. The transaction was announced on 1/6/2000 and completed on 7/10/2000.,ZAR,Stock,2000/7/10,0.000000,100.000000,No,Materials,Materials,N,Hostile,South Africa,South Africa,RFN,HAR,Common Stock,Common Stock,1999,,1504.9000244140625,2645.10009765625,2256,869.10,3,Turnover only,1,1999-12-24,2001-01-31,50,5,3500,100,27.5833333333333,5.325,1053138.0,2826727.8,37.2564348077661,9.18219108248353,1551489.0,4150.0001220703125,1504.9000244140625,Large,Partial (3/4),2000
5157881,M&A,2000/1/11,GAR SJ,SNT SJ,Completed,Company Takeover,Santam Ltd acquired Guardian National Insurance Co Ltd for ZAR 1567.24M. The transaction was announced on 1/11/2000 and completed on 5/29/2000.,ZAR,Cash,2000/5/29,0.000000,100.000000,No,Financials,Financials,N,Friendly,South Africa,South Africa,GAR,SNT,Common Stock,Common Stock,1999,3613.47607421875,1908.89501953125,4329.5927734375,2817.702880859375,1567.24,4,Both,1,1999-12-24,2001-01-31,50,5,3500,100,27.5833333333333,5.325,1053138.0,2826727.8,37.2564348077661,9.18219108248353,1551489.0,7943.06884765625,3613.47607421875,Large,Full (4/4),2000
5170751,M&A,2000/1/18,IVS SJ,BVT SJ,Completed,"Company Takeover, Additional Stake Purchase",Bidvest Group Ltd/The acquired Island View Storage Ltd for ZAR 311.27M. The transaction was announced on 1/18/2000 and completed on 4/10/2000.,ZAR,Cash,2000/4/10,27.700001,72.300003,No,Industrials,Consumer Staples,N,Friendly,South Africa,South Africa,IVS,BVT,Common Stock,Common Stock,1999,199.076004,127.762001,7642.43408203125,14646.1396484375,311.27,4,Both,1,1999-12-24,2001-01-31,50,5,3500,100,27.5833333333333,5.325,1053138.0,2826727.8,37.2564348077661,9.18219108248353,1551489.0,14845.2156524375,199.076004,Large,Full (4/4),2000
5171627,M&A,2000/1/18,UNF SJ,ABG SJ,Completed,"Company Takeover, Majority Purchase",Absa Group Ltd acquired Unifer Holdings Ltd for ZAR 699.62M. The transaction was announced on 1/18/2000 and completed on 1/31/2000.,ZAR,Cash,2000/1/31,0.000000,51.000000,No,Financials,Financials,N,Friendly,South Africa,South Africa,UNF,ABG,Common Stock,Common Stock,1999,3803.409912109375,403.24798583984375,168737,32746,699.62,4,Both,1,1999-12-24,2001-01-31,50,5,3500,100,27.5833333333333,5.325,1053138.0,2826727.8,37.2564348077661,9.18219108248353,1551489.0,172540.40991210938,3803.409912109375,Large,Full (4/4),2000
52307776,M&A,2010/11/24,PAP SJ,CPF SJ,Completed,Company Takeover,Capital Property Fund Ltd acquired Pangbourne Properties Ltd for ZAR 15012.57M. The transaction was announced on 11/24/2010 and completed on 4/5/2011.,ZAR,Cash or Stock,2011/4/5,0.000000,100.000000,No,Real Estate,Real Estate,N,Friendly,South Africa,South Africa,PAP,CPF,Unit,REIT,2009,12220.895,1293.099,6150.461,613.661,15012.59,4,Both,3,2009-04-01,2017-09-30,560,80,6600,190,49.0333333333333,4.28333333333333,3055613.2,3973801.6,76.8939546453452,6.12843250176096,6698700.0,18371.356,12220.895,Large,Full (4/4),2010
5265212,M&A,2000/2/8,MES SJ,SDM CN,Completed,Majority Purchase,SouthernEra Diamonds Inc acquired Messina Ltd for ZAR 20.00M. The transaction was announced on 2/8/2000 and completed on 5/8/2000.,ZAR,Undisclosed,2000/5/8,0.000000,70.400002,No,Materials,Materials,N,Friendly,South Africa,Canada,MES,SDM,Common Stock,Common Stock,1999,74.91799926757812,0,68.16181080000001,32.37771000689655,20.00,4,Assets only,1,1999-12-24,2001-01-31,50,5,3500,100,27.5833333333333,5.325,1053138.0,2826727.8,37.2564348077661,9.18219108248353,1551489.0,143.07981006757814,74.91799926757812,Intermediate,Full (4/4),2000
5298072,INV,2000/3/14,SMC SJ,BRAIT LX,Completed,Minority Purchase,Brait PLC acquired a minority stake in Southern Mining Corp Ltd. The transaction was completed on 3/14/2000. Financial terms of the transaction are undisclosed.,ZAR,Undisclosed,2000/3/14,0.000000,18.000000,No,Materials,Financials,N,Friendly,South Africa,South Africa,SMC,BRAIT,Common Stock,Common Stock,1999,27.583999633789062,0,3083.39990234375,608,,4,Assets only,1,1999-12-24,2001-01-31,50,5,3500,100,27.5833333333333,5.325,1053138.0,2826727.8,37.2564348077661,9.18219108248353,1551489.0,3110.983901977539,27.583999633789062,Intermediate,Full (4/4),2000
5323775,INV,2000/3/23,AXL SJ,BOE SJ,Completed,Additional Stake Purchase,BOE Ltd acquired African Phoenix Investments Ltd for ZAR 756.00M. The transaction was completed on 3/23/2000.,ZAR,Undisclosed,2000/3/23,9.300000,9.900000,No,Financials,Financials,N,Friendly,South Africa,South Africa,AXL,BOE,Common Stock,Common Stock,1999,4550.115234,1939.428955,62738,9280,756.00,4,Both,1,1999-12-24,2001-01-31,50,5,3500,100,27.5833333333333,5.325,1053138.0,2826727.8,37.2564348077661,9.18219108248353,1551489.0,67288.115234,4550.115234,Large,Full (4/4),2000
53524510,M&A,2011/4/8,MTX SJ,VALE3 BZ,Terminated,"Company Takeover, Cross Border",Vale SA announced the acquisition of Metorex Ltd for ZAR 7918.46M. The transaction was announced on 4/8/2011 and terminated on 7/11/2011.,ZAR,Cash,2011/7/11,0.000000,100.000000,No,Materials,Materials,N,Friendly,South Africa,Brazil,MTX,VALE3,Common Stock,Common Stock,2010,6246.218,2781.3,214662.114,83225.006,7918.48,4,Both,3,2009-04-01,2017-09-30,560,80,6600,190,51.475,4.98333333333333,3327047.0,4099713.7,81.1531546702883,5.53905706188178,6908507.0,220908.332,6246.218,Large,Full (4/4),2011
5374015,M&A,2000/4/11,APN SJ,0623514D US,Completed,Company Takeover,United Surgical Partners International Inc acquired Aspen Pharmacare Holdings Ltd for ZAR 578.17M. The transaction was completed on 4/11/2000.,ZAR,Undisclosed,2000/4/11,0.000000,100.000000,No,Health Care,Health Care,N,Friendly,South Africa,United States,APN,0623514D,Common Stock,Common Stock,1999,1535.666015625,522.406005859375,176.7030029296875,68.88099670410156,578.17,4,Both,1,1999-12-24,2001-01-31,50,5,3500,100,27.5833333333333,5.325,1053138.0,2826727.8,37.2564348077661,9.18219108248353,1551489.0,1712.3690185546875,1535.666015625,Intermediate,Full (4/4),2000
5377740,M&A,2000/4/12,SHV SJ,NFH SJ,Completed,Company Takeover,Namibian Fishing Industries Ltd acquired Sea Harvest Corp Pty Ltd for ZAR 64.63M. The transaction was announced on 4/12/2000 and completed on 12/4/2000.,ZAR,Cash and Stock,2000/12/4,0.000000,100.000000,No,Consumer Staples,Consumer Staples,N,Friendly,South Africa,Namibia,SHV,NFH,Common Stock,Common Stock,1999,565.322,569.693,112.71499633789062,114.56400299072266,64.63,4,Both,1,1999-12-24,2001-01-31,50,5,3500,100,27.5833333333333,5.325,1053138.0,2826727.8,37.2564348077661,9.18219108248353,1551489.0,684.2570029907226,569.693,Intermediate,Full (4/4),2000
5399075,INV,2000/4/20,NAI SJ,SLM SJ,Completed,Minority Purchase,BOE Ltd sold a minority stake in New Africa Investments Ltd to Sanlam Ltd. The transaction was completed on 4/20/2000.,ZAR,Undisclosed,2000/4/20,0.000000,8.900000,No,Financials,Financials,N,Friendly,South Africa,South Africa,NAI,SLM,Common Stock,Common Stock,1999,41615.961,,175568,31963,308.00,3,Assets only,1,1999-12-24,2001-01-31,50,5,3500,100,27.5833333333333,5.325,1053138.0,2826727.8,37.2564348077661,9.18219108248353,1551489.0,217183.961,41615.961,Large,Partial (3/4),2000
5553170,M&A,2000/5/9,ELH SJ,JDG SJ,Terminated,Company Takeover,JD Group Ltd/South Africa announced the acquisition of Ellerine Holdings Ltd for ZAR 2120.54M. The transaction was announced on 5/9/2000 and terminated on 9/6/2000.,ZAR,Stock,2000/9/6,0.000000,100.000000,No,Consumer Discretionary,Consumer Discretionary,N,Friendly,South Africa,South Africa,ELH,JDG,Common Stock,Common Stock,1999,1592.7979736328125,1004.6110229492188,2717,1919,2120.54,4,Both,1,1999-12-24,2001-01-31,50,5,3500,100,27.5833333333333,5.325,1053138.0,2826727.8,37.2564348077661,9.18219108248353,1551489.0,4309.7979736328125,1592.7979736328125,Large,Full (4/4),2000
5563825,INV,2000/5/12,CAP SJ,CAE SJ,Completed,Minority Purchase,Cape Empowerment Trust Ltd acquired a minority stake in Cape Empowerment Ltd. The transaction was completed on 5/12/2000.,ZAR,Cash,2000/5/12,0.000000,25.000000,No,Industrials,Financials,N,Friendly,South Africa,South Africa,CAP,CAE,Common Stock,Common Stock,1999,128.92100524902344,295.2030029296875,121.64099884033203,94.322998046875,16.22,4,Both,1,1999-12-24,2001-01-31,50,5,3500,100,27.5833333333333,5.325,1053138.0,2826727.8,37.2564348077661,9.18219108248353,1551489.0,416.84400177001953,295.2030029296875,Intermediate,Full (4/4),2000
5568651,M&A,2000/4/4,ACR SJ,PIM SJ,Completed,Company Takeover,Prism Holdings Ltd/South Africa acquired Accord Technologies Ltd for ZAR 113.51M. The transaction was announced on 4/4/2000 and completed on 6/30/2000.,ZAR,Cash and Stock,2000/6/30,0.000000,100.000000,No,Technology,Technology,N,Friendly,South Africa,South Africa,ACR,PIM,Common Stock,Common Stock,1999,113.7020034790039,194.80099487304688,47.233001708984375,61.38600158691406,113.51,4,Both,1,1999-12-24,2001-01-31,50,5,3500,100,27.5833333333333,5.325,1053138.0,2826727.8,37.2564348077661,9.18219108248353,1551489.0,256.18699645996094,194.80099487304688,Intermediate,Full (4/4),2000
55935398,M&A,2011/7/5,MTX SJ,JINGRZ CH,Completed,"Competing Bid, Company Takeover, Cross Border",Jinchuan Group Co Ltd acquired Metorex Ltd for ZAR 9471.97M. The transaction was announced on 7/5/2011 and completed on 1/17/2012.,ZAR,Cash,2012/1/17,0.000000,100.000000,No,Materials,Materials,N,Friendly,South Africa,China,MTX,JINGRZ,Common Stock,Private Comp,2010,6246.218,2781.3,65529.85701383,85925.91570249,9471.98,4,Both,3,2009-04-01,2017-09-30,560,80,6600,190,51.475,4.98333333333333,3327047.0,4099713.7,81.1531546702883,5.53905706188178,6908507.0,92172.13370249,6246.218,Large,Full (4/4),2011
5604351,M&A,2000/5/15,IFS SJ,BVT SJ,Completed,Majority Purchase,Bidvest Group Ltd/The acquired I-Fusion Holdings Ltd for ZAR 56.57M. The transaction was announced on 5/15/2000 and completed on 9/7/2000.,ZAR,Cash,2000/9/7,0.000000,75.699997,No,Technology,Consumer Staples,N,Friendly,South Africa,South Africa,IFS,BVT,Common Stock,Common Stock,1999,68.56700134277344,125.34700012207031,7642.43408203125,14646.1396484375,56.57,4,Turnover only,1,1999-12-24,2001-01-31,50,5,3500,100,27.5833333333333,5.325,1053138.0,2826727.8,37.2564348077661,9.18219108248353,1551489.0,14771.48664855957,125.34700012207033,Large,Full (4/4),2000
5604507,INV,2000/5/10,ZPT SJ,6501 JP,Completed,"Cross Border, Minority Purchase",Hitachi Ltd acquired a minority stake in Zaptronix Ltd. The transaction was announced on 5/10/2000 and completed on 6/15/2000.,ZAR,Cash,2000/6/15,0.000000,27.000000,No,Industrials,Industrials,N,Friendly,South Africa,Japan,ZPT,6501,Common Stock,Common Stock,1999,65.34700012207031,26.611000061035156,9676471,7977374,11.71,4,Both,1,1999-12-24,2001-01-31,50,5,3500,100,27.5833333333333,5.325,1053138.0,2826727.8,37.2564348077661,9.18219108248353,1551489.0,9676536.347000122,65.34700012207031,Intermediate,Full (4/4),2000
5612466,M&A,2000/5/23,ICH SJ,DBR SJ,Completed,Company Takeover,De Beers Consolidated Mines Ltd / De Beers Centenary AG acquired Indus & Commercial Hldgs Group for ZAR 542.27M. The transaction was announced on 5/23/2000 and completed on 8/7/2000.,ZAR,Cash,2000/8/7,0.000000,100.000000,No,Materials,Materials,N,Friendly,South Africa,South Africa,ICH,DBR,Common Stock,Unit,1999,456.8529968261719,41.92100143432617,,33548,542.27,3,Assets only,1,1999-12-24,2001-01-31,50,5,3500,100,27.5833333333333,5.325,1053138.0,2826727.8,37.2564348077661,9.18219108248353,1551489.0,34004.85299682617,456.8529968261719,Large,Partial (3/4),2000
5613292,M&A,2000/5/22,AUM SJ,ADR SJ,Completed,Company Takeover,Adcorp Holdings Ltd acquired Acumen Holdings Ltd for ZAR 133.26M. The transaction was completed on 5/22/2000.,ZAR,Cash and Stock,2000/5/22,0.000000,100.000000,No,Consumer Discretionary,Industrials,N,Friendly,South Africa,South Africa,AUM,ADR,Common Stock,Common Stock,1999,90.17400360107422,91.84400177001953,279.0249938964844,685.4600219726562,133.26,4,Both,1,1999-12-24,2001-01-31,50,5,3500,100,27.5833333333333,5.325,1053138.0,2826727.8,37.2564348077661,9.18219108248353,1551489.0,777.3040237426758,91.84400177001952,Intermediate,Full (4/4),2000
5630863,M&A,2000/3/25,PTR SJ,AHV SJ,Completed,Majority Purchase,African Harvest Ltd acquired African Partnership Ltd for ZAR 297.60M. The transaction was announced on 3/25/2000 and completed on 7/31/2000.,ZAR,Cash,2000/7/31,0.000000,97.000000,No,Financials,Financials,N,Friendly,South Africa,South Africa,PTR,AHV,Common Stock,Common Stock,1999,350.049988,45.18,2380.30810546875,349.0820007324219,297.60,4,Both,1,1999-12-24,2001-01-31,50,5,3500,100,27.5833333333333,5.325,1053138.0,2826727.8,37.2564348077661,9.18219108248353,1551489.0,2730.3580934687498,350.049988,Intermediate,Full (4/4),2000
5653629,INV,2000/6/8,AVS SJ,BAW SJ,Completed,Minority Purchase,Barloworld Ltd acquired a minority stake in Avis Southern Africa Ltd. The transaction was completed on 6/8/2000.,ZAR,Cash,2000/6/8,0.000000,24.000000,No,Consumer Discretionary,Industrials,N,Friendly,South Africa,South Africa,AVS,BAW,Common Stock,Common Stock,1999,1174.031982421875,766.4030151367188,15120,19337,355.00,4,Both,1,1999-12-24,2001-01-31,50,5,3500,100,27.5833333333333,5.325,1053138.0,2826727.8,37.2564348077661,9.18219108248353,1551489.0,20511.031982421875,1174.031982421875,Large,Full (4/4),2000
5711753,M&A,2000/6/30,CGU SJ,MAF SJ,Completed,"Company Takeover, Majority Purchase",Aviva PLC sold Cougar Investment Holding Co Ltd to Old Mutual Insure Ltd for GBP 115.50M. The transaction was announced on 6/30/2000 and completed on 12/31/2000.,GBP,Cash,2000/12/31,0.000000,79.000000,No,Financials,Financials,N,Friendly,South Africa,South Africa,CGU,MAF,Common Stock,Common Stock,1999,2111.373047,1596.009033,5504,4182,1186.96,4,Both,1,1999-12-24,2001-01-31,50,5,3500,100,27.5833333333333,5.325,1053138.0,2826727.8,37.2564348077661,9.18219108248353,1551489.0,7615.373047,2111.373047,Large,Full (4/4),2000
5729122,M&A,2000/7/10,LTA SJ,AEG SJ,Completed,Company Takeover,Aveng Ltd acquired LTA Ltd for ZAR 1321.17M. The transaction was announced on 7/10/2000 and completed on 10/30/2000.,ZAR,Cash or Stock,2000/10/30,0.000000,100.000000,No,Industrials,Industrials,N,Friendly,South Africa,South Africa,LTA,AEG,Common Stock,Common Stock,1999,2768.737060546875,4866,3437.199951171875,5126,1321.17,4,Both,1,1999-12-24,2001-01-31,50,5,3500,100,27.5833333333333,5.325,1053138.0,2826727.8,37.2564348077661,9.18219108248353,1551489.0,9992.0,4866.0,Large,Full (4/4),2000
57304581,INV,2011/8/29,OPT SJ,GLEN LN,Completed,"Cross Border, Minority Purchase",Glencore PLC acquired a minority stake in Optimum Coal Holdings Pty Ltd. The transaction was completed on 8/29/2011. Financial terms of the transaction are undisclosed.,ZAR,Undisclosed,2011/8/29,0.000000,14.100000,No,Materials,Materials,N,Friendly,South Africa,Switzerland,OPT,GLEN,Common Stock,Common Stock,2010,11223.9,3359.324,79787,144978,,4,Both,3,2009-04-01,2017-09-30,560,80,6600,190,51.475,4.98333333333333,3327047.0,4099713.7,81.1531546702883,5.53905706188178,6908507.0,156201.9,11223.9,Large,Full (4/4),2011
5730940,M&A,2000/7/10,MTN SJ,JNC SJ,Completed,"Majority Purchase, Additional Stake Purchase",Transnet SOC Ltd sold MTN Group Ltd to Johnnic Holdings Ltd for ZAR 2475.00M. The transaction was completed on 7/10/2000.,ZAR,Cash,2000/7/10,45.705002,50.348999,No,Communications,Real Estate,N,Friendly,South Africa,South Africa,MTN,JNC,Common Stock,Private Comp,1999,4582.5,4453.299805,11652.2998046875,6648.2001953125,2475.01,4,Both,1,1999-12-24,2001-01-31,50,5,3500,100,27.5833333333333,5.325,1053138.0,2826727.8,37.2564348077661,9.18219108248353,1551489.0,16234.7998046875,4582.5,Large,Full (4/4),2000
5736742,INV,2000/7/12,APL SJ,NED SJ,Completed,Minority Purchase,Nedbank Group Ltd acquired a minority stake in Net 1 Applied Tech Holdings Ltd. The transaction was completed on 7/12/2000.,ZAR,Cash,2000/7/12,0.000000,26.200001,No,Technology,Financials,N,Friendly,South Africa,South Africa,APL,NED,Common Stock,Common Stock,1999,224.4759979248047,241.4239959716797,129844,19762,113.41,4,Both,1,1999-12-24,2001-01-31,50,5,3500,100,27.5833333333333,5.325,1053138.0,2826727.8,37.2564348077661,9.18219108248353,1551489.0,130085.42399597168,241.4239959716797,Large,Full (4/4),2000
5756624,M&A,2000/7/14,IOT SJ,GMB SJ,Terminated,Company Takeover,Glenrand MIB Ltd announced the acquisition of Iota Financial Services Ltd. The transaction was announced on 7/14/2000 and terminated on 9/6/2000. Financial terms of the transaction are undisclosed.,ZAR,Cash and Stock,2000/9/6,0.000000,100.000000,No,Financials,Financials,N,Friendly,South Africa,South Africa,IOT,GMB,Common Stock,Common Stock,1999,274.2820129394531,126.47799682617188,885.9769897460938,419.2560119628906,,4,Both,1,1999-12-24,2001-01-31,50,5,3500,100,27.5833333333333,5.325,1053138.0,2826727.8,37.2564348077661,9.18219108248353,1551489.0,1160.2590026855469,274.2820129394531,Intermediate,Full (4/4),2000
57803318,INV,2011/9/20,GND SJ,REM SJ,Completed,"Private Placement, Minority Purchase",Remgro Ltd acquired a minority stake in Grindrod Ltd. The transaction was announced on 9/20/2011 and completed on 10/25/2011.,ZAR,Cash,2011/10/25,0.000000,22.000000,No,Industrials,Financials,N,Friendly,South Africa,South Africa,GND,REM,Common Stock,Common Stock,2010,13891.43,29390.576,48058,11849,2000.01,4,Both,3,2009-04-01,2017-09-30,560,80,6600,190,51.475,4.98333333333333,3327047.0,4099713.7,81.1531546702883,5.53905706188178,6908507.0,77448.576,29390.576,Large,Full (4/4),2011
58024961,M&A,2011/9/6,PCN SJ,ADR SJ,Completed,Company Takeover,Adcorp Holdings Ltd acquired Paracon Holdings Ltd for ZAR 639.13M. The transaction was announced on 9/6/2011 and completed on 12/6/2011.,ZAR,Cash or Stock,2011/12/6,0.000000,100.000000,No,Technology,Industrials,N,Friendly,South Africa,South Africa,PCN,ADR,Common Stock,Common Stock,2010,343.534,1021.219,1671.796,5050.358,639.13,4,Both,3,2009-04-01,2017-09-30,560,80,6600,190,51.475,4.98333333333333,3327047.0,4099713.7,81.1531546702883,5.53905706188178,6908507.0,6071.577,1021.219,Intermediate,Full (4/4),2011
5829941,M&A,2000/8/16,FAM SJ,EMH SJ,Completed,"Company Takeover, Additional Stake Purchase",E Media Holdings Ltd acquired Frame Group Ltd for ZAR 534.44M. The transaction was announced on 8/16/2000 and completed on 12/11/2000.,ZAR,Cash,2000/12/11,23.000000,77.000000,No,Consumer Discretionary,Consumer Discretionary,N,Friendly,South Africa,South Africa,FAM,EMH,Common Stock,Common Stock,1999,1316.385,1162.137,1008.416015625,1737.657958984375,534.44,4,Both,1,1999-12-24,2001-01-31,50,5,3500,100,27.5833333333333,5.325,1053138.0,2826727.8,37.2564348077661,9.18219108248353,1551489.0,3054.042958984375,1316.385,Intermediate,Full (4/4),2000
5832128,M&A,2000/8/17,GSC SJ,SLM SJ,Completed,"Company Takeover, Additional Stake Purchase",Sanlam Ltd acquired Genbel Securities Ltd for ZAR 4677.95M. The transaction was announced on 8/17/2000 and completed on 12/26/2000.,ZAR,Cash,2000/12/26,50.000000,50.000000,No,Financials,Financials,N,Friendly,South Africa,South Africa,GSC,SLM,Common Stock,Common Stock,1999,13484,1654.300049,175568,31963,4677.93,4,Both,1,1999-12-24,2001-01-31,50,5,3500,100,27.5833333333333,5.325,1053138.0,2826727.8,37.2564348077661,9.18219108248353,1551489.0,189052.0,13484.0,Large,Full (4/4),2000
5839938,M&A,2000/8/22,CRS SJ,OR FP,Completed,"Company Takeover, Additional Stake Purchase",L'Oreal SA acquired Carson Holdings Ltd for ZAR 308.29M. The transaction was announced on 8/22/2000 and completed on 10/30/2000.,ZAR,Cash,2000/10/30,52.500000,47.500000,No,Consumer Staples,Consumer Staples,N,Friendly,South Africa,France,CRS,OR,Common Stock,Common Stock,1999,312.2030029296875,269.28399658203125,10225.7021,10749.625685823774,308.29,4,Both,1,1999-12-24,2001-01-31,50,5,3500,100,27.5833333333333,5.325,1053138.0,2826727.8,37.2564348077661,9.18219108248353,1551489.0,11061.828688753461,312.2030029296875,Large,Full (4/4),2000
5850764,M&A,2000/7/7,SIB SJ,INL SJ,Completed,Company Takeover,Investec Ltd acquired SIB Holdings Ltd for ZAR 507.72M. The transaction was announced on 7/7/2000 and completed on 10/9/2000.,ZAR,Cash or Stock,2000/10/9,0.000000,100.000000,No,Financials,Financials,N,Friendly,South Africa,South Africa,SIB,INL,Common Stock,Common Stock,1999,1782.687012,23.496,11237.6085,1217.747429501916,507.72,4,Assets only,1,1999-12-24,2001-01-31,50,5,3500,100,27.5833333333333,5.325,1053138.0,2826727.8,37.2564348077661,9.18219108248353,1551489.0,13020.295512,1782.687012,Large,Full (4/4),2000
5866262,M&A,2000/8/4,NTL SJ,SBV SJ,Completed,Company Takeover,Sabvest Ltd acquired Natural Health Holdings Ltd for ZAR 29.63M. The transaction was announced on 8/4/2000 and completed on 9/18/2000.,ZAR,Cash,2000/9/18,35.000000,65.000000,No,Health Care,Financials,N,Friendly,South Africa,South Africa,NTL,SBV,Common Stock,Common Stock,1999,49.81399917602539,45.314998626708984,205.9149932861328,20.53700065612793,29.63,4,Both,1,1999-12-24,2001-01-31,50,5,3500,100,27.5833333333333,5.325,1053138.0,2826727.8,37.2564348077661,9.18219108248353,1551489.0,255.7289924621582,49.81399917602539,Intermediate,Full (4/4),2000
5866350,M&A,2000/8/28,BDS SJ,5108 JP,Completed,"Majority Purchase, Additional Stake Purchase",Bridgestone Corp acquired Bridgestone Maxiprest Pty Ltd. The transaction was completed on 8/28/2000. Financial terms of the transaction are undisclosed.,ZAR,Undisclosed,2000/8/28,46.000000,7.000000,No,Consumer Discretionary,Consumer Discretionary,N,Friendly,South Africa,Japan,BDS,5108,Common Stock,Common Stock,1999,449.0260009765625,583.2689819335938,1792744,2085720,,4,Both,1,1999-12-24,2001-01-31,50,5,3500,100,27.5833333333333,5.325,1053138.0,2826727.8,37.2564348077661,9.18219108248353,1551489.0,2086303.2689819336,583.2689819335938,Large,Full (4/4),2000
58670263,INV,2011/9/12,IQG SJ,SFN SJ,Completed,Minority Purchase,Paladin Capital Ltd sold a minority stake in IQuad Group Ltd to Sasfin Holdings Ltd. The transaction was announced on 9/12/2011 and completed on 10/24/2011.,ZAR,Cash,2011/10/24,0.000000,42.900002,No,Industrials,Financials,N,Friendly,South Africa,South Africa,IQG,SFN,Common Stock,Common Stock,2010,172.244,79.97,3551.522,798.186,3.09,4,Assets only,3,2009-04-01,2017-09-30,560,80,6600,190,51.475,4.98333333333333,3327047.0,4099713.7,81.1531546702883,5.53905706188178,6908507.0,3723.766,172.244,Intermediate,Full (4/4),2011
58781834,INV,2011/10/27,AVV SJ,AVV SJ,Completed,Minority Purchase,Amabubesi Technology Holdings Pty Ltd sold a minority stake in Alviva Holdings Ltd to Alviva Holdings Ltd. The transaction was completed on 10/27/2011.,ZAR,Cash,2011/10/27,0.000000,10.400000,No,Consumer Discretionary,Consumer Discretionary,N,Friendly,South Africa,South Africa,AVV,AVV,Common Stock,Common Stock,2010,1254.831,3166.925,1254.831,3166.925,7.50,4,Both,3,2009-04-01,2017-09-30,560,80,6600,190,51.475,4.98333333333333,3327047.0,4099713.7,81.1531546702883,5.53905706188178,6908507.0,6333.85,3166.925,Intermediate,Full (4/4),2011
5882694,M&A,2000/9/8,MDM SJ,CPB SJ,Completed,Company Takeover,Micawber 274 Ltd acquired Macadams Bakery Supplies HLD for ZAR 84.24M. The transaction was announced on 9/8/2000 and completed on 11/13/2000.,ZAR,Cash,2000/11/13,0.000000,100.000000,No,Industrials,Financials,N,Friendly,South Africa,South Africa,MDM,CPB,Common Stock,Common Stock,1999,128.843994140625,157.8209991455078,2717.583984375,232.2989959716797,84.24,4,Both,1,1999-12-24,2001-01-31,50,5,3500,100,27.5833333333333,5.325,1053138.0,2826727.8,37.2564348077661,9.18219108248353,1551489.0,2875.404983520508,157.8209991455078,Intermediate,Full (4/4),2000
5898448,M&A,2000/9/15,GRA SJ,558576Q LN,Completed,"Company Takeover, Private Equity",G4S Holdings 102 UK Ltd acquired Gray Security Services Ltd for ZAR 467.64M. The transaction was announced on 9/15/2000 and completed on 11/20/2000.,ZAR,Cash,2000/11/20,0.000000,100.000000,No,Industrials,Industrials,N,Friendly,South Africa,United Kingdom,GRA,558576Q,Common Stock,Common Stock,1999,119.8550033569336,532.3280029296875,475.20001220703125,912.7999877929688,467.64,4,Both,1,1999-12-24,2001-01-31,50,5,3500,100,27.5833333333333,5.325,1053138.0,2826727.8,37.2564348077661,9.18219108248353,1551489.0,1445.1279907226562,532.3280029296875,Intermediate,Full (4/4),2000
5912379,M&A,2000/9/19,ECH SJ,MFL SJ,Completed,"Majority Purchase, Additional Stake Purchase",Metrofile Holdings Ltd acquired EC-Hold Ltd for ZAR 40.16M. The transaction was announced on 9/19/2000 and completed on 8/2/2001.,ZAR,Cash,2001/8/2,33.900002,38.599998,No,Technology,Technology,N,Friendly,South Africa,South Africa,ECH,MFL,Common Stock,Common Stock,1999,99.625,27.22100067138672,364.12298583984375,363.5920104980469,40.16,4,Both,1,1999-12-24,2001-01-31,50,5,3500,100,27.5833333333333,5.325,1053138.0,2826727.8,37.2564348077661,9.18219108248353,1551489.0,463.74798583984375,99.625,Intermediate,Full (4/4),2000
5920597,INV,2000/9/22,NCX SJ,TBS SJ,Completed,Minority Purchase,Tiger Brands Ltd acquired a minority stake in National Chick Ltd. The transaction was completed on 9/22/2000. Financial terms of the transaction are undisclosed.,ZAr,Undisclosed,2000/9/22,0.000000,34.000000,No,Consumer Staples,Consumer Staples,N,Friendly,South Africa,South Africa,NCX,TBS,Common Stock,Common Stock,1999,152.77,190.597,9656.200195,15641.099609,,4,Both,1,1999-12-24,2001-01-31,50,5,3500,100,27.5833333333333,5.325,1053138.0,2826727.8,37.2564348077661,9.18219108248353,1551489.0,15831.696609,190.597,Large,Full (4/4),2000
5976586,M&A,2000/7/13,BRM SJ,IVT SJ,Completed,Majority Purchase,Aveng Ltd sold Bearing Man Ltd/South Africa to Invicta Holdings Ltd for ZAR 91.77M. The transaction was completed on 7/13/2000.,ZAR,Cash,2000/7/13,0.000000,54.637001,No,Consumer Discretionary,Consumer Discretionary,N,Friendly,South Africa,South Africa,BRM,IVT,Common Stock,Common Stock,1999,340.6700134277344,495.8789978027344,399.2120056152344,501.7909851074219,91.77,4,Both,1,1999-12-24,2001-01-31,50,5,3500,100,27.5833333333333,5.325,1053138.0,2826727.8,37.2564348077661,9.18219108248353,1551489.0,997.6699829101562,495.8789978027344,Intermediate,Full (4/4),2000
5981009,M&A,2000/10/20,CAS SJ,CBRY LN,Completed,"Company Takeover, Additional Stake Purchase",Cadbury Ltd acquired Cadbury Schweppes South Africa for ZAR 1593.64M. The transaction was announced on 10/20/2000 and completed on 12/18/2000.,ZAR,Cash,2000/12/18,55.000000,45.000000,No,Consumer Staples,Consumer Staples,N,Friendly,South Africa,United Kingdom,CAS,CBRY,Common Stock,Common Stock,1999,2812.158,1690.584,4964,4234,1593.64,4,Both,1,1999-12-24,2001-01-31,50,5,3500,100,27.5833333333333,5.325,1053138.0,2826727.8,37.2564348077661,9.18219108248353,1551489.0,7776.157999999999,2812.158,Large,Full (4/4),2000
59840013,M&A,2011/12/8,NBC SJ,TBG SJ,Terminated,"PE Buyout, Company Takeover, Cross Border, Private Equity",Tiso Blackstar Group SE announced the acquisition of New Bond Capital Ltd for ZAR 1767.04M. The transaction was announced on 12/8/2011 and terminated on 12/20/2011.,ZAR,Cash or Stock,2011/12/20,0.000000,100.000000,No,Financials,Financials,N,Friendly,South Africa,United Kingdom,NBC,TBG,Common Stock,Common Stock,2010,7355.057,,154.328,91.591,1767.05,3,Assets only,3,2009-04-01,2017-09-30,560,80,6600,190,51.475,4.98333333333333,3327047.0,4099713.7,81.1531546702883,5.53905706188178,6908507.0,7509.385,7355.057,Large,Partial (3/4),2011
5984364,INV,2000/10/17,ENV SJ,BVT SJ,Completed,Minority Purchase,Bidvest Group Ltd/The acquired a minority stake in Enviroserv Holdings Ltd. The transaction was completed on 10/17/2000. Financial terms of the transaction are undisclosed.,ZAR,Undisclosed,2000/10/17,0.000000,23.000000,No,Industrials,Consumer Staples,N,Friendly,South Africa,South Africa,ENV,BVT,Common Stock,Common Stock,1999,269.4440002441406,324.9849853515625,7642.43408203125,14646.1396484375,,4,Both,1,1999-12-24,2001-01-31,50,5,3500,100,27.5833333333333,5.325,1053138.0,2826727.8,37.2564348077661,9.18219108248353,1551489.0,14971.124633789062,324.9849853515625,Large,Full (4/4),2000
6038944,M&A,2000/11/13,CCH SJ,MFL SJ,Completed,Company Takeover,Metrofile Holdings Ltd acquired Computer Configurations Holdings Ltd for ZAR 318.49M. The transaction was announced on 11/13/2000 and completed on 10/10/2001.,ZAR,Stock,2001/10/10,0.000000,100.000000,No,Technology,Technology,N,Friendly,South Africa,South Africa,CCH,MFL,Common Stock,Common Stock,1999,436.72100830078125,470.3819885253906,364.12298583984375,363.5920104980469,318.49,4,Both,1,1999-12-24,2001-01-31,50,5,3500,100,27.5833333333333,5.325,1053138.0,2826727.8,37.2564348077661,9.18219108248353,1551489.0,834.5049743652344,470.3819885253906,Intermediate,Full (4/4),2000
6041914,M&A,2000/11/15,KGM SJ,PMA SJ,Terminated,Company Takeover,Old Primedia Ltd announced the acquisition of Kagiso Media Ltd for ZAR 347.95M. The transaction was announced on 11/15/2000 and terminated on 3/14/2001.,ZAR,Cash and Stock,2001/3/14,0.000000,100.000000,No,Communications,Communications,N,Friendly,South Africa,South Africa,KGM,PMA,Common Stock,Common Stock,1999,288.3450012207031,106.4260025024414,1564.166992,1440.797974,347.95,4,Both,1,1999-12-24,2001-01-31,50,5,3500,100,27.5833333333333,5.325,1053138.0,2826727.8,37.2564348077661,9.18219108248353,1551489.0,1852.511993220703,288.3450012207031,Intermediate,Full (4/4),2000
6057755,M&A,2000/11/22,FDS SJ,INL SJ,Completed,"Company Takeover, Additional Stake Purchase",Investec Ltd acquired Fedsure Holdings Ltd for ZAR 4519.57M. The transaction was announced on 11/22/2000 and completed on 4/30/2002.,ZAR,Cash and Stock,2002/4/30,14.300000,85.699997,No,Financials,Financials,N,Friendly,South Africa,South Africa,FDS,INL,Common Stock,Common Stock,1999,44617,610,11237.6085,1217.747429501916,4519.57,4,Both,1,1999-12-24,2001-01-31,50,5,3500,100,27.5833333333333,5.325,1053138.0,2826727.8,37.2564348077661,9.18219108248353,1551489.0,55854.6085,44617.0,Large,Full (4/4),2000
6069151,INV,2000/11/28,MTX SJ,0174196D CN,Completed,"Cross Border, Additional Stake Purchase",Crew Gold Corp acquired Metorex Ltd for GBP 3.63M. The transaction was completed on 11/28/2000.,GBP,Undisclosed,2000/11/28,40.500000,9.900000,No,Materials,Materials,N,Friendly,South Africa,Canada,MTX,0174196D,Common Stock,Common Stock,1999,181.84300231933594,75.75299835205078,29.625131861877442,15.886245540349238,39.99,4,Both,1,1999-12-24,2001-01-31,50,5,3500,100,27.5833333333333,5.325,1053138.0,2826727.8,37.2564348077661,9.18219108248353,1551489.0,211.4681341812134,181.84300231933597,Intermediate,Full (4/4),2000
6074821,M&A,2000/11/29,LOT SJ,BRAIT LX,Completed,Company Takeover,Brait PLC acquired LogOpt Ltd for ZAR 625.31M. The transaction was announced on 11/29/2000 and completed on 8/27/2001.,ZAR,Cash,2001/8/27,0.000000,100.000000,No,Industrials,Financials,N,Friendly,South Africa,South Africa,LOT,BRAIT,Common Stock,Common Stock,1999,1360.2459716796875,1002.8400268554688,3083.39990234375,608,625.31,4,Both,1,1999-12-24,2001-01-31,50,5,3500,100,27.5833333333333,5.325,1053138.0,2826727.8,37.2564348077661,9.18219108248353,1551489.0,4443.6458740234375,1360.2459716796875,Large,Full (4/4),2000
6094756,M&A,2000/12/6,MML SJ,CLS SJ,Terminated,Company Takeover,Clicks Group Ltd announced the acquisition of Metmar Ltd for ZAR 147.03M. The transaction was announced on 12/6/2000 and terminated on 3/12/2001.,ZAR,Cash and Stock,2001/3/12,0.000000,100.000000,No,Materials,Consumer Staples,N,Friendly,South Africa,South Africa,MML,CLS,Common Stock,Common Stock,1999,175.36199951171875,231.13499450683594,1524.0560302734375,3394.426025390625,147.03,4,Both,1,1999-12-24,2001-01-31,50,5,3500,100,27.5833333333333,5.325,1053138.0,2826727.8,37.2564348077661,9.18219108248353,1551489.0,3625.561019897461,231.13499450683597,Large,Full (4/4),2000
61005014,INV,2012/1/20,LUX SJ,BRT SJ,Completed,Minority Purchase,Brimstone Investment Corp Ltd acquired a minority stake in Luxe Holdings Ltd. The transaction was completed on 1/20/2012. Financial terms of the transaction are undisclosed.,ZAR,Undisclosed,2012/1/20,0.000000,12.400000,No,Consumer Discretionary,Consumer Staples,N,Friendly,South Africa,South Africa,LUX,BRT,Common Stock,Common Stock,2011,216.484,233.751,4604.804,1867.915,,4,Both,3,2009-04-01,2017-09-30,560,80,6600,190,54.3916666666667,5.66666666666667,3566385.0,4197952.4,84.9553463255086,4.68520499377743,8383564.0,4838.555,233.751,Intermediate,Full (4/4),2012
6116802,INV,2000/12/13,DLH SJ,CRO IM,Completed,"Cross Border, Additional Stake Purchase, Tender Offer",Cirio Finanziaria SpA acquired Del Monte Royal Holdings Ltd for ZAR 130.03M. The transaction was announced on 12/13/2000 and completed on 2/12/2001.,ZAR,Cash,2001/2/12,69.379997,30.620001,No,Financials,Consumer Staples,N,Hostile,South Africa,Italy,DLH,CRO,Common Stock,Common Stock,1999,5190.363,3510.919,2464.956,1169.3938314176298,130.03,4,Both,1,1999-12-24,2001-01-31,50,5,3500,100,27.5833333333333,5.325,1053138.0,2826727.8,37.2564348077661,9.18219108248353,1551489.0,7655.319,5190.363,Large,Full (4/4),2000
6116806,M&A,2000/12/13,DLC SJ,CRO IM,Completed,"Company Takeover, Cross Border, Additional Stake Purchase, Tender Offer",Cirio Finanziaria SpA acquired Del Monte Royal Corp Ltd for ZAR 246.78M. The transaction was announced on 12/13/2000 and completed on 2/12/2001.,ZAR,Cash,2001/2/12,70.419998,29.580000,No,Financials,Consumer Staples,N,Hostile,South Africa,Italy,DLC,CRO,Common Stock,Common Stock,1999,5190.349,3510.919,2464.956,1169.3938314176298,246.78,4,Both,1,1999-12-24,2001-01-31,50,5,3500,100,27.5833333333333,5.325,1053138.0,2826727.8,37.2564348077661,9.18219108248353,1551489.0,7655.305,5190.349,Large,Full (4/4),2000
6116810,INV,2000/12/13,DLF SJ,CRO IM,Completed,"Cross Border, Additional Stake Purchase",Cirio Finanziaria SpA acquired Del Monte Royal Foods Corp for ZAR 889.63M. The transaction was announced on 12/13/2000 and completed on 4/17/2001.,ZAR,Cash,2001/4/17,56.669998,43.330002,No,Consumer Staples,Consumer Staples,N,Hostile,South Africa,Italy,DLF,CRO,Common Stock,Common Stock,1999,5190.718,3510.919,2464.956,1169.3938314176298,889.63,4,Both,1,1999-12-24,2001-01-31,50,5,3500,100,27.5833333333333,5.325,1053138.0,2826727.8,37.2564348077661,9.18219108248353,1551489.0,7655.674,5190.718,Large,Full (4/4),2000
61827494,INV,2012/2/21,LHG SJ,PLB CN,Completed,"Cross Border, Minority Purchase, Additional Stake Purchase",Tiso Blackstar Group SE sold a minority stake in Litha Healthcare Group Ltd to Paladin Labs Inc. The transaction was announced on 2/21/2012 and completed on 7/2/2012. Financial terms of the transaction are undisclosed.,ZAR,Cash,2012/7/2,25.040001,19.480000,No,Health Care,Health Care,N,Friendly,South Africa,Canada,LHG,PLB,Common Stock,Common Stock,2011,1442.745,1747.026,397.913,141.466,,4,Both,3,2009-04-01,2017-09-30,560,80,6600,190,54.3916666666667,5.66666666666667,3566385.0,4197952.4,84.9553463255086,4.68520499377743,8383564.0,2144.9390000000003,1747.026,Intermediate,Full (4/4),2012
6202145,INV,2001/1/16,THK SJ,SBO SJ,Completed,Minority Purchase,Saambou Holdings Ltd acquired a minority stake in Thuthukani Group Ltd. The transaction was completed on 1/16/2001. Financial terms of the transaction are undisclosed.,ZAR,Cash,2001/1/16,34.799999,14.200000,No,Financials,Financials,N,Friendly,South Africa,South Africa,THK,SBO,Common Stock,Common Stock,2000,233.44400024414062,269.95599365234375,15269.599609375,2447.60009765625,,4,Both,1,1999-12-24,2001-01-31,50,5,3500,100,29.15,5.725,1165940.6,2903049.5,40.1626152085936,7.80047907381016,1770682.0,15539.555603027344,269.9559936523437,Large,Full (4/4),2001
6202155,M&A,2001/1/16,THK SJ,SBO SJ,Completed,"Company Takeover, Additional Stake Purchase, Tender Offer",Saambou Holdings Ltd acquired Thuthukani Group Ltd for ZAR 174.70M. The transaction was announced on 1/16/2001 and completed on 10/3/2001.,ZAR,Cash,2001/10/3,49.000000,51.000000,No,Financials,Financials,N,Friendly,South Africa,South Africa,THK,SBO,Common Stock,Common Stock,2000,233.44400024414062,269.95599365234375,15269.599609375,2447.60009765625,174.70,4,Both,1,1999-12-24,2001-01-31,50,5,3500,100,29.15,5.725,1165940.6,2903049.5,40.1626152085936,7.80047907381016,1770682.0,15539.555603027344,269.9559936523437,Large,Full (4/4),2001
6222859,M&A,2001/1/24,CET SJ,CES SJ,Completed,"Company Takeover, Tender Offer",Chester Investment Holdings Ltd acquired Chet Industries Ltd for ZAR 27.05M. The transaction was announced on 1/24/2001 and completed on 12/18/2001.,ZAR,Cash,2001/12/18,48.549999,51.450001,No,Materials,Financials,N,Friendly,South Africa,South Africa,CET,CES,Common Stock,Common Stock,2000,112.619,297.475,141.288,,27.05,3,Both,1,1999-12-24,2001-01-31,50,5,3500,100,29.15,5.725,1165940.6,2903049.5,40.1626152085936,7.80047907381016,1770682.0,438.76300000000003,297.475,Intermediate,Partial (3/4),2001
6236462,M&A,2001/1/30,AMA SJ,0544801D US,Completed,"Cross Border, Tender Offer",Tedelex Ltd sold Home of Living Brands Holdings Ltd to Russell Hobbs Inc for ZAR 30.13M. The transaction was completed on 1/30/2001.,ZAR,Cash,2001/1/30,18.000000,12.000000,No,Consumer Discretionary,Consumer Discretionary,N,Friendly,South Africa,United States,AMA,0544801D,Common Stock,Common Stock,2000,388.04901123046875,699.4310302734375,564.276,837.302,30.13,4,Both,1,1999-12-24,2001-01-31,50,5,3500,100,29.15,5.725,1165940.6,2903049.5,40.1626152085936,7.80047907381016,1770682.0,1536.7330302734376,699.4310302734375,Intermediate,Full (4/4),2001
6241854,INV,2001/2/1,ACL SJ,ARI SJ,Completed,Minority Purchase,African Rainbow Minerals Ltd acquired a minority stake in ArcelorMittal South Africa Ltd. The transaction was completed on 2/1/2001.,ZAR,Cash,2001/2/1,0.000000,11.500000,No,Materials,Materials,N,Friendly,South Africa,South Africa,ACL,ARI,Common Stock,Common Stock,2000,15401,13653,9437,2934,486.61,4,Both,2,2001-02-01,2009-03-31,200,30,3500,100,29.15,5.725,1165940.6,2903049.5,40.1626152085936,7.80047907381016,1770682.0,24838.0,15401.0,Large,Full (4/4),2001
6323248,INV,2000/12/13,SMT SJ,AFA LN,Completed,"Cross Border, Minority Purchase, Tender Offer",Microgen Financial Systems Ltd acquired a minority stake in Smacsoft Group Ltd. The transaction was announced on 12/13/2000 and completed on 2/26/2001.,ZAR,Cash,2001/2/26,0.000000,31.299999,No,Technology,Technology,N,Friendly,South Africa,United Kingdom,SMT,AFA,Common Stock,Common Stock,1999,27.201000213623047,18.104000091552734,5.242000102996826,1.7790000438690186,25.42,4,Both,1,1999-12-24,2001-01-31,50,5,3500,100,27.5833333333333,5.325,1053138.0,2826727.8,37.2564348077661,9.18219108248353,1551489.0,32.44300031661987,27.201000213623047,Small,Full (4/4),2000
6323440,M&A,2001/2/27,0991640D SJ,HDC SJ,Completed,Company Takeover,Hudaco Industries Ltd acquired Elvey Security Technologies Ltd for ZAR 45.25M. The transaction was announced on 2/27/2001 and completed on 6/28/2001.,ZAR,Cash,2001/6/28,0.000000,100.000000,No,Industrials,Industrials,N,Friendly,South Africa,South Africa,0991640D,HDC,Common Stock,Common Stock,2000,38.151001,97.078003,569.672974,908.299011,45.25,4,Both,2,2001-02-01,2009-03-31,200,30,3500,100,29.15,5.725,1165940.6,2903049.5,40.1626152085936,7.80047907381016,1770682.0,1005.3770139999999,97.078003,Intermediate,Full (4/4),2001
6352751,M&A,2001/3/6,264303Q SJ,NAI SJ,Completed,"Company Takeover, Additional Stake Purchase",New Africa Investments Ltd acquired Metropolitan Life Ltd. The transaction was announced on 3/6/2001 and completed on 9/21/2001. Financial terms of the transaction are undisclosed.,ZAR,Stock,2001/9/21,51.099998,49.900002,No,Financials,Financials,N,Friendly,South Africa,South Africa,264303Q,NAI,Common Stock,Common Stock,2000,29492,9161,33631.88671875,548.583984375,,4,Both,2,2001-02-01,2009-03-31,200,30,3500,100,29.15,5.725,1165940.6,2903049.5,40.1626152085936,7.80047907381016,1770682.0,63123.88671875,29492.0,Large,Full (4/4),2001
6355222,M&A,2000/12/4,CMT SJ,SKAB SS,Completed,"Cross Border, Majority Purchase, Additional Stake Purchase, Tender Offer",Skanska AB acquired Cementation Co Africa Ltd for ZAR 1.31M. The transaction was announced on 12/4/2000 and completed on 3/2/2001.,ZAR,Cash,2001/3/2,49.900002,5.860000,No,Industrials,Industrials,N,Friendly,South Africa,Sweden,CMT,SKAB,Common Stock,Common Stock,1999,178.5019989013672,438.9729919433594,51338,79128,1.31,4,Both,1,1999-12-24,2001-01-31,50,5,3500,100,27.5833333333333,5.325,1053138.0,2826727.8,37.2564348077661,9.18219108248353,1551489.0,79566.97299194336,438.9729919433594,Large,Full (4/4),2000
6367782,M&A,2001/3/8,SET SJ,EMH SJ,Completed,"Company Takeover, Additional Stake Purchase",E Media Holdings Ltd acquired Seartec Ltd for ZAR 9.53M. The transaction was announced on 3/8/2001 and completed on 6/11/2001.,ZAR,Cash,2001/6/11,85.000000,15.000000,No,Technology,Consumer Discretionary,N,Friendly,South Africa,South Africa,SET,EMH,Common Stock,Common Stock,2000,144.491,251.565,1109.371948,1895.277954,9.53,4,Both,2,2001-02-01,2009-03-31,200,30,3500,100,29.15,5.725,1165940.6,2903049.5,40.1626152085936,7.80047907381016,1770682.0,2146.8429539999997,251.565,Intermediate,Full (4/4),2001
6410336,M&A,2000/3/28,ADS SJ,ADH SJ,Completed,Majority Purchase,Advanced Technical Systems sold Advsource Holdings Ltd to Advtech Ltd for ZAR 59.41M. The transaction was announced on 3/28/2000 and completed on 5/2/2000.,ZAR,Stock,2000/5/2,0.000000,61.619999,No,Industrials,Consumer Discretionary,N,Friendly,South Africa,South Africa,ADS,ADH,Common Stock,Common Stock,1999,139.136,198.022,387.3160095214844,206.53399658203125,59.41,4,Both,1,1999-12-24,2001-01-31,50,5,3500,100,27.5833333333333,5.325,1053138.0,2826727.8,37.2564348077661,9.18219108248353,1551489.0,585.3380095214843,198.022,Intermediate,Full (4/4),2000
6414786,INV,2001/3/20,BRC SJ,CES SJ,Completed,"Additional Stake Purchase, Tender Offer",Chester Investment Holdings Ltd acquired Brandcorp Holdings Ltd for ZAR 3.07M. The transaction was completed on 3/20/2001.,ZAR,Cash,2001/3/20,34.169998,2.540000,No,Consumer Discretionary,Financials,N,Friendly,South Africa,South Africa,BRC,CES,Common Stock,Common Stock,2000,264.4419860839844,449.1889953613281,141.288,,3.07,3,Both,2,2001-02-01,2009-03-31,200,30,3500,100,29.15,5.725,1165940.6,2903049.5,40.1626152085936,7.80047907381016,1770682.0,590.4769953613281,449.1889953613281,Intermediate,Partial (3/4),2001
6414818,M&A,2001/3/20,BRC SJ,CES SJ,Completed,"Company Takeover, Majority Purchase, Tender Offer",Chester Investment Holdings Ltd acquired Brandcorp Holdings Ltd for ZAR 1.04M. The transaction was announced on 3/20/2001 and completed on 6/13/2001.,ZAR,Cash,2001/6/13,36.709999,1.040000,No,Consumer Discretionary,Financials,N,Friendly,South Africa,South Africa,BRC,CES,Common Stock,Common Stock,2000,264.4419860839844,449.1889953613281,141.288,,1.04,3,Both,2,2001-02-01,2009-03-31,200,30,3500,100,29.15,5.725,1165940.6,2903049.5,40.1626152085936,7.80047907381016,1770682.0,590.4769953613281,449.1889953613281,Intermediate,Partial (3/4),2001
64393758,INV,2000/4/13,CCH SJ,BRAIT LX,Completed,Minority Purchase,Brait PLC acquired a minority stake in Computer Configurations Holdings Ltd. The transaction was completed on 04/13/2000.,ZAR,Undisclosed,2000/4/13,0.000000,0.000000,No,Technology,Financials,N,Friendly,South Africa,South Africa,CCH,BRAIT,Common Stock,Common Stock,1999,436.72100830078125,470.3819885253906,3083.39990234375,608,,4,Both,1,1999-12-24,2001-01-31,50,5,3500,100,27.5833333333333,5.325,1053138.0,2826727.8,37.2564348077661,9.18219108248353,1551489.0,3553.7818908691406,470.3819885253906,Large,Full (4/4),2000
6489136,M&A,2001/4/9,SRY SJ,JCI US,Completed,"Company Takeover, Cross Border",Johnson Controls International plc acquired Sentry Group Ltd for ZAR 627.00M. The transaction was announced on 4/9/2001 and completed on 7/16/2001.,ZAR,Cash,2001/7/16,0.000000,100.000000,No,Industrials,Industrials,N,Friendly,South Africa,Bermuda,SRY,JCI,Common Stock,Common Stock,2000,118.6777,347.005,40404.3,28931.9,627.00,4,Both,2,2001-02-01,2009-03-31,200,30,3500,100,29.15,5.725,1165940.6,2903049.5,40.1626152085936,7.80047907381016,1770682.0,40751.305,347.005,Large,Full (4/4),2001
6492232,M&A,2001/4/10,RAD SJ,PGH SJ,Completed,Company Takeover,Absa Trading & Investments Solutions Holdings Pty Ltd acquired Real Africa Durolink Holdings Ltd for ZAR 380.74M. The transaction was announced on 4/10/2001 and completed on 10/8/2001.,ZAR,Stock,2001/10/8,0.000000,100.000000,No,Financials,Financials,N,Friendly,South Africa,South Africa,RAD,PGH,Common Stock,Common Stock,2000,1470.531982,226.554993,2798.847900390625,470.02099609375,380.74,4,Both,2,2001-02-01,2009-03-31,200,30,3500,100,29.15,5.725,1165940.6,2903049.5,40.1626152085936,7.80047907381016,1770682.0,4269.379882390625,1470.531982,Large,Full (4/4),2001
65319319,M&A,2012/6/12,AVU SJ,NBC SJ,Completed,"Company Takeover, Additional Stake Purchase",New Bond Capital Ltd acquired BlackstarTiso Pty Ltd for ZAR 2415.53M. The transaction was announced on 6/12/2012 and completed on 9/25/2012.,ZAR,Cash or Stock,2012/9/25,21.290001,78.709999,No,Communications,Financials,N,Friendly,South Africa,South Africa,AVU,NBC,Common Stock,Common Stock,2011,4099,5310,2766.146,,2415.52,3,Both,3,2009-04-01,2017-09-30,560,80,6600,190,54.3916666666667,5.66666666666667,3566385.0,4197952.4,84.9553463255086,4.68520499377743,8383564.0,8076.146000000001,5310.0,Large,Partial (3/4),2012
6544204,M&A,2001/4/25,TRT SJ,IPL SJ,Completed,"Company Takeover, Tender Offer",Imperial Logistics Ltd acquired Tourism Investment Corp Ltd for ZAR 414.72M. The transaction was announced on 4/25/2001 and completed on 7/30/2001.,ZAR,Cash,2001/7/30,0.000000,60.540001,No,Consumer Discretionary,Consumer Discretionary,N,Friendly,South Africa,South Africa,TRT,IPL,Common Stock,Common Stock,2000,595.492981,914.072021,14376,14913,414.72,4,Both,2,2001-02-01,2009-03-31,200,30,3500,100,29.15,5.725,1165940.6,2903049.5,40.1626152085936,7.80047907381016,1770682.0,15827.072021,914.072021,Large,Full (4/4),2001
65923042,INV,2012/6/29,CRM SJ,ITE SJ,Completed,Minority Purchase,Italtile Ltd acquired a minority stake in Ceramic Industries Ltd. The transaction was announced on 6/29/2012 and completed on 11/28/2012.,ZAR,Cash,2012/11/28,0.000000,20.000000,No,Consumer Discretionary,Consumer Discretionary,N,Friendly,South Africa,South Africa,CRM,ITE,Common Stock,Common Stock,2011,1448.064,1547.249,2296,1521,527.61,4,Both,3,2009-04-01,2017-09-30,560,80,6600,190,54.3916666666667,5.66666666666667,3566385.0,4197952.4,84.9553463255086,4.68520499377743,8383564.0,3843.249,1547.249,Intermediate,Full (4/4),2012
6595234,M&A,2001/5/7,CDR SJ,BOE SJ,Completed,Company Takeover,BOE Ltd acquired Credcor Ltd for ZAR 62.13M. The transaction was announced on 5/7/2001 and completed on 7/9/2001.,ZAR,Cash,2001/7/9,0.000000,100.000000,No,Financials,Financials,N,Friendly,South Africa,South Africa,CDR,BOE,Common Stock,Common Stock,2000,447.458008,192.507004,62462,7793,62.13,4,Both,2,2001-02-01,2009-03-31,200,30,3500,100,29.15,5.725,1165940.6,2903049.5,40.1626152085936,7.80047907381016,1770682.0,62909.458008,447.458008,Large,Full (4/4),2001
66436994,BUY,2012/1/5,MTL SJ,MTL SJ,Completed,,,ZAr,,2012/5/4,0.000000,0.000000,,Financials,Financials,N,,South Africa,,MTL,MTL,Common Stock,Common Stock,2011,6215.275,804.09,6215.275,804.09,168.95,4,Both,3,2009-04-01,2017-09-30,560,80,6600,190,54.3916666666667,5.66666666666667,3566385.0,4197952.4,84.9553463255086,4.68520499377743,8383564.0,12430.55,6215.275,Large,Full (4/4),2012
66437459,INV,2012/5/5,ZSA SJ,ZURN SW,Completed,"Cross Border, Additional Stake Purchase",Royal Bafokeng Holdings Pty Ltd sold Zurich Insurance Co South Africa Ltd to Zurich Insurance Group AG. The transaction was announced on 5/5/2012 and completed on 6/29/2012. Financial terms of the transaction are undisclosed.,ZAR,Undisclosed,2012/6/29,58.950001,25.100000,No,Financials,Financials,N,Friendly,South Africa,Switzerland,ZSA,ZURN,Common Stock,Common Stock,2011,4899.773,3394.646,386971,53017,,4,Both,3,2009-04-01,2017-09-30,560,80,6600,190,54.3916666666667,5.66666666666667,3566385.0,4197952.4,84.9553463255086,4.68520499377743,8383564.0,391870.773,4899.773,Large,Full (4/4),2012
6679693,INV,2001/5/30,ABC SJ,INL SJ,Completed,"Additional Stake Purchase, Tender Offer",Investec Ltd acquired Abacus Technology Holdings for ZAR 4.24M. The transaction was announced on 5/30/2001 and completed on 6/21/2001.,ZAR,Cash or Stock,2001/6/21,54.759998,12.800000,No,Technology,Financials,N,Friendly,South Africa,South Africa,ABC,INL,Common Stock,Common Stock,2000,212.591,245.647,16750.5183,1232.767659541986,4.24,4,Both,2,2001-02-01,2009-03-31,200,30,3500,100,29.15,5.725,1165940.6,2903049.5,40.1626152085936,7.80047907381016,1770682.0,16996.1653,245.647,Large,Full (4/4),2001
67146822,INV,2012/2/21,LHG SJ,PLB CN,Completed,"Cross Border, Additional Stake Purchase, Tender Offer",Paladin Labs Inc acquired Litha Healthcare Group Ltd for ZAR 0.30M. The transaction was announced on 2/21/2012 and completed on 7/23/2012.,ZAR,Cash,2012/7/23,44.520000,0.020000,No,Health Care,Health Care,N,Friendly,South Africa,Canada,LHG,PLB,Common Stock,Common Stock,2011,1442.745,1747.026,397.913,141.466,0.30,4,Both,3,2009-04-01,2017-09-30,560,80,6600,190,54.3916666666667,5.66666666666667,3566385.0,4197952.4,84.9553463255086,4.68520499377743,8383564.0,2144.9390000000003,1747.026,Intermediate,Full (4/4),2012
67819697,M&A,2012/8/17,IQG SJ,SFN SJ,Completed,"Company Takeover, Additional Stake Purchase",Sasfin Holdings Ltd acquired IQuad Group Ltd for ZAR 32.80M. The transaction was announced on 8/17/2012 and completed on 11/28/2012.,ZAR,Cash,2012/11/28,68.000000,32.000000,No,Industrials,Financials,N,Friendly,South Africa,South Africa,IQG,SFN,Common Stock,Common Stock,2011,145.088,85.628,4373.264,779.474,32.80,4,Both,3,2009-04-01,2017-09-30,560,80,6600,190,54.3916666666667,5.66666666666667,3566385.0,4197952.4,84.9553463255086,4.68520499377743,8383564.0,4518.352,145.088,Intermediate,Full (4/4),2012
6885917,M&A,2001/3/27,CPB SJ,CPA SJ,Completed,Company Takeover,Corpcapital Ltd acquired Micawber 274 Ltd for ZAR 403.96M. The transaction was announced on 3/27/2001 and completed on 10/22/2001.,ZAR,Stock,2001/10/22,0.000000,100.000000,No,Financials,Financials,N,Friendly,South Africa,South Africa,CPB,CPA,Common Stock,Common Stock,2000,1801.43798828125,282.8179931640625,3743.43896484375,536.4190063476562,403.96,4,Both,2,2001-02-01,2009-03-31,200,30,3500,100,29.15,5.725,1165940.6,2903049.5,40.1626152085936,7.80047907381016,1770682.0,5544.876953125,1801.43798828125,Large,Full (4/4),2001
6889502,M&A,2001/5/16,MEB SJ,NPN SJ,Completed,"Company Takeover, Additional Stake Purchase",Naspers Ltd acquired M-Web Holdings Ltd for ZAR 123.22M. The transaction was announced on 5/16/2001 and completed on 7/9/2001.,ZAR,Stock,2001/7/9,82.750000,17.250000,No,Communications,Communications,N,Friendly,South Africa,South Africa,MEB,NPN,Common Stock,Common Stock,2000,610.6530151367188,227.33700561523438,1410.291077164,1134.4927419755652,123.22,4,Both,2,2001-02-01,2009-03-31,200,30,3500,100,29.15,5.725,1165940.6,2903049.5,40.1626152085936,7.80047907381016,1770682.0,2020.9440923007187,610.6530151367188,Intermediate,Full (4/4),2001
6907747,M&A,2001/7/16,PAG SJ,BVT SJ,Completed,Company Takeover,Bidvest Group Ltd/The acquired Paragon Business Communications Ltd for ZAR 75.83M. The transaction was announced on 7/16/2001 and completed on 3/26/2002.,ZAR,Cash,2002/3/26,0.000000,100.000000,No,Industrials,Consumer Staples,N,Friendly,South Africa,South Africa,PAG,BVT,Common Stock,Common Stock,2000,138.52099609375,246.79100036621094,8109.428223,26427.619141,75.83,4,Both,2,2001-02-01,2009-03-31,200,30,3500,100,29.15,5.725,1165940.6,2903049.5,40.1626152085936,7.80047907381016,1770682.0,26674.41014136621,246.7910003662109,Large,Full (4/4),2001
6947547,M&A,2001/3/27,CPC SJ,CPA SJ,Completed,Company Takeover,Corpcapital Ltd acquired Micawber 275 Ltd for ZAR 435.36M. The transaction was announced on 3/27/2001 and completed on 10/22/2001.,ZAR,Stock,2001/10/22,0.000000,100.000000,No,Financials,Financials,N,Friendly,South Africa,South Africa,CPC,CPA,Common Stock,Common Stock,2000,2198.849121,435.223999,3743.43896484375,536.4190063476562,435.35,4,Both,2,2001-02-01,2009-03-31,200,30,3500,100,29.15,5.725,1165940.6,2903049.5,40.1626152085936,7.80047907381016,1770682.0,5942.28808584375,2198.849121,Large,Full (4/4),2001
7021822,M&A,2001/8/15,IFS SJ,BVT SJ,Completed,"Company Takeover, Additional Stake Purchase, Tender Offer",Bidvest Group Ltd/The acquired I-Fusion Holdings Ltd for ZAR 14.92M. The transaction was announced on 8/15/2001 and completed on 11/12/2001.,ZAR,Cash,2001/11/12,77.309998,22.690001,No,Technology,Consumer Staples,N,Friendly,South Africa,South Africa,IFS,BVT,Common Stock,Common Stock,2000,76.663,195.497,8109.428223,26427.619141,14.92,4,Turnover only,2,2001-02-01,2009-03-31,200,30,3500,100,29.15,5.725,1165940.6,2903049.5,40.1626152085936,7.80047907381016,1770682.0,26623.116141,195.497,Large,Full (4/4),2001
7031406,M&A,2001/8/3,GRV SJ,FPT SJ,Completed,"Company Takeover, Tender Offer",Fountainhead Property Trust acquired Allan Gray Property Investment Ltd for ZAR 659.11M. The transaction was announced on 8/3/2001 and completed on 10/1/2001.,ZAR,Stock,2001/10/1,0.000000,100.000000,No,Real Estate,Real Estate,N,Friendly,South Africa,South Africa,GRV,FPT,Unit,REIT,2000,909.8259887695312,86.7760009765625,1368.369019,261.954987,659.11,4,Both,2,2001-02-01,2009-03-31,200,30,3500,100,29.15,5.725,1165940.6,2903049.5,40.1626152085936,7.80047907381016,1770682.0,2278.195007769531,909.8259887695312,Intermediate,Full (4/4),2001
7038619,M&A,2001/5/28,KGM SJ,NAI SJ,Terminated,Company Takeover,New Africa Investments Ltd announced the acquisition of Kagiso Media Ltd for ZAR 277.94M. The transaction was announced on 5/28/2001 and terminated on 1/2/2002.,ZAR,Cash,2002/1/2,0.000000,100.000000,No,Communications,Financials,N,Friendly,South Africa,South Africa,KGM,NAI,Common Stock,Common Stock,2000,241.223999,142.488007,33631.88671875,548.583984375,277.94,4,Both,2,2001-02-01,2009-03-31,200,30,3500,100,29.15,5.725,1165940.6,2903049.5,40.1626152085936,7.80047907381016,1770682.0,33873.11071775,241.223999,Large,Full (4/4),2001
71006294,M&A,2012/11/21,CMP SJ,CIPLA IN,Completed,"Company Takeover, Cross Border",Cipla Ltd/India acquired Cipla Medpro South Africa Ltd for ZAR 4828.13M. The transaction was announced on 11/21/2012 and completed on 7/16/2013.,ZAR,Cash,2013/7/16,0.000000,100.000000,No,Health Care,Health Care,N,Friendly,South Africa,India,CMP,CIPLA,Common Stock,Common Stock,2011,2776.537,1767.561,85966.5,61113.9,4828.13,4,Both,3,2009-04-01,2017-09-30,560,80,6600,190,54.3916666666667,5.66666666666667,3566385.0,4197952.4,84.9553463255086,4.68520499377743,8383564.0,88743.037,2776.537,Large,Full (4/4),2012
71072841,INV,2012/11/23,NBC SJ,FSR SJ,Completed,"Private Equity, Minority Purchase",Tiso Blackstar Group SE sold a minority stake in New Bond Capital Ltd to FirstRand Ltd. The transaction was completed on 11/23/2012.,ZAR,Cash,2012/11/23,0.000000,28.299999,No,Financials,Financials,N,Friendly,South Africa,South Africa,NBC,FSR,Common Stock,Common Stock,2011,2766.146,,697927,67752,333.00,3,Assets only,3,2009-04-01,2017-09-30,560,80,6600,190,54.3916666666667,5.66666666666667,3566385.0,4197952.4,84.9553463255086,4.68520499377743,8383564.0,700693.146,2766.146,Large,Partial (3/4),2012
71188805,M&A,2012/11/28,MDM LN,SDM AU,Terminated,"Company Takeover, Cross Border",Sedgman Pty Ltd announced the acquisition of MDM Engineering Group Ltd for AUD 77.09M. The transaction was announced on 11/28/2012 and terminated on 5/30/2013.,AUD,Cash and Stock,2013/5/30,0.000000,100.000000,No,Industrials,Industrials,N,Friendly,South Africa,Australia,MDM,SDM,Common Stock,Common Stock,2011,25.498093,20.805179,298.677,507.704,711.96,4,Neither,3,2009-04-01,2017-09-30,560,80,6600,190,54.3916666666667,5.66666666666667,3566385.0,4197952.4,84.9553463255086,4.68520499377743,8383564.0,533.202093,25.498093,Small,Full (4/4),2012
71209491,M&A,2012/11/28,AMA SJ,BVT SJ,Completed,"Company Takeover, Additional Stake Purchase",Bidvest Group Ltd/The acquired Home of Living Brands Holdings Ltd for ZAR 355.41M. The transaction was announced on 11/28/2012 and completed on 7/2/2013.,ZAR,Cash,2013/7/2,27.570000,72.430000,No,Consumer Discretionary,Consumer Staples,N,Friendly,South Africa,South Africa,AMA,BVT,Common Stock,Common Stock,2011,653.224,826.423,47829.918,118482.736,355.41,4,Both,3,2009-04-01,2017-09-30,560,80,6600,190,54.3916666666667,5.66666666666667,3566385.0,4197952.4,84.9553463255086,4.68520499377743,8383564.0,119309.159,826.423,Large,Full (4/4),2012
71483253,M&A,2012/12/4,HWW SJ,JDG SJ,Completed,Company Takeover,JD Group Ltd/South Africa acquired Hardware Warehouse Ltd for ZAR 109.36M. The transaction was announced on 12/4/2012 and completed on 2/26/2013.,ZAR,Cash,2013/2/26,0.000000,100.000000,No,Materials,Consumer Discretionary,N,Friendly,South Africa,South Africa,HWW,JDG,Common Stock,Common Stock,2011,117.359,354.177,16734,15741,109.36,4,Turnover only,3,2009-04-01,2017-09-30,560,80,6600,190,54.3916666666667,5.66666666666667,3566385.0,4197952.4,84.9553463255086,4.68520499377743,8383564.0,17088.177,354.177,Large,Full (4/4),2012
71550925,M&A,2012/12/5,PKH SJ,EXG SJ,Terminated,"Company Takeover, Additional Stake Purchase",eXtract Group Ltd announced the acquisition of Protech Khuthele Holdings Ltd for ZAR 268.14M. The transaction was announced on 12/5/2012 and terminated on 7/31/2013.,ZAR,Cash,2013/7/31,32.799999,67.199997,No,Industrials,Industrials,N,Unsolicited,South Africa,South Africa,PKH,EXG,Common Stock,Common Stock,2011,853.877,1069.665,10641,6903,268.14,4,Both,3,2009-04-01,2017-09-30,560,80,6600,190,54.3916666666667,5.66666666666667,3566385.0,4197952.4,84.9553463255086,4.68520499377743,8383564.0,11710.665,1069.665,Large,Full (4/4),2012
7253349,M&A,2001/8/31,CLC SJ,NTC SJ,Completed,"Company Takeover, Additional Stake Purchase",Netcare Ltd acquired Clinic Holdings Ltd for ZAR 201.24M. The transaction was announced on 8/31/2001 and completed on 10/22/2001.,ZAR,Stock,2001/10/22,92.599998,7.400000,No,Health Care,Health Care,N,Friendly,South Africa,South Africa,CLC,NTC,Common Stock,Common Stock,2000,2942.6,2818.4,3235.199951,2848.800049,201.24,4,Both,2,2001-02-01,2009-03-31,200,30,3500,100,29.15,5.725,1165940.6,2903049.5,40.1626152085936,7.80047907381016,1770682.0,6177.799951,2942.6,Large,Full (4/4),2001
73463146,M&A,2013/1/24,3497Z LN,NTC SJ,Completed,"Cross Border, Private Equity, Majority Purchase, PE Seller",Brockton Capital LLP sold General Healthcare Group Ltd to Netcare Ltd for GBP 11.00M. The transaction was completed on 1/24/2013.,GBP,Cash,2013/1/24,0.000000,53.720001,No,Health Care,Health Care,N,Friendly,South Africa,South Africa,3497Z,NTC,Private Comp,Common Stock,2012,418.748,,44222,25174,157.25,3,Assets only,3,2009-04-01,2017-09-30,560,80,6600,190,57.5166666666667,5.75833333333333,3868630.2,4302291.2,89.920231340919,5.84411132453906,10626244.0,44640.748,418.748,Large,Partial (3/4),2013
7348736,M&A,2001/11/13,MNX SJ,BOE SJ,Completed,"Company Takeover, Additional Stake Purchase",BOE Ltd acquired Monex Ltd for ZAR 95.18M. The transaction was announced on 11/13/2001 and completed on 2/4/2002.,ZAR,Cash,2002/2/4,74.000000,26.000000,No,Consumer Discretionary,Financials,N,Friendly,South Africa,South Africa,MNX,BOE,Common Stock,Common Stock,2000,857.377,248.08,62462,7793,95.18,4,Both,2,2001-02-01,2009-03-31,200,30,3500,100,29.15,5.725,1165940.6,2903049.5,40.1626152085936,7.80047907381016,1770682.0,63319.377,857.377,Large,Full (4/4),2001
7359628,M&A,2001/11/15,VLX SJ,BVT SJ,Completed,"Company Takeover, Additional Stake Purchase",Bidvest Group Ltd/The acquired Voltex Holdings Pty Ltd for ZAR 147.79M. The transaction was announced on 11/15/2001 and completed on 3/22/2002.,ZAR,Cash,2002/3/22,32.000000,68.000000,No,Industrials,Consumer Staples,N,Friendly,South Africa,South Africa,VLX,BVT,Common Stock,Common Stock,2000,786.818,1352.507,8109.428223,26427.619141,147.79,4,Both,2,2001-02-01,2009-03-31,200,30,3500,100,29.15,5.725,1165940.6,2903049.5,40.1626152085936,7.80047907381016,1770682.0,27780.126141,1352.507,Large,Full (4/4),2001
74650750,M&A,2013/3/4,NBC SJ,TBG SJ,Completed,"PE Buyout, Company Takeover, Cross Border, Private Equity, Tender Offer",Tiso Blackstar Group SE acquired New Bond Capital Ltd for GBP 4.70M. The transaction was announced on 3/4/2013 and completed on 6/3/2013.,GBP,Stock,2013/6/3,0.000000,100.000000,No,Financials,Financials,N,Friendly,South Africa,United Kingdom,NBC,TBG,Common Stock,Common Stock,2012,2416.144,0,83.66,0,64.76,4,Assets only,3,2009-04-01,2017-09-30,560,80,6600,190,57.5166666666667,5.75833333333333,3868630.2,4302291.2,89.920231340919,5.84411132453906,10626244.0,2499.8039999999996,2416.144,Intermediate,Full (4/4),2013
7488300,M&A,2001/12/13,MLB SJ,NPK SJ,Completed,Company Takeover,Nampak Ltd acquired Malbak Ltd for ZAR 2651.25M. The transaction was announced on 12/13/2001 and completed on 8/27/2002.,ZAR,Cash and Stock,2002/8/27,0.000000,100.000000,No,Materials,Materials,N,Friendly,South Africa,South Africa,MLB,NPK,Common Stock,Common Stock,2000,2689,2780,6925,9632.799805,2651.23,4,Both,2,2001-02-01,2009-03-31,200,30,3500,100,29.15,5.725,1165940.6,2903049.5,40.1626152085936,7.80047907381016,1770682.0,12412.799805,2780.0,Large,Full (4/4),2001
75313018,M&A,2013/3/22,AIP SJ,BVT SJ,Terminated,"Majority Purchase, Additional Stake Purchase",Bidvest Group Ltd/The announced the acquisition of Adcock Ingram Holdings Ltd for ZAR 12617.92M. The transaction was announced on 3/22/2013 and terminated on 4/4/2013.,ZAR,Cash and Stock,2013/4/4,2.540000,57.459999,No,Health Care,Consumer Staples,N,Friendly,South Africa,South Africa,AIP,BVT,Common Stock,Common Stock,2012,5282.286,4599.249,55895.146,133533.633,12617.89,4,Both,3,2009-04-01,2017-09-30,560,80,6600,190,57.5166666666667,5.75833333333333,3868630.2,4302291.2,89.920231340919,5.84411132453906,10626244.0,138815.919,5282.286,Large,Full (4/4),2013
7536169,M&A,2001/12/24,PNR SJ,PAP SJ,Completed,Company Takeover,Pangbourne Properties Ltd acquired Pioneer Property Fund for ZAR 281.32M. The transaction was announced on 12/24/2001 and completed on 4/8/2002.,ZAR,Stock,2002/4/8,0.000000,100.000000,No,N.A.,Real Estate,N,Friendly,South Africa,South Africa,PNR,PAP,Unit,Unit,2000,400.0570068359375,71.04199981689453,691.986023,102.794998,281.33,4,Both,2,2001-02-01,2009-03-31,200,30,3500,100,29.15,5.725,1165940.6,2903049.5,40.1626152085936,7.80047907381016,1770682.0,1092.0430298359374,400.0570068359375,Intermediate,Full (4/4),2001
7655458,AST,2002/1/18,AHH SJ,RAH SJ,Completed,Asset Sale,African Oxygen Ltd sold Afrox Healthcare Ltd to Real Africa Holdings Ltd for ZAR 94.86M. The transaction was completed on 1/18/2002.,ZAR,Cash,2002/1/18,5.400000,9.400000,No,Health Care,Consumer Discretionary,N,Friendly,South Africa,South Africa,AHH,RAH,Common Stock,Common Stock,2001,1767.56897,3087.485107,2762.701904296875,57.709999084472656,94.86,4,Both,2,2001-02-01,2009-03-31,200,30,3500,100,31.8166666666667,9.15,1360679.3,3010473.1,45.1981882847583,12.5379611113752,1584151.0,5850.187011296875,3087.485107,Large,Full (4/4),2002
76685192,INV,2013/5/2,MVS SJ,BVT SJ,Completed,Minority Purchase,Bidvest Group Ltd/The acquired a minority stake in Mvelaserve Ltd. The transaction was completed on 5/2/2013. Financial terms of the transaction are undisclosed.,ZAR,Undisclosed,2013/5/2,0.000000,34.750000,No,Industrials,Consumer Staples,N,Friendly,South Africa,South Africa,MVS,BVT,Common Stock,Common Stock,2012,2357.396,4943.383,55895.146,133533.633,,4,Both,3,2009-04-01,2017-09-30,560,80,6600,190,57.5166666666667,5.75833333333333,3868630.2,4302291.2,89.920231340919,5.84411132453906,10626244.0,138477.016,4943.383,Large,Full (4/4),2013
7703333,M&A,2002/1/31,MLN SJ,MNH SJ,Completed,"Company Takeover, Squeeze Out, Additional Stake Purchase, Tender Offer",Marlin Holdings Ltd acquired Marlin Corp Ltd for ZAR 47.89M. The transaction was announced on 1/31/2002 and completed on 4/16/2002.,ZAR,Cash,2002/4/16,68.500000,31.500000,No,Materials,Materials,N,Friendly,South Africa,South Africa,MLN,MNH,Common Stock,Common Stock,2001,,705.2999877929688,,750.2999877929688,47.89,2,Turnover only,2,2001-02-01,2009-03-31,200,30,3500,100,31.8166666666667,9.15,1360679.3,3010473.1,45.1981882847583,12.5379611113752,1584151.0,1455.5999755859375,705.2999877929688,Intermediate,Partial (2/4),2002
77239450,M&A,2013/5/17,ALT SJ,AEL SJ,Completed,"Company Takeover, Additional Stake Purchase, Tender Offer",Altron Ltd acquired Allied Technologies Ltd for ZAR 1947.13M. The transaction was announced on 5/17/2013 and completed on 8/20/2013.,ZAR,Cash or Stock,2013/8/20,61.400002,38.599998,No,Communications,Communications,N,Friendly,South Africa,South Africa,ALT,AEL,Common Stock,Common Stock,2012,4089,9576,12280,23563,1947.14,4,Both,3,2009-04-01,2017-09-30,560,80,6600,190,57.5166666666667,5.75833333333333,3868630.2,4302291.2,89.920231340919,5.84411132453906,10626244.0,33139.0,9576.0,Large,Full (4/4),2013
77501523,M&A,2013/5/29,IFH SJ,IFAHR KK,Completed,"Company Takeover, Going Private, Cross Border, Additional Stake Purchase, Tender Offer",IFA Hotels & Resorts-KPSC acquired IFA Hotels & Resorts Ltd for ZAR 6.55M. The transaction was announced on 5/29/2013 and completed on 9/10/2013.,ZAR,Cash,2013/9/10,85.000000,15.000000,No,Consumer Discretionary,Industrials,N,Friendly,South Africa,Kuwait,IFH,IFAHR,Common Stock,Common Stock,2012,578.522,54.225,402.230538,17.311038,6.55,4,Assets only,3,2009-04-01,2017-09-30,560,80,6600,190,57.5166666666667,5.75833333333333,3868630.2,4302291.2,89.920231340919,5.84411132453906,10626244.0,980.7525380000001,578.522,Intermediate,Full (4/4),2013
7863406,INV,2002/3/12,ARI SJ,AAL LN,Completed,"Cross Border, Minority Purchase",Arctic Resources Ltd sold a minority stake in African Rainbow Minerals Ltd to Anglo American PLC. The transaction was completed on 3/12/2002.,USD,Cash,2002/3/12,0.000000,34.900002,No,Materials,Materials,N,Friendly,South Africa,United Kingdom,ARI,AAL,Common Stock,Common Stock,2001,9114,2806,25529,14786,1582.76,4,Both,2,2001-02-01,2009-03-31,200,30,3500,100,31.8166666666667,9.15,1360679.3,3010473.1,45.1981882847583,12.5379611113752,1584151.0,34643.0,9114.0,Large,Full (4/4),2002
7864272,INV,2002/3/12,EXX SJ,AAL LN,Completed,"Cross Border, Minority Purchase",Anglo American PLC acquired a minority stake in Exxaro Resources Ltd. The transaction was completed on 3/12/2002.,ZAR,Undisclosed,2002/3/12,0.000000,9.600000,No,Materials,Materials,N,Friendly,South Africa,United Kingdom,EXX,AAL,Common Stock,Common Stock,2001,7244,5404,25529,14786,2399.99,4,Both,2,2001-02-01,2009-03-31,200,30,3500,100,31.8166666666667,9.15,1360679.3,3010473.1,45.1981882847583,12.5379611113752,1584151.0,32773.0,7244.0,Large,Full (4/4),2002
7884244,INV,2002/3/18,IDI SJ,2511794D CN,Completed,"Cross Border, Additional Stake Purchase, Tender Offer",Datamirror Corp acquired Idion Technology Holdings Ltd for ZAR 44.99M. The transaction was announced on 3/18/2002 and completed on 7/4/2002.,ZAR,Cash,2002/7/4,16.400000,22.200001,No,Technology,Technology,N,Hostile,South Africa,Canada,IDI,2511794D,Common Stock,Common Stock,2001,36.312134589782715,27.20068299419875,88.44499969482422,56.9109992980957,44.99,4,Assets only,2,2001-02-01,2009-03-31,200,30,3500,100,31.8166666666667,9.15,1360679.3,3010473.1,45.1981882847583,12.5379611113752,1584151.0,124.75713428460693,36.31213458978272,Small,Full (4/4),2002
7891687,M&A,2002/3/19,TDK SJ,ALE SJ,Terminated,"Company Takeover, Tender Offer",Appleton Ltd announced the acquisition of Tradek Holdings Ltd for ZAR 18.86M. The transaction was announced on 3/19/2002 and terminated on 4/16/2002.,ZAR,Cash,2002/4/16,0.000000,100.000000,No,Financials,Financials,N,Friendly,South Africa,South Africa,TDK,ALE,Common Stock,Common Stock,2001,132.18299865722656,28.32200050354004,170.6479949951172,148.28500366210938,18.86,4,Assets only,2,2001-02-01,2009-03-31,200,30,3500,100,31.8166666666667,9.15,1360679.3,3010473.1,45.1981882847583,12.5379611113752,1584151.0,302.83099365234375,132.18299865722656,Intermediate,Full (4/4),2002
79213529,M&A,2013/7/3,AIP SJ,CFR CI,Terminated,"Company Takeover, Cross Border","CFR Pharmaceuticals SA announced the acquisition of Adcock Ingram Holdings Ltd for ZAR 14062.18M. The transaction was announced on 07/03/2013 and is currently pending. PIC, the largest shareholder of the target, said on 11/06/13 it would not support the proposal because it wasn’t in the inv...",ZAR,Cash and Stock,2014/2/7,0.000000,100.000000,No,Health Care,Health Care,N,Unsolicited,South Africa,Chile,AIP,CFR,Common Stock,Common Stock,2012,5282.286,4599.249,1468.61,570.832,,4,Both,3,2009-04-01,2017-09-30,560,80,6600,190,57.5166666666667,5.75833333333333,3868630.2,4302291.2,89.920231340919,5.84411132453906,10626244.0,6750.896,5282.286,Large,Full (4/4),2013
8009198,INV,2002/3/12,EXX SJ,AAL LN,Completed,"Cross Border, Additional Stake Purchase",Anglo American PLC acquired Exxaro Resources Ltd. The transaction was announced on 3/12/2002 and completed on 4/18/2002. Financial terms of the transaction are undisclosed.,ZAR,Undisclosed,2002/4/18,9.600000,10.500000,No,Materials,Materials,N,Friendly,South Africa,United Kingdom,EXX,AAL,Common Stock,Common Stock,2001,7244,5404,25529,14786,,4,Both,2,2001-02-01,2009-03-31,200,30,3500,100,31.8166666666667,9.15,1360679.3,3010473.1,45.1981882847583,12.5379611113752,1584151.0,32773.0,7244.0,Large,Full (4/4),2002
8010768,M&A,2002/4/18,JCG SJ,JCD SJ,Completed,"Company Takeover, Additional Stake Purchase",JCI Ltd acquired JCI Gold Ltd for ZAR 684.81M. The transaction was announced on 4/18/2002 and completed on 7/16/2002.,ZAR,Cash and Stock,2002/7/16,67.500000,32.500000,No,Materials,Materials,N,Friendly,South Africa,South Africa,JCG,JCD,Common Stock,Common Stock,2001,,168.481995,1830.102051,86.128998,684.81,3,Turnover only,2,2001-02-01,2009-03-31,200,30,3500,100,31.8166666666667,9.15,1360679.3,3010473.1,45.1981882847583,12.5379611113752,1584151.0,1998.5840460000002,168.481995,Intermediate,Partial (3/4),2002
8018617,M&A,2002/4/22,BOE SJ,NED SJ,Completed,"Company Takeover, Tender Offer",Nedbank Group Ltd acquired BOE Ltd for ZAR 7933.11M. The transaction was announced on 4/22/2002 and completed on 7/11/2002.,ZAR,Cash and Stock,2002/7/11,0.000000,100.000000,No,Financials,Financials,N,Friendly,South Africa,South Africa,BOE,NED,Common Stock,Common Stock,2001,67236,9089,197665,22240,7933.13,4,Both,2,2001-02-01,2009-03-31,200,30,3500,100,31.8166666666667,9.15,1360679.3,3010473.1,45.1981882847583,12.5379611113752,1584151.0,264901.0,67236.0,Large,Full (4/4),2002
8018803,M&A,2002/3/25,RCT SJ,MST SJ,Completed,"Company Takeover, Additional Stake Purchase",Mustek Ltd acquired Rectron Holdings Ltd for ZAR 10.66M. The transaction was announced on 3/25/2002 and completed on 6/17/2002.,ZAR,Cash,2002/6/17,88.900002,11.100000,No,Technology,Consumer Discretionary,N,Friendly,South Africa,South Africa,RCT,MST,Common Stock,Common Stock,2001,201.45899963378906,625.9749755859375,996.4719848632812,2091.1240234375,10.66,4,Both,2,2001-02-01,2009-03-31,200,30,3500,100,31.8166666666667,9.15,1360679.3,3010473.1,45.1981882847583,12.5379611113752,1584151.0,2717.0989990234375,625.9749755859375,Intermediate,Full (4/4),2002
8036283,M&A,2001/12/24,IPG SJ,IPL SJ,Completed,"Company Takeover, Additional Stake Purchase, Tender Offer",Imperial Logistics Ltd acquired ImperiLog Ltd for ZAR 55.71M. The transaction was announced on 12/24/2001 and completed on 7/5/2002.,ZAR,Cash,2002/7/5,68.730003,31.270000,No,Industrials,Consumer Discretionary,N,Friendly,South Africa,South Africa,IPG,IPL,Common Stock,Common Stock,2000,214.795,33.333,14376,14913,55.71,4,Assets only,2,2001-02-01,2009-03-31,200,30,3500,100,29.15,5.725,1165940.6,2903049.5,40.1626152085936,7.80047907381016,1770682.0,15127.795,214.795,Large,Full (4/4),2001
8048110,M&A,2002/4/29,GBL SJ,SLM SJ,Completed,"Company Takeover, Tender Offer",Sanlam Ltd acquired Genbel South Africa Ltd for ZAR 517.68M. The transaction was announced on 4/29/2002 and completed on 9/3/2002.,ZAR,Cash,2002/9/3,27.240000,72.760002,No,N.A.,Financials,N,Friendly,South Africa,South Africa,GBL,SLM,Closed-End Fund,Common Stock,2001,#N/A Field Not Applicable,#N/A Field Not Applicable,200206,35543,517.68,4,Neither,2,2001-02-01,2009-03-31,200,30,3500,100,31.8166666666667,9.15,1360679.3,3010473.1,45.1981882847583,12.5379611113752,1584151.0,,,Small,Partial (2/4),2002
8092791,BUY,2002/5/3,GNK SJ,GNK SJ,Completed,,,ZAR,,2002/6/12,0.000000,0.000000,,Industrials,Industrials,N,,South Africa,,GNK,GNK,Common Stock,Common Stock,2001,1064.79296875,1189.47900390625,1064.79296875,1189.47900390625,60.06,4,Both,2,2001-02-01,2009-03-31,200,30,3500,100,31.8166666666667,9.15,1360679.3,3010473.1,45.1981882847583,12.5379611113752,1584151.0,2378.9580078125,1189.47900390625,Intermediate,Full (4/4),2002
8096688,M&A,2002/5/8,POW SJ,AEL SJ,Completed,"Company Takeover, Additional Stake Purchase, Tender Offer",Altron Ltd acquired Power Technologies Pty Ltd/South Africa for ZAR 522.00M. The transaction was announced on 5/8/2002 and completed on 6/28/2002.,ZAR,Cash,2002/6/28,46.000000,54.000000,No,Utilities,Communications,N,Friendly,South Africa,South Africa,POW,AEL,Common Stock,Common Stock,2001,2383.847,3272.218,6295.454102,8760.742188,522.00,4,Both,2,2001-02-01,2009-03-31,200,30,3500,100,31.8166666666667,9.15,1360679.3,3010473.1,45.1981882847583,12.5379611113752,1584151.0,12032.960188000001,3272.218,Large,Full (4/4),2002
81052681,INV,2013/9/3,LHG SJ,PLB CN,Completed,"Cross Border, Private Equity, Minority Purchase",Tiso Blackstar Group SE sold a minority stake in Litha Healthcare Group Ltd to Paladin Labs Inc. The transaction was completed on 9/3/2013.,ZAR,Cash,2013/9/3,0.000000,13.169100,No,Health Care,Health Care,N,Friendly,South Africa,Canada,LHG,PLB,Common Stock,Common Stock,2012,1785,1434.46,604.517,210.2,196.92,4,Both,3,2009-04-01,2017-09-30,560,80,6600,190,57.5166666666667,5.75833333333333,3868630.2,4302291.2,89.920231340919,5.84411132453906,10626244.0,2389.517,1785.0,Intermediate,Full (4/4),2013
82139991,M&A,2013/10/2,FPT SJ,RDF SJ,Completed,"Majority Purchase, Additional Stake Purchase, Tender Offer",Redefine Properties Ltd acquired Fountainhead Property Trust for ZAR 1075.97M. The transaction was announced on 10/2/2013 and completed on 10/24/2013.,ZAR,Stock,2013/10/24,50.000000,11.700000,No,Real Estate,Real Estate,N,Unsolicited,South Africa,South Africa,FPT,RDF,REIT,REIT,2012,11249.604,1074.471,46756.255,3023.568,1075.98,4,Both,3,2009-04-01,2017-09-30,560,80,6600,190,57.5166666666667,5.75833333333333,3868630.2,4302291.2,89.920231340919,5.84411132453906,10626244.0,58005.859,11249.604,Large,Full (4/4),2013
83150596,INV,2013/10/30,DCT SJ,9876567D US,Completed,"Cross Border, Minority Purchase, Tender Offer",Pinnacle Entertainment Inc/Old acquired a minority stake in Datacentrix Holdings Ltd. The transaction was completed on 10/30/2013. Financial terms of the transaction are undisclosed.,ZAR,Undisclosed,2013/10/30,3.600000,29.790001,No,Technology,Consumer Discretionary,N,Hostile,South Africa,United States,DCT,9876567D,Common Stock,Common Stock,2012,,1757.762,2108.994,1002.836,,3,Turnover only,3,2009-04-01,2017-09-30,560,80,6600,190,57.5166666666667,5.75833333333333,3868630.2,4302291.2,89.920231340919,5.84411132453906,10626244.0,3866.7560000000003,1757.762,Intermediate,Partial (3/4),2013
83296885,M&A,2013/5/28,MVS SJ,BVT SJ,Completed,"Company Takeover, Additional Stake Purchase",Bidvest Group Ltd/The acquired Mvelaserve Ltd for ZAR 1124.78M. The transaction was announced on 5/28/2013 and completed on 11/12/2013.,ZAR,Cash,2013/11/12,34.750000,65.250000,No,Industrials,Consumer Staples,N,Friendly,South Africa,South Africa,MVS,BVT,Common Stock,Common Stock,2012,2357.396,4943.383,55895.146,133533.633,1124.77,4,Both,3,2009-04-01,2017-09-30,560,80,6600,190,57.5166666666667,5.75833333333333,3868630.2,4302291.2,89.920231340919,5.84411132453906,10626244.0,138477.016,4943.383,Large,Full (4/4),2013
83584969,M&A,2014/1/29,6480Z LN,601398 CH,Completed,"Cross Border, Majority Purchase",Standard Bank Group Ltd sold ICBC Standard Bank PLC to Industrial & Commercial Bank of China Ltd for USD 770.00M. The transaction was announced on 1/29/2014 and completed on 2/1/2015.,USD,Undisclosed,2015/2/1,0.000000,60.000000,No,Financials,Financials,N,Friendly,South Africa,China,6480Z,601398,Private Comp,Common Stock,2013,18579,310.4,18917752,915094,8647.95,4,Both,3,2009-04-01,2017-09-30,560,80,6600,190,61.0166666666667,6.05,4133873.0,4363118.1,94.7458424286063,5.36654656658044,11505020.0,18936331.0,18579.0,Large,Full (4/4),2014
83669585,BUY,2013/10/16,CMH SJ,CMH SJ,Completed,,,ZAR,,2014/1/31,0.000000,0.000000,,Consumer Discretionary,Consumer Discretionary,N,,South Africa,,CMH,CMH,Common Stock,Common Stock,2012,2483.139,8293.728,2483.139,8293.728,200.20,4,Both,3,2009-04-01,2017-09-30,560,80,6600,190,57.5166666666667,5.75833333333333,3868630.2,4302291.2,89.920231340919,5.84411132453906,10626244.0,16587.456,8293.728,Large,Full (4/4),2013
8383517,M&A,2002/6/27,PON SJ,JDG SJ,Completed,Majority Purchase,FirstRand Ltd sold Profurn Ltd to JD Group Ltd/South Africa for ZAR 959.39M. The transaction was announced on 6/27/2002 and completed on 4/30/2003.,ZAR,Stock,2003/4/30,0.000000,78.800003,No,Consumer Discretionary,Consumer Discretionary,N,Friendly,South Africa,South Africa,PON,JDG,Common Stock,Common Stock,2001,3497.22998046875,2719.6259765625,4539,2030,959.40,4,Both,2,2001-02-01,2009-03-31,200,30,3500,100,31.8166666666667,9.15,1360679.3,3010473.1,45.1981882847583,12.5379611113752,1584151.0,8036.22998046875,3497.22998046875,Large,Full (4/4),2002
8401276,INV,2002/6/28,GFI SJ,AAL LN,Completed,"Cross Border, Additional Stake Purchase",Anglo American PLC acquired Gold Fields Ltd. The transaction was completed on 6/28/2002. Financial terms of the transaction are undisclosed.,ZAR,Undisclosed,2002/6/28,16.100000,3.900000,No,Materials,Materials,N,Friendly,South Africa,United Kingdom,GFI,AAL,Common Stock,Common Stock,2001,1561.18512,1012.841266021191,25529,14786,,4,Both,2,2001-02-01,2009-03-31,200,30,3500,100,31.8166666666667,9.15,1360679.3,3010473.1,45.1981882847583,12.5379611113752,1584151.0,27090.185120000002,1561.18512,Large,Full (4/4),2002
84408558,M&A,2013/12/2,BWI SJ,ELR SJ,Completed,Company Takeover,ELB Group Ltd acquired B&W Instrumentation and Electrical Ltd for ZAR 118.87M. The transaction was completed on 12/2/2013.,ZAR,Stock,2013/12/2,0.000000,100.000000,No,Industrials,Industrials,N,Friendly,South Africa,South Africa,BWI,ELR,Common Stock,Common Stock,2012,300.597,442.374,1413.809,1725.479,118.87,4,Both,3,2009-04-01,2017-09-30,560,80,6600,190,57.5166666666667,5.75833333333333,3868630.2,4302291.2,89.920231340919,5.84411132453906,10626244.0,2167.853,442.374,Intermediate,Full (4/4),2013
84600187,INV,2013/12/5,FTA SJ,VKE SJ,Completed,Minority Purchase,Liberty Holdings Ltd sold a minority stake in Fairvest Ltd to Vukile Property Fund Ltd. The transaction was announced on 12/5/2013 and completed on 12/13/2013.,ZAR,Stock,2013/12/13,0.000000,34.000000,No,Real Estate,Real Estate,N,Friendly,South Africa,South Africa,FTA,VKE,REIT,REIT,2012,1184.277115,53.062853,6764.705,1046.136,345.63,4,Assets only,3,2009-04-01,2017-09-30,560,80,6600,190,57.5166666666667,5.75833333333333,3868630.2,4302291.2,89.920231340919,5.84411132453906,10626244.0,7948.982115,1184.277115,Large,Full (4/4),2013
84653570,INV,2013/12/6,VIF SJ,AWA SJ,Completed,Minority Purchase,Coronation Fund Managers Ltd sold a minority stake in Vividend Income Fund Ltd to Arrowhead Properties Ltd/Old. The transaction was announced on 12/6/2013 and completed on 3/1/2014.,ZAR,Stock,2014/3/1,0.000000,31.700001,No,Financials,Real Estate,N,Friendly,South Africa,South Africa,VIF,AWA,REIT,REIT,2012,1455.926,134.599,2459.563801,270.225828,443.61,4,Both,3,2009-04-01,2017-09-30,560,80,6600,190,57.5166666666667,5.75833333333333,3868630.2,4302291.2,89.920231340919,5.84411132453906,10626244.0,3915.4898009999997,1455.926,Intermediate,Full (4/4),2013
8470084,M&A,2002/7/8,SRV SJ,AMB SJ,Completed,"Company Takeover, Tender Offer",AMB Holdings Ltd acquired Servest Holdings Ltd for ZAR 252.73M. The transaction was announced on 7/8/2002 and completed on 9/20/2002.,ZAR,Cash,2002/9/20,0.000000,100.000000,No,Industrials,Financials,N,Friendly,South Africa,South Africa,SRV,AMB,Common Stock,Common Stock,2001,559.178,779.351,2401.325927734375,435.32000732421875,252.73,4,Both,2,2001-02-01,2009-03-31,200,30,3500,100,31.8166666666667,9.15,1360679.3,3010473.1,45.1981882847583,12.5379611113752,1584151.0,3180.676927734375,779.351,Intermediate,Full (4/4),2002
84908332,INV,2013/12/12,CNL SJ,TOR SJ,Completed,Minority Purchase,A consortium led by Private Investor sold a minority stake in Control Instruments Group Pty Ltd to Torre Industries Ltd. The transaction was completed on 12/12/2013.,USD,Cash,2013/12/12,0.000000,34.259998,No,Industrials,Industrials,N,Friendly,South Africa,South Africa,CNL,TOR,Common Stock,Common Stock,2012,330.31,566.367,106.945,52.011,680.59,4,Both,3,2009-04-01,2017-09-30,560,80,6600,190,57.5166666666667,5.75833333333333,3868630.2,4302291.2,89.920231340919,5.84411132453906,10626244.0,673.3119999999999,566.367,Intermediate,Full (4/4),2013
8550377,M&A,2002/7/18,BNX SJ,JCD SJ,Completed,Company Takeover,JCI Ltd acquired Barnato Exploration Ltd. The transaction was announced on 7/18/2002 and completed on 10/14/2003. Financial terms of the transaction are undisclosed.,ZAR,Undisclosed,2003/10/14,0.000000,100.000000,No,Materials,Materials,N,Friendly,South Africa,South Africa,BNX,JCD,Common Stock,Common Stock,2001,76.9010009765625,3.052000045776367,1830.102051,86.128998,,4,Assets only,2,2001-02-01,2009-03-31,200,30,3500,100,31.8166666666667,9.15,1360679.3,3010473.1,45.1981882847583,12.5379611113752,1584151.0,1907.0030519765626,76.9010009765625,Intermediate,Full (4/4),2002
86906498,M&A,2014/2/3,CNL SJ,TOR SJ,Completed,"Company Takeover, Additional Stake Purchase, Tender Offer",Torre Industries Ltd acquired Control Instruments Group Pty Ltd for ZAR 201.06M. The transaction was completed on 2/3/2014.,ZAR,Cash,2014/2/3,34.259998,65.739998,No,Industrials,Industrials,N,Friendly,South Africa,South Africa,CNL,TOR,Common Stock,Common Stock,2013,329.789,553.549,332.144,83.076,201.06,4,Both,3,2009-04-01,2017-09-30,560,80,6600,190,61.0166666666667,6.05,4133873.0,4363118.1,94.7458424286063,5.36654656658044,11505020.0,885.693,553.549,Intermediate,Full (4/4),2014
8700900,M&A,2002/8/6,PGH SJ,ABG SJ,Completed,Company Takeover,Absa Group Ltd acquired Absa Trading & Investments Solutions Holdings Pty Ltd for ZAR 1006.65M. The transaction was announced on 8/6/2002 and completed on 4/1/2003.,ZAR,Cash and Stock,2003/4/1,0.000000,100.000000,No,Financials,Financials,N,Friendly,South Africa,South Africa,PGH,ABG,Common Stock,Common Stock,2001,2968.9580078125,516.4030151367188,196514,28926,1006.64,4,Both,2,2001-02-01,2009-03-31,200,30,3500,100,31.8166666666667,9.15,1360679.3,3010473.1,45.1981882847583,12.5379611113752,1584151.0,199482.9580078125,2968.9580078125,Large,Full (4/4),2002
87070842,INV,2014/2/5,AIA SJ,DLT SJ,Pending,Minority Purchase,Delta Property Fund Ltd announced the acquisition of a minority stake in Ascension Properties Ltd. The transaction was announced on 2/5/2014 and is currently pending.,ZAR,Cash,,0.000000,17.750000,No,Real Estate,Real Estate,N,Friendly,South Africa,South Africa,AIA,DLT,REIT,REIT,2013,2622.404,194.058,2241.546,139.959,397.00,4,Both,3,2009-04-01,2017-09-30,560,80,6600,190,61.0166666666667,6.05,4133873.0,4363118.1,94.7458424286063,5.36654656658044,11505020.0,4863.95,2622.404,Intermediate,Full (4/4),2014
87071928,INV,2014/2/5,AIA SJ,REB SJ,Completed,Minority Purchase,Rebosis Property Fund Ltd acquired a minority stake in Ascension Properties Ltd. The transaction was announced on 2/5/2014 and completed on 2/3/2014.,ZAR,Cash and Stock,2014/2/3,0.000000,15.960000,No,Real Estate,Real Estate,N,Friendly,South Africa,South Africa,AIA,REB,REIT,REIT,2013,2622.404,194.058,5474.837,582.672,297.14,4,Both,3,2009-04-01,2017-09-30,560,80,6600,190,61.0166666666667,6.05,4133873.0,4363118.1,94.7458424286063,5.36654656658044,11505020.0,8097.241,2622.404,Large,Full (4/4),2014
8718849,M&A,2002/7/4,HLH SJ,REM SJ,Completed,"Company Takeover, Additional Stake Purchase, Tender Offer",Remgro Ltd acquired Hunt Leuchars & Hepburn Holdings Ltd for ZAR 576.10M. The transaction was announced on 7/4/2002 and completed on 11/5/2002.,ZAR,Cash,2002/11/5,73.000000,27.000000,No,Consumer Staples,Financials,N,Friendly,South Africa,South Africa,HLH,REM,Common Stock,Common Stock,2001,2676.913086,2996.937012,21554,5735,576.09,4,Both,2,2001-02-01,2009-03-31,200,30,3500,100,31.8166666666667,9.15,1360679.3,3010473.1,45.1981882847583,12.5379611113752,1584151.0,24550.937012,2996.937012,Large,Full (4/4),2002
8740429,M&A,2002/8/13,NIB SJ,NED SJ,Completed,"Company Takeover, Additional Stake Purchase, Tender Offer",Nedbank Group Ltd acquired Nedcor Investment Bank Holdings Ltd for ZAR 934.66M. The transaction was announced on 8/13/2002 and completed on 10/22/2002.,ZAR,Stock,2002/10/22,83.900002,16.100000,No,Financials,Financials,N,Friendly,South Africa,South Africa,NIB,NED,Common Stock,Common Stock,2001,30242.373047,3587.326904,197665,22240,934.67,4,Both,2,2001-02-01,2009-03-31,200,30,3500,100,31.8166666666667,9.15,1360679.3,3010473.1,45.1981882847583,12.5379611113752,1584151.0,227907.373047,30242.373047,Large,Full (4/4),2002
8763097,INV,2002/8/15,EEL SJ,MCM AU,Completed,"Cross Border, Minority Purchase",Deepgreen Minerals Corp Pty Ltd sold a minority stake in Efora Energy Ltd to MC Mining Ltd. The transaction was announced on 8/15/2002 and completed on 10/31/2002.,AUD,Cash or Stock,2002/10/31,0.000000,15.000000,No,Materials,Materials,N,Friendly,South Africa,Australia,EEL,MCM,Common Stock,Common Stock,2001,17.479999542236328,8.772000312805176,0.7806569092392921,,4.61,3,Neither,2,2001-02-01,2009-03-31,200,30,3500,100,31.8166666666667,9.15,1360679.3,3010473.1,45.1981882847583,12.5379611113752,1584151.0,18.26065645147562,17.479999542236328,Small,Partial (3/4),2002
8763109,INV,2002/8/15,EEL SJ,MCM AU,Completed,"Cross Border, Minority Purchase",Cambrian Mining Ltd sold a minority stake in Efora Energy Ltd to MC Mining Ltd. The transaction was announced on 8/15/2002 and completed on 10/31/2002.,GBP,Cash or Stock,2002/10/31,0.000000,19.500000,No,Materials,Materials,N,Friendly,South Africa,Australia,EEL,MCM,Common Stock,Common Stock,2001,17.479999542236328,8.772000312805176,0.7806569092392921,,5.99,3,Neither,2,2001-02-01,2009-03-31,200,30,3500,100,31.8166666666667,9.15,1360679.3,3010473.1,45.1981882847583,12.5379611113752,1584151.0,18.26065645147562,17.479999542236328,Small,Partial (3/4),2002
88355654,M&A,2014/3/7,ANP SJ,RDF SJ,Completed,Company Takeover,Redefine Properties Ltd acquired Annuity Properties Pty Ltd for ZAR 1254.23M. The transaction was announced on 3/7/2014 and completed on 6/24/2014.,ZAR,Stock,2014/6/24,0.000000,100.000000,No,Real Estate,Real Estate,N,Friendly,South Africa,South Africa,ANP,RDF,REIT,REIT,2013,1455.910888,108.662367,48881.597,4195.36,1254.23,4,Assets only,3,2009-04-01,2017-09-30,560,80,6600,190,61.0166666666667,6.05,4133873.0,4363118.1,94.7458424286063,5.36654656658044,11505020.0,50337.507888,1455.910888,Large,Full (4/4),2014
8840745,M&A,2002/8/23,MAS SJ,MHM CN,Terminated,"Company Takeover, Cross Border, Additional Stake Purchase",Masonite International Corp/Pre-May 2005 announced the acquisition of Masonite Africa Ltd for ZAR 21.55M. The transaction was announced on 8/23/2002 and terminated on 10/28/2002.,ZAR,Cash,2002/10/28,67.000000,33.000000,No,Consumer Discretionary,Consumer Discretionary,N,Friendly,South Africa,Canada,MAS,MHM,Common Stock,Common Stock,2001,180.54800415039062,282.489013671875,1442.286011,1421.602051,21.55,4,Both,2,2001-02-01,2009-03-31,200,30,3500,100,31.8166666666667,9.15,1360679.3,3010473.1,45.1981882847583,12.5379611113752,1584151.0,1724.775024671875,282.489013671875,Intermediate,Full (4/4),2002
88579430,M&A,2014/3/13,MDM LN,FWLT US,Completed,"Company Takeover, Cross Border",Foster Wheeler AG acquired MDM Engineering Group Ltd for GBP 44.43M. The transaction was announced on 3/13/2014 and completed on 10/23/2014.,GBP,Cash,2014/10/23,0.000000,100.000000,No,Industrials,Industrials,N,Friendly,South Africa,Switzerland,MDM,FWLT,Common Stock,Common Stock,2013,61.379504,137.198843,2740.272,3306.45,797.30,4,Turnover only,3,2009-04-01,2017-09-30,560,80,6600,190,61.0166666666667,6.05,4133873.0,4363118.1,94.7458424286063,5.36654656658044,11505020.0,3443.648843,137.198843,Intermediate,Full (4/4),2014
89180323,M&A,2014/3/27,SYC SJ,ACP SJ,Completed,"Company Takeover, Additional Stake Purchase, Tender Offer",Acucap Properties Ltd acquired Sycom Property Fund for ZAR 3136.21M. The transaction was announced on 3/27/2014 and completed on 9/29/2014.,ZAR,Stock,2014/9/29,33.389999,50.009998,No,Real Estate,Real Estate,N,Friendly,South Africa,South Africa,SYC,ACP,REIT,REIT,2013,8987.349,667.313,10348.663,650.79,3136.21,4,Both,3,2009-04-01,2017-09-30,560,80,6600,190,61.0166666666667,6.05,4133873.0,4363118.1,94.7458424286063,5.36654656658044,11505020.0,19336.012000000002,8987.349,Large,Full (4/4),2014
8926204,M&A,2002/6/20,MDS SJ,ABG SJ,Completed,Company Takeover,Absa Group Ltd acquired Midas Pty Ltd for ZAR 78.70M. The transaction was announced on 6/20/2002 and completed on 10/11/2002.,ZAR,Cash,2002/10/11,0.000000,100.000000,No,Consumer Discretionary,Financials,N,Friendly,South Africa,South Africa,MDS,ABG,Common Stock,Common Stock,2001,300.241,867.095,196514,28926,78.70,4,Both,2,2001-02-01,2009-03-31,200,30,3500,100,31.8166666666667,9.15,1360679.3,3010473.1,45.1981882847583,12.5379611113752,1584151.0,197381.095,867.095,Large,Full (4/4),2002
8932743,INV,2002/9/5,ENR SJ,PET MK,Completed,"Cross Border, Additional Stake Purchase",Petroliam Nasional Bhd acquired Energy Africa Pty Ltd for ZAR 392.48M. The transaction was announced on 9/5/2002 and completed on 11/15/2002.,ZAR,Cash,2002/11/15,56.700001,8.700000,No,Energy,Energy,N,Hostile,South Africa,Malaysia,ENR,PET,Common Stock,Private Comp,2001,194.73238285965002,138.99148536152202,139038.903,73357.18829999982,392.48,4,Both,2,2001-02-01,2009-03-31,200,30,3500,100,31.8166666666667,9.15,1360679.3,3010473.1,45.1981882847583,12.5379611113752,1584151.0,139233.63538285965,194.73238285965,Large,Full (4/4),2002
89443655,M&A,2014/4/1,VIF SJ,AWA SJ,Completed,"Company Takeover, Additional Stake Purchase",Arrowhead Properties Ltd/Old acquired Vividend Income Fund Ltd for ZAR 465.48M. The transaction was announced on 4/1/2014 and completed on 8/5/2014.,ZAR,Stock,2014/8/5,31.700001,68.300003,No,Financials,Real Estate,N,Friendly,South Africa,South Africa,VIF,AWA,REIT,REIT,2013,2276.2,198.702,3218.077707,443.714036,465.48,4,Both,3,2009-04-01,2017-09-30,560,80,6600,190,61.0166666666667,6.05,4133873.0,4363118.1,94.7458424286063,5.36654656658044,11505020.0,5494.277706999999,2276.2,Intermediate,Full (4/4),2014
89577577,M&A,2014/4/3,KEL SJ,ADR SJ,Completed,"Company Takeover, Additional Stake Purchase",Adcorp Holdings Ltd acquired Kelly Group SA Pty Ltd for ZAR 120.65M. The transaction was announced on 4/3/2014 and completed on 11/25/2014.,ZAR,Cash or Stock,2014/11/25,29.000000,71.000000,No,Industrials,Industrials,N,Friendly,South Africa,South Africa,KEL,ADR,Common Stock,Common Stock,2013,562.664,1422.637,4127.896,8616.842,120.65,4,Both,3,2009-04-01,2017-09-30,560,80,6600,190,61.0166666666667,6.05,4133873.0,4363118.1,94.7458424286063,5.36654656658044,11505020.0,10039.479000000001,1422.637,Large,Full (4/4),2014
8975685,M&A,2002/9/11,CXT SJ,CAT SJ,Completed,"Company Takeover, Additional Stake Purchase, Tender Offer",Caxton and CTP Publishers and Printers Ltd acquired Caxton Publishers & Printers Ltd for ZAR 491.27M. The transaction was announced on 9/11/2002 and completed on 12/24/2002.,ZAR,Cash,2002/12/24,79.400002,20.600000,No,Communications,Communications,N,Friendly,South Africa,South Africa,CXT,CAT,Common Stock,Common Stock,2001,2229.894,2096.349,2391.9729,2096.349121,491.27,4,Both,2,2001-02-01,2009-03-31,200,30,3500,100,31.8166666666667,9.15,1360679.3,3010473.1,45.1981882847583,12.5379611113752,1584151.0,4621.8669,2229.894,Large,Full (4/4),2002
8982811,M&A,2001/10/23,FIN SJ,AEL SJ,Completed,Company Takeover,Altron Ltd acquired Fintech Ltd for ZAR 1061.90M. The transaction was announced on 10/23/2001 and completed on 12/13/2001.,ZAR,Undisclosed,2001/12/13,0.000000,100.000000,No,Technology,Communications,N,Friendly,South Africa,South Africa,FIN,AEL,Common Stock,Common Stock,2000,1318.12,116.757,4915.05810546875,6741.64599609375,1061.90,4,Both,2,2001-02-01,2009-03-31,200,30,3500,100,29.15,5.725,1165940.6,2903049.5,40.1626152085936,7.80047907381016,1770682.0,8059.76599609375,1318.12,Large,Full (4/4),2001
89832300,M&A,2014/7/4,FPT SJ,RDF SJ,Terminated,"Company Takeover, Additional Stake Purchase",Redefine Properties Ltd announced the acquisition of Fountainhead Property Trust for ZAR 3100.76M. The transaction was announced on 7/4/2014 and terminated on 8/22/2014.,ZAR,Stock,2014/8/22,65.870003,34.130001,No,Real Estate,Real Estate,N,Friendly,South Africa,South Africa,FPT,RDF,REIT,REIT,2013,11598.64,,48881.597,4195.36,3100.75,3,Assets only,3,2009-04-01,2017-09-30,560,80,6600,190,61.0166666666667,6.05,4133873.0,4363118.1,94.7458424286063,5.36654656658044,11505020.0,60480.237,11598.64,Large,Partial (3/4),2014
89949754,INV,2014/4/14,ACP SJ,GRT SJ,Completed,Minority Purchase,Growthpoint Properties Ltd acquired a minority stake in Acucap Properties Ltd. The transaction was announced on 4/14/2014 and completed on 5/15/2014.,ZAR,Stock,2014/5/15,0.000000,34.900002,No,Real Estate,Real Estate,N,Friendly,South Africa,South Africa,ACP,GRT,REIT,REIT,2013,10348.663,650.79,64154,5782,2939.20,4,Both,3,2009-04-01,2017-09-30,560,80,6600,190,61.0166666666667,6.05,4133873.0,4363118.1,94.7458424286063,5.36654656658044,11505020.0,74502.663,10348.663,Large,Full (4/4),2014
89949910,INV,2014/4/14,SYC SJ,GRT SJ,Completed,Minority Purchase,Growthpoint Properties Ltd acquired a minority stake in Sycom Property Fund. The transaction was announced on 4/14/2014 and completed on 5/16/2014.,ZAR,Stock,2014/5/16,0.000000,31.494699,No,Real Estate,Real Estate,N,Friendly,South Africa,South Africa,SYC,GRT,REIT,REIT,2013,8987.349,667.313,64154,5782,1677.73,4,Both,3,2009-04-01,2017-09-30,560,80,6600,190,61.0166666666667,6.05,4133873.0,4363118.1,94.7458424286063,5.36654656658044,11505020.0,73141.349,8987.349,Large,Full (4/4),2014
9017935,M&A,2002/9/18,SLU SJ,0861674D SJ,Completed,"Company Takeover, Additional Stake Purchase, Tender Offer",Alexander Forbes Ltd acquired Investment Solutions Holdings Ltd for ZAR 711.71M. The transaction was announced on 9/18/2002 and completed on 12/18/2002.,ZAR,Cash or Stock,2002/12/18,59.599998,40.400002,No,Financials,Financials,N,Friendly,South Africa,South Africa,SLU,0861674D,Common Stock,Private Comp,2001,32950.21875,333.7030029296875,6633,3284,711.71,4,Both,2,2001-02-01,2009-03-31,200,30,3500,100,31.8166666666667,9.15,1360679.3,3010473.1,45.1981882847583,12.5379611113752,1584151.0,39583.21875,32950.21875,Large,Full (4/4),2002
9086339,M&A,2002/9/26,MHH SJ,NPN SJ,Completed,Company Takeover,Naspers Ltd acquired MIH Holdings Pty Ltd for ZAR 811.85M. The transaction was announced on 9/26/2002 and completed on 12/24/2002.,ZAR,Stock,2002/12/24,65.000000,35.000000,No,Communications,Communications,N,Friendly,South Africa,South Africa,MHH,NPN,Unit,Common Stock,2001,15334.277344,5684.97998,2177.3393501132814,1132.3967739565198,811.85,4,Both,2,2001-02-01,2009-03-31,200,30,3500,100,31.8166666666667,9.15,1360679.3,3010473.1,45.1981882847583,12.5379611113752,1584151.0,17511.616694113283,15334.277344,Large,Full (4/4),2002
91573262,M&A,2014/5/22,BCX SJ,TKG SJ,Completed,Company Takeover,Telkom SA SOC Ltd acquired Business Connexion Group Ltd for ZAR 2707.42M. The transaction was announced on 5/22/2014 and completed on 8/25/2015.,ZAR,Cash,2015/8/25,0.000000,100.000000,No,Technology,Communications,N,Friendly,South Africa,South Africa,BCX,TKG,Common Stock,Common Stock,2013,3939.29,6173.339,41575,32143,2707.42,4,Both,3,2009-04-01,2017-09-30,560,80,6600,190,61.0166666666667,6.05,4133873.0,4363118.1,94.7458424286063,5.36654656658044,11505020.0,47748.339,6173.339,Large,Full (4/4),2014
92321790,M&A,2014/6/10,PMM SJ,OCT SJ,Completed,"Company Takeover, Additional Stake Purchase",Octodec Investments Ltd acquired Premium Properties Ltd for ZAR 4435.42M. The transaction was announced on 6/10/2014 and completed on 9/22/2014.,ZAR,Stock,2014/9/22,14.900000,85.099998,No,Real Estate,Real Estate,N,Friendly,South Africa,South Africa,PMM,OCT,REIT,REIT,2013,4729.063,585.918,4022.844,537.924,4435.40,4,Both,3,2009-04-01,2017-09-30,560,80,6600,190,61.0166666666667,6.05,4133873.0,4363118.1,94.7458424286063,5.36654656658044,11505020.0,8751.907,4729.063,Large,Full (4/4),2014
92792024,INV,2014/6/23,AFH SJ,MRSH US,Completed,"Cross Border, Minority Purchase",Marsh & McLennan Cos Inc acquired a minority stake in Alexander Forbes Group Holdings Ltd. The transaction was announced on 6/23/2014 and completed on 10/31/2014. Financial terms of the transaction are undisclosed.,ZAR,Undisclosed,2014/10/31,0.000000,34.000000,No,Financials,Financials,N,Friendly,South Africa,United States,AFH,MRSH,Common Stock,Common Stock,2013,278037,4388,16980,12261,,4,Both,3,2009-04-01,2017-09-30,560,80,6600,190,61.0166666666667,6.05,4133873.0,4363118.1,94.7458424286063,5.36654656658044,11505020.0,295017.0,278037.0,Large,Full (4/4),2014
93388347,INV,2014/7/7,TSG SJ,TSG SJ,Completed,"Cross Border, Minority Purchase",Abi Sab Group Holding Ltd sold a minority stake in Tsogo Sun Limited to Tsogo Sun Limited. The transaction was announced on 7/7/2014 and completed on 8/29/2014.,ZAR,Cash,2014/8/29,0.000000,11.000000,No,Consumer Discretionary,Consumer Discretionary,N,Friendly,South Africa,South Africa,TSG,TSG,Common Stock,Common Stock,2013,17430,9910,17430,9910,2799.99,4,Both,3,2009-04-01,2017-09-30,560,80,6600,190,61.0166666666667,6.05,4133873.0,4363118.1,94.7458424286063,5.36654656658044,11505020.0,34860.0,17430.0,Large,Full (4/4),2014
93904219,INV,2014/7/21,GRL LN,ORR LN,Completed,"Cross Border, Minority Purchase",Oriole Resources PLC acquired a minority stake in Goldstone Resources Ltd. The transaction was announced on 7/21/2014 and completed on 11/3/2014.,GBP,Cash,2014/11/3,0.000000,33.430000,No,Materials,Materials,N,Friendly,South Africa,United Kingdom,GRL,ORR,Common Stock,Common Stock,2013,0.827814,,24.370338,0,14.66,3,Neither,3,2009-04-01,2017-09-30,560,80,6600,190,61.0166666666667,6.05,4133873.0,4363118.1,94.7458424286063,5.36654656658044,11505020.0,25.198152,0.827814,Small,Partial (3/4),2014
93904273,M&A,2014/7/21,GRL LN,ORR LN,Completed,"Option Agreement, Cross Border, Majority Purchase, Additional Stake Purchase",Oriole Resources PLC acquired Goldstone Resources Ltd for GBP 0.47M. The transaction was announced on 7/21/2014 and completed on 11/3/2014.,GBP,Cash,2014/11/3,33.430000,16.670000,No,Materials,Materials,N,Friendly,South Africa,United Kingdom,GRL,ORR,Common Stock,Common Stock,2013,0.827814,,24.370338,0,8.53,3,Neither,3,2009-04-01,2017-09-30,560,80,6600,190,61.0166666666667,6.05,4133873.0,4363118.1,94.7458424286063,5.36654656658044,11505020.0,25.198152,0.827814,Small,Partial (3/4),2014
94018445,INV,2013/3/4,IRA SJ,AFT SJ,Completed,"Mandatory Offer, Additional Stake Purchase",Afrimat Ltd acquired Infrasors Holdings Ltd for ZAR 5.34M. The transaction was announced on 3/4/2013 and completed on 7/5/2013.,ZAR,Cash,2013/7/5,50.759998,4.430600,No,Materials,Materials,N,Friendly,South Africa,South Africa,IRA,AFT,Common Stock,Common Stock,2012,693.325,272.744,1000.377433,996.13747,5.34,4,Both,3,2009-04-01,2017-09-30,560,80,6600,190,57.5166666666667,5.75833333333333,3868630.2,4302291.2,89.920231340919,5.84411132453906,10626244.0,1693.702433,693.325,Intermediate,Full (4/4),2013
94360270,INV,2014/7/31,SUR SJ,GPL SJ,Pending,"Private Placement, Minority Purchase",Grand Parade Investments Ltd announced the acquisition of a minority stake in Spur Corp Ltd. The transaction was announced on 7/31/2014 and is currently pending.,ZAR,Cash,,0.000000,10.000000,No,Consumer Discretionary,Financials,N,Friendly,South Africa,South Africa,SUR,GPL,Common Stock,Common Stock,2013,696.213,671.552,2002.411,15.593,294.70,4,Both,3,2009-04-01,2017-09-30,560,80,6600,190,61.0166666666667,6.05,4133873.0,4363118.1,94.7458424286063,5.36654656658044,11505020.0,2698.624,696.213,Intermediate,Full (4/4),2014
9461995,M&A,2002/7/19,DAE SJ,0741 KS,Completed,"Company Takeover, Cross Border, Additional Stake Purchase",Winiadaewoo Co Ltd acquired Daewoo Electronics SA Ltd for ZAR 0.41M. The transaction was announced on 7/19/2002 and completed on 11/12/2002.,ZAR,Cash,2002/11/12,60.400002,39.599998,No,Technology,Consumer Discretionary,N,Friendly,South Africa,South Korea,DAE,0741,Common Stock,Common Stock,2001,158.08799743652344,149.54400634765625,3058144.47437,3382997.488781,0.41,4,Both,2,2001-02-01,2009-03-31,200,30,3500,100,31.8166666666667,9.15,1360679.3,3010473.1,45.1981882847583,12.5379611113752,1584151.0,3383155.5767784365,158.08799743652344,Large,Full (4/4),2002
96655904,INV,2014/9/26,TSX SJ,GRSP SJ,Completed,Additional Stake Purchase,Goldrush Holdings Ltd acquired Trans Hex Group Ltd. The transaction was completed on 9/26/2014. Financial terms of the transaction are undisclosed.,ZAR,Undisclosed,2014/9/26,12.250000,12.050000,No,Materials,Financials,N,Friendly,South Africa,South Africa,TSX,GRSP,Common Stock,Preference,2013,990.427,751.304,606.024023,20.773118,,4,Both,3,2009-04-01,2017-09-30,560,80,6600,190,61.0166666666667,6.05,4133873.0,4363118.1,94.7458424286063,5.36654656658044,11505020.0,1596.451023,990.427,Intermediate,Full (4/4),2014
9741699,M&A,2002/12/12,FSH SJ,PEP SJ,Completed,"Company Takeover, Bankruptcy/Liquidation",Pepkor Ltd acquired Fashion Africa Ltd. The transaction was announced on 12/12/2002 and completed on 12/31/2003. Financial terms of the transaction are undisclosed.,ZAR,Undisclosed,2003/12/31,0.000000,100.000000,No,Consumer Discretionary,Consumer Discretionary,N,Friendly,South Africa,South Africa,FSH,PEP,Common Stock,Common Stock,2001,131.432,291.325,2415.909912,4762.412109,,4,Both,2,2001-02-01,2009-03-31,200,30,3500,100,31.8166666666667,9.15,1360679.3,3010473.1,45.1981882847583,12.5379611113752,1584151.0,5053.737109,291.325,Large,Full (4/4),2002
97516770,INV,2015/7/1,VOD SJ,184023Z SJ,Completed,"Private Equity, Minority Purchase, Government Privatization","On 07/01/2015, The Republic of South Africa sold its 13.91% holding in Vodacom Group Ltd to the Public Investment Corp Ltd. It was reported on 06/05/2015 and on 05/05/2015 that Public Investment Corp was considering acquiring a stake in Vodacom Ltd. On 02/02/2015, it was reported that South A...",ZAR,Undisclosed,2015/12/2,0.000000,13.910000,No,Communications,Financials,N,Friendly,South Africa,South Africa,VOD,184023Z,Common Stock,Private Comp,2014,60741,75711,1206.976,808.88,,4,Both,3,2009-04-01,2017-09-30,560,80,6600,190,63.825,4.58333333333333,4420792.5,4420792.5,100.0,5.54552837012652,11727560.0,76917.976,75711.0,Large,Full (4/4),2015
97564370,M&A,2015/2/12,TKG SJ,MTN SJ,Withdrawn,"Majority Purchase, Government Privatization","On 02/12/2015 it was reported that MTN Group Ltd are exploring a possible majority purchase of Telkom SA SOC Ltd, according to people familiar with the matter. On 10/16/2014, Business Day reported that Republic of South Africa may sell its about 39.8 percent stake in Telkom SA SOC Ltd.",ZAR,Undisclosed,2015/2/12,0.000000,0.000000,No,Communications,Communications,N,Friendly,South Africa,South Africa,TKG,MTN,Common Stock,Common Stock,2014,39405,31288,253685,146930,,4,Both,3,2009-04-01,2017-09-30,560,80,6600,190,63.825,4.58333333333333,4420792.5,4420792.5,100.0,5.54552837012652,11727560.0,293090.0,39405.0,Large,Full (4/4),2015
9763907,M&A,2002/12/3,ALE SJ,PSG SJ,Completed,"Company Takeover, Tender Offer",PSG Group Ltd acquired Appleton Ltd for ZAR 69.07M. The transaction was announced on 12/3/2002 and completed on 4/15/2003.,ZAR,Cash,2003/4/15,0.000000,100.000000,No,Financials,Financials,N,Friendly,South Africa,South Africa,ALE,PSG,Common Stock,Common Stock,2001,170.6479949951172,148.28500366210938,3415.56,721.759,69.07,4,Both,2,2001-02-01,2009-03-31,200,30,3500,100,31.8166666666667,9.15,1360679.3,3010473.1,45.1981882847583,12.5379611113752,1584151.0,3586.207994995117,170.6479949951172,Large,Full (4/4),2002
9780270,BUY,2002/3/20,TSG SJ,TSG SJ,Completed,,,ZAR,,2003/1/31,0.000000,0.000000,,Consumer Discretionary,Consumer Discretionary,N,,South Africa,,TSG,TSG,Common Stock,Common Stock,2001,564.3159790039062,,564.3159790039062,,42.71,2,Assets only,2,2001-02-01,2009-03-31,200,30,3500,100,31.8166666666667,9.15,1360679.3,3010473.1,45.1981882847583,12.5379611113752,1584151.0,1128.6319580078125,564.3159790039062,Intermediate,Partial (2/4),2002
98360358,INV,2014/11/5,FTA SJ,VKE SJ,Completed,"Private Equity, Additional Stake Purchase",A consortium led by Liberty Holdings Ltd sold Fairvest Ltd to Vukile Property Fund Ltd for ZAR 158.81M. The transaction was announced on 11/5/2014 and completed on 10/28/2014.,ZAR,Stock,2014/10/28,34.000000,5.965000,No,Real Estate,Real Estate,N,Friendly,South Africa,South Africa,FTA,VKE,REIT,REIT,2013,1906.747288,253.366497,9445.172,1275.358,158.81,4,Both,3,2009-04-01,2017-09-30,560,80,6600,190,61.0166666666667,6.05,4133873.0,4363118.1,94.7458424286063,5.36654656658044,11505020.0,11351.919288000001,1906.747288,Large,Full (4/4),2014
98360856,M&A,2014/11/5,FTA SJ,VKE SJ,Completed,"Mandatory Offer, Company Takeover, Additional Stake Purchase",Vukile Property Fund Ltd acquired Fairvest Ltd for ZAR 899.54M. The transaction was announced on 11/5/2014 and completed on 2/2/2015.,ZAR,Stock,2015/2/2,39.965000,60.035000,No,Real Estate,Real Estate,N,Hostile,South Africa,South Africa,FTA,VKE,REIT,REIT,2013,1906.747288,253.366497,9445.172,1275.358,899.55,4,Both,3,2009-04-01,2017-09-30,560,80,6600,190,61.0166666666667,6.05,4133873.0,4363118.1,94.7458424286063,5.36654656658044,11505020.0,11351.919288000001,1906.747288,Large,Full (4/4),2014
98642381,M&A,2014/11/12,ACP SJ,GRT SJ,Completed,"Company Takeover, Additional Stake Purchase","Growthpoint Properties Ltd announced the acquisition of Acucap Properties Ltd for ZAR 14,485.57M. The transaction was announced on 11/12/2014 and is expected to be completed by 04/01/2015. As of the announcement date, this is the second largest deal involving South African companies year to d...",ZAR,Stock,2015/4/29,34.599998,65.400002,No,Real Estate,Real Estate,N,Friendly,South Africa,South Africa,ACP,GRT,REIT,REIT,2013,10348.663,650.79,64154,5782,14485.62,4,Both,3,2009-04-01,2017-09-30,560,80,6600,190,61.0166666666667,6.05,4133873.0,4363118.1,94.7458424286063,5.36654656658044,11505020.0,74502.663,10348.663,Large,Full (4/4),2014
9938435,INV,2002/11/29,VTR SJ,CPA SJ,Completed,Minority Purchase,Absa Trading & Investments Solutions Holdings Pty Ltd sold a minority stake in Vestacor Ltd to Corpcapital Ltd. The transaction was completed on 11/29/2002.,ZAR,Cash and Debt,2002/11/29,0.000000,47.095001,No,Financials,Financials,N,Friendly,South Africa,South Africa,VTR,CPA,Common Stock,Common Stock,2001,294.3609924316406,109.73500061035156,4960.5888671875,682.1929931640625,79.10,4,Both,2,2001-02-01,2009-03-31,200,30,3500,100,31.8166666666667,9.15,1360679.3,3010473.1,45.1981882847583,12.5379611113752,1584151.0,5254.949859619141,294.3609924316406,Large,Full (4/4),2002
9938463,M&A,2003/1/6,VTR SJ,CPA SJ,Completed,"Company Takeover, Additional Stake Purchase",Corpcapital Ltd acquired Vestacor Ltd for ZAR 59.83M. The transaction was announced on 1/6/2003 and completed on 4/3/2003.,ZAR,Cash,2003/4/3,47.099998,52.900002,No,Financials,Financials,N,Friendly,South Africa,South Africa,VTR,CPA,Common Stock,Common Stock,2002,354.7550048828125,82.31700134277344,2982.48388671875,510.8240051269531,59.83,4,Both,2,2001-02-01,2009-03-31,200,30,3500,100,33.675,5.96666666666667,1490399.0,3099254.3,48.0889548172927,6.39575753417796,1787194.0,3337.2388916015625,354.7550048828125,Intermediate,Full (4/4),2003
99441011,INV,2014/12/2,WVR SJ,3227535Z LN,Pending,"Cross Border, Private Equity, Minority Purchase",Development Partners International LLP announced the acquisition of a minority stake in Weaver Fintech Ltd. The transaction was announced on 12/2/2014 and is expected to be completed by 12/3/2014. Financial terms of the transaction are undisclosed.,ZAR,Cash,2014/12/3,0.000000,0.000000,No,Consumer Discretionary,Financials,N,Friendly,South Africa,United Kingdom,WVR,3227535Z,Common Stock,Private Comp,2013,1767.996,1661.952,2.9406399384,3.4552804731111535,,4,Both,3,2009-04-01,2017-09-30,560,80,6600,190,61.0166666666667,6.05,4133873.0,4363118.1,94.7458424286063,5.36654656658044,11505020.0,1771.4512804731112,1767.996,Intermediate,Full (4/4),2014
99672827,M&A,2015/2/18,TMG SJ,TBG SJ,Completed,"PE Buyout, Company Takeover, Cross Border, Private Equity, Additional Stake Purchase","On 06/08/2015, Blackstar Group SE completed the acquisition of Times Media Group Ltd by paying ZAR 500.00M with 90,794,113 ordinary shares being issued.  In a joint announcement of 02/18/2015, Blackstar Group SE and Times Media Group  Ltd announced that Blackstar Group SE will acquire the rem...",ZAR,Cash or Stock,2015/6/9,32.500000,67.500000,No,Communications,Financials,N,Friendly,South Africa,United Kingdom,TMG,TBG,Common Stock,Common Stock,2014,3121,3995,85.856,0,2321.10,4,Both,3,2009-04-01,2017-09-30,560,80,6600,190,63.825,4.58333333333333,4420792.5,4420792.5,100.0,5.54552837012652,11727560.0,4080.8559999999998,3995.0,Intermediate,Full (4/4),2015
