Action ID,Deal Type,Announce Date,Target Ticker,Acquirer Ticker,Deal Status,Deal Offer,Deal Attributes,Deal Description,Currency of Deal,Proposed Deal Type,Payment Type,Proposal Date,Amendment Date,Competing Bid Date,Completion/Termination Date,Announced Premium,Competing Bid Premium,Current Premium,Percent Owned,Percent Sought,Target Termination Fee,Acquirer Termination Fee,Has Contingency Payment,Target Industry Sector,Acquirer Industry Sector,Adviser Fees Disclosed,Target Legal Adviser,Acquirer Legal Adviser,Legal Adviser to Target Financial,Legal Adviser to Acquirer Financial,Target Financial Adviser,Acquirer Financial Adviser,Acquirer Financial Adviser Fee,Nature of Bid,Target Country/Region,Acquirer Country/Region,Target Security Description,Acquirer Security Description,Target Security Type,Acquirer Security Type,Target Revenue,Target Total Assets,Acquirer Total Assets,Acquirer Revenue,Target Gross Fixed Assets,Acquirer Gross Fixed Assets,Target Other Current Assets,Acquirer Other Assets,Target Current Assets to Total Assets,Acquirer Current Assets to Total Assets,Target Current Assets Reported,Acquirer Current Assets Reported,Acquirer Other Assets to Total Assets,Target Total Assets (FY-Specific - BDP),Target Revenue (FY-Specific - BDP),Acquirer Total Assets (FY-Specific - BDP),Acquirer Revenue (FY-Specific - BDP),Target Total Assets (Best Available),Target Total Assets Source,Acquirer Total Assets (Best Available),Acquirer Total Assets Source,Target Revenue (Best Available),Target Revenue Source,Acquirer Revenue (Best Available),Acquirer Revenue Source,Announced Total Value (mil.),Regime No.,Regime Start,Regime End,Intermediate Combined (R'm),Intermediate Target (R'm),Large Combined (R'm),Large Target (R'm),CPI Index (Dec 2024=100),CPI YoY %,Nominal GDP (R million),"Real GDP (R million, 2015 prices)","GDP Deflator (Index, 2015=100)",GDP Deflator YoY %,Market Capitalisation (R million),"Combined Limb Value (best of 4 routes, R'm)","Target Limb Value (max of assets/turnover, R'm)",Classification,Data Completeness,Year
100026324,INV,2014/12/15,DAW SJ,DAW SJ,Completed,,Minority Purchase,Ukhamba Holdings Pty Ltd sold a minority stake in Distribution and Warehousing Network Ltd to Distribution and Warehousing Network Ltd. The transaction was completed on 12/15/2014.,ZAR,,Cash,,,,2014/12/15,,,,0.000000,32.250000,,,No,Consumer Discretionary,Consumer Discretionary,N,,Webber Wentzel,,,,PwC,,Friendly,South Africa,South Africa,DAW,DAW,Common Stock,Common Stock,3478.63,1222.27,1222.27,3478.63,304.146,304.146,91.364,,92.9678,92.9678,1136.31,1136.31,,3017.595,3763.476,3017.595,3763.476,3017.595,FY-specific (point-in-time),3017.595,FY-specific (point-in-time),3763.476,FY-specific (point-in-time),3763.476,FY-specific (point-in-time),664.13,3,2009-04-01,2017-09-30,560,80,6600,190,61.0166666666667,6.05,4133873.0,4363118.1,94.7458424286063,5.36654656658044,11505020.0,6957.26,3478.63,Large,Full (4/4),2014
100560439,INV,2014/12/24,TSX SJ,GRSP SJ,Completed,,Additional Stake Purchase,Goldrush Holdings Ltd acquired Trans Hex Group Ltd. The transaction was completed on 12/24/2014. Financial terms of the transaction are undisclosed.,ZAR,,Undisclosed,,,,2014/12/24,,,,24.299999,0.700100,,,No,Materials,Financials,N,,,,,,,,Friendly,South Africa,South Africa,TSX,GRSP,Common Stock,Preference,312.556,800.273,3012.47,1932.48,909.176,1923.11,33.608,,17.1065,11.2516,136.899,338.952,,990.427,751.304,606.024023,20.773118,990.427,FY-specific (point-in-time),606.024023,FY-specific (point-in-time),751.304,FY-specific (point-in-time),20.773118,FY-specific (point-in-time),,3,2009-04-01,2017-09-30,560,80,6600,190,61.0166666666667,6.05,4133873.0,4363118.1,94.7458424286063,5.36654656658044,11505020.0,3812.743,800.273,Intermediate,Full (4/4),2014
10075015,M&A,2003/1/24,BNT SJ,FVT SJ,Terminated,,Company Takeover,Fairvest Property Holdings Ltd announced the acquisition of Bonatla Property Holdings Ltd for ZAR 177.30M. The transaction was announced on 1/24/2003 and terminated on 5/2/2003.,ZAR,,Stock,,,,2003/5/2,,,,0.000000,100.000000,,,No,Real Estate,Real Estate,N,,,,,,,,Friendly,South Africa,South Africa,BNT,FVT,Common Stock,REIT,7.648,376.524,3822.85,579.566,93.535,,0.583,,30.5864,,115.165,174.43,,649.8189697265625,116.39700317382812,,,649.8189697265625,FY-specific (point-in-time),3822.85,MA-screen (current/latest - NOT point-in-time),116.39700317382812,FY-specific (point-in-time),579.566,MA-screen (current/latest - NOT point-in-time),177.30,2,2001-02-01,2009-03-31,200,30,3500,100,33.675,5.96666666666667,1490399.0,3099254.3,48.0889548172927,6.39575753417796,1787194.0,4199.374,376.524,Large,Full (4/4),2003
10082587,M&A,2003/1/27,PON SJ,JDG SJ,Completed,,"Company Takeover, Additional Stake Purchase",JD Group Ltd/South Africa acquired Profurn Ltd for ZAR 240.67M. The transaction was announced on 1/27/2003 and completed on 4/23/2003.,ZAR,,Stock,,,,2003/4/23,5.15,,,78.800003,21.200001,,,No,Consumer Discretionary,Consumer Discretionary,N,,Feinsteins Attor,,,,Gensec Bank,,Friendly,South Africa,South Africa,PON,JDG,Common Stock,Common Stock,2719.63,3497.23,21035,30582,481.255,3478,104.592,,92.2243,67.4257,3225.3,14183,,,,4253,4083,3497.23,MA-screen (current/latest - NOT point-in-time),4253.0,FY-specific (point-in-time),2719.63,MA-screen (current/latest - NOT point-in-time),4083.0,FY-specific (point-in-time),240.67,2,2001-02-01,2009-03-31,200,30,3500,100,33.675,5.96666666666667,1490399.0,3099254.3,48.0889548172927,6.39575753417796,1787194.0,34079.23,3497.23,Large,Full (4/4),2003
101568253,M&A,2014/10/15,LHG SJ,ENDPQ US,Completed,,"Company Takeover, Cross Border, Additional Stake Purchase",Endo International PLC acquired Litha Healthcare Group Ltd for ZAR 461.70M. The transaction was announced on 10/15/2014 and completed on 2/10/2015.,ZAR,,Cash,,,,2015/2/10,11.36,,,70.000000,30.000000,,,No,Health Care,Health Care,N,,,,,,Nedbank Capital,,Friendly,South Africa,United States,LHG,ENDPQ,Common Stock,Common Stock,1045.33,1944.3,93821.4,37127.5,99.704,15774.1,49.945,,33.2892,32.4782,647.241,30471.5,,1944.3,1045.332,6571.856,2124.681,1944.3,FY-specific (point-in-time),6571.856,FY-specific (point-in-time),1045.332,FY-specific (point-in-time),2124.681,FY-specific (point-in-time),461.70,3,2009-04-01,2017-09-30,560,80,6600,190,61.0166666666667,6.05,4133873.0,4363118.1,94.7458424286063,5.36654656658044,11505020.0,95765.7,1944.3,Large,Full (4/4),2014
101824608,INV,2015/1/26,SPP SJ,184023Z SJ,Completed,,"Private Equity, Minority Purchase",Public Investment Corp Ltd acquired a minority stake in SPAR Group Ltd/The. The transaction was completed on 1/26/2015. Financial terms of the transaction are undisclosed.,ZAR,,Undisclosed,,,,2015/1/26,,,,0.000000,20.002001,,,No,Consumer Staples,Financials,N,,,,,,,,Friendly,South Africa,South Africa,SPP,184023Z,Common Stock,Private Comp,131458,46212.1,4617.25,1261.76,17674,185.389,3710,,57.1681,85.5959,26418.6,3952.18,,17122.6,54483,1206.976,808.88,17122.6,FY-specific (point-in-time),1206.976,FY-specific (point-in-time),54483.0,FY-specific (point-in-time),808.88,FY-specific (point-in-time),,3,2009-04-01,2017-09-30,560,80,6600,190,63.825,4.58333333333333,4420792.5,4420792.5,100.0,5.54552837012652,11727560.0,136075.25,131458.0,Large,Full (4/4),2015
101825286,INV,2015/1/26,NPK SJ,0229878D LN,Completed,,"Cross Border, Minority Purchase",Somerset Capital Management LLP acquired a minority stake in Nampak Ltd. The transaction was completed on 1/26/2015. Financial terms of the transaction are undisclosed.,ZAR,,Undisclosed,,,,2015/1/26,,,,0.000000,5.030000,,,No,Materials,Financials,N,,,,,,,,Friendly,South Africa,United Kingdom,NPK,0229878D,Common Stock,Private Comp,10726.8,10992.4,227.751,479.522,7993.5,,1223.4,,54.7142,93.4516,6014.4,212.837,,21891.1,15305.6,6.61405014235,12.479166883651953,21891.1,FY-specific (point-in-time),6.61405014235,FY-specific (point-in-time),15305.6,FY-specific (point-in-time),12.479166883651953,FY-specific (point-in-time),,3,2009-04-01,2017-09-30,560,80,6600,190,63.825,4.58333333333333,4420792.5,4420792.5,100.0,5.54552837012652,11727560.0,11471.922,10992.4,Large,Full (4/4),2015
102634716,INV,2015/2/12,SAP SJ,184023Z SJ,Completed,,Minority Purchase,Public Investment Corp Ltd acquired a minority stake in Sappi Ltd. The transaction was completed on 2/12/2015. Financial terms of the transaction are undisclosed.,ZAR,,Undisclosed,,,,2015/2/12,,,,0.000000,15.573000,,,No,Materials,Financials,N,,,,,,,,Friendly,South Africa,South Africa,SAP,184023Z,Common Stock,Private Comp,98019.3,104825,4617.25,1261.76,176608,185.389,2399.65,,28.6397,85.5959,30021.6,3952.18,,5465,6061,1206.976,808.88,5465.0,FY-specific (point-in-time),1206.976,FY-specific (point-in-time),6061.0,FY-specific (point-in-time),808.88,FY-specific (point-in-time),,3,2009-04-01,2017-09-30,560,80,6600,190,63.825,4.58333333333333,4420792.5,4420792.5,100.0,5.54552837012652,11727560.0,109442.25,104825.0,Large,Full (4/4),2015
102768640,M&A,2015/2/16,SPO SJ,TOR SJ,Completed,,Company Takeover,A consortium led by Private Investor sold Set Point Group Ltd to Torre Industries Ltd for ZAR 354.46M. The transaction was announced on 2/16/2015 and completed on 5/1/2015.,ZAR,,Stock,,,,2015/5/1,,,,0.000000,100.000000,,,No,Industrials,Industrials,N,,,,,,,,Friendly,South Africa,South Africa,SPO,TOR,Common Stock,Common Stock,359.376,235.593,1161,1450,72.373,436,54.373,,67.699,69.1645,159.494,803,,,,956.831,433.13,235.593,MA-screen (current/latest - NOT point-in-time),956.831,FY-specific (point-in-time),359.376,MA-screen (current/latest - NOT point-in-time),433.13,FY-specific (point-in-time),354.46,3,2009-04-01,2017-09-30,560,80,6600,190,63.825,4.58333333333333,4420792.5,4420792.5,100.0,5.54552837012652,11727560.0,1809.376,359.376,Intermediate,Full (4/4),2015
102805375,M&A,2015/2/17,213619Z SJ,TKG SJ,Withdrawn,,"Company Takeover, Cross Border","On 11/19/2015 Telkom withdrew their interest in Cell C. On 11/09/2015, Telkom SA announced that the companies were still in discussions. On 10/29/2015 it was reported that shareholders of Cell C rejected the ZAR 14,000.00M offer from Telkom SA. On 09/23/2015, the CEO of Cell C Pty Ltd stated ...",ZAR,Negotiation,Undisclosed,2015/2/17,,,2015/11/19,,,,0.000000,100.000000,,,No,Communications,Communications,N,,,,,,,,Friendly,South Africa,South Africa,213619Z,TKG,Private Comp,Common Stock,15749.1,25636.3,64418,44477,34750.5,,96.7123,,17.6911,28.8211,4535.34,18566,,15475.813,11634.148,39405,31288,15475.813,FY-specific (point-in-time),39405.0,FY-specific (point-in-time),11634.148,FY-specific (point-in-time),31288.0,FY-specific (point-in-time),13999.94,3,2009-04-01,2017-09-30,560,80,6600,190,63.825,4.58333333333333,4420792.5,4420792.5,100.0,5.54552837012652,11727560.0,90054.3,25636.3,Large,Full (4/4),2015
103008079,INV,2015/2/23,AIP SJ,BVT SJ,Completed,,Additional Stake Purchase,Bidvest Group Ltd/The acquired Adcock Ingram Holdings Ltd for ZAR 299.74M. The transaction was announced on 2/23/2015 and completed on 5/18/2015.,ZAR,,Cash,,,,2015/5/18,,,,33.720001,3.280000,,,No,Health Care,Consumer Staples,N,,Edward Nathan,,,,Investec,,Friendly,South Africa,South Africa,AIP,BVT,Common Stock,Common Stock,9760.33,8735.68,122623,130321,2967.08,40740.4,214.008,,60.0069,43.1532,5242.02,52915.8,,5405.842,,80975.47,161612.418,5405.842,FY-specific (point-in-time),80975.47,FY-specific (point-in-time),9760.33,MA-screen (current/latest - NOT point-in-time),161612.418,FY-specific (point-in-time),299.74,3,2009-04-01,2017-09-30,560,80,6600,190,63.825,4.58333333333333,4420792.5,4420792.5,100.0,5.54552837012652,11727560.0,140081.33,9760.33,Large,Full (4/4),2015
103063244,M&A,2015/2/24,AIA SJ,REB SJ,Completed,,"Company Takeover, Additional Stake Purchase",Rebosis Property Fund Ltd acquired Ascension Properties Ltd for ZAR 2487.52M. The transaction was announced on 2/24/2015 and completed on 4/25/2017.,ZAR,,Stock,,,,2017/4/25,,,,33.869999,66.129997,,,No,Real Estate,Real Estate,N,,Cliffe Dekker Ho,,,Java Capital,,,Friendly,South Africa,South Africa,AIA,REB,REIT,REIT,533.595,4331.78,13512.2,1666.66,,,,,,,102.76,316.407,,3823.853,353.101,7852.361,884.378,3823.853,FY-specific (point-in-time),7852.361,FY-specific (point-in-time),353.101,FY-specific (point-in-time),884.378,FY-specific (point-in-time),2487.52,3,2009-04-01,2017-09-30,560,80,6600,190,63.825,4.58333333333333,4420792.5,4420792.5,100.0,5.54552837012652,11727560.0,17843.98,4331.78,Large,Full (4/4),2015
104477899,INV,2015/3/18,AVV SJ,IVZ US,Completed,,"Cross Border, Additional Stake Purchase",Invesco Ltd acquired Alviva Holdings Ltd. The transaction was completed on 3/18/2015. Financial terms of the transaction are undisclosed.,ZAR,,Undisclosed,,,,2015/3/18,,,,14.440000,0.810000,,,No,Consumer Discretionary,Financials,N,,,,,,,,Friendly,South Africa,United States,AVV,IVZ,Common Stock,Common Stock,23429.2,9722.62,448864,114019,1118.96,,258.591,,74.7893,,7271.48,,,3346.679,7152.444,20450,5147.1,3346.679,FY-specific (point-in-time),20450.0,FY-specific (point-in-time),7152.444,FY-specific (point-in-time),5147.1,FY-specific (point-in-time),,3,2009-04-01,2017-09-30,560,80,6600,190,63.825,4.58333333333333,4420792.5,4420792.5,100.0,5.54552837012652,11727560.0,472293.2,23429.2,Large,Full (4/4),2015
104685922,M&A,2014/12/10,PPC SJ,783608Z SJ,Terminated,,Company Takeover,AfriSam South Africa Pty Ltd announced the acquisition of PPC Ltd. The transaction was announced on 12/10/2014 and terminated on 3/27/2015. Financial terms of the transaction are undisclosed.,ZAR,,Undisclosed,,,,2015/3/27,,,,0.000000,100.000000,,,No,Materials,Materials,N,,,,,,,,Friendly,South Africa,South Africa,PPC,783608Z,Common Stock,Private Comp,10255,10106,17859.6,6843.75,14857,4035.82,8,,35.5333,7.37279,3591,1316.75,,8876,8316,,,8876.0,FY-specific (point-in-time),17859.6,MA-screen (current/latest - NOT point-in-time),8316.0,FY-specific (point-in-time),6843.75,MA-screen (current/latest - NOT point-in-time),,3,2009-04-01,2017-09-30,560,80,6600,190,61.0166666666667,6.05,4133873.0,4363118.1,94.7458424286063,5.36654656658044,11505020.0,28114.6,10255.0,Large,Full (4/4),2014
105216684,INV,2015/4/8,CDZ SJ,SCP SJ,Completed,,"Cross Border, Minority Purchase",Stellar Capital Partners Ltd acquired a minority stake in Cadiz Holdings Ltd. The transaction was announced on 4/8/2015 and completed on 4/7/2015.,ZAR,,Cash,,,,2015/4/7,,,,0.000000,16.450001,,,No,Financials,Financials,N,,,,,,,,Friendly,South Africa,United Kingdom,CDZ,SCP,Common Stock,Common Stock,623.113,6668.99,1151.61,75.586,,,,,,,,471.107,,6149.936,212.902,,,6149.936,FY-specific (point-in-time),1151.61,MA-screen (current/latest - NOT point-in-time),212.902,FY-specific (point-in-time),75.586,MA-screen (current/latest - NOT point-in-time),45.28,3,2009-04-01,2017-09-30,560,80,6600,190,63.825,4.58333333333333,4420792.5,4420792.5,100.0,5.54552837012652,11727560.0,7820.599999999999,6668.99,Large,Full (4/4),2015
106151682,INV,2015/4/29,MRF SJ,GLEN LN,Completed,,"Cross Border, Minority Purchase",Royal Bafokeng Platinum Ltd sold a minority stake in Merafe Resources Ltd to Glencore PLC. The transaction was completed on 4/29/2015. Financial terms of the transaction are undisclosed.,ZAR,,Undisclosed,,,,2015/4/29,,,,0.000000,28.680000,,,No,Materials,Materials,N,,,,,,,,Friendly,South Africa,Switzerland,MRF,GLEN,Common Stock,Common Stock,5834.88,6056.01,2.3558e+06,4.42579e+06,6567.16,2.07326e+06,577.481,,78.2643,47.1382,4739.69,1.11048e+06,,5401.147,3609.066,152205,221073,5401.147,FY-specific (point-in-time),152205.0,FY-specific (point-in-time),3609.066,FY-specific (point-in-time),221073.0,FY-specific (point-in-time),,3,2009-04-01,2017-09-30,560,80,6600,190,63.825,4.58333333333333,4420792.5,4420792.5,100.0,5.54552837012652,11727560.0,4431846.01,6056.01,Large,Full (4/4),2015
106890033,INV,2015/5/13,SNT SJ,SNT SJ,Pending,,Minority Purchase,Central Plaza Investments 112 Pty Ltd announced the sale of a minority stake in Santam Ltd to Santam Ltd. The transaction was announced on 5/13/2015 and is currently pending.,ZAR,,Cash,,,,,,,,0.000000,3.530000,,,No,Financials,Financials,N,,,,,,,,Friendly,South Africa,South Africa,SNT,SNT,Common Stock,Common Stock,50952,82392,82392,50952,,,,,,,,,,25184,19434,25184,19434,25184.0,FY-specific (point-in-time),25184.0,FY-specific (point-in-time),19434.0,FY-specific (point-in-time),19434.0,FY-specific (point-in-time),800.85,3,2009-04-01,2017-09-30,560,80,6600,190,63.825,4.58333333333333,4420792.5,4420792.5,100.0,5.54552837012652,11727560.0,164784.0,82392.0,Large,Full (4/4),2015
107941646,INV,2015/6/8,RMH SJ,184023Z SJ,Completed,,Additional Stake Purchase,Public Investment Corp Ltd acquired RMB Holdings Ltd. The transaction was completed on 6/8/2015. Financial terms of the transaction are undisclosed.,ZAR,,Undisclosed,,,,2015/6/8,,,,9.987000,0.044000,,,No,Financials,Financials,N,,,,,,,,Friendly,South Africa,South Africa,RMH,184023Z,Common Stock,Private Comp,13,720,4617.25,1261.76,,185.389,,,,85.5959,,3952.18,,33566,0,1206.976,808.88,33566.0,FY-specific (point-in-time),1206.976,FY-specific (point-in-time),0.0,FY-specific (point-in-time),808.88,FY-specific (point-in-time),,3,2009-04-01,2017-09-30,560,80,6600,190,63.825,4.58333333333333,4420792.5,4420792.5,100.0,5.54552837012652,11727560.0,5337.25,720.0,Intermediate,Full (4/4),2015
108021185,INV,2015/6/9,NPK SJ,LAZ US,Completed,,"Cross Border, Minority Purchase",Lazard Inc acquired a minority stake in Nampak Ltd. The transaction was completed on 6/9/2015. Financial terms of the transaction are undisclosed.,ZAR,,Undisclosed,,,,2015/6/9,,,,0.000000,10.040000,,,No,Materials,Financials,N,,,,,,,,Friendly,South Africa,United States,NPK,LAZ,Common Stock,Common Stock,10726.8,10992.4,81852.6,56972.2,7993.5,14360.6,1223.4,,54.7142,,6014.4,,,21891.1,15305.6,3332.236,2363.017,21891.1,FY-specific (point-in-time),3332.236,FY-specific (point-in-time),15305.6,FY-specific (point-in-time),2363.017,FY-specific (point-in-time),,3,2009-04-01,2017-09-30,560,80,6600,190,63.825,4.58333333333333,4420792.5,4420792.5,100.0,5.54552837012652,11727560.0,92845.0,10992.4,Large,Full (4/4),2015
108135892,M&A,2015/6/11,IRA SJ,AFT SJ,Completed,,"Company Takeover, Additional Stake Purchase",Afrimat Ltd acquired Infrasors Holdings Ltd for ZAR 19.22M. The transaction was announced on 6/11/2015 and completed on 10/13/2015.,ZAR,,Cash,,,,2015/10/13,15.88,,,91.279999,8.720000,,,No,Materials,Materials,N,,,,,,,,Friendly,South Africa,South Africa,IRA,AFT,Common Stock,Common Stock,337.274,324.13,9900.95,10009,360.463,8944.64,3.844,,26.8278,35.7046,86.957,3535.1,,326.506,327.51,1479.417249,1901.187222,326.506,FY-specific (point-in-time),1479.417249,FY-specific (point-in-time),327.51,FY-specific (point-in-time),1901.187222,FY-specific (point-in-time),19.22,3,2009-04-01,2017-09-30,560,80,6600,190,63.825,4.58333333333333,4420792.5,4420792.5,100.0,5.54552837012652,11727560.0,10346.274,337.274,Large,Full (4/4),2015
10823834,M&A,2003/3/3,AHV SJ,CRH SJ,Completed,,"Company Takeover, Additional Stake Purchase, Tender Offer",Coronation Holdings Ltd acquired African Harvest Ltd for ZAR 137.81M. The transaction was announced on 3/3/2003 and completed on 7/8/2003.,ZAR,,Cash,,2003/4/15,,2003/7/8,8.38,,,75.000000,25.000000,,,No,Financials,Financials,N,,,,,Rothschild & Co,,,Friendly,South Africa,South Africa,AHV,CRH,Common Stock,Common Stock,38.357,680.291,7026,1383,,,,,,,,,,680.291015625,38.356998443603516,7026,1383,680.291015625,FY-specific (point-in-time),7026.0,FY-specific (point-in-time),38.356998443603516,FY-specific (point-in-time),1383.0,FY-specific (point-in-time),137.81,2,2001-02-01,2009-03-31,200,30,3500,100,33.675,5.96666666666667,1490399.0,3099254.3,48.0889548172927,6.39575753417796,1787194.0,7706.291,680.291,Large,Full (4/4),2003
108247445,BUY,2015/6/15,CMH SJ,CMH SJ,Completed,,,,ZAr,,,,,,2015/7/3,,,,0.000000,0.000000,,,,Consumer Discretionary,Consumer Discretionary,N,,,,,,,,,South Africa,,CMH,CMH,Common Stock,Common Stock,15711.2,5908.41,5908.41,15711.2,889.98,889.98,107.508,,64.4336,64.4336,3807,3807,,2574.11,10703.616,2574.11,10703.616,2574.11,FY-specific (point-in-time),2574.11,FY-specific (point-in-time),10703.616,FY-specific (point-in-time),10703.616,FY-specific (point-in-time),2.50,3,2009-04-01,2017-09-30,560,80,6600,190,63.825,4.58333333333333,4420792.5,4420792.5,100.0,5.54552837012652,11727560.0,31422.4,15711.2,Large,Full (4/4),2015
108682908,M&A,2015/6/24,CCL SJ,WTC AU,Completed,,"Company Takeover, Cross Border, Additional Stake Purchase",WiseTech Global Ltd acquired Compu-Clearing Outsourcing Ltd for ZAR 176.97M. The transaction was announced on 6/24/2015 and completed on 9/22/2015.,ZAR,,Cash,,,,2015/9/22,3.00,,,23.500000,76.500000,,,No,Technology,Technology,N,,,,,,,,Friendly,South Africa,Australia,CCL,WTC,Common Stock,Common Stock,71.968,66.281,79861.8,23594.2,41.649,3641.71,1.91,,50.1592,13.8238,33.246,11039.9,,66.281,71.968,,60.60752183908047,66.281,FY-specific (point-in-time),79861.8,MA-screen (current/latest - NOT point-in-time),71.968,FY-specific (point-in-time),60.60752183908047,FY-specific (point-in-time),176.98,3,2009-04-01,2017-09-30,560,80,6600,190,63.825,4.58333333333333,4420792.5,4420792.5,100.0,5.54552837012652,11727560.0,79933.768,71.968,Small,Full (4/4),2015
108732382,M&A,2015/6/25,ADH SJ,COH SJ,Terminated,,Company Takeover,Curro Holdings Ltd announced the acquisition of Advtech Ltd for ZAR 6712.98M. The transaction was announced on 6/25/2015 and terminated on 7/29/2015.,ZAR,,Cash or Stock,,,,2015/7/29,28.75,,,0.000000,100.000000,,,No,Consumer Discretionary,Consumer Discretionary,N,,,,,,,,Unsolicited,South Africa,South Africa,ADH,COH,Common Stock,Common Stock,9330.4,11297,12321,5144,10581.5,13472,169.1,,8.41993,4.6506,951.2,573,,1960.2,1931.8,4144.001,1000.701,1960.2,FY-specific (point-in-time),4144.001,FY-specific (point-in-time),1931.8,FY-specific (point-in-time),1000.701,FY-specific (point-in-time),6713.01,3,2009-04-01,2017-09-30,560,80,6600,190,63.825,4.58333333333333,4420792.5,4420792.5,100.0,5.54552837012652,11727560.0,23618.0,11297.0,Large,Full (4/4),2015
108842109,M&A,2015/6/26,FPT SJ,RDF SJ,Completed,,"Company Takeover, Additional Stake Purchase",Redefine Properties Ltd acquired Fountainhead Property Trust for ZAR 3452.13M. The transaction was announced on 6/26/2015 and completed on 8/11/2015.,ZAR,,Stock,,,,2015/8/11,1.23,,,66.000000,34.000000,,,No,Real Estate,Real Estate,N,,,,,,,,Friendly,South Africa,South Africa,FPT,RDF,REIT,REIT,1282.03,12601.5,106323,11007.4,,,,,,,1386.59,3018.73,,12601.452,1282.033,57490.164,5594.127,12601.452,FY-specific (point-in-time),57490.164,FY-specific (point-in-time),1282.033,FY-specific (point-in-time),5594.127,FY-specific (point-in-time),3452.12,3,2009-04-01,2017-09-30,560,80,6600,190,63.825,4.58333333333333,4420792.5,4420792.5,100.0,5.54552837012652,11727560.0,118924.5,12601.5,Large,Full (4/4),2015
108970285,M&A,2015/6/30,ZSA SJ,ZURN SW,Completed,,Company Takeover,Zurich Insurance Group AG acquired Zurich Insurance Co South Africa Ltd for ZAR 2405.11M. The transaction was announced on 6/30/2015 and completed on 9/22/2015.,ZAR,,Cash,,,,2015/9/22,,,,0.000000,100.000000,,,No,Financials,Financials,N,,,,,,,,Friendly,South Africa,Switzerland,ZSA,ZURN,Common Stock,Common Stock,3392.39,4757.68,6.74621e+06,1.24786e+06,,,,,,,,,,4757.682,3392.387,406529,72781,4757.682,FY-specific (point-in-time),406529.0,FY-specific (point-in-time),3392.387,FY-specific (point-in-time),72781.0,FY-specific (point-in-time),2405.11,3,2009-04-01,2017-09-30,560,80,6600,190,63.825,4.58333333333333,4420792.5,4420792.5,100.0,5.54552837012652,11727560.0,6750967.68,4757.68,Large,Full (4/4),2015
109062983,M&A,2015/6/19,CDZ SJ,SCP SJ,Completed,,"Company Takeover, Cross Border, Additional Stake Purchase",Stellar Capital Partners Ltd acquired Cadiz Holdings Ltd for ZAR 4748.99M. The transaction was announced on 6/19/2015 and completed on 11/3/2015.,ZAR,,Stock,,,,2015/11/3,21.28,,,16.450001,83.550003,,,No,Financials,Financials,N,,,,,,,,Friendly,South Africa,United Kingdom,CDZ,SCP,Common Stock,Common Stock,623.113,6668.99,1151.61,75.586,,,,,,,,471.107,,6149.936,212.902,,,6149.936,FY-specific (point-in-time),1151.61,MA-screen (current/latest - NOT point-in-time),212.902,FY-specific (point-in-time),75.586,MA-screen (current/latest - NOT point-in-time),4748.99,3,2009-04-01,2017-09-30,560,80,6600,190,63.825,4.58333333333333,4420792.5,4420792.5,100.0,5.54552837012652,11727560.0,7820.599999999999,6668.99,Large,Full (4/4),2015
109260627,INV,2015/7/6,TOR SJ,SCP SJ,Completed,,"Cross Border, Minority Purchase",Stellar Capital Partners Ltd acquired a minority stake in Torre Industries Ltd. The transaction was announced on 7/6/2015 and completed on 2/25/2016.,ZAR,,Cash and Stock,,,,2016/2/25,,,,0.000000,26.250000,,,No,Industrials,Financials,N,,,,,,,,Friendly,South Africa,United Kingdom,TOR,SCP,Common Stock,Common Stock,1450,1161,1151.61,75.586,436,,41,,69.1645,,803,471.107,,956.831,433.13,,,956.831,FY-specific (point-in-time),1151.61,MA-screen (current/latest - NOT point-in-time),433.13,FY-specific (point-in-time),75.586,MA-screen (current/latest - NOT point-in-time),690.37,3,2009-04-01,2017-09-30,560,80,6600,190,63.825,4.58333333333333,4420792.5,4420792.5,100.0,5.54552837012652,11727560.0,2601.6099999999997,1450.0,Intermediate,Full (4/4),2015
109260705,INV,2015/7/6,TOR SJ,SCP SJ,Completed,,"Cross Border, Additional Stake Purchase",Stellar Capital Partners Ltd acquired Torre Industries Ltd for ZAR 108.64M. The transaction was announced on 7/6/2015 and completed on 2/25/2016.,ZAR,,Cash,,,,2016/2/25,-43.58,,,26.250000,8.250000,,,No,Industrials,Financials,N,,,,,,,,Friendly,South Africa,United Kingdom,TOR,SCP,Common Stock,Common Stock,1450,1161,1151.61,75.586,436,,41,,69.1645,,803,471.107,,956.831,433.13,,,956.831,FY-specific (point-in-time),1151.61,MA-screen (current/latest - NOT point-in-time),433.13,FY-specific (point-in-time),75.586,MA-screen (current/latest - NOT point-in-time),108.64,3,2009-04-01,2017-09-30,560,80,6600,190,63.825,4.58333333333333,4420792.5,4420792.5,100.0,5.54552837012652,11727560.0,2601.6099999999997,1450.0,Intermediate,Full (4/4),2015
110252034,M&A,2015/7/29,GGM SJ,601212 CH,Completed,,"Company Takeover, Cross Border, Additional Stake Purchase, Tender Offer",Baiyin Nonferrous Group Co Ltd acquired Goliath Gold Mining Ltd for ZAR 41.26M. The transaction was announced on 7/29/2015 and completed on 12/8/2015.,ZAR,,Cash,,,,2015/12/8,-31.60,,,72.000000,28.000000,,,No,Materials,Materials,N,,,,,,,,Friendly,South Africa,China,GGM,601212,Common Stock,Common Stock,,168.204,133359,212372,118.002,80884.4,5.488,,3.84236,60.4589,6.463,80627.3,,168.204,0,34031.79185955,46193.35742672,168.204,FY-specific (point-in-time),34031.79185955,FY-specific (point-in-time),0.0,FY-specific (point-in-time),46193.35742672,FY-specific (point-in-time),41.26,3,2009-04-01,2017-09-30,560,80,6600,190,63.825,4.58333333333333,4420792.5,4420792.5,100.0,5.54552837012652,11727560.0,212540.204,168.204,Intermediate,Partial (3/4),2015
110768195,INV,2015/8/5,ILA SJ,SLM SJ,Completed,,Minority Purchase,Sanlam Ltd acquired a minority stake in Iliad Africa Ltd. The transaction was completed on 8/5/2015. Financial terms of the transaction are undisclosed.,ZAR,,Undisclosed,,,,2015/8/5,,,,0.000000,10.000000,,,No,Consumer Discretionary,Financials,N,,,,,,,,Friendly,South Africa,South Africa,ILA,SLM,Common Stock,Common Stock,4365.45,1640.62,1.2957e+06,237116,381.898,,,,72.8454,,1195.12,,,1640.62,4365.448,611253,92165,1640.62,FY-specific (point-in-time),611253.0,FY-specific (point-in-time),4365.448,FY-specific (point-in-time),92165.0,FY-specific (point-in-time),,3,2009-04-01,2017-09-30,560,80,6600,190,63.825,4.58333333333333,4420792.5,4420792.5,100.0,5.54552837012652,11727560.0,1300065.45,4365.45,Large,Full (4/4),2015
111337505,INV,2015/8/19,IMP SJ,CML SJ,Completed,,Minority Purchase,Coronation Fund Managers Ltd acquired a minority stake in Impala Platinum Holdings Ltd. The transaction was completed on 8/19/2015. Financial terms of the transaction are undisclosed.,ZAR,,Undisclosed,,,,2015/8/19,,,,0.000000,20.020000,,,No,Materials,Financials,N,,,,,,,,Friendly,South Africa,South Africa,IMP,CML,Common Stock,Common Stock,135146,164710,100234,4556,,,7551,,44.7854,,73766,,,79867,29028,76861,4830,79867.0,FY-specific (point-in-time),76861.0,FY-specific (point-in-time),29028.0,FY-specific (point-in-time),4830.0,FY-specific (point-in-time),,3,2009-04-01,2017-09-30,560,80,6600,190,63.825,4.58333333333333,4420792.5,4420792.5,100.0,5.54552837012652,11727560.0,264944.0,164710.0,Large,Full (4/4),2015
11145294,INV,2003/5/2,ARI SJ,HAR SJ,Completed,,"Cross Border, Minority Purchase",Anglo American PLC sold a minority stake in African Rainbow Minerals Ltd to Harmony Gold Mining Co Ltd. The transaction was completed on 5/2/2003.,GBP,,Cash,,,,2003/5/2,,,,0.000000,34.900002,,,No,Materials,N.A.,N,,,,,,,,Friendly,South Africa,South Africa,ARI,HAR,Common Stock,Common Stock,15248,78116,125990,99238,,,5382,,22.2797,16.1648,17404,20366,,8786,3499,14368,7806,8786.0,FY-specific (point-in-time),14368.0,FY-specific (point-in-time),3499.0,FY-specific (point-in-time),7806.0,FY-specific (point-in-time),1725.26,2,2001-02-01,2009-03-31,200,30,3500,100,33.675,5.96666666666667,1490399.0,3099254.3,48.0889548172927,6.39575753417796,1787194.0,204106.0,78116.0,Large,Full (4/4),2003
113022356,INV,2015/9/25,PGR SJ,INL SJ,Completed,,Additional Stake Purchase,Investec Ltd acquired Peregrine Holdings Ltd. The transaction was completed on 9/25/2015. Financial terms of the transaction are undisclosed.,ZAR,,Undisclosed,,,,2015/9/25,,,,6.360000,3.910000,,,No,Financials,Financials,N,,,,,,,,Friendly,South Africa,South Africa,PGR,INL,Common Stock,Common Stock,1653.08,9218.02,1.43453e+06,111529,,,,641747,,,,,,21520.042,2172.119,47141.907,3336.322,21520.042,FY-specific (point-in-time),47141.907,FY-specific (point-in-time),2172.119,FY-specific (point-in-time),3336.322,FY-specific (point-in-time),,3,2009-04-01,2017-09-30,560,80,6600,190,63.825,4.58333333333333,4420792.5,4420792.5,100.0,5.54552837012652,11727560.0,1443748.02,9218.02,Large,Full (4/4),2015
113666572,INV,2015/10/5,HDC SJ,OML LN,Completed,,"Cross Border, Minority Purchase",Om Residual UK Ltd acquired a minority stake in Hudaco Industries Ltd. The transaction was completed on 10/5/2015. Financial terms of the transaction are undisclosed.,ZAR,,Undisclosed,,,,2015/10/5,,,,0.000000,8.920000,,,No,Industrials,Financials,N,,,,,,,,Friendly,South Africa,United Kingdom,HDC,OML,Common Stock,Common Stock,8748.36,6727.25,910113,174991,1914.48,,143.67,,65.9825,,4438.81,,,3068.364,4479.794,142516,13806,3068.364,FY-specific (point-in-time),142516.0,FY-specific (point-in-time),4479.794,FY-specific (point-in-time),13806.0,FY-specific (point-in-time),,3,2009-04-01,2017-09-30,560,80,6600,190,63.825,4.58333333333333,4420792.5,4420792.5,100.0,5.54552837012652,11727560.0,918861.36,8748.36,Large,Full (4/4),2015
113667184,M&A,2015/10/14,MDC SJ,MDC LN,Completed,,"Reverse Merger, Company Takeover, Cross Border","Al Noor Hospitals Group PLC announced the acquisition of Mediclinic International Ltd for GBP 6,574.97M. The transaction was announced on 10/14/2015 and is currently pending. This is the second largest deal ever in the medical-hospital industry at the time of announcement. On 10/05/2015, Medi...",GBP,,Stock,2015/10/5,,,2016/2/15,2.44,,,0.000000,100.000000,,,No,Health Care,Health Care,N,Cliffe Dekker/Cravath Swaine/Herbert Smith Fr/Slaughter and Ma,Linklaters/Webber Wentzel,,Ashurst LLP,Firstrand Ltd/Morgan Stanley,Goldman Sachs/Jefferies/Rothschild & Co,,Friendly,South Africa,United Arab Emirates,MDC,MDC,Common Stock,Common Stock,35238,79179,94014,74047.6,63121,150241,2239,,16.8807,3.25265,13366,3057.95,,70534,30495,210.6085954,272.7913689256705,70534.0,FY-specific (point-in-time),210.6085954,FY-specific (point-in-time),30495.0,FY-specific (point-in-time),272.7913689256705,FY-specific (point-in-time),135149.56,3,2009-04-01,2017-09-30,560,80,6600,190,63.825,4.58333333333333,4420792.5,4420792.5,100.0,5.54552837012652,11727560.0,173193.0,79179.0,Large,Full (4/4),2015
11367918,INV,2003/5/27,APP SJ,AMB SJ,Completed,,Minority Purchase,AMB Holdings Ltd acquired a minority stake in AMB Private Equity Partners Ltd. The transaction was announced on 5/27/2003 and completed on 7/22/2003.,ZAR,,Cash,,,,2003/7/22,,,,0.000000,40.000000,,,No,Financials,Financials,N,,,,,,Webber Wentzel,,Friendly,South Africa,South Africa,APP,AMB,Unit,Common Stock,744.072,1431.34,1849.95,269.386,353.649,,42.846,1273.04,43.0817,,616.645,,,1431.3399658203125,744.072021484375,1849.948974609375,269.385986328125,1431.3399658203125,FY-specific (point-in-time),1849.948974609375,FY-specific (point-in-time),744.072021484375,FY-specific (point-in-time),269.385986328125,FY-specific (point-in-time),253.00,2,2001-02-01,2009-03-31,200,30,3500,100,33.675,5.96666666666667,1490399.0,3099254.3,48.0889548172927,6.39575753417796,1787194.0,3281.29,1431.34,Intermediate,Full (4/4),2003
11386530,M&A,2003/5/29,PMG SJ,GRT SJ,Completed,,Company Takeover,Growthpoint Properties Ltd acquired Primegro Properties Ltd for ZAR 2477.75M. The transaction was announced on 5/29/2003 and completed on 8/13/2003.,ZAR,,Cash and Stock,,,,2003/8/13,,,,0.000000,100.000000,,,No,Real Estate,Real Estate,N,Jowell Glyn Mara,Fluxmans,,,Nedbank Invest,,,Friendly,South Africa,South Africa,PMG,GRT,Unit,REIT,339.939,2465.73,154425,12896,2437.08,,17.787,,0.973869,,24.013,,,2465.73193359375,339.9389953613281,,,2465.73193359375,FY-specific (point-in-time),154425.0,MA-screen (current/latest - NOT point-in-time),339.9389953613281,FY-specific (point-in-time),12896.0,MA-screen (current/latest - NOT point-in-time),2477.75,2,2001-02-01,2009-03-31,200,30,3500,100,33.675,5.96666666666667,1490399.0,3099254.3,48.0889548172927,6.39575753417796,1787194.0,156890.73,2465.73,Large,Full (4/4),2003
114163848,INV,2015/10/15,DCT SJ,AVV SJ,Completed,,Additional Stake Purchase,Anchor Capital Pty Ltd announced the sale of a minority stake in Datacentrix Holdings Ltd to Pinnacle Holdings Ltd for ZAR 100.36M. The transaction was announced on 10/15/2015 and completed on 10/02/2015.,ZAR,,Stock,,,,2015/10/2,,,,34.994999,10.000000,,,No,Technology,Consumer Discretionary,N,,,,,,,,Friendly,South Africa,South Africa,DCT,AVV,Common Stock,Common Stock,2609.26,1185.04,9722.62,23429.2,154.788,1118.96,26.253,,78.7973,74.7893,933.775,7271.48,,962.531,2279.512,3346.679,7152.444,962.531,FY-specific (point-in-time),3346.679,FY-specific (point-in-time),2279.512,FY-specific (point-in-time),7152.444,FY-specific (point-in-time),100.36,3,2009-04-01,2017-09-30,560,80,6600,190,63.825,4.58333333333333,4420792.5,4420792.5,100.0,5.54552837012652,11727560.0,26038.46,2609.26,Large,Full (4/4),2015
114163914,M&A,2015/10/15,DCT SJ,AVV SJ,Completed,,"Mandatory Offer, Majority Purchase, Additional Stake Purchase, Tender Offer",Alviva Holdings Ltd acquired Datacentrix Holdings Ltd for ZAR 99.33M. The transaction was announced on 10/15/2015 and completed on 1/11/2016.,ZAR,,Stock,,,,2016/1/11,6.80,,,45.000000,9.641861,,,No,Technology,Consumer Discretionary,N,,Tugendhaft Wapni,,,Merchantec Int/Nodus Capital,Deloitte Touche/Investec Bank,,Friendly,South Africa,South Africa,DCT,AVV,Common Stock,Common Stock,2609.26,1185.04,9722.62,23429.2,154.788,1118.96,26.253,,78.7973,74.7893,933.775,7271.48,,962.531,2279.512,3346.679,7152.444,962.531,FY-specific (point-in-time),3346.679,FY-specific (point-in-time),2279.512,FY-specific (point-in-time),7152.444,FY-specific (point-in-time),99.33,3,2009-04-01,2017-09-30,560,80,6600,190,63.825,4.58333333333333,4420792.5,4420792.5,100.0,5.54552837012652,11727560.0,26038.46,2609.26,Large,Full (4/4),2015
114513044,M&A,2015/7/16,CPF SJ,FFB SJ,Completed,,"Company Takeover, Additional Stake Purchase",Fortress Real Estate Investmen acquired Capital Property Fund Ltd for ZAR 35781.75M. The transaction was announced on 7/16/2015 and completed on 11/30/2015.,ZAR,,Stock,,2015/8/19,,2015/11/30,15.55,,,3.710000,96.290001,,,No,Real Estate,Real Estate,N,,,,,Java Capital,,,Friendly,South Africa,South Africa,CPF,FFB,REIT,Common Stock,2038.25,,65989.4,6240.97,,,,,,,,8749.35,,,2038.247,13465.169,961.851,,Missing,13465.169,FY-specific (point-in-time),2038.247,FY-specific (point-in-time),961.851,FY-specific (point-in-time),35781.82,3,2009-04-01,2017-09-30,560,80,6600,190,63.825,4.58333333333333,4420792.5,4420792.5,100.0,5.54552837012652,11727560.0,68027.65,2038.25,Large,Partial (3/4),2015
11590910,INV,2003/6/19,SFT SJ,EXACT NA,Completed,,"Cross Border, Minority Purchase",Exact Holding BV acquired a minority stake in Softline Ltd/South Africa. The transaction was completed on 6/19/2003.,ZAR,,Cash,,,,2003/6/19,11.54,,,0.000000,15.100000,,,No,Technology,Technology,N,,,,,,,,Friendly,South Africa,Netherlands,SFT,EXACT,Common Stock,Common Stock,636.283,,3033.49,2708.98,,,,,,57.9504,,1757.92,,666.0540161132812,486.8290100097656,0,0,666.0540161132812,FY-specific (point-in-time),0.0,FY-specific (point-in-time),486.8290100097656,FY-specific (point-in-time),0.0,FY-specific (point-in-time),85.92,2,2001-02-01,2009-03-31,200,30,3500,100,33.675,5.96666666666667,1490399.0,3099254.3,48.0889548172927,6.39575753417796,1787194.0,3669.7729999999997,636.283,Large,Partial (3/4),2003
116565120,BUY,2015/10/11,MEAFR NA,MEAFR NA,Pending,,,,EUR,,,,,,2015/11/24,,,,0.000000,0.000000,,,,Industrials,Industrials,N,,,,,,,,,South Africa,,MEAFR,MEAFR,Common Stock,Common Stock,15092.6,23686.6,23686.6,15092.6,,,13694,,70.726,70.726,16752.6,16752.6,,1694.721,1048.065,1694.721,1048.065,1694.721,FY-specific (point-in-time),1694.721,FY-specific (point-in-time),1048.065,FY-specific (point-in-time),1048.065,FY-specific (point-in-time),1859.85,3,2009-04-01,2017-09-30,560,80,6600,190,63.825,4.58333333333333,4420792.5,4420792.5,100.0,5.54552837012652,11727560.0,47373.2,23686.6,Large,Full (4/4),2015
117368927,M&A,2015/12/16,ABG SJ,184023Z SJ,Withdrawn,,"Cross Border, Majority Purchase","Abraaj CEO Arif Naqvi announced on 01/17/2017 that the company is interested in acquiring Barclay's Africa business. On 11/07/2016 it was reported that Public Investment Corp has sought approval from the Reserve Bank to increase its stake in Barclays Africa Group Ltd, citing people familiar w...",USD,On the Block,Undisclosed,2015/12/16,,,2016/6/16,,,,6.500000,31.000000,,,No,Financials,Financials,N,,,,,,,,Friendly,South Africa,South Africa,ABG,184023Z,Common Stock,Private Comp,207703,2.23948e+06,4617.25,1261.76,,185.389,,,,85.5959,,3952.18,,991414,96081,1206.976,808.88,991414.0,FY-specific (point-in-time),1206.976,FY-specific (point-in-time),96081.0,FY-specific (point-in-time),808.88,FY-specific (point-in-time),,3,2009-04-01,2017-09-30,560,80,6600,190,63.825,4.58333333333333,4420792.5,4420792.5,100.0,5.54552837012652,11727560.0,2244097.25,2239480.0,Large,Full (4/4),2015
12007815,M&A,2003/8/1,SFT SJ,SGE LN,Completed,,"Company Takeover, Cross Border",Sage Group PLC/The acquired Softline Ltd/South Africa for ZAR 677.31M. The transaction was announced on 8/1/2003 and completed on 11/25/2003.,ZAR,,Cash,,,,2003/11/25,12.89,,,0.000000,100.000000,,,No,Technology,Technology,N,,Skadden Arps,,,,Deutsche Bank,,Friendly,South Africa,United Kingdom,SFT,SGE,Common Stock,Common Stock,636.283,,86272.3,59344.7,,3578.22,,,,23.2427,,20052,,666.0540161132812,486.8290100097656,1083.074951171875,551.7310180664062,666.0540161132812,FY-specific (point-in-time),1083.074951171875,FY-specific (point-in-time),486.8290100097656,FY-specific (point-in-time),551.7310180664062,FY-specific (point-in-time),677.31,2,2001-02-01,2009-03-31,200,30,3500,100,33.675,5.96666666666667,1490399.0,3099254.3,48.0889548172927,6.39575753417796,1787194.0,86908.583,636.283,Large,Partial (3/4),2003
120301109,M&A,2016/2/8,ILV SJ,ABF LN,Completed,,"Company Takeover, Cross Border, Additional Stake Purchase",Associated British Foods PLC acquired Illovo Sugar Pty Ltd for ZAR 5603.64M. The transaction was announced on 2/8/2016 and completed on 6/28/2016.,ZAR,,Cash,,2016/4/8,,2016/6/28,42.92,,,51.349998,48.650002,,,No,Consumer Staples,Consumer Staples,N,,Herbert Smith Fr,,,,JP Morgan/Rothschild & Co,,Unsolicited,South Africa,United Kingdom,ILV,ABF,Common Stock,Common Stock,3334.92,3898.43,454367,459317,2905.17,400830,391.551,,48.6564,32.1445,1896.84,146054,,14826.5,13266.5,10219,12800,14826.5,FY-specific (point-in-time),10219.0,FY-specific (point-in-time),13266.5,FY-specific (point-in-time),12800.0,FY-specific (point-in-time),5603.60,3,2009-04-01,2017-09-30,560,80,6600,190,67.8333333333333,6.325,4759554.5,4450171.0,106.952171051405,6.95217105140453,13580619.0,463215.43,3898.43,Large,Full (4/4),2016
12054903,M&A,2003/8/6,NAI SJ,HCI SJ,Completed,,Company Takeover,Hosken Consolidated Investments Ltd acquired New Africa Investments Ltd. The transaction was completed on 8/6/2003. Financial terms of the transaction are undisclosed.,ZAR,,Undisclosed,,,,2003/8/6,,,,0.000000,100.000000,,,No,Financials,Consumer Discretionary,N,,,,,,,,Friendly,South Africa,South Africa,NAI,HCI,Common Stock,Common Stock,,39.023,64182,24172.5,,,0.816,,57.7326,10.9267,22.529,7012.98,,1683.625,0,3281.6689453125,390.2659912109375,1683.625,FY-specific (point-in-time),3281.6689453125,FY-specific (point-in-time),0.0,FY-specific (point-in-time),390.2659912109375,FY-specific (point-in-time),,2,2001-02-01,2009-03-31,200,30,3500,100,33.675,5.96666666666667,1490399.0,3099254.3,48.0889548172927,6.39575753417796,1787194.0,64221.023,39.023,Intermediate,Partial (3/4),2003
12154778,M&A,2003/8/21,FSDI LN,RNG SJ,Completed,,Majority Purchase,Randgold & Exploration Co Ltd acquired Free State Development & Investment Corp Ltd for ZAR 46.14M. The transaction was announced on 8/21/2003 and completed on 11/25/2003.,ZAR,,Stock,,,,2003/11/25,60.00,,,0.000000,55.099998,,,No,Materials,Materials,N,Taback & Assoc,,,,,,,Friendly,South Africa,South Africa,FSDI,RNG,Common Stock,Common Stock,,63.832,50.495,,,0.181,55.846,,87.5564,99.9148,55.889,50.452,,57.749000549316406,,688.9199829101562,404.0639953613281,57.749000549316406,FY-specific (point-in-time),688.9199829101562,FY-specific (point-in-time),,Missing,404.0639953613281,FY-specific (point-in-time),46.14,2,2001-02-01,2009-03-31,200,30,3500,100,33.675,5.96666666666667,1490399.0,3099254.3,48.0889548172927,6.39575753417796,1787194.0,114.327,63.832,Small,Partial (2/4),2003
122042491,INV,2016/3/7,TSX SJ,MCU SJ,Completed,,Minority Purchase,m Cubed Holdings Ltd acquired a minority stake in Trans Hex Group Ltd. The transaction was completed on 3/7/2016. Financial terms of the transaction are undisclosed.,ZAR,,Undisclosed,,,,2016/3/7,,,,0.000000,26.180000,,,No,Materials,Financials,N,,,,,,,,Friendly,South Africa,South Africa,TSX,MCU,Common Stock,Common Stock,312.556,800.273,76.433,23.316,909.176,,33.608,,17.1065,,136.899,,,1019.685,939.685,,,1019.685,FY-specific (point-in-time),76.433,MA-screen (current/latest - NOT point-in-time),939.685,FY-specific (point-in-time),23.316,MA-screen (current/latest - NOT point-in-time),,3,2009-04-01,2017-09-30,560,80,6600,190,67.8333333333333,6.325,4759554.5,4450171.0,106.952171051405,6.95217105140453,13580619.0,876.706,800.273,Intermediate,Full (4/4),2016
122105447,INV,2016/3/8,REB SJ,AWA SJ,Completed,,Minority Purchase,Arrowhead Properties Ltd/Old acquired a minority stake in Rebosis Property Fund Ltd. The transaction was announced on 3/8/2016 and completed on 3/4/2016. Financial terms of the transaction are undisclosed.,ZAR,,Cash and Stock,,,,2016/3/4,,,,0.000000,9.757885,,,No,Real Estate,Real Estate,N,,,,,,,,Friendly,South Africa,South Africa,REB,AWA,REIT,REIT,1666.66,13512.2,14434.1,2222.09,,,,,,,316.407,605.902,,15242.551,1051.529,9906.502916,1256.369389,15242.551,FY-specific (point-in-time),9906.502916,FY-specific (point-in-time),1051.529,FY-specific (point-in-time),1256.369389,FY-specific (point-in-time),,3,2009-04-01,2017-09-30,560,80,6600,190,67.8333333333333,6.325,4759554.5,4450171.0,106.952171051405,6.95217105140453,13580619.0,27946.300000000003,13512.2,Large,Full (4/4),2016
122479049,INV,2015/1/16,MTU SJ,SCP SJ,Completed,,"Cross Border, Minority Purchase",Stellar Capital Partners Ltd acquired a minority stake in Mantengu Ltd. The transaction was completed on 1/16/2015.,ZAR,,Cash,,,,2015/1/16,,,,0.000000,33.580002,,,No,Technology,Financials,N,,,,,,,,Friendly,South Africa,United Kingdom,MTU,SCP,Common Stock,Common Stock,393.238,1355.09,1151.61,75.586,923.637,,31.455,,19.4922,,264.137,471.107,,72.499,0,,,72.499,FY-specific (point-in-time),1151.61,MA-screen (current/latest - NOT point-in-time),0.0,FY-specific (point-in-time),75.586,MA-screen (current/latest - NOT point-in-time),28.80,3,2009-04-01,2017-09-30,560,80,6600,190,63.825,4.58333333333333,4420792.5,4420792.5,100.0,5.54552837012652,11727560.0,2506.7,1355.09,Intermediate,Full (4/4),2015
123861594,INV,2016/4/11,LSAK US,1411Z US,Pending,,"Private Placement, Cross Border, Minority Purchase",International Finance Corp announced the acquisition of a minority stake in Lesaka Technologies Inc. The transaction was announced on 4/11/2016 and is expected to be completed by 4/30/2016.,USD,,Cash,,,,2016/4/30,,,,0.000000,18.000000,,,No,Financials,Government,N,,,,,,,,Friendly,South Africa,United States,LSAK,1411Z,Common Stock,Private Comp,12196.1,11466,2.29932e+06,137587,2297.82,,305.52,1.55091e+06,38.2861,,4389.89,,,1316.956,625.979,87548,2707,1316.956,FY-specific (point-in-time),87548.0,FY-specific (point-in-time),625.979,FY-specific (point-in-time),2707.0,FY-specific (point-in-time),1583.44,3,2009-04-01,2017-09-30,560,80,6600,190,67.8333333333333,6.325,4759554.5,4450171.0,106.952171051405,6.95217105140453,13580619.0,2311516.1,12196.1,Large,Full (4/4),2016
12645258,INV,2003/10/16,CSH SJ,RLO SJ,Completed,,"Cross Border, Minority Purchase",Getronics BV sold a minority stake in CS Computer Services Holdings Ltd to Reunert Ltd. The transaction was completed on 10/16/2003.,ZAR,,Cash,,,,2003/10/16,,,,0.000000,16.290001,,,No,Technology,Industrials,N,,,,,,,,Friendly,South Africa,South Africa,CSH,RLO,Common Stock,Common Stock,503.295,,12759,13881,,2757,,,,60.522,,7722,,300.18499755859375,403.1610107421875,3304.699951171875,5062.89990234375,300.18499755859375,FY-specific (point-in-time),3304.699951171875,FY-specific (point-in-time),403.1610107421875,FY-specific (point-in-time),5062.89990234375,FY-specific (point-in-time),22.00,2,2001-02-01,2009-03-31,200,30,3500,100,33.675,5.96666666666667,1490399.0,3099254.3,48.0889548172927,6.39575753417796,1787194.0,14384.295,503.295,Large,Partial (3/4),2003
12645614,INV,2003/10/16,CSH SJ,RLO SJ,Completed,,Minority Purchase,Sanlam Ltd sold a minority stake in CS Computer Services Holdings Ltd to Reunert Ltd. The transaction was completed on 10/16/2003.,ZAR,,Cash,,,,2003/10/16,,,,0.000000,15.360000,,,No,Technology,Industrials,N,,,,,,,,Friendly,South Africa,South Africa,CSH,RLO,Common Stock,Common Stock,503.295,,12759,13881,,2757,,,,60.522,,7722,,300.18499755859375,403.1610107421875,3304.699951171875,5062.89990234375,300.18499755859375,FY-specific (point-in-time),3304.699951171875,FY-specific (point-in-time),403.1610107421875,FY-specific (point-in-time),5062.89990234375,FY-specific (point-in-time),20.74,2,2001-02-01,2009-03-31,200,30,3500,100,33.675,5.96666666666667,1490399.0,3099254.3,48.0889548172927,6.39575753417796,1787194.0,14384.295,503.295,Large,Partial (3/4),2003
12709487,INV,2003/10/24,EXX SJ,AAL LN,Completed,,"Cross Border, Minority Purchase, Additional Stake Purchase",Anglo American PLC acquired a minority stake in Exxaro Resources Ltd. The transaction was completed on 10/24/2003. Financial terms of the transaction are undisclosed.,ZAR,,Undisclosed,,,,2003/10/24,,,,20.100000,4.200000,,,No,Materials,Materials,N,,,,,,,,Friendly,South Africa,United Kingdom,EXX,AAL,Common Stock,Common Stock,41771,103210,927647,331592,,1.16555e+06,641,,31.6471,32.3445,32663,300043,,10208,7182,33581,15145,10208.0,FY-specific (point-in-time),33581.0,FY-specific (point-in-time),7182.0,FY-specific (point-in-time),15145.0,FY-specific (point-in-time),,2,2001-02-01,2009-03-31,200,30,3500,100,33.675,5.96666666666667,1490399.0,3099254.3,48.0889548172927,6.39575753417796,1787194.0,1030857.0,103210.0,Large,Full (4/4),2003
127657244,INV,2016/6/23,TOR SJ,SCP SJ,Completed,,"Mandatory Offer, Cross Border, Additional Stake Purchase, Tender Offer",Stellar Capital Partners Ltd acquired Torre Industries Ltd for ZAR 200.74M. The transaction was announced on 6/23/2016 and completed on 10/14/2016.,ZAR,,Stock,,,,2016/10/14,-2.04,,,35.430000,19.950001,,,No,Industrials,Financials,N,ENS,Cliffe Dekker Ho,,,,,,Friendly,South Africa,United Kingdom,TOR,SCP,Common Stock,Common Stock,1450,1161,1151.61,75.586,436,,41,,69.1645,,803,471.107,,1972,1332,2473.277,0,1972.0,FY-specific (point-in-time),2473.277,FY-specific (point-in-time),1332.0,FY-specific (point-in-time),0.0,FY-specific (point-in-time),200.74,3,2009-04-01,2017-09-30,560,80,6600,190,67.8333333333333,6.325,4759554.5,4450171.0,106.952171051405,6.95217105140453,13580619.0,2601.6099999999997,1450.0,Intermediate,Full (4/4),2016
12774983,M&A,2003/10/31,EXX SJ,AAL LN,Completed,,"Cross Border, Majority Purchase, Additional Stake Purchase, Tender Offer",Anglo American PLC acquired Exxaro Resources Ltd for ZAR 5848.29M. The transaction was announced on 10/31/2003 and completed on 12/5/2003.,ZAR,,Cash,,,,2003/12/5,3.60,,,35.000000,31.620001,,,No,Materials,Materials,N,,Linklaters/Webber Wentzel,,,JP Morgan,Deutsche Bank,,Friendly,South Africa,United Kingdom,EXX,AAL,Common Stock,Common Stock,41771,103210,927647,331592,,1.16555e+06,641,,31.6471,32.3445,32663,300043,,10208,7182,33581,15145,10208.0,FY-specific (point-in-time),33581.0,FY-specific (point-in-time),7182.0,FY-specific (point-in-time),15145.0,FY-specific (point-in-time),5848.30,2,2001-02-01,2009-03-31,200,30,3500,100,33.675,5.96666666666667,1490399.0,3099254.3,48.0889548172927,6.39575753417796,1787194.0,1030857.0,103210.0,Large,Full (4/4),2003
12797123,INV,2003/11/3,LNC SJ,BRT SJ,Completed,,"Cross Border, Minority Purchase",British International Investment PLC sold a minority stake in Lenco Holdings Ltd to Brimstone Investment Corp Ltd. The transaction was completed on 11/3/2003.,GBP,,Cash,,,,2003/11/3,,,,0.000000,25.000000,,,No,Financials,Consumer Staples,N,,,,,,,,Friendly,South Africa,South Africa,LNC,BRT,Common Stock,Common Stock,133.993,318.8,4495.57,413.736,35.634,,,,18.0674,5.55264,57.599,249.623,,,,267.638,213.072006,318.8,MA-screen (current/latest - NOT point-in-time),267.638,FY-specific (point-in-time),133.993,MA-screen (current/latest - NOT point-in-time),213.072006,FY-specific (point-in-time),51.32,2,2001-02-01,2009-03-31,200,30,3500,100,33.675,5.96666666666667,1490399.0,3099254.3,48.0889548172927,6.39575753417796,1787194.0,4814.37,318.8,Large,Full (4/4),2003
128391776,M&A,2016/7/6,SOV SJ,CBH SJ,Withdrawn,9.0000,"Company Takeover, Additional Stake Purchase, Tender Offer","On 08/22/2016, Business Day reported that Sovereign Food Investments Ltd rejected offer from Country Bird Holdings Ltd. Country Bird Holdings Ltd announced the acquisition of Sovereign Food Investments Ltd for ZAR 738.76M. The transaction was announced on 07/06/2016 and is currently pending.",ZAR,,Cash,,,,2016/11/8,19.96,,,1.410000,98.589996,,,No,Consumer Staples,Consumer Staples,N,Kern Partners,,,,Investec Bank,,,Friendly,South Africa,South Africa,SOV,CBH,Common Stock,Common Stock,2163.68,1558.11,1841.06,3586.38,1199.6,,5.036,,42.1655,63.935,656.985,1177.08,,1206.695,1648.631,,,1206.695,FY-specific (point-in-time),1841.06,MA-screen (current/latest - NOT point-in-time),1648.631,FY-specific (point-in-time),3586.38,MA-screen (current/latest - NOT point-in-time),738.76,3,2009-04-01,2017-09-30,560,80,6600,190,67.8333333333333,6.325,4759554.5,4450171.0,106.952171051405,6.95217105140453,13580619.0,5750.0599999999995,2163.68,Intermediate,Full (4/4),2016
12890475,INV,2003/11/13,HAR SJ,ARI SJ,Completed,,Minority Purchase,African Rainbow Minerals & Exploration Ltd sold a minority stake in Harmony Gold Mining Co Ltd to African Rainbow Minerals Ltd. The transaction was announced on 11/13/2003 and completed on 12/31/2003.,ZAR,,Stock,,,,2003/12/31,,,,0.000000,13.600000,,,No,Materials,Materials,N,,Deneys Reitz,,,Cliffe Dekker,Deutsche Bank,,Friendly,South Africa,South Africa,HAR,ARI,Common Stock,Common Stock,99238,125990,78116,15248,,,870,,16.1648,22.2797,20366,17404,,14368,7806,8786,3499,14368.0,FY-specific (point-in-time),8786.0,FY-specific (point-in-time),7806.0,FY-specific (point-in-time),3499.0,FY-specific (point-in-time),3799.41,2,2001-02-01,2009-03-31,200,30,3500,100,33.675,5.96666666666667,1490399.0,3099254.3,48.0889548172927,6.39575753417796,1787194.0,204106.0,125990.0,Large,Full (4/4),2003
129252083,M&A,2016/7/25,EMI SJ,AWA SJ,Withdrawn,,Company Takeover,"With no further information disclosed, this proposal has been withdrawn. On 07/25/2016, It was reported that Arrowhead Properties Ltd released an official statement expressing interest to acquire the entire issued share capital of Emira Property Fund Ltd. Arrowhead would acquire all of the sh...",ZAR,Preliminary Offer,Stock,2016/7/25,,,2016/7/25,-0.64,,,0.000000,100.000000,,,No,Real Estate,Real Estate,N,,Cliffe Dekker Ho,,,,Java Capital,,Unsolicited,South Africa,South Africa,EMI,AWA,REIT,REIT,1459.26,16388.7,14434.1,2222.09,,,,,,,1808.18,605.902,,13841.064,2967.88,9906.502916,1256.369389,13841.064,FY-specific (point-in-time),9906.502916,FY-specific (point-in-time),2967.88,FY-specific (point-in-time),1256.369389,FY-specific (point-in-time),11759.92,3,2009-04-01,2017-09-30,560,80,6600,190,67.8333333333333,6.325,4759554.5,4450171.0,106.952171051405,6.95217105140453,13580619.0,30822.800000000003,16388.7,Large,Full (4/4),2016
12932891,M&A,2003/11/19,CMT SJ,MUR SJ,Completed,,"Cross Border, Majority Purchase",Skanska AB sold Cementation Co Africa Ltd to Murray & Roberts Holdings Ltd for SEK 108.70M. The transaction was announced on 11/19/2003 and completed on 7/22/2004.,SEK,,Undisclosed,,,,2004/7/22,,,,0.000000,79.099998,,,No,Industrials,Industrials,N,,Michael Krawitz,,,,Bridge Cap Advis/Merrill Lynch,,Friendly,South Africa,South Africa,CMT,MUR,Common Stock,Common Stock,1296.29,359.452,8160.3,13452.4,313.962,,0.055,,73.022,71.8001,262.479,5859.1,,365.83599853515625,1109.5579833984375,,,365.83599853515625,FY-specific (point-in-time),8160.3,MA-screen (current/latest - NOT point-in-time),1109.5579833984375,FY-specific (point-in-time),13452.4,MA-screen (current/latest - NOT point-in-time),95.31,2,2001-02-01,2009-03-31,200,30,3500,100,33.675,5.96666666666667,1490399.0,3099254.3,48.0889548172927,6.39575753417796,1787194.0,14748.689999999999,1296.29,Large,Full (4/4),2003
13021774,M&A,2003/11/28,ALN SJ,APH LN,Completed,,"Company Takeover, Cross Border",Alliance Pharma PLC acquired Alliance Pharmaceuticals Ltd/South Africa for ZAR 175.72M. The transaction was announced on 11/28/2003 and completed on 2/28/2004.,ZAR,,Cash and Stock,,,,2004/2/28,,,,0.000000,100.000000,,,No,Health Care,Health Care,N,Stringer Saul,Norton Rose Llp,,,Navigatorltd Ltd,Numis Secs,,Friendly,South Africa,United Kingdom,ALN,APH,Common Stock,Common Stock,230.021,113.916,8733.42,4188.71,29.623,303.449,1.07,,78.8502,28.2625,89.823,2468.29,,100.83200073242188,190.7169952392578,8.82469,6.342421,100.83200073242188,FY-specific (point-in-time),8.82469,FY-specific (point-in-time),190.7169952392578,FY-specific (point-in-time),6.342421,FY-specific (point-in-time),175.72,2,2001-02-01,2009-03-31,200,30,3500,100,33.675,5.96666666666667,1490399.0,3099254.3,48.0889548172927,6.39575753417796,1787194.0,8963.441,230.021,Large,Full (4/4),2003
130303982,M&A,2016/8/10,AER SJ,SCP SJ,Completed,,"Company Takeover, Cross Border",Stellar Capital Partners Ltd acquired Amalgamated Electronic Corp Ltd for ZAR 285.67M. The transaction was announced on 8/10/2016 and completed on 11/1/2016.,ZAR,,Cash or Stock,,,,2016/11/1,3.62,,,0.000000,100.000000,,,No,Industrials,Financials,N,Werksmans,Cliffe Dekker Ho,,,,Firstrand Ltd,,Friendly,South Africa,United Kingdom,AER,SCP,Common Stock,Common Stock,131.28,164.709,1151.61,75.586,52.59,,6.219,,45.7492,,75.353,471.107,,187.243,112.569,2473.277,0,187.243,FY-specific (point-in-time),2473.277,FY-specific (point-in-time),112.569,FY-specific (point-in-time),0.0,FY-specific (point-in-time),285.68,3,2009-04-01,2017-09-30,560,80,6600,190,67.8333333333333,6.325,4759554.5,4450171.0,106.952171051405,6.95217105140453,13580619.0,1316.319,164.709,Intermediate,Full (4/4),2016
130317212,M&A,2016/8/11,LDO SJ,FFB SJ,Completed,,"Company Takeover, Tender Offer",Fortress Real Estate Investmen acquired Lodestone REIT Ltd for ZAR 1866.59M. The transaction was announced on 8/11/2016 and completed on 12/1/2016.,ZAR,,Stock,,,,2016/12/1,3.97,,,0.000000,100.000000,,,No,Real Estate,Real Estate,N,,,,,,,,Unsolicited,South Africa,South Africa,LDO,FFB,REIT,Common Stock,166.529,1724.96,65989.4,6240.97,,,,,,,30.283,8749.35,,1133.769,,18396.6,1071.721,1133.769,FY-specific (point-in-time),18396.6,FY-specific (point-in-time),166.529,MA-screen (current/latest - NOT point-in-time),1071.721,FY-specific (point-in-time),1866.58,3,2009-04-01,2017-09-30,560,80,6600,190,67.8333333333333,6.325,4759554.5,4450171.0,106.952171051405,6.95217105140453,13580619.0,67714.36,1724.96,Large,Full (4/4),2016
13106688,INV,2003/12/5,SHV SJ,BRT SJ,Completed,,Additional Stake Purchase,Brimstone Investment Corp Ltd acquired Sea Harvest Corp Pty Ltd for ZAR 85.10M. The transaction was announced on 12/5/2003 and completed on 12/8/2003.,ZAR,,Cash,,,,2003/12/8,,,,10.760000,10.760000,,,No,Consumer Staples,Consumer Staples,N,,,,,,,,Friendly,South Africa,South Africa,SHV,BRT,Common Stock,Common Stock,575.491,,4495.57,413.736,,,,,,5.55264,,249.623,,,,267.638,213.072006,,Missing,267.638,FY-specific (point-in-time),575.491,MA-screen (current/latest - NOT point-in-time),213.072006,FY-specific (point-in-time),85.10,2,2001-02-01,2009-03-31,200,30,3500,100,33.675,5.96666666666667,1490399.0,3099254.3,48.0889548172927,6.39575753417796,1787194.0,5071.061,575.491,Large,Partial (3/4),2003
131216328,M&A,2016/7/12,BEG SJ,FSC SJ,Completed,,"Company Takeover, Additional Stake Purchase, Going Private",Lion Match Co Pty Ltd/The acquired Beige Holdings Ltd for ZAR 12.99M. The transaction was announced on 7/12/2016 and completed on 9/27/2016.,ZAR,,Cash,,,,2016/9/27,,,,90.470001,9.530000,,,No,Consumer Staples,Consumer Staples,N,,,,,,,,Friendly,South Africa,South Africa,BEG,FSC,Common Stock,Common Stock,478.074,288.112,435.004,245.982,301.19,123.69,18.735,,43.9777,49.4322,126.705,215.032,,288.112,478.074,,,288.112,FY-specific (point-in-time),435.004,MA-screen (current/latest - NOT point-in-time),478.074,FY-specific (point-in-time),245.982,MA-screen (current/latest - NOT point-in-time),12.99,3,2009-04-01,2017-09-30,560,80,6600,190,67.8333333333333,6.325,4759554.5,4450171.0,106.952171051405,6.95217105140453,13580619.0,913.078,478.074,Intermediate,Full (4/4),2016
13159112,INV,2003/12/12,GNK SJ,SAABB SS,Completed,,"Cross Border, Minority Purchase",Saab AB acquired a minority stake in Grintek Ltd. The transaction was announced on 12/12/2003 and completed on 1/15/2004.,ZAR,,Cash,,,,2004/1/15,29.35,,,0.000000,21.200001,,,No,Industrials,Industrials,N,Edward Nathan,,,,Investec Bank,,,Friendly,South Africa,Sweden,GNK,SAABB,Common Stock,Common Stock,1406.42,1226.67,224006,144466,251.375,61376,52.465,,77.8026,66.2192,954.379,148335,,1239.3809814453125,1177.301025390625,28109,16538,1239.3809814453125,FY-specific (point-in-time),28109.0,FY-specific (point-in-time),1177.301025390625,FY-specific (point-in-time),16538.0,FY-specific (point-in-time),99.86,2,2001-02-01,2009-03-31,200,30,3500,100,33.675,5.96666666666667,1490399.0,3099254.3,48.0889548172927,6.39575753417796,1787194.0,225412.42,1406.42,Large,Full (4/4),2003
132114531,M&A,2016/7/20,CRM SJ,ITE SJ,Pending,,"Related Party Transaction, Majority Purchase, Additional Stake Purchase","On 07/16/2016, Italtile Ltd announced that the company had submitted a binding offer letter to Ceramic Industries Ltd for all outstanding shares. The purchase price was approximately ZAR 3,750.00M to be paid in equal parts cash and stock. On 04/26/2016, Italtile Ltd announced that it had subm...",ZAR,,Cash and Stock,2016/4/26,2017/3/17,,,,,,20.000000,75.000000,,,No,Consumer Discretionary,Consumer Discretionary,N,,Hogan Lovells US,,,,,,Friendly,South Africa,South Africa,CRM,ITE,Common Stock,Common Stock,1648.62,1564.47,10088,8768,1855.81,,16.759,,43.688,40.6423,683.486,4100,,,,3102,3115,1564.47,MA-screen (current/latest - NOT point-in-time),3102.0,FY-specific (point-in-time),1648.62,MA-screen (current/latest - NOT point-in-time),3115.0,FY-specific (point-in-time),2020.16,3,2009-04-01,2017-09-30,560,80,6600,190,67.8333333333333,6.325,4759554.5,4450171.0,106.952171051405,6.95217105140453,13580619.0,11736.619999999999,1648.62,Large,Full (4/4),2016
133043574,INV,2016/10/5,BLU SJ,LSAK US,Terminated,,"Private Placement, Minority Purchase",Lesaka Technologies Inc announced the acquisition of a minority stake in Blu Label Unlimited Group Ltd. The transaction was announced on 10/5/2016 and terminated on 6/1/2017.,ZAR,,Cash and Stock,,,,2017/6/1,,,,0.000000,15.000000,,,No,Communications,Financials,N,,,,,,Firstrand Ltd,,Friendly,South Africa,South Africa,BLU,LSAK,Common Stock,Common Stock,13052.8,13028,11466,12196.1,376.054,2297.82,2231.02,,52.995,38.2861,6904.2,4389.89,,7026.82,22044.222,1316.956,625.979,7026.82,FY-specific (point-in-time),1316.956,FY-specific (point-in-time),22044.222,FY-specific (point-in-time),625.979,FY-specific (point-in-time),2000.01,3,2009-04-01,2017-09-30,560,80,6600,190,67.8333333333333,6.325,4759554.5,4450171.0,106.952171051405,6.95217105140453,13580619.0,25248.9,13052.8,Large,Full (4/4),2016
133047846,INV,2015/12/10,213619Z SJ,BLU SJ,Completed,,"Recapitalization, Minority Purchase",Blu Label Unlimited Group Ltd acquired a minority stake in Cell C Ltd. The transaction was announced on 12/10/2015 and completed on 8/7/2017.,ZAR,,Cash,,,,2017/8/7,,,,0.000000,45.000000,,,No,Communications,Communications,N,,Bowman Gilfillan/Werksmans,,,,Goldman Sachs/Houlihan Lokey/Investec,,Friendly,South Africa,South Africa,213619Z,BLU,Private Comp,Common Stock,15749.1,25636.3,13028,13052.8,34750.5,376.054,96.7123,,17.6911,52.995,4535.34,6904.2,,15475.813,11634.148,6502.887,19401.666,15475.813,FY-specific (point-in-time),6502.887,FY-specific (point-in-time),11634.148,FY-specific (point-in-time),19401.666,FY-specific (point-in-time),5500.02,3,2009-04-01,2017-09-30,560,80,6600,190,63.825,4.58333333333333,4420792.5,4420792.5,100.0,5.54552837012652,11727560.0,38689.1,25636.3,Large,Full (4/4),2015
133375000,M&A,2016/10/12,DCT SJ,AVV SJ,Completed,,"Company Takeover, Additional Stake Purchase",Alviva Holdings Ltd acquired Datacentrix Holdings Ltd for ZAR 571.07M. The transaction was announced on 10/12/2016 and completed on 2/14/2017.,ZAR,,Cash,,,,2017/2/14,8.59,,,57.099998,42.900002,,,No,Technology,Consumer Discretionary,N,,Tugendhaft Wapni,,,,Deloitte Touche,,Friendly,South Africa,South Africa,DCT,AVV,Common Stock,Common Stock,2609.26,1185.04,9722.62,23429.2,154.788,1118.96,26.253,,78.7973,74.7893,933.775,7271.48,,980.918,2249.661,3566.858,7987.636,980.918,FY-specific (point-in-time),3566.858,FY-specific (point-in-time),2249.661,FY-specific (point-in-time),7987.636,FY-specific (point-in-time),571.07,3,2009-04-01,2017-09-30,560,80,6600,190,67.8333333333333,6.325,4759554.5,4450171.0,106.952171051405,6.95217105140453,13580619.0,26038.46,2609.26,Large,Full (4/4),2016
134277588,INV,2016/10/31,SUR SJ,GPL SJ,Pending,40.0000,"Minority Purchase, Additional Stake Purchase",Grand Parade Investments Ltd announced the acquisition of a minority stake in Spur Corp Ltd. The transaction was announced on 10/31/2016 and is currently pending.,ZAR,,Cash,,,,,20.92,,-5.8800,10.000000,18.000000,,,No,Consumer Discretionary,Financials,N,,,,,,,,Friendly,South Africa,South Africa,SUR,GPL,Common Stock,Common Stock,4190.71,1549.35,1142.11,0.292,,,62.403,,56.5301,11.1155,875.848,126.951,,1106.284,612.402,3323.103,502.012,1106.284,FY-specific (point-in-time),3323.103,FY-specific (point-in-time),612.402,FY-specific (point-in-time),502.012,FY-specific (point-in-time),781.06,3,2009-04-01,2017-09-30,560,80,6600,190,67.8333333333333,6.325,4759554.5,4450171.0,106.952171051405,6.95217105140453,13580619.0,5332.82,4190.71,Intermediate,Full (4/4),2016
134714328,INV,2016/11/4,REB SJ,AWA SJ,Completed,,Minority Purchase,Arrowhead Properties Ltd/Old acquired a minority stake in Rebosis Property Fund Ltd. The transaction was completed on 11/4/2016. Financial terms of the transaction are undisclosed.,ZAR,,Undisclosed,,,,2016/11/4,,,,0.000000,20.200001,,,No,Real Estate,Real Estate,N,,,,,,,,Friendly,South Africa,South Africa,REB,AWA,REIT,REIT,1666.66,13512.2,14434.1,2222.09,,,,,,,316.407,605.902,,15242.551,1051.529,9906.502916,1256.369389,15242.551,FY-specific (point-in-time),9906.502916,FY-specific (point-in-time),1051.529,FY-specific (point-in-time),1256.369389,FY-specific (point-in-time),,3,2009-04-01,2017-09-30,560,80,6600,190,67.8333333333333,6.325,4759554.5,4450171.0,106.952171051405,6.95217105140453,13580619.0,27946.300000000003,13512.2,Large,Full (4/4),2016
135108765,M&A,2016/11/14,PPC SJ,783608Z SJ,Withdrawn,,Company Takeover,"On 02/13/2017, PPC Ltd announced that it has entered into formal discussions with AfriSam South Africa Pty Ltd about a potential merger. On 11/14/2016, it was reported that South African cement makers PPC Ltd and AfriSam South Africa Pty Ltd  have revived merger talks. A previous merger plan ...",ZAR,Negotiation,Undisclosed,2016/11/14,,,2017/8/13,,,,0.000000,100.000000,,,No,Materials,Materials,N,,,,,,,,Friendly,South Africa,South Africa,PPC,783608Z,Common Stock,Private Comp,10255,10106,17859.6,6843.75,14857,4035.82,8,,35.5333,7.37279,3591,1316.75,,15257,9227,,,15257.0,FY-specific (point-in-time),17859.6,MA-screen (current/latest - NOT point-in-time),9227.0,FY-specific (point-in-time),6843.75,MA-screen (current/latest - NOT point-in-time),9894.67,3,2009-04-01,2017-09-30,560,80,6600,190,67.8333333333333,6.325,4759554.5,4450171.0,106.952171051405,6.95217105140453,13580619.0,28114.6,10255.0,Large,Full (4/4),2016
135803352,M&A,2017/2/2,KEH SJ,SLG SJ,Completed,,Company Takeover,"On 02/02/2017, the respective boards of directors of Wescoal Holdings Ltd and Keaton Energy Holdings Corp announced that Wescoal Holdings Ltd has made an offer to Keaton Energy Holdings Corp to acquire 100% of the issued ordinary share capital of Keaton Energy in a combination of stock and ca...",ZAR,On the Block,Cash and Stock,2016/11/24,,,2017/7/4,41.14,,,0.000000,100.000000,,,No,Materials,Materials,N,,,,,,Nedbank Ltd,,Friendly,South Africa,South Africa,KEH,SLG,Common Stock,Common Stock,3902.63,4038.55,3437.53,4467.76,5234.4,3493.9,184.082,,29.456,17.9235,1189.59,616.127,,1494.811387,1032.079534,1019.969,1589.87,1494.811387,FY-specific (point-in-time),1019.969,FY-specific (point-in-time),1032.079534,FY-specific (point-in-time),1589.87,FY-specific (point-in-time),845.59,3,2009-04-01,2017-09-30,560,80,6600,190,71.4416666666667,5.28333333333333,5078189.9,4501701.6,112.806008732343,5.4733229100365,15467873.0,8506.310000000001,4038.55,Large,Full (4/4),2017
136967688,INV,2016/12/15,DGH SJ,184023Z SJ,Completed,,"Cross Border, Private Equity, Minority Purchase",Anheuser-Busch InBev SA/NV sold a minority stake in Distell Group Holdings Ltd to Public Investment Corp Ltd. The transaction was announced on 12/15/2016 and completed on 4/12/2017. Financial terms of the transaction are undisclosed.,EUR,,Cash,,,,2017/4/12,,,,0.970000,26.400000,,,No,Consumer Staples,Financials,N,,,,,,,,Friendly,South Africa,South Africa,DGH,184023Z,Common Stock,Private Comp,34133.6,29389.6,4617.25,1261.76,9686.51,185.389,52.012,,58.5969,85.5959,17221.4,3952.18,,17807.768,19588.97,1640.94,955.232,17807.768,FY-specific (point-in-time),1640.94,FY-specific (point-in-time),19588.97,FY-specific (point-in-time),955.232,FY-specific (point-in-time),,3,2009-04-01,2017-09-30,560,80,6600,190,67.8333333333333,6.325,4759554.5,4450171.0,106.952171051405,6.95217105140453,13580619.0,38750.85,34133.6,Large,Full (4/4),2016
136987404,M&A,2016/12/15,APK SJ,RPC LN,Completed,,"Company Takeover, Cross Border",RPC Group Ltd acquired Astrapak Ltd for ZAR 1164.61M. The transaction was announced on 12/15/2016 and completed on 6/20/2017.,ZAR,Negotiation,Cash,,2017/6/19,,2017/6/20,58.99,,,0.000000,100.000000,,,No,Materials,Materials,N,Webber Wentzel,Werksmans,,,Merchantec Int,Rothschild & Co,,Friendly,South Africa,United Kingdom,APK,RPC,Unit,Common Stock,1348.37,1840.51,79367.6,64518.5,1515.18,34322.8,481.361,,51.8073,29.3912,953.517,23327.1,,2094.539,1388.606,1867,1222.4,2094.539,FY-specific (point-in-time),1867.0,FY-specific (point-in-time),1388.606,FY-specific (point-in-time),1222.4,FY-specific (point-in-time),1164.61,3,2009-04-01,2017-09-30,560,80,6600,190,67.8333333333333,6.325,4759554.5,4450171.0,106.952171051405,6.95217105140453,13580619.0,81208.11,1840.51,Large,Full (4/4),2016
13787794,M&A,2004/2/12,MNS SJ,NPN SJ,Completed,,"Company Takeover, Tender Offer",Naspers Ltd acquired SuperSport International Holdings Pty Ltd for ZAR 2531.18M. The transaction was announced on 2/12/2004 and completed on 4/15/2004.,ZAR,,Cash or Stock,,,,2004/4/15,2.15,,,0.000000,100.000000,,,No,Communications,Communications,N,Read Hope Philli,Jan S de Villier,,,Andisa Cap LTD/Standard Bank of,Investec Bank,,Friendly,South Africa,South Africa,MNS,NPN,Unit,Common Stock,960.877,635.266,1.35492e+06,188265,27.855,30301.7,37.169,,84.9931,24.7939,539.932,335937,,635.265991,960.877014,1693.869851076068,1268.2725422929402,635.265991,FY-specific (point-in-time),1693.869851076068,FY-specific (point-in-time),960.877014,FY-specific (point-in-time),1268.2725422929402,FY-specific (point-in-time),2531.18,2,2001-02-01,2009-03-31,200,30,3500,100,34.15,1.39166666666667,1652434.1,3240411.7,50.994572695809,6.04217307187445,2566352.0,1355880.877,960.877,Large,Full (4/4),2004
13920922,BUY,2004/3/5,DGC SJ,DGC SJ,Completed,,,,ZAR,,,,,,2004/5/7,-7.69,,,0.000000,0.000000,,,,Technology,Technology,N,,,,,,PSG Invt Bank,,,South Africa,,DGC,DGC,Common Stock,Common Stock,858.527,817.008,817.008,858.527,,,2.216,,39.1582,39.1582,319.926,319.926,,136.472,172.160995,136.472,172.160995,136.472,FY-specific (point-in-time),136.472,FY-specific (point-in-time),172.160995,FY-specific (point-in-time),172.160995,FY-specific (point-in-time),43.04,2,2001-02-01,2009-03-31,200,30,3500,100,34.15,1.39166666666667,1652434.1,3240411.7,50.994572695809,6.04217307187445,2566352.0,1717.054,858.527,Intermediate,Full (4/4),2004
14019195,INV,2003/11/17,ECH SJ,MFL SJ,Completed,,Additional Stake Purchase,Cycad Financial Holdings Ltd sold EC-Hold Ltd to Metrofile Holdings Ltd for ZAR 14.76M. The transaction was completed on 11/17/2003.,ZAR,,Cash,,,,2003/11/17,,,,47.000000,4.800000,,,No,Technology,Technology,N,,,,,,Standard Bank of,,Friendly,South Africa,South Africa,ECH,MFL,Common Stock,Common Stock,12.231,3.923,1379.22,1066.13,,1191.66,0.775,,86.3625,25.1153,3.388,346.396,,62.641998,173.865005,1373.97900390625,1500.43798828125,62.641998,FY-specific (point-in-time),1373.97900390625,FY-specific (point-in-time),173.865005,FY-specific (point-in-time),1500.43798828125,FY-specific (point-in-time),14.76,2,2001-02-01,2009-03-31,200,30,3500,100,33.675,5.96666666666667,1490399.0,3099254.3,48.0889548172927,6.39575753417796,1787194.0,1391.451,12.231,Small,Full (4/4),2003
140726076,M&A,2017/2/22,213619Z SJ,TKG SJ,Withdrawn,,Majority Purchase,"With no further information the deal has been withdrawn. On 12/06/2018, it was reported that Telkom SA SOC Ltd is considering to make an offer to buy a majority stake in Cell C Pty Ltd. On 02/28/2017, it was reported that Cell C Pty Ltd fended off a potential rival bid from Telkom SA SOC Ltd....",USD,Preliminary Offer,Undisclosed,2017/2/22,,,2019/6/4,,,,0.000000,0.000000,,,No,Communications,Communications,N,,,,,,,,Friendly,South Africa,South Africa,213619Z,TKG,Private Comp,Common Stock,15749.1,25636.3,64418,44477,34750.5,,96.7123,,17.6911,28.8211,4535.34,18566,,15762.461,14646.123,46553,37325,15762.461,FY-specific (point-in-time),46553.0,FY-specific (point-in-time),14646.123,FY-specific (point-in-time),37325.0,FY-specific (point-in-time),13055.20,3,2009-04-01,2017-09-30,560,80,6600,190,71.4416666666667,5.28333333333333,5078189.9,4501701.6,112.806008732343,5.4733229100365,15467873.0,90054.3,25636.3,Large,Full (4/4),2017
14128671,INV,2004/3/29,GFI SJ,GMKN RM,Completed,,"Cross Border, Minority Purchase",Anglo American PLC sold a minority stake in Gold Fields Ltd to MMC Norilsk Nickel PJSC. The transaction was completed on 3/29/2004.,GBP,,Cash,,,,2004/3/29,,,,0.000000,20.000000,,,No,Materials,Materials,N,,White & Case LLP,,,,BMO Nesbitt,,Friendly,South Africa,Russia,GFI,GMKN,Common Stock,Common Stock,156468,252234,517815,246075,345793,576246,5674.16,,20.0221,24.7377,50502.5,128095,,2567.9342860462016,1561.1072995288373,11335.6413,5200.73281829382,2567.9342860462016,FY-specific (point-in-time),11335.6413,FY-specific (point-in-time),1561.1072995288373,FY-specific (point-in-time),5200.73281829382,FY-specific (point-in-time),7425.10,2,2001-02-01,2009-03-31,200,30,3500,100,34.15,1.39166666666667,1652434.1,3240411.7,50.994572695809,6.04217307187445,2566352.0,770049.0,252234.0,Large,Full (4/4),2004
14216278,BUY,2004/4/2,CCN SJ,CCN SJ,Completed,,,,ZAR,,,,,,2004/7/9,6.78,,,0.000000,0.000000,,,,Industrials,Industrials,N,,,,,,Fisher Hoffman,,,South Africa,,CCN,CCN,Common Stock,Common Stock,36.017,,,36.017,,,,,,,,,,87.21700286865234,6.729000091552734,87.21700286865234,6.729000091552734,87.21700286865234,FY-specific (point-in-time),87.21700286865234,FY-specific (point-in-time),6.729000091552734,FY-specific (point-in-time),6.729000091552734,FY-specific (point-in-time),10.85,2,2001-02-01,2009-03-31,200,30,3500,100,34.15,1.39166666666667,1652434.1,3240411.7,50.994572695809,6.04217307187445,2566352.0,72.034,36.017,Small,Partial (2/4),2004
142701806,M&A,2017/2/27,LHG SJ,ACIN SW,Completed,,"Company Takeover, Cross Border",Endo International PLC sold Litha Healthcare Group Ltd to Acino International AG. The transaction was announced on 2/27/2017 and completed on 7/3/2017. Financial terms of the transaction are undisclosed.,USD,,Undisclosed,,,,2017/7/3,,,,0.000000,100.000000,,,No,Health Care,Health Care,N,,Hogan Lovells US,,,,Ernst & Young/HSBC Securities,,Friendly,South Africa,Switzerland,LHG,ACIN,Common Stock,Common Stock,1045.33,1944.3,6644.9,3365.79,99.704,3130.76,49.945,,33.2892,27.8742,647.241,1852.21,,,,,,1944.3,MA-screen (current/latest - NOT point-in-time),6644.9,MA-screen (current/latest - NOT point-in-time),1045.33,MA-screen (current/latest - NOT point-in-time),3365.79,MA-screen (current/latest - NOT point-in-time),,3,2009-04-01,2017-09-30,560,80,6600,190,71.4416666666667,5.28333333333333,5078189.9,4501701.6,112.806008732343,5.4733229100365,15467873.0,8589.199999999999,1944.3,Large,Full (4/4),2017
14303899,BUY,2003/11/4,MTM SJ,MTM SJ,Completed,,,,ZAR,,,,,,2004/4/13,,,,0.000000,0.000000,,,,Financials,Financials,N,,,,,,,,,South Africa,,MTM,MTM,Common Stock,Common Stock,73780,803213,803213,73780,,,,,,,,,,32399,8362,32399,8362,32399.0,FY-specific (point-in-time),32399.0,FY-specific (point-in-time),8362.0,FY-specific (point-in-time),8362.0,FY-specific (point-in-time),245.40,2,2001-02-01,2009-03-31,200,30,3500,100,33.675,5.96666666666667,1490399.0,3099254.3,48.0889548172927,6.39575753417796,1787194.0,1606426.0,803213.0,Large,Full (4/4),2003
145248611,M&A,2017/5/10,DLG SJ,SINCH SS,Completed,,"Company Takeover, Cross Border",Sinch AB acquired Dialogue Group Holdings Ltd for GBP 32.00M. The transaction was completed on 5/10/2017.,GBP,,Cash,,,,2017/5/10,,,,0.000000,100.000000,,,No,Technology,Technology,N,,K&L Gates LLP,,,Drake Star Partn,,,Friendly,South Africa,Sweden,DLG,SINCH,Common Stock,Common Stock,343.988,184.685,72126.8,49429.2,178.466,4499.73,171.025,,99.9816,14.9927,184.651,10813.7,,,,2322.579,2333.937,184.685,MA-screen (current/latest - NOT point-in-time),2322.579,FY-specific (point-in-time),343.988,MA-screen (current/latest - NOT point-in-time),2333.937,FY-specific (point-in-time),557.19,3,2009-04-01,2017-09-30,560,80,6600,190,71.4416666666667,5.28333333333333,5078189.9,4501701.6,112.806008732343,5.4733229100365,15467873.0,72470.788,343.988,Large,Full (4/4),2017
14531185,M&A,2004/5/4,ENR SJ,TLW LN,Completed,,"Company Takeover, Cross Border",Tullow Oil PLC acquired Energy Africa Pty Ltd for USD 450.45M. The transaction was announced on 5/4/2004 and completed on 8/2/2004.,USD,,Cash,,,,2004/8/2,1.90,,,0.000000,100.000000,,,No,Energy,Energy,N,Herbert Smith/Werksmans,Deneys Reitz/Dickson Minto Ws/Norton Rose Llp,,Ashurst LLP,Goldman Sachs/Rothschild & Co,ABN AMRO Bank NV/Davy Corp Fin,,Friendly,South Africa,United Kingdom,ENR,TLW,Common Stock,Common Stock,1793.83,2357.54,54319.6,15143.9,4211.83,201714,26.993,,20.744,32.9175,489.048,17880.7,,298.612,184.526001,286.501,132.364,298.612,FY-specific (point-in-time),286.501,FY-specific (point-in-time),184.526001,FY-specific (point-in-time),132.364,FY-specific (point-in-time),3112.63,2,2001-02-01,2009-03-31,200,30,3500,100,34.15,1.39166666666667,1652434.1,3240411.7,50.994572695809,6.04217307187445,2566352.0,56677.14,2357.54,Large,Full (4/4),2004
145568980,M&A,2017/5/16,MNY SJ,AME SJ,Completed,,"Company Takeover, Additional Stake Purchase","African Media Entertainment Ltd acquired Moneyweb Holdings Ltd for ZAR 14.18M. The transaction was announced on 05/16/2017 and completed on 08/22/2017. On 12/01/2016, African Media Entertainment Ltd reported that the company may purchase Cognition Holdings Ltd and/or Moneyweb Holdings Ltd.",ZAR,,Cash or Stock,2016/12/1,,,2017/8/22,57.10,,,0.930000,99.070000,,,No,Communications,Communications,N,,,,,,,,Friendly,South Africa,South Africa,MNY,AME,Common Stock,Common Stock,28.304,22.084,482.236,359.747,1.628,173.321,0.692,,92.0802,35.6821,20.335,172.072,,22.084,28.304,299.79,238.303,22.084,FY-specific (point-in-time),299.79,FY-specific (point-in-time),28.304,FY-specific (point-in-time),238.303,FY-specific (point-in-time),14.18,3,2009-04-01,2017-09-30,560,80,6600,190,71.4416666666667,5.28333333333333,5078189.9,4501701.6,112.806008732343,5.4733229100365,15467873.0,510.53999999999996,28.304,Small,Full (4/4),2017
14652750,INV,2004/5/17,MES SJ,SDM CN,Completed,,"Cross Border, Additional Stake Purchase",SouthernEra Diamonds Inc acquired Messina Ltd for ZAR 209.36M. The transaction was announced on 5/17/2004 and completed on 6/28/2004.,ZAR,,Stock,,,,2004/6/28,,,,73.099998,18.400000,,,No,Materials,Materials,N,,,,,,,,Friendly,South Africa,Canada,MES,SDM,Common Stock,Common Stock,276.131,1159.88,266.197,2.84363,,296.504,,,5.71877,14.6007,66.331,38.8667,,1198.238037109375,65.74700164794922,292.35,3.179,1198.238037109375,FY-specific (point-in-time),292.35,FY-specific (point-in-time),65.74700164794922,FY-specific (point-in-time),3.179,FY-specific (point-in-time),209.36,2,2001-02-01,2009-03-31,200,30,3500,100,34.15,1.39166666666667,1652434.1,3240411.7,50.994572695809,6.04217307187445,2566352.0,1426.0770000000002,1159.88,Intermediate,Full (4/4),2004
14691455,INV,2004/5/20,ALT SJ,AEL SJ,Completed,,"Minority Purchase, Additional Stake Purchase",Altron Ltd acquired a minority stake in Allied Technologies Ltd. The transaction was completed on 5/20/2004.,ZAR,,Cash,,,,2004/5/20,,,,53.400002,7.600000,,,No,Communications,Communications,N,,,,,,,,Friendly,South Africa,South Africa,ALT,AEL,Common Stock,Common Stock,10161,3764,9648,9637,881,,231,,55.7386,50.6219,2098,4884,,2129.700928,3749.910889,6176,11034,2129.700928,FY-specific (point-in-time),6176.0,FY-specific (point-in-time),3749.910889,FY-specific (point-in-time),11034.0,FY-specific (point-in-time),255.93,2,2001-02-01,2009-03-31,200,30,3500,100,34.15,1.39166666666667,1652434.1,3240411.7,50.994572695809,6.04217307187445,2566352.0,19809.0,10161.0,Large,Full (4/4),2004
147798167,M&A,2017/6/22,CVH SJ,REM SJ,Completed,,"Private Placement, Majority Purchase, Additional Stake Purchase","The restructuring was approved by Capevin shareholders on 10/27/2017. On 06/22/2017, Remgro Ltd announced its proposed restructuring of Distell's multi-tiered ownership restructure. Remgro will exchange its 50% share holding in Remgro-Capevin Investments Pty Ltd for additional ordinary shares...",ZAR,Negotiation,Stock,2017/6/22,,,2018/5/21,,,,19.000000,40.500000,,,No,Consumer Staples,Financials,N,,,,,,Nomura,,Friendly,South Africa,South Africa,CVH,REM,Common Stock,Common Stock,,2842.8,142174,51506,,,,,0.821865,21.0383,23.364,29911,,2868.314,0,109100,27697,2868.314,FY-specific (point-in-time),109100.0,FY-specific (point-in-time),0.0,FY-specific (point-in-time),27697.0,FY-specific (point-in-time),,3,2009-04-01,2017-09-30,560,80,6600,190,71.4416666666667,5.28333333333333,5078189.9,4501701.6,112.806008732343,5.4733229100365,15467873.0,145016.8,2842.8,Large,Partial (3/4),2017
147798191,M&A,2017/6/22,CVH SJ,REM SJ,Withdrawn,,"Mandatory Offer, Company Takeover, Additional Stake Purchase, Tender Offer","On 11/09/2017 the South Africa Takeover Regulation Panel granted a waiver of the mandatory offer for Capevin Holdings Ltd. On 06/22/2017, Remgro Ltd announced its proposed restructuring of Distell's multi-tiered ownership structure.",ZAR,Negotiation,Undisclosed,2017/6/22,,,2017/11/9,,,,59.500000,40.500000,,,No,Consumer Staples,Financials,N,,,,,,Nomura,,Friendly,South Africa,South Africa,CVH,REM,Common Stock,Common Stock,,2842.8,142174,51506,,,,,0.821865,21.0383,23.364,29911,,2868.314,0,109100,27697,2868.314,FY-specific (point-in-time),109100.0,FY-specific (point-in-time),0.0,FY-specific (point-in-time),27697.0,FY-specific (point-in-time),,3,2009-04-01,2017-09-30,560,80,6600,190,71.4416666666667,5.28333333333333,5078189.9,4501701.6,112.806008732343,5.4733229100365,15467873.0,145016.8,2842.8,Large,Partial (3/4),2017
148186234,M&A,2017/7/25,HSP SJ,L4L SJ,Completed,,Company Takeover,"On 07/25/2017 Holdsport Ltd announced that it had reached an agreement with Long4Life Ltd regarding the takeover, for about ZAR 3,384.12M. The transaction was completed on 11/09/2017. On 07/03/2017, it is announced that Long4life has submitted a non--binding expression of interest to acquire ...",ZAR,Preliminary Offer,Cash and Stock,2017/7/3,,,2017/11/9,25.99,,,0.000000,100.000000,,,No,Consumer Discretionary,Consumer Discretionary,N,Cliffe Dekker Ho,Edward Nathan,,,,Investec,,Friendly,South Africa,South Africa,HSP,L4L,Common Stock,Common Stock,1828.6,1398.74,5721.8,3582.54,410.812,1669.9,28.533,,47.0967,26.9625,658.762,1542.74,,1318.113,1727.436,,,1318.113,FY-specific (point-in-time),5721.8,MA-screen (current/latest - NOT point-in-time),1727.436,FY-specific (point-in-time),3582.54,MA-screen (current/latest - NOT point-in-time),3384.12,3,2009-04-01,2017-09-30,560,80,6600,190,71.4416666666667,5.28333333333333,5078189.9,4501701.6,112.806008732343,5.4733229100365,15467873.0,7550.4,1828.6,Large,Full (4/4),2017
148337501,INV,2017/7/4,SAR SJ,SAC SJ,Completed,,"Private Placement, Minority Purchase",SA Corporate Real Estate Ltd acquired a minority stake in Safari Investments RSA Ltd. The transaction was announced on 7/4/2017 and completed on 12/31/2017.,ZAR,,Cash,,,,2017/12/31,,,,0.000000,9.470000,,,No,Consumer Discretionary,Real Estate,N,,,,,,,,Friendly,South Africa,South Africa,SAR,SAC,REIT,REIT,627.502,4581.11,21463.5,2922.45,,,,,,,557.124,771.525,,2219.36843,173.280586,16989.211,1833.133,2219.36843,FY-specific (point-in-time),16989.211,FY-specific (point-in-time),173.280586,FY-specific (point-in-time),1833.133,FY-specific (point-in-time),152.00,3,2009-04-01,2017-09-30,560,80,6600,190,71.4416666666667,5.28333333333333,5078189.9,4501701.6,112.806008732343,5.4733229100365,15467873.0,26044.61,4581.11,Large,Full (4/4),2017
15034041,BUY,2004/6/29,RLO SJ,RLO SJ,Completed,,,,ZAR,,,,,,2004/9/27,-23.13,,,0.000000,0.000000,,,,Industrials,Industrials,N,,Bowman Gilfill,,,,Investec Bank,,,South Africa,,RLO,RLO,Common Stock,Common Stock,13881,12759,12759,13881,2757,2757,1215,,60.522,60.522,7722,7722,,3637.800048828125,6103.89990234375,3637.800048828125,6103.89990234375,3637.800048828125,FY-specific (point-in-time),3637.800048828125,FY-specific (point-in-time),6103.89990234375,FY-specific (point-in-time),6103.89990234375,FY-specific (point-in-time),519.40,2,2001-02-01,2009-03-31,200,30,3500,100,34.15,1.39166666666667,1652434.1,3240411.7,50.994572695809,6.04217307187445,2566352.0,27762.0,13881.0,Large,Full (4/4),2004
151546247,M&A,2017/9/4,PPC SJ,DANGCEM NL,Withdrawn,,"Company Takeover, Cross Border","On 10/06/2017, it was reported that PPC Ltd received formal notification that Dangote Cement Plc withdrew its previously made offer. On 09/21/2017, it was reported that Dangote Cement Plc is offering PPC Ltd a cash and stock takeover offer. On 09/14/2017, it was reported that Dangote Cement P...",ZAR,On the Block,Cash and Stock,2017/9/4,,,2017/9/4,,,,0.000000,100.000000,,,No,Materials,Materials,N,,,,,,,,Friendly,South Africa,Nigeria,PPC,DANGCEM,Common Stock,Common Stock,10255,10106,69468.4,50653.5,14857,72489.2,8,,35.5333,32.6444,3591,22677.5,,,,1529104,615103,10106.0,MA-screen (current/latest - NOT point-in-time),1529104.0,FY-specific (point-in-time),10255.0,MA-screen (current/latest - NOT point-in-time),615103.0,FY-specific (point-in-time),10028.08,3,2009-04-01,2017-09-30,560,80,6600,190,71.4416666666667,5.28333333333333,5078189.9,4501701.6,112.806008732343,5.4733229100365,15467873.0,79723.4,10255.0,Large,Full (4/4),2017
15188060,BUY,2004/7/15,SBK SJ,SBK SJ,Completed,,,,ZAR,,,,,,2004/10/4,-16.75,,,0.000000,0.000000,,,,Financials,Financials,N,,,,,,JP Morgan,,,South Africa,,SBK,SBK,Common Stock,Common Stock,307016,3.62085e+06,3.62085e+06,307016,,,,2.07947e+06,,,,,,540566,49965,540566,49965,540566.0,FY-specific (point-in-time),540566.0,FY-specific (point-in-time),49965.0,FY-specific (point-in-time),49965.0,FY-specific (point-in-time),4143.14,2,2001-02-01,2009-03-31,200,30,3500,100,34.15,1.39166666666667,1652434.1,3240411.7,50.994572695809,6.04217307187445,2566352.0,7241700.0,3620850.0,Large,Full (4/4),2004
15188268,BUY,2004/7/15,LGL SJ,LGL SJ,Completed,,,,ZAR,,,,,,2004/11/8,-15.64,,,0.000000,0.000000,,,,Financials,Financials,N,,,,,,JP Morgan,,,South Africa,,LGL,LGL,Common Stock,Common Stock,74224,569778,569778,74224,,,,,,,,,,96557.898438,17239,96557.898438,17239,96557.898438,FY-specific (point-in-time),96557.898438,FY-specific (point-in-time),17239.0,FY-specific (point-in-time),17239.0,FY-specific (point-in-time),1242.42,2,2001-02-01,2009-03-31,200,30,3500,100,34.15,1.39166666666667,1652434.1,3240411.7,50.994572695809,6.04217307187445,2566352.0,1139556.0,569778.0,Large,Full (4/4),2004
15238167,M&A,2004/7/22,CMT SJ,MUR SJ,Completed,,"Company Takeover, Additional Stake Purchase, Tender Offer",Murray & Roberts Holdings Ltd acquired Cementation Co Africa Ltd for ZAR 30.05M. The transaction was announced on 7/22/2004 and completed on 10/19/2004.,ZAR,,Cash,,,,2004/10/19,-17.88,,,79.129997,20.870001,,,No,Industrials,Industrials,N,,Bowman Gilfill,,,Stand Bk Inv Cp,Bridge Cap Advis,,Friendly,South Africa,South Africa,CMT,MUR,Common Stock,Common Stock,1296.29,359.452,8160.3,13452.4,313.962,,0.055,,73.022,71.8001,262.479,5859.1,,359.4519958496094,1296.2919921875,6302.8,9769.5,359.4519958496094,FY-specific (point-in-time),6302.8,FY-specific (point-in-time),1296.2919921875,FY-specific (point-in-time),9769.5,FY-specific (point-in-time),30.05,2,2001-02-01,2009-03-31,200,30,3500,100,34.15,1.39166666666667,1652434.1,3240411.7,50.994572695809,6.04217307187445,2566352.0,14748.689999999999,1296.29,Large,Full (4/4),2004
152855124,M&A,2017/9/28,3497Z LN,NTC SJ,Completed,,"Company Takeover, Cross Border, Private Equity, PE Exit, PE Seller",Apax Partners LLP sold General Healthcare Group Ltd to Netcare Ltd. The transaction was completed on 9/28/2017. Financial terms of the transaction are undisclosed.,GBP,,Cash,,,,2017/9/28,,,,0.000000,100.000000,,,No,Health Care,Health Care,N,,,,,,,,Friendly,South Africa,South Africa,3497Z,NTC,Private Comp,Common Stock,,6807.63,29225,26344,,25811,323.37,,4.75011,22.2618,323.37,6506,,,,30659,37796,6807.63,MA-screen (current/latest - NOT point-in-time),30659.0,FY-specific (point-in-time),,Missing,37796.0,FY-specific (point-in-time),,3,2009-04-01,2017-09-30,560,80,6600,190,71.4416666666667,5.28333333333333,5078189.9,4501701.6,112.806008732343,5.4733229100365,15467873.0,36032.63,6807.63,Large,Partial (3/4),2017
155416283,M&A,2017/11/13,PPC SJ,CRH US,Withdrawn,,"Cross Border, Majority Purchase","On 11/13/2017, PPC Ltd announced it has received a non-binding expression of interest from CRH Plc for a controlling stake in the company, according to Stock Exchange filling.",ZAR,Preliminary Offer,Cash,2017/11/13,,,2017/12/4,,,,0.000000,0.000000,,,No,Materials,Materials,N,,,,,BofA ML,,,Friendly,South Africa,Ireland,PPC,CRH,Common Stock,Common Stock,10255,10106,966331,669531,14857,729209,8,,35.5333,26.1517,3591,252711,,,,33322.1918,27437.282002298878,10106.0,MA-screen (current/latest - NOT point-in-time),33322.1918,FY-specific (point-in-time),10255.0,MA-screen (current/latest - NOT point-in-time),27437.282002298878,FY-specific (point-in-time),,4,2017-10-01,2026-04-30,600,100,6600,190,71.4416666666667,5.28333333333333,5078189.9,4501701.6,112.806008732343,5.4733229100365,15467873.0,976586.0,10255.0,Large,Full (4/4),2017
15777596,M&A,2004/9/8,IFH SJ,AND SJ,Terminated,,"Company Takeover, Tender Offer",Andulela Investment Holdings Ltd announced the acquisition of IFA Hotels & Resorts Ltd for ZAR 6.25M. The transaction was announced on 9/8/2004 and terminated on 12/10/2004.,ZAR,,Cash,,,,2004/12/10,16.07,,,0.000000,100.000000,,,No,Consumer Discretionary,Financials,N,,,,,Fisher Hoffman,Java Capital,,Friendly,South Africa,South Africa,IFH,AND,Common Stock,Common Stock,35117.3,578.522,714.472,1539.39,,296.156,165.521,,35.8655,54.9369,207.49,392.509,,12.722000122070312,1.125,,,12.722000122070312,FY-specific (point-in-time),714.472,MA-screen (current/latest - NOT point-in-time),1.125,FY-specific (point-in-time),1539.39,MA-screen (current/latest - NOT point-in-time),6.25,2,2001-02-01,2009-03-31,200,30,3500,100,34.15,1.39166666666667,1652434.1,3240411.7,50.994572695809,6.04217307187445,2566352.0,36656.69,35117.3,Large,Full (4/4),2004
15787861,M&A,2004/9/22,ABI SJ,SAB LN,Completed,,"Company Takeover, Cross Border, Additional Stake Purchase",Abi Sab Group Holding Ltd acquired Amalgamated Beverage Industries Ltd for ZAR 3684.51M. The transaction was announced on 9/22/2004 and completed on 12/13/2004.,ZAR,,Cash,,,,2004/12/13,8.86,,,73.500000,26.500000,,,No,Consumer Staples,Consumer Staples,N,Routledge-Modise,Hogan Lovells In/Webber Wentzel/Werksmans,,,Standard Bank of,Nedbank Invest,,Friendly,South Africa,United Kingdom,ABI,SAB,Common Stock,Common Stock,5571,4591,942462,,2643,255.619,168,,34.4152,0.00397562,1580,37.4688,,4354,4933,12250,6695,4354.0,FY-specific (point-in-time),12250.0,FY-specific (point-in-time),4933.0,FY-specific (point-in-time),6695.0,FY-specific (point-in-time),3684.52,2,2001-02-01,2009-03-31,200,30,3500,100,34.15,1.39166666666667,1652434.1,3240411.7,50.994572695809,6.04217307187445,2566352.0,948033.0,5571.0,Large,Partial (3/4),2004
15933651,INV,2004/8/2,AFL SJ,RNG SJ,Completed,,Minority Purchase,Randgold & Exploration Co Ltd acquired a minority stake in Aflease Gold and Uranium Resources Ltd. The transaction was announced on 8/2/2004 and completed on 9/23/2004.,ZAR,,Stock,,,,2004/9/23,,,,0.000000,29.995001,,,No,Materials,Materials,N,Werksmans,,,,Nedbank Capital,,,Friendly,South Africa,South Africa,AFL,RNG,Common Stock,Common Stock,16.128,337.258,50.495,,234.939,0.181,12.979,,9.24722,99.9148,31.187,50.452,,263.24798583984375,100.96399688720703,1158.219970703125,0,263.24798583984375,FY-specific (point-in-time),1158.219970703125,FY-specific (point-in-time),100.96399688720703,FY-specific (point-in-time),0.0,FY-specific (point-in-time),130.94,2,2001-02-01,2009-03-31,200,30,3500,100,34.15,1.39166666666667,1652434.1,3240411.7,50.994572695809,6.04217307187445,2566352.0,387.753,337.258,Intermediate,Partial (3/4),2004
16002862,M&A,2004/10/18,GFI SJ,HAR SJ,Terminated,,"Company Takeover, Tender Offer",Harmony Gold Mining Co Ltd announced the acquisition of Gold Fields Ltd for ZAR 51461.19M. The transaction was announced on 10/18/2004 and terminated on 12/18/2004.,ZAR,,Stock,,,,2004/12/18,43.44,,,0.000000,100.000000,,,No,Materials,Materials,N,Edward Nathan/Linklaters/Minter Ellison/Norton Rose Llp/Skadden Arps,Ashurst LLP/Hogan & Hartson/Osler Hoskin Har/Simpson Thacher/Stikeman Elliott,Davis Polk,,Goldman Sachs/JP Morgan,HSBC Bank PLC/Investec Bank/Merrill Lynch/Morgan Stanley,,Hostile,South Africa,South Africa,GFI,HAR,Common Stock,Common Stock,156468,252234,125990,99238,345793,,5674.16,,20.0221,16.1648,50502.5,20366,,2567.9342860462016,1561.1072995288373,15185,8995,2567.9342860462016,FY-specific (point-in-time),15185.0,FY-specific (point-in-time),1561.1072995288373,FY-specific (point-in-time),8995.0,FY-specific (point-in-time),51461.20,2,2001-02-01,2009-03-31,200,30,3500,100,34.15,1.39166666666667,1652434.1,3240411.7,50.994572695809,6.04217307187445,2566352.0,378224.0,252234.0,Large,Full (4/4),2004
160144072,BUY,2018/1/24,QFH SJ,QFH SJ,Completed,,,,ZAr,,,,,,2018/3/16,-2.91,,,0.000000,0.000000,,,,Consumer Staples,Consumer Staples,N,,,,,,,,,South Africa,,QFH,QFH,Common Stock,Common Stock,7146.54,3475.89,3475.89,7146.54,2791.01,2791.01,531.581,,53.3369,53.3369,1853.93,1853.93,,2254.655,4051.89,2254.655,4051.89,2254.655,FY-specific (point-in-time),2254.655,FY-specific (point-in-time),4051.89,FY-specific (point-in-time),4051.89,FY-specific (point-in-time),,4,2017-10-01,2026-04-30,600,100,6600,190,74.725,4.61666666666667,5363190.4,4571783.4,117.310684491308,3.99329416011343,12701949.0,14293.08,7146.54,Large,Full (4/4),2018
161091834,INV,2018/2/15,RDF SJ,INL SJ,Completed,,Minority Purchase,Investec Ltd acquired a minority stake in Redefine Properties Ltd. The transaction was completed on 2/15/2018. Financial terms of the transaction are undisclosed.,ZAR,,Undisclosed,,,,2018/2/15,,,,0.000000,5.023800,,,No,Real Estate,Financials,N,,,,,,,,Friendly,South Africa,South Africa,RDF,INL,REIT,Common Stock,11007.4,106323,1.43453e+06,111529,,,,641747,,,3018.73,,,91492.611,7887.034,53534.832,3976.258,91492.611,FY-specific (point-in-time),53534.832,FY-specific (point-in-time),7887.034,FY-specific (point-in-time),3976.258,FY-specific (point-in-time),,4,2017-10-01,2026-04-30,600,100,6600,190,74.725,4.61666666666667,5363190.4,4571783.4,117.310684491308,3.99329416011343,12701949.0,1540853.0,106323.0,Large,Full (4/4),2018
161652376,INV,2018/2/28,TON SJ,184023Z SJ,Completed,,"Private Equity, Minority Purchase, Additional Stake Purchase",Public Investment Corp Ltd acquired a minority stake in Tongaat Hulett Pvt Ltd. The transaction was completed on 2/28/2018. Financial terms of the transaction are undisclosed.,ZAR,,Undisclosed,,,,2018/2/28,,,,0.550000,14.467000,,,No,Consumer Staples,Financials,N,,,,,,,,Friendly,South Africa,South Africa,TON,184023Z,Common Stock,Private Comp,15479,14022,4617.25,1261.76,11199,185.389,4244,,60.0414,85.5959,8419,3952.18,,27954,17915,2665.717,1112.864,27954.0,FY-specific (point-in-time),2665.717,FY-specific (point-in-time),17915.0,FY-specific (point-in-time),1112.864,FY-specific (point-in-time),,4,2017-10-01,2026-04-30,600,100,6600,190,74.725,4.61666666666667,5363190.4,4571783.4,117.310684491308,3.99329416011343,12701949.0,20096.25,15479.0,Large,Full (4/4),2018
16206940,M&A,2004/10/21,PTC SJ,HCI SJ,Terminated,,Company Takeover,Hosken Consolidated Investments Ltd announced the acquisition of Putco Ltd for ZAR 178.10M. The transaction was announced on 10/21/2004 and terminated on 11/3/2004.,ZAR,,Cash,,,,2004/11/3,1.51,,,0.000000,38.000000,,,No,Industrials,Consumer Discretionary,N,Werksmans,,,,,,,Friendly,South Africa,South Africa,PTC,HCI,Common Stock,Common Stock,916.815,533.1,64182,24172.5,571.734,,60.123,,36.2448,10.9267,193.221,7012.98,,482.00799560546875,894.0670166015625,,,482.00799560546875,FY-specific (point-in-time),64182.0,MA-screen (current/latest - NOT point-in-time),894.0670166015625,FY-specific (point-in-time),24172.5,MA-screen (current/latest - NOT point-in-time),178.10,2,2001-02-01,2009-03-31,200,30,3500,100,34.15,1.39166666666667,1652434.1,3240411.7,50.994572695809,6.04217307187445,2566352.0,65098.815,916.815,Large,Full (4/4),2004
16259352,BUY,2004/11/15,WHL SJ,WHL SJ,Pending,,,,ZAR,,,,,,2005/3/29,-4.85,,,0.000000,0.000000,,,,Consumer Discretionary,Consumer Discretionary,N,,Taback & Assoc,,,,Standard Bank of,,,South Africa,,WHL,WHL,Common Stock,Common Stock,82841,39430,39430,82841,23187,23187,1726,,32.701,32.701,12894,12894,,4792.10009765625,9500.2998046875,4792.10009765625,9500.2998046875,4792.10009765625,FY-specific (point-in-time),4792.10009765625,FY-specific (point-in-time),9500.2998046875,FY-specific (point-in-time),9500.2998046875,FY-specific (point-in-time),1002.60,2,2001-02-01,2009-03-31,200,30,3500,100,34.15,1.39166666666667,1652434.1,3240411.7,50.994572695809,6.04217307187445,2566352.0,165682.0,82841.0,Large,Full (4/4),2004
16380606,INV,2004/11/30,AHH SJ,AFX SJ,Completed,,Minority Purchase,African Oxygen Ltd acquired a minority stake in Afrox Healthcare Ltd. The transaction was announced on 11/30/2004 and completed on 3/24/2005.,ZAR,,Undisclosed,,,,2005/3/24,,,,0.000000,25.000000,,,No,Health Care,Materials,N,Bowman Gilfill,Edward Nathan/Hofmeyr Herbstei,,,JP Morgan,Rothschild & Co,,Friendly,South Africa,South Africa,AHH,AFX,Common Stock,Common Stock,4913.78,3249.87,7230,6086,2358.7,8325,399.854,,39.9309,47.1508,1297.7,3409,,2827.614013671875,4474.8291015625,5212.32421875,2851.06591796875,2827.614013671875,FY-specific (point-in-time),5212.32421875,FY-specific (point-in-time),4474.8291015625,FY-specific (point-in-time),2851.06591796875,FY-specific (point-in-time),375.00,2,2001-02-01,2009-03-31,200,30,3500,100,34.15,1.39166666666667,1652434.1,3240411.7,50.994572695809,6.04217307187445,2566352.0,12143.779999999999,4913.78,Large,Full (4/4),2004
16469488,M&A,2004/8/20,GDA SJ,KAP SJ,Completed,,Company Takeover,KAP Ltd acquired Glodina Holdings Ltd for ZAR 78.42M. The transaction was announced on 8/20/2004 and completed on 11/30/2004.,ZAR,,Stock,,,,2004/11/30,,,,0.000000,100.000000,,,No,Consumer Discretionary,Consumer Discretionary,N,,Hofmeyr Herbstei,,,,PSG Invt Bank,,Friendly,South Africa,South Africa,GDA,KAP,Common Stock,Common Stock,166.704,146.537,29527,29606,99.353,25993,6.033,,60.6441,40.6983,88.866,12017,,146.53700256347656,166.70399475097656,404.122009,1158.366943,146.53700256347656,FY-specific (point-in-time),404.122009,FY-specific (point-in-time),166.70399475097656,FY-specific (point-in-time),1158.366943,FY-specific (point-in-time),78.42,2,2001-02-01,2009-03-31,200,30,3500,100,34.15,1.39166666666667,1652434.1,3240411.7,50.994572695809,6.04217307187445,2566352.0,29772.704,166.704,Large,Full (4/4),2004
16587289,M&A,2004/12/17,TSG SJ,HCI SJ,Completed,,"Private Equity, Majority Purchase, Additional Stake Purchase",Fabvest Investment Holdings Ltd sold Tsogo Sun Limited to Hosken Consolidated Investments Ltd for ZAR 412.12M. The transaction was completed on 12/17/2004.,ZAR,,Cash,,,,2004/12/17,,,,32.000000,19.000000,,,No,Consumer Discretionary,Consumer Discretionary,N,,,,,,,,Friendly,South Africa,South Africa,TSG,HCI,Common Stock,Common Stock,10841,14695,64182,24172.5,13335,,172,,7.92787,10.9267,1165,7012.98,,1239.60302734375,903.9030151367188,,,1239.60302734375,FY-specific (point-in-time),64182.0,MA-screen (current/latest - NOT point-in-time),903.9030151367188,FY-specific (point-in-time),24172.5,MA-screen (current/latest - NOT point-in-time),412.12,2,2001-02-01,2009-03-31,200,30,3500,100,34.15,1.39166666666667,1652434.1,3240411.7,50.994572695809,6.04217307187445,2566352.0,78877.0,14695.0,Large,Full (4/4),2004
168302916,M&A,2018/5/18,AEG SJ,MUR SJ,Withdrawn,,Company Takeover,"On 08/08/2018, following the acquisition by ATON GmbH of an approximately 25% shareholding in Aveng, Murray & Roberts Holdings announced the withdrawal of the deal. On 05/18/2018, Murray & Roberts Holdings Ltd announced their intention to  make a takeover offer to Aveng Ltd for ZAR 1,000.00M.",ZAR,Preliminary Offer,Undisclosed,2018/5/18,,,2018/8/8,,,,0.000000,100.000000,,,No,Industrials,Materials,N,,,,,,,,Friendly,South Africa,South Africa,AEG,MUR,Common Stock,Common Stock,2304.55,949.907,8160.3,13452.4,581.654,,0.819,,60.1088,71.8001,570.978,5859.1,,17687,23456,14203,21397.3,17687.0,FY-specific (point-in-time),14203.0,FY-specific (point-in-time),23456.0,FY-specific (point-in-time),21397.3,FY-specific (point-in-time),1000.00,4,2017-10-01,2026-04-30,600,100,6600,190,74.725,4.61666666666667,5363190.4,4571783.4,117.310684491308,3.99329416011343,12701949.0,15756.95,2304.55,Large,Full (4/4),2018
168665742,INV,2017/6/22,DGH SJ,REM SJ,Completed,,"Private Placement, Minority Purchase","On 06/22/2017, Remgro Ltd announced that New Distell (Business Venture Investments No 1997 Pty Ltd) will issue unlisted voting shares (B Shares) to Remgro. The B Shares and accompanying Stapled Ordinary Shares will provide Remgro with a 52.8% voting interest in New Distell.",ZAR,,Cash,,,,2018/5/21,,,,0.000000,31.400000,,,No,Consumer Staples,Financials,N,ENS,,,,,HSBC,,Friendly,South Africa,South Africa,DGH,REM,Common Stock,Common Stock,34133.6,29389.6,142174,51506,9686.51,,52.012,,58.5969,21.0383,17221.4,29911,,19941.891,21470.12,109100,27697,19941.891,FY-specific (point-in-time),109100.0,FY-specific (point-in-time),21470.12,FY-specific (point-in-time),27697.0,FY-specific (point-in-time),,3,2009-04-01,2017-09-30,560,80,6600,190,71.4416666666667,5.28333333333333,5078189.9,4501701.6,112.806008732343,5.4733229100365,15467873.0,176307.6,34133.6,Large,Full (4/4),2017
168842872,M&A,2017/6/22,CVH SJ,DGH SJ,Completed,,Company Takeover,Distell Group Holdings Ltd acquired Capevin Holdings Ltd for ZAR 7615.50M. The transaction was announced on 6/22/2017 and completed on 6/5/2018.,ZAR,,Stock,,,,2018/6/5,-1.00,,,0.000000,100.000000,,,No,Consumer Staples,Consumer Staples,N,,,,,,,,Friendly,South Africa,South Africa,CVH,DGH,Common Stock,Common Stock,,2842.8,29389.6,34133.6,,9686.51,,,0.821865,58.5969,23.364,17221.4,,2868.314,0,19941.891,21470.12,2868.314,FY-specific (point-in-time),19941.891,FY-specific (point-in-time),0.0,FY-specific (point-in-time),21470.12,FY-specific (point-in-time),7615.54,3,2009-04-01,2017-09-30,560,80,6600,190,71.4416666666667,5.28333333333333,5078189.9,4501701.6,112.806008732343,5.4733229100365,15467873.0,36976.4,2842.8,Large,Partial (3/4),2017
16913340,INV,2005/1/21,TIW SJ,BVT SJ,Completed,,Minority Purchase,Bidvest Group Ltd/The acquired a minority stake in Tiger Wheels Ltd. The transaction was completed on 1/21/2005.,ZAR,,Cash,,,,2005/1/21,-10.28,,,0.000000,17.000000,,,No,Consumer Discretionary,Consumer Staples,N,,,,,,Investec Bank,,Friendly,South Africa,South Africa,TIW,BVT,Common Stock,Common Stock,3299.3,3088.49,122623,130321,1884.92,40740.4,323.679,,46.8095,43.1532,1445.71,52915.8,,1962.447,3181.58,17949.024,51262.212,1962.447,FY-specific (point-in-time),17949.024,FY-specific (point-in-time),3181.58,FY-specific (point-in-time),51262.212,FY-specific (point-in-time),239.90,2,2001-02-01,2009-03-31,200,30,3500,100,35.275,3.4,1837001.4,3411409.9,53.8487444736559,5.5970108718677,3586112.0,133620.3,3299.3,Large,Full (4/4),2005
16913680,BUY,2005/1/19,PTC SJ,PTC SJ,Pending,,,,ZAR,,,,,,2005/4/11,3.85,,,0.000000,0.000000,,,,Industrials,Industrials,N,,Werksmans,,,,Deloitte Touche/Ernst & Young/Investec Bank,,,South Africa,,PTC,PTC,Common Stock,Common Stock,916.815,533.1,533.1,916.815,571.734,571.734,60.123,,36.2448,36.2448,193.221,193.221,,533.0999755859375,916.8150024414062,533.0999755859375,916.8150024414062,533.0999755859375,FY-specific (point-in-time),533.0999755859375,FY-specific (point-in-time),916.8150024414062,FY-specific (point-in-time),916.8150024414062,FY-specific (point-in-time),106.67,2,2001-02-01,2009-03-31,200,30,3500,100,35.275,3.4,1837001.4,3411409.9,53.8487444736559,5.5970108718677,3586112.0,1833.63,916.815,Intermediate,Full (4/4),2005
169568203,M&A,2017/12/20,1328238D FP,CPR IM,Completed,,"Company Takeover, Cross Border",Distell Group Holdings Ltd sold Bisquit Dubouche ET Cie to Davide Campari-Milano NV for EUR 52.50M. The transaction was announced on 12/20/2017 and completed on 3/31/2018.,EUR,,Undisclosed,,,,2018/3/31,,,,0.000000,100.000000,,,No,Consumer Staples,Consumer Staples,N,,,,,,,,Friendly,South Africa,Italy,1328238D,CPR,Private Comp,Common Stock,5634.14,31604.2,157709,61595.8,,48665.6,955.23,,18.966,36.535,5994.05,57619,,79.757739,19.338537,4549.9,1726.5,79.757739,FY-specific (point-in-time),4549.9,FY-specific (point-in-time),19.338537,FY-specific (point-in-time),1726.5,FY-specific (point-in-time),785.72,4,2017-10-01,2026-04-30,600,100,6600,190,71.4416666666667,5.28333333333333,5078189.9,4501701.6,112.806008732343,5.4733229100365,15467873.0,189313.2,31604.2,Large,Full (4/4),2017
170403689,M&A,2018/11/23,MTL SJ,CPI SJ,Completed,,"Company Takeover, Cross Border","Capitec Bank Holdings Ltd announced the acquisition of Mercantile Bank Holdings Ltd. The deal was announced on 11/22/2018 and is currently pending. On 06/19/2018, it was reported that the government made public the names of four parties including Grindrod Bank Ltd and Arise B.V as potential b...",ZAR,On the Block,Cash,2018/6/19,,,2019/11/7,,,,0.000000,100.000000,,,No,Financials,Financials,N,,,,,,,,Friendly,South Africa,South Africa,MTL,CPI,Common Stock,Common Stock,804.09,6215.27,263284,61650.7,,,,,,,,,4.84641,,,73357.897,20928.76,6215.27,MA-screen (current/latest - NOT point-in-time),73357.897,FY-specific (point-in-time),804.09,MA-screen (current/latest - NOT point-in-time),20928.76,FY-specific (point-in-time),3200.02,4,2017-10-01,2026-04-30,600,100,6600,190,74.725,4.61666666666667,5363190.4,4571783.4,117.310684491308,3.99329416011343,12701949.0,269499.27,6215.27,Large,Full (4/4),2018
17127611,M&A,2004/12/6,MOZ SJ,MTS AU,Completed,,"Company Takeover, Cross Border",Metcash Ltd acquired Metoz Holdings Ltd for ZAR 5886.36M. The transaction was announced on 12/6/2004 and completed on 4/19/2005.,ZAR,,Cash,,2005/4/13,,2005/4/19,40.64,,,0.000000,100.000000,,,No,Consumer Staples,Consumer Staples,N,Fluxmans,Webber Wentzel,,,Investec Bank,Deutsche Bank,,Friendly,South Africa,Australia,MOZ,MTS,Common Stock,Common Stock,51491.8,10867.8,83995.1,198725,2264.44,31115.3,,,77.0679,53.8283,8375.56,45213.2,,9337.501953125,51763.640625,1391.520996,6695.519043,9337.501953125,FY-specific (point-in-time),1391.520996,FY-specific (point-in-time),51763.640625,FY-specific (point-in-time),6695.519043,FY-specific (point-in-time),5886.38,2,2001-02-01,2009-03-31,200,30,3500,100,34.15,1.39166666666667,1652434.1,3240411.7,50.994572695809,6.04217307187445,2566352.0,250216.8,51491.8,Large,Full (4/4),2004
17161643,M&A,2005/2/15,INM SJ,WNH SJ,Completed,,"Company Takeover, Additional Stake Purchase",Winhold Ltd acquired Inmins Ltd for ZAR 52.71M. The transaction was announced on 2/15/2005 and completed on 5/16/2005.,ZAR,,Stock,,,,2005/5/16,-9.07,,,60.000000,40.000000,,,No,Industrials,Materials,N,,Fluxmans,,,,,,Friendly,South Africa,South Africa,INM,WNH,Common Stock,Common Stock,440.53,,521.812,1149.04,,264.97,,,,67.2501,,350.919,,,440.5299987792969,299.4150085449219,734.8809814453125,,Missing,299.4150085449219,FY-specific (point-in-time),440.5299987792969,FY-specific (point-in-time),734.8809814453125,FY-specific (point-in-time),52.71,2,2001-02-01,2009-03-31,200,30,3500,100,35.275,3.4,1837001.4,3411409.9,53.8487444736559,5.5970108718677,3586112.0,1589.57,440.53,Intermediate,Partial (3/4),2005
17203439,M&A,2005/2/21,GNK SJ,SAABB SS,Completed,,"Cross Border, Majority Purchase, Additional Stake Purchase",Saab AB acquired Grintek Ltd for ZAR 178.47M. The transaction was announced on 2/21/2005 and completed on 5/16/2005.,ZAR,,Cash,,2005/4/19,,2005/5/16,14.16,,,21.200001,48.799999,,,No,Industrials,Industrials,N,,Edward Nathan,,,Investec Bank,Nedbank Capital,,Friendly,South Africa,Sweden,GNK,SAABB,Common Stock,Common Stock,1406.42,1226.67,224006,144466,251.375,61376,52.465,,77.8026,66.2192,954.379,148335,,1226.66796875,1406.4189453125,27509,17848,1226.66796875,FY-specific (point-in-time),27509.0,FY-specific (point-in-time),1406.4189453125,FY-specific (point-in-time),17848.0,FY-specific (point-in-time),178.47,2,2001-02-01,2009-03-31,200,30,3500,100,35.275,3.4,1837001.4,3411409.9,53.8487444736559,5.5970108718677,3586112.0,225412.42,1406.42,Large,Full (4/4),2005
17708145,BUY,2005/4/7,IPL SJ,IPL SJ,Pending,,,,ZAR,,,,,,2005/6/27,-3.65,,,0.000000,0.000000,,,,Consumer Discretionary,Consumer Discretionary,N,,,,,,,,,South Africa,,IPL,IPL,Common Stock,Common Stock,52208,30329,30329,52208,12529,12529,5765,,53.4703,53.4703,16217,16217,,23225,35150,23225,35150,23225.0,FY-specific (point-in-time),23225.0,FY-specific (point-in-time),35150.0,FY-specific (point-in-time),35150.0,FY-specific (point-in-time),1405.94,2,2001-02-01,2009-03-31,200,30,3500,100,35.275,3.4,1837001.4,3411409.9,53.8487444736559,5.5970108718677,3586112.0,104416.0,52208.0,Large,Full (4/4),2005
177868363,INV,2018/9/18,WBC SJ,NPN SJ,Pending,,Minority Purchase,Naspers Ltd announced the acquisition of a minority stake in WBC Holdings Pty Ltd. The transaction was announced on 9/18/2018 and is currently pending.,ZAR,,Undisclosed,,,,,,,,0.000000,0.000000,,,No,Financials,Communications,N,,,,,,,,Friendly,South Africa,South Africa,WBC,NPN,Common Stock,Common Stock,26656.2,5352.69,1.35492e+06,188265,2243.74,30301.7,165.506,,62.4952,24.7939,3345.18,335937,70.525,,,21930,6098,5352.69,MA-screen (current/latest - NOT point-in-time),21930.0,FY-specific (point-in-time),26656.2,MA-screen (current/latest - NOT point-in-time),6098.0,FY-specific (point-in-time),1400.00,4,2017-10-01,2026-04-30,600,100,6600,190,74.725,4.61666666666667,5363190.4,4571783.4,117.310684491308,3.99329416011343,12701949.0,1381576.2,26656.2,Large,Full (4/4),2018
17859440,M&A,2005/4/26,SPR SJ,MSM SJ,Completed,,Majority Purchase,Massmart Holdings Ltd acquired Moresport Holdings Ltd for ZAR 403.80M. The transaction was announced on 4/26/2005 and completed on 7/26/2005.,ZAR,,Cash,,,,2005/7/26,,,,0.000000,84.099998,,,No,Consumer Discretionary,Consumer Staples,N,,,,,,,,Friendly,South Africa,South Africa,SPR,MSM,Common Stock,Common Stock,520.01,302.782,40144.7,77621.6,85.429,26034.2,,,78.6589,42.1331,238.165,16914.2,,,,7040.4,23943.9,302.782,MA-screen (current/latest - NOT point-in-time),7040.4,FY-specific (point-in-time),520.01,MA-screen (current/latest - NOT point-in-time),23943.9,FY-specific (point-in-time),403.80,2,2001-02-01,2009-03-31,200,30,3500,100,35.275,3.4,1837001.4,3411409.9,53.8487444736559,5.5970108718677,3586112.0,78141.61,520.01,Large,Full (4/4),2005
17929477,BUY,2005/4/29,AFX SJ,AFX SJ,Pending,,,,ZAR,,,,,,2005/7/4,-13.00,,,0.000000,0.000000,,,,Materials,Materials,N,,Bowman Gilfill,,,,Standard Bank of,,,South Africa,,AFX,AFX,Common Stock,Common Stock,6086,7230,7230,6086,8325,8325,324,,47.1508,47.1508,3409,3409,,5631.35400390625,2921.362060546875,5631.35400390625,2921.362060546875,5631.35400390625,FY-specific (point-in-time),5631.35400390625,FY-specific (point-in-time),2921.362060546875,FY-specific (point-in-time),2921.362060546875,FY-specific (point-in-time),660.68,2,2001-02-01,2009-03-31,200,30,3500,100,35.275,3.4,1837001.4,3411409.9,53.8487444736559,5.5970108718677,3586112.0,14460.0,7230.0,Large,Full (4/4),2005
18007045,M&A,2005/5/9,ABG SJ,BARC LN,Completed,,"Cross Border, Majority Purchase, Tender Offer",Barclays PLC acquired Absa Group Ltd for ZAR 29472.71M. The transaction was announced on 5/9/2005 and completed on 7/25/2005.,ZAR,,Cash,,,,2005/7/25,7.00,,,0.000000,53.959999,,,No,Financials,Financials,N,Freehills/Linklaters/Webber Wentzel,Clifford Chance/Deneys Reitz,Sullivan Cromwel,,ABSA Corp Merch/Goldman Sachs/Merrill Lynch/Rothschild & Co,Barclays Capital/JP Morgan,,Friendly,South Africa,United Kingdom,ABG,BARC,Common Stock,Common Stock,207703,2.23948e+06,3.4413e+07,1.28697e+06,,,,2.48301e+07,,,,,,306848,39654,538181,21817,306848.0,FY-specific (point-in-time),538181.0,FY-specific (point-in-time),39654.0,FY-specific (point-in-time),21817.0,FY-specific (point-in-time),29472.73,2,2001-02-01,2009-03-31,200,30,3500,100,35.275,3.4,1837001.4,3411409.9,53.8487444736559,5.5970108718677,3586112.0,36652480.0,2239480.0,Large,Full (4/4),2005
18024920,BUY,2004/11/4,FSR SJ,FSR SJ,Completed,,,,ZAR,,,,,,2005/5/9,-8.73,,,0.000000,0.000000,,,,Financials,Financials,N,,Deneys Reitz/MJ King Inc,,,,Firstrand Bank/Rothschild & Co,,,South Africa,,FSR,FSR,Common Stock,Common Stock,241219,2.74281e+06,2.74281e+06,241219,,,,1.248e+06,,,,,,393674,34830,393674,34830,393674.0,FY-specific (point-in-time),393674.0,FY-specific (point-in-time),34830.0,FY-specific (point-in-time),34830.0,FY-specific (point-in-time),5110.92,2,2001-02-01,2009-03-31,200,30,3500,100,34.15,1.39166666666667,1652434.1,3240411.7,50.994572695809,6.04217307187445,2566352.0,5485620.0,2742810.0,Large,Full (4/4),2004
180627567,M&A,2018/11/2,IWE SJ,SCHP FP,Completed,,"Company Takeover, Cross Border",Seche Environnement SA acquired Interwaste Holdings Ltd for ZAR 674.97M. The transaction was announced on 11/2/2018 and completed on 3/5/2019.,ZAR,,Cash,,,,2019/3/5,31.15,,,0.000000,100.000000,,,No,Industrials,Industrials,N,,,,,,,,Friendly,South Africa,France,IWE,SCHP,Common Stock,Common Stock,1033.09,1082.08,50734.7,25305.6,1169.08,30754.3,17.833,,30.3898,43.2462,328.843,21940.8,32.758,1082.084,1033.085,877.262,534.464,1082.084,FY-specific (point-in-time),877.262,FY-specific (point-in-time),1033.085,FY-specific (point-in-time),534.464,FY-specific (point-in-time),674.97,4,2017-10-01,2026-04-30,600,100,6600,190,74.725,4.61666666666667,5363190.4,4571783.4,117.310684491308,3.99329416011343,12701949.0,51816.78,1082.08,Large,Full (4/4),2018
18161831,INV,2005/5/23,VUN SJ,ABG SJ,Completed,,Minority Purchase,Absa Group Ltd acquired a minority stake in Vunani Ltd. The transaction was completed on 5/23/2005. Financial terms of the transaction are undisclosed.,ZAR,,Undisclosed,,,,2005/5/23,,,,0.000000,20.000000,,,No,Financials,Financials,N,,,,,,,,Friendly,South Africa,South Africa,VUN,ABG,Common Stock,Common Stock,808.796,1989.22,2.23948e+06,207703,135.945,,35.974,885775,38.8187,,772.19,,,,,306848,39654,1989.22,MA-screen (current/latest - NOT point-in-time),306848.0,FY-specific (point-in-time),808.796,MA-screen (current/latest - NOT point-in-time),39654.0,FY-specific (point-in-time),,2,2001-02-01,2009-03-31,200,30,3500,100,35.275,3.4,1837001.4,3411409.9,53.8487444736559,5.5970108718677,3586112.0,2241469.22,1989.22,Large,Full (4/4),2005
181766307,INV,2018/11/23,QFH SJ,OMU SJ,Completed,,Minority Purchase,Old Mutual Ltd acquired a minority stake in Quantum Foods Holdings Ltd. The transaction was completed on 11/23/2018. Financial terms of the transaction are undisclosed.,ZAR,,Undisclosed,,,,2018/11/23,,,,0.000000,5.410000,,,No,Consumer Staples,Financials,N,,,,,,,,Friendly,South Africa,South Africa,QFH,OMU,Common Stock,Common Stock,7146.54,3475.89,1.36792e+06,137675,2791.01,,531.581,,53.3369,,1853.93,,3.36927,2254.655,4051.89,3046886,174210,2254.655,FY-specific (point-in-time),3046886.0,FY-specific (point-in-time),4051.89,FY-specific (point-in-time),174210.0,FY-specific (point-in-time),,4,2017-10-01,2026-04-30,600,100,6600,190,74.725,4.61666666666667,5363190.4,4571783.4,117.310684491308,3.99329416011343,12701949.0,1375066.54,7146.54,Large,Full (4/4),2018
182094098,INV,2018/11/29,MTN SJ,184023Z SJ,Completed,,Additional Stake Purchase,Public Investment Corp Ltd acquired MTN Group Ltd. The transaction was completed on 11/29/2018. Financial terms of the transaction are undisclosed.,ZAR,,Undisclosed,,,,2018/11/29,,,,0.220000,24.738001,,,No,Communications,Financials,N,,,,,,,,Friendly,South Africa,South Africa,MTN,184023Z,Common Stock,Private Comp,226707,498712,4617.25,1261.76,,185.389,96215,,37.2786,85.5959,185913,3952.18,12.1495,244282,132869,2665.717,1112.864,244282.0,FY-specific (point-in-time),2665.717,FY-specific (point-in-time),132869.0,FY-specific (point-in-time),1112.864,FY-specific (point-in-time),,4,2017-10-01,2026-04-30,600,100,6600,190,74.725,4.61666666666667,5363190.4,4571783.4,117.310684491308,3.99329416011343,12701949.0,503329.25,498712.0,Large,Full (4/4),2018
182480482,INV,2018/12/4,TRU SJ,INL SJ,Completed,,Minority Purchase,Investec Ltd acquired a minority stake in Truworths International Ltd. The transaction was completed on 12/4/2018. Financial terms of the transaction are undisclosed.,ZAR,,Undisclosed,,,,2018/12/4,,,,0.000000,5.345000,,,No,Consumer Discretionary,Financials,N,,,,,,,,Friendly,South Africa,South Africa,TRU,INL,Common Stock,Common Stock,21339,20089,1.43453e+06,111529,,,2583,,54.5921,,10967,,9.32369,16139,18065,53534.832,3976.258,16139.0,FY-specific (point-in-time),53534.832,FY-specific (point-in-time),18065.0,FY-specific (point-in-time),3976.258,FY-specific (point-in-time),,4,2017-10-01,2026-04-30,600,100,6600,190,74.725,4.61666666666667,5363190.4,4571783.4,117.310684491308,3.99329416011343,12701949.0,1455869.0,21339.0,Large,Full (4/4),2018
183132885,M&A,2018/12/14,AER SJ,CG US,Completed,,"PE Buyout, Company Takeover, Cross Border, Private Equity",Stellar Capital Partners Ltd sold Amalgamated Electronic Corp Ltd to Carlyle Group Inc/The for ZAR 413.00M. The transaction was announced on 12/14/2018 and completed on 6/24/2019.,ZAR,,Cash,,,,2019/6/24,,,,0.000000,100.000000,,,No,Industrials,Financials,N,,Latham & Watkins,,,,,,Friendly,South Africa,United States,AER,CG,Common Stock,Common Stock,131.28,164.709,482362,87568.1,52.59,,6.219,,45.7492,,75.353,,5.77483,,,12280.6,3764.6,164.709,MA-screen (current/latest - NOT point-in-time),12280.6,FY-specific (point-in-time),131.28,MA-screen (current/latest - NOT point-in-time),3764.6,FY-specific (point-in-time),413.00,4,2017-10-01,2026-04-30,600,100,6600,190,74.725,4.61666666666667,5363190.4,4571783.4,117.310684491308,3.99329416011343,12701949.0,482526.709,164.709,Intermediate,Full (4/4),2018
183632132,INV,2018/12/20,PIK SJ,184023Z SJ,Completed,,Additional Stake Purchase,Public Investment Corp Ltd acquired Pick n Pay Stores Ltd. The transaction was completed on 12/20/2018. Financial terms of the transaction are undisclosed.,ZAR,,Undisclosed,,,,2018/12/20,,,,0.640000,9.503000,,,No,Consumer Staples,Financials,N,,,,,,,,Friendly,South Africa,South Africa,PIK,184023Z,Common Stock,Private Comp,120290,45497,4617.25,1261.76,26559,185.389,971,,42.4204,85.5959,19300,3952.18,12.1495,17791.8,77486.1,2665.717,1112.864,17791.8,FY-specific (point-in-time),2665.717,FY-specific (point-in-time),77486.1,FY-specific (point-in-time),1112.864,FY-specific (point-in-time),,4,2017-10-01,2026-04-30,600,100,6600,190,74.725,4.61666666666667,5363190.4,4571783.4,117.310684491308,3.99329416011343,12701949.0,124907.25,120290.0,Large,Full (4/4),2018
18380116,M&A,2005/6/2,BRM SJ,IVT SJ,Completed,,"Company Takeover, Additional Stake Purchase, Tender Offer",Invicta Holdings Ltd acquired Bearing Man Ltd/South Africa for ZAR 333.95M. The transaction was announced on 6/2/2005 and completed on 9/2/2005.,ZAR,,Cash or Stock,,,,2005/9/2,2.33,,,60.650002,39.349998,,,No,Consumer Discretionary,Consumer Discretionary,N,Bernadt Vukic,,,,,,,Friendly,South Africa,South Africa,BRM,IVT,Common Stock,Common Stock,1009.3,535.025,9603.56,8442.75,137.624,2073.24,140.042,,82.3655,60.1274,440.676,5774.37,,535.025,1009.305,967.8460083007812,2069.1630859375,535.025,FY-specific (point-in-time),967.8460083007812,FY-specific (point-in-time),1009.305,FY-specific (point-in-time),2069.1630859375,FY-specific (point-in-time),333.95,2,2001-02-01,2009-03-31,200,30,3500,100,35.275,3.4,1837001.4,3411409.9,53.8487444736559,5.5970108718677,3586112.0,10612.859999999999,1009.3,Large,Full (4/4),2005
18453570,BUY,2005/3/17,APN SJ,APN SJ,Pending,,,,ZAR,,,,,,2005/6/27,-1.02,,,0.000000,0.000000,,,,Health Care,Health Care,N,,Werksmans,,,,Investec Bank,,,South Africa,,APN,APN,Common Stock,Common Stock,34870,108273,108273,34870,32073,32073,11292,,38.1258,38.1258,41280,41280,,2109.656,2201.721,2109.656,2201.721,2109.656,FY-specific (point-in-time),2109.656,FY-specific (point-in-time),2201.721,FY-specific (point-in-time),2201.721,FY-specific (point-in-time),551.14,2,2001-02-01,2009-03-31,200,30,3500,100,35.275,3.4,1837001.4,3411409.9,53.8487444736559,5.5970108718677,3586112.0,216546.0,108273.0,Large,Full (4/4),2005
184682235,M&A,2019/1/4,CIL SJ,HFPC/U CN,Completed,,"Cross Border, Majority Purchase",Helios Fairfax Partners Corp acquired Consolidated Infrastructure Group Ltd for ZAR 2293.45M. The transaction was announced on 1/4/2019 and completed on 3/18/2020.,ZAR,,Cash,,,,2020/3/18,16.62,,,0.000000,50.450001,,,No,Industrials,Financials,N,,,,,,,,Friendly,South Africa,Canada,CIL,HFPC/U,Common Stock,Common Stock,3168.57,4822.44,7975.07,1144.14,1095.9,,907.748,,62.281,,3003.47,,97.3647,5331.929,3136.518,643.83,-42.108,5331.929,FY-specific (point-in-time),643.83,FY-specific (point-in-time),3136.518,FY-specific (point-in-time),-42.108,FY-specific (point-in-time),2293.45,4,2017-10-01,2026-04-30,600,100,6600,190,77.8,4.14166666666667,5625206.5,4583667.1,122.722841281384,4.61352417603231,17459094.0,12797.509999999998,4822.44,Large,Full (4/4),2019
185660916,INV,2019/1/24,OCE SJ,BRT SJ,Completed,,Additional Stake Purchase,Tiger Brands Ltd sold Oceana Group Ltd to Brimstone Investment Corp Ltd for ZAR 581.44M. The transaction was announced on 1/24/2019 and completed on 3/20/2019.,ZAR,,Cash,,,,2019/3/20,,,,16.980000,5.900000,,,No,Consumer Staples,Consumer Staples,N,,Cliffe Dekker Ho,,,,Nedbank Ltd,,Friendly,South Africa,South Africa,OCE,BRT,Common Stock,Common Stock,9995,13556,4495.57,413.736,4564,,446,,36.6996,5.55264,4975,249.623,79.6875,10699.481,7657.311,10896.551,3376.655,10699.481,FY-specific (point-in-time),10896.551,FY-specific (point-in-time),7657.311,FY-specific (point-in-time),3376.655,FY-specific (point-in-time),581.44,4,2017-10-01,2026-04-30,600,100,6600,190,77.8,4.14166666666667,5625206.5,4583667.1,122.722841281384,4.61352417603231,17459094.0,18051.57,13556.0,Large,Full (4/4),2019
18604639,M&A,2005/7/5,AFL SJ,UUU CN,Completed,,"Company Takeover, Cross Border",Uranium One Inc acquired Aflease Gold and Uranium Resources Ltd for ZAR 1604.47M. The transaction was announced on 7/5/2005 and completed on 12/16/2005.,ZAR,,Stock,,,,2005/12/16,5.87,,,0.000000,100.000000,,,No,Materials,Materials,N,Latham & Watkins,,,,BMO Nesbitt/Nedbank Capital,RBC Capital Mkts,,Friendly,South Africa,Canada,AFL,UUU,Common Stock,Common Stock,16.128,337.258,80.894,,234.939,,12.979,,9.24722,13.3636,31.187,10.8104,,337.25799560546875,16.128000259399414,,,337.25799560546875,FY-specific (point-in-time),80.894,MA-screen (current/latest - NOT point-in-time),16.128000259399414,FY-specific (point-in-time),,Missing,1604.47,2,2001-02-01,2009-03-31,200,30,3500,100,35.275,3.4,1837001.4,3411409.9,53.8487444736559,5.5970108718677,3586112.0,418.152,337.258,Intermediate,Partial (3/4),2005
186612286,INV,2019/1/31,AAL LN,VEDL IN,Completed,,"Cross Border, Minority Purchase",Volcan Investments Ltd sold a minority stake in Anglo American PLC to Vedanta Ltd. The transaction was announced on 1/31/2019 and completed on 12/31/2018.,USD,,Cash,,,,2018/12/31,,,,0.000000,0.000000,,,No,Materials,Materials,N,,,,,,,,Friendly,South Africa,India,AAL,VEDL,Common Stock,Common Stock,331592,927647,420060,150857,1.16555e+06,148174,104256,,32.3445,79.7686,300043,335076,2.40056,52196,27610,1845850,909540,52196.0,FY-specific (point-in-time),1845850.0,FY-specific (point-in-time),27610.0,FY-specific (point-in-time),909540.0,FY-specific (point-in-time),2662.68,4,2017-10-01,2026-04-30,600,100,6600,190,77.8,4.14166666666667,5625206.5,4583667.1,122.722841281384,4.61352417603231,17459094.0,1347707.0,927647.0,Large,Full (4/4),2019
187259078,INV,2019/2/14,IMP SJ,INL SJ,Completed,,Minority Purchase,Investec Ltd acquired a minority stake in Impala Platinum Holdings Ltd. The transaction was completed on 2/14/2019. Financial terms of the transaction are undisclosed.,ZAR,,Undisclosed,,,,2019/2/14,,,,0.000000,15.083800,,,No,Materials,Financials,N,,,,,,,,Friendly,South Africa,South Africa,IMP,INL,Common Stock,Common Stock,135146,164710,1.43453e+06,111529,,,7551,,44.7854,,73766,,9.32369,66168,35854,57616.844,4309.538,66168.0,FY-specific (point-in-time),57616.844,FY-specific (point-in-time),35854.0,FY-specific (point-in-time),4309.538,FY-specific (point-in-time),,4,2017-10-01,2026-04-30,600,100,6600,190,77.8,4.14166666666667,5625206.5,4583667.1,122.722841281384,4.61352417603231,17459094.0,1599240.0,164710.0,Large,Full (4/4),2019
187906618,INV,2019/2/26,SHP SJ,SHP SJ,Withdrawn,,Minority Purchase,Thibault Square Financial Services Pty Ltd announced the sale of a minority stake in Shoprite Holdings Ltd to Shoprite Holdings Ltd. Financial terms of the transaction are undisclosed.,ZAR,Negotiation,Cash,2019/2/26,,,2019/8/26,,,,0.000000,32.299999,,,No,Consumer Staples,Consumer Staples,N,,,,,,,,Friendly,South Africa,South Africa,SHP,SHP,Common Stock,Common Stock,270775,130789,130789,270775,,,6027,,43.1435,43.1435,56427,56427,7.26896,78190,145104,78190,145104,78190.0,FY-specific (point-in-time),78190.0,FY-specific (point-in-time),145104.0,FY-specific (point-in-time),145104.0,FY-specific (point-in-time),,4,2017-10-01,2026-04-30,600,100,6600,190,77.8,4.14166666666667,5625206.5,4583667.1,122.722841281384,4.61352417603231,17459094.0,541550.0,270775.0,Large,Full (4/4),2019
18958812,M&A,2005/8/10,AFI SJ,SLM SJ,Completed,,"Company Takeover, Additional Stake Purchase",Sanlam Ltd acquired African Life Assurance Co Ltd for ZAR 2101.01M. The transaction was announced on 8/10/2005 and completed on 2/17/2006.,ZAR,,Cash,,,,2006/2/17,3.18,,,20.500000,79.500000,,,No,Financials,Financials,N,Edward Nathan,Jowell Glyn Mara,,,KPMG LLP,ABSA Bk Ltd,,Friendly,South Africa,South Africa,AFI,SLM,Common Stock,Common Stock,3604.3,13106,1.2957e+06,237116,,,,,,,,,,14266.2,2851.2,225280,67622,14266.2,FY-specific (point-in-time),225280.0,FY-specific (point-in-time),2851.2,FY-specific (point-in-time),67622.0,FY-specific (point-in-time),2101.02,2,2001-02-01,2009-03-31,200,30,3500,100,35.275,3.4,1837001.4,3411409.9,53.8487444736559,5.5970108718677,3586112.0,1308806.0,13106.0,Large,Full (4/4),2005
189995785,M&A,2019/3/28,UTR SJ,8015 JP,Completed,,"Cross Border, Majority Purchase",Steinhoff International Holdings NV sold Unitrans Ltd/South Africa to Toyota Tsusho Corp. The transaction was announced on 3/28/2019 and completed on 11/27/2019. Financial terms of the transaction are undisclosed.,EUR,,Undisclosed,,,,2019/11/27,,,,0.000000,74.900002,,,No,Industrials,Materials,N,,,,,,,,Friendly,South Africa,Japan,UTR,8015,Common Stock,Common Stock,13401.2,5078.01,912032,1.33472e+06,2622.32,280936,424.048,,63.087,63.3726,3203.57,577979,11.6908,,,4310043,6491035,5078.01,MA-screen (current/latest - NOT point-in-time),4310043.0,FY-specific (point-in-time),13401.2,MA-screen (current/latest - NOT point-in-time),6491035.0,FY-specific (point-in-time),,4,2017-10-01,2026-04-30,600,100,6600,190,77.8,4.14166666666667,5625206.5,4583667.1,122.722841281384,4.61352417603231,17459094.0,1348121.2,13401.2,Large,Full (4/4),2019
190868005,M&A,2019/7/8,AWA SJ,FTA SJ,Completed,,"Company Takeover, Additional Stake Purchase",Fairvest Ltd acquired Arrowhead Properties Ltd/Old for ZAR 1958.62M. The transaction was announced on 7/8/2019 and completed on 9/25/2019.,ZAR,Preliminary Offer,Stock,2019/4/10,,,2019/9/25,,,,53.299999,46.700001,,,No,Real Estate,Real Estate,N,,Cliffe Dekker Ho,,,Investec,Nedbank Ltd,,Friendly,South Africa,South Africa,AWA,FTA,REIT,REIT,2222.09,14434.1,15864,2182.11,,,,,,,605.902,326.42,15.123,17076.566894,2509.642212,17076.566894,2509.642212,17076.566894,FY-specific (point-in-time),17076.566894,FY-specific (point-in-time),2509.642212,FY-specific (point-in-time),2509.642212,FY-specific (point-in-time),1958.62,4,2017-10-01,2026-04-30,600,100,6600,190,77.8,4.14166666666667,5625206.5,4583667.1,122.722841281384,4.61352417603231,17459094.0,30298.1,14434.1,Large,Full (4/4),2019
19109766,INV,2005/8/29,612326Z SJ,SBK SJ,Completed,,Minority Purchase,Foschini Group Ltd/The sold a minority stake in BNP Paribas Personal Finance South Africa Ltd to Standard Bank Group Ltd. The transaction was announced on 8/29/2005 and completed on 11/30/2005.,ZAR,,Undisclosed,,,,2005/11/30,,,,0.000000,25.000000,,,No,Financials,Financials,N,,,,,,,,Friendly,South Africa,South Africa,612326Z,SBK,Private Comp,Common Stock,4237.01,14945.1,3.62085e+06,307016,,,,2.07947e+06,,,,,,,,620173,57793,14945.1,MA-screen (current/latest - NOT point-in-time),620173.0,FY-specific (point-in-time),4237.01,MA-screen (current/latest - NOT point-in-time),57793.0,FY-specific (point-in-time),358.00,2,2001-02-01,2009-03-31,200,30,3500,100,35.275,3.4,1837001.4,3411409.9,53.8487444736559,5.5970108718677,3586112.0,3635795.1,14945.1,Large,Full (4/4),2005
19162722,M&A,2005/9/2,BUF SJ,SIM SJ,Completed,,Bankruptcy/Liquidation,DRDGOLD Ltd sold Buffelsfontein Gold Mines Ltd to Simmer & Jack Mines Pty Ltd. The transaction was announced on 9/2/2005 and completed on 12/31/2005. Financial terms of the transaction are undisclosed.,ZAR,,Undisclosed,,,,2005/12/31,,,,0.000000,0.000000,,,No,Materials,Materials,N,,,,,,,,Friendly,South Africa,South Africa,BUF,SIM,Common Stock,Common Stock,1043.73,1658.81,42.978,,,0.576,2.74957,,9.1878,32.9657,152.408,14.168,,,,68.769,38.381001,1658.81,MA-screen (current/latest - NOT point-in-time),68.769,FY-specific (point-in-time),1043.73,MA-screen (current/latest - NOT point-in-time),38.381001,FY-specific (point-in-time),,2,2001-02-01,2009-03-31,200,30,3500,100,35.275,3.4,1837001.4,3411409.9,53.8487444736559,5.5970108718677,3586112.0,1701.788,1658.81,Intermediate,Partial (3/4),2005
19166486,INV,2005/9/2,CNC SJ,MUR SJ,Completed,,"Cross Border, Minority Purchase",HOCHTIEF AG sold a minority stake in Concor Ltd to Murray & Roberts Holdings Ltd. The transaction was announced on 9/2/2005 and completed on 7/4/2006.,ZAR,,Cash,,,,2006/7/4,,,,0.000000,49.990002,,,No,Industrials,Industrials,N,,,,,,,,Friendly,South Africa,South Africa,CNC,MUR,Common Stock,Common Stock,1624.1,814.995,8160.3,13452.4,425.56,,3.686,,69.3505,71.8001,565.203,5859.1,,,,6131.5,7803.4,814.995,MA-screen (current/latest - NOT point-in-time),6131.5,FY-specific (point-in-time),1624.1,MA-screen (current/latest - NOT point-in-time),7803.4,FY-specific (point-in-time),131.91,2,2001-02-01,2009-03-31,200,30,3500,100,35.275,3.4,1837001.4,3411409.9,53.8487444736559,5.5970108718677,3586112.0,15076.5,1624.1,Large,Full (4/4),2005
192525216,M&A,2019/2/23,1026484D PW,0793986D PW,Completed,,"Cross Border, Majority Purchase",Bounty Brands Pty Ltd sold Sonko Sp zoo to Oshee Polska SP ZOO. The transaction was announced on 2/23/2019 and completed on 8/19/2024. Financial terms of the transaction are undisclosed.,ZAR,,Undisclosed,,,,2024/8/19,,,,0.000000,0.000000,,,No,Consumer Staples,Consumer Staples,N,,A&O Shearman LLP,,,,,,Friendly,South Africa,Poland,1026484D,0793986D,Private Comp,Private Comp,719.993,757.196,1416.87,1511.65,,,106.186,,38.6668,33.9943,292.784,481.656,43.2354,242.14616395,144.76287327,116.82881773,214.16615353,242.14616395,FY-specific (point-in-time),116.82881773,FY-specific (point-in-time),144.76287327,FY-specific (point-in-time),214.16615353,FY-specific (point-in-time),,4,2017-10-01,2026-04-30,600,100,6600,190,77.8,4.14166666666667,5625206.5,4583667.1,122.722841281384,4.61352417603231,17459094.0,2268.846,757.196,Intermediate,Full (4/4),2019
19291374,M&A,2005/9/16,MES SJ,LMI LN,Completed,,"Company Takeover, Squeeze Out, Cross Border, Additional Stake Purchase",Lonmin Ltd acquired Messina Ltd for ZAR 76.77M. The transaction was announced on 9/16/2005 and completed on 2/7/2006.,ZAR,,Cash,,2005/11/18,,2006/2/7,7.69,,,91.500000,8.500000,,,No,Materials,Materials,N,Webber Wentzel,Cliffe Dekker,,,PwC,Nedbank Capital,,Friendly,South Africa,United Kingdom,MES,LMI,Common Stock,Common Stock,276.131,1159.88,14154.6,17584.6,,66281.6,,,5.71877,61.2613,66.331,8671.31,,1159.882,276.131,1733,1030,1159.882,FY-specific (point-in-time),1733.0,FY-specific (point-in-time),276.131,FY-specific (point-in-time),1030.0,FY-specific (point-in-time),76.77,2,2001-02-01,2009-03-31,200,30,3500,100,35.275,3.4,1837001.4,3411409.9,53.8487444736559,5.5970108718677,3586112.0,18744.48,1159.88,Large,Full (4/4),2005
19338275,INV,2005/9/22,1058Z SJ,184023Z SJ,Completed,,"Cross Border, Minority Purchase",Aeroporti di Roma SpA/Old sold a minority stake in Airports Co South Africa SOC Ltd to Public Investment Corp Ltd. The transaction was announced on 9/22/2005 and completed on 12/21/2005.,EUR,,Cash,,,,2005/12/21,,,,0.000000,20.000000,,,No,Real Estate,Financials,N,,,,,,Merrill Lynch,,Friendly,South Africa,South Africa,1058Z,184023Z,Private Comp,Private Comp,8807.62,33300,4617.25,1261.76,34758.7,185.389,1248.73,,22.901,85.5959,7626.06,3952.18,,4081.323974609375,1864.883056640625,,,4081.323974609375,FY-specific (point-in-time),4617.25,MA-screen (current/latest - NOT point-in-time),1864.883056640625,FY-specific (point-in-time),1261.76,MA-screen (current/latest - NOT point-in-time),1657.61,2,2001-02-01,2009-03-31,200,30,3500,100,35.275,3.4,1837001.4,3411409.9,53.8487444736559,5.5970108718677,3586112.0,37917.25,33300.0,Large,Full (4/4),2005
194567973,INV,2019/6/3,SUR SJ,GPL SJ,Withdrawn,,Minority Purchase,Grand Parade Investments Ltd announced the acquisition of a minority stake in Spur Corp Ltd. Financial terms of the transaction are undisclosed.,ZAR,Negotiation,Undisclosed,2019/6/3,,,2019/12/3,,,,0.000000,0.000000,,,No,Consumer Discretionary,Financials,N,,,,,,,,Friendly,South Africa,South Africa,SUR,GPL,Common Stock,Common Stock,4190.71,1549.35,1142.11,0.292,,,62.403,,56.5301,11.1155,875.848,126.951,88.2081,1019.729,891.797,2783.751,1101.707,1019.729,FY-specific (point-in-time),2783.751,FY-specific (point-in-time),891.797,FY-specific (point-in-time),1101.707,FY-specific (point-in-time),,4,2017-10-01,2026-04-30,600,100,6600,190,77.8,4.14166666666667,5625206.5,4583667.1,122.722841281384,4.61352417603231,17459094.0,5332.82,4190.71,Intermediate,Full (4/4),2019
196141996,INV,2019/6/27,SUR SJ,SUR SJ,Pending,,Minority Purchase,Grand Parade Investments Ltd announced the sale of a minority stake in Spur Corp Ltd to Spur Corp Ltd. The transaction was announced on 6/27/2019 and is currently pending.,ZAR,,Cash,,,,,,,,0.000000,0.000000,,,No,Consumer Discretionary,Consumer Discretionary,N,,,,,,,,Friendly,South Africa,South Africa,SUR,SUR,Common Stock,Common Stock,4190.71,1549.35,1549.35,4190.71,,,62.403,,56.5301,56.5301,875.848,875.848,32.4453,1019.729,891.797,1019.729,891.797,1019.729,FY-specific (point-in-time),1019.729,FY-specific (point-in-time),891.797,FY-specific (point-in-time),891.797,FY-specific (point-in-time),260.35,4,2017-10-01,2026-04-30,600,100,6600,190,77.8,4.14166666666667,5625206.5,4583667.1,122.722841281384,4.61352417603231,17459094.0,8381.42,4190.71,Large,Full (4/4),2019
196236653,INV,2019/6/28,OCE SJ,BRT SJ,Pending,,Additional Stake Purchase,Tiger Brands Ltd announced the sale of Oceana Group Ltd to Brimstone Investment Corp Ltd. The transaction was announced on 6/28/2019 and is currently pending. Financial terms of the transaction are undisclosed.,ZAR,,Undisclosed,,,,,,,,22.879999,1.110000,,,No,Consumer Staples,Consumer Staples,N,,,,,,,,Friendly,South Africa,South Africa,OCE,BRT,Common Stock,Common Stock,9995,13556,4495.57,413.736,4564,,446,,36.6996,5.55264,4975,249.623,79.6875,10699.481,7657.311,10896.551,3376.655,10699.481,FY-specific (point-in-time),10896.551,FY-specific (point-in-time),7657.311,FY-specific (point-in-time),3376.655,FY-specific (point-in-time),,4,2017-10-01,2026-04-30,600,100,6600,190,77.8,4.14166666666667,5625206.5,4583667.1,122.722841281384,4.61352417603231,17459094.0,18051.57,13556.0,Large,Full (4/4),2019
196585326,M&A,2019/7/2,FVT SJ,SAR SJ,Withdrawn,,Company Takeover,"On 08/14/2019, it was announced that Safari withdrew it's proposed offer to acquire Fairvest Investments. On 07/02/2019, it was reported that Safari Investments RSA Ltd proposed a merge agreement with Fairvest Property Holdings Ltd to acquire all shares of the company.",ZAR,Preliminary Offer,Stock,2019/7/2,,,2019/8/14,4.36,,,0.000000,100.000000,,,No,Real Estate,Consumer Discretionary,N,,Webber Wentzel,,,Java Capital,Nedbank Ltd,,Friendly,South Africa,South Africa,FVT,SAR,REIT,REIT,579.566,3822.85,4581.11,627.502,,,,,,,174.43,557.124,4.0639,3324.972,435.212,2939.779,257.838,3324.972,FY-specific (point-in-time),2939.779,FY-specific (point-in-time),435.212,FY-specific (point-in-time),257.838,FY-specific (point-in-time),3050.23,4,2017-10-01,2026-04-30,600,100,6600,190,77.8,4.14166666666667,5625206.5,4583667.1,122.722841281384,4.61352417603231,17459094.0,8403.96,3822.85,Large,Full (4/4),2019
19658552,BUY,2005/8/18,NPK SJ,NPK SJ,Completed,,,,ZAR,,,,,,2005/10/31,-1.75,,,0.000000,0.000000,,,,Materials,Materials,N,,Edward Nathan,,,,Rand Merchant Bk,,,South Africa,,NPK,NPK,Common Stock,Common Stock,10726.8,10992.4,10992.4,10726.8,7993.5,7993.5,1223.4,,54.7142,54.7142,6014.4,6014.4,,11185.6,17494.6,11185.6,17494.6,11185.6,FY-specific (point-in-time),11185.6,FY-specific (point-in-time),17494.6,FY-specific (point-in-time),17494.6,FY-specific (point-in-time),1012.67,2,2001-02-01,2009-03-31,200,30,3500,100,35.275,3.4,1837001.4,3411409.9,53.8487444736559,5.5970108718677,3586112.0,21984.8,10992.4,Large,Full (4/4),2005
196763086,INV,2019/7/4,SAC SJ,PRU US,Pending,,"Cross Border, Additional Stake Purchase",Prudential Financial Inc announced the acquisition of SA Corporate Real Estate Ltd. The transaction was announced on 7/4/2019 and is currently pending. Financial terms of the transaction are undisclosed.,ZAR,,Undisclosed,,,,,,,,8.370000,6.690000,,,No,Real Estate,Financials,N,,,,,,,,Friendly,South Africa,United States,SAC,PRU,REIT,Common Stock,2922.45,21463.5,1.28185e+07,1.08661e+06,,,,,,,771.525,,27.6922,20396.007,2309.524,815078,62992,20396.007,FY-specific (point-in-time),815078.0,FY-specific (point-in-time),2309.524,FY-specific (point-in-time),62992.0,FY-specific (point-in-time),,4,2017-10-01,2026-04-30,600,100,6600,190,77.8,4.14166666666667,5625206.5,4583667.1,122.722841281384,4.61352417603231,17459094.0,12839963.5,21463.5,Large,Full (4/4),2019
197058673,M&A,2019/7/10,SAC SJ,EMI SJ,Withdrawn,3.4900,Company Takeover,Emira Property Fund Ltd announced the acquisition of SA Corporate Real Estate Ltd for ZAR 13443.93M.,ZAR,Preliminary Offer,Stock,2019/7/10,,,2019/8/6,19.35,,3.0800,0.000000,100.000000,,,No,Real Estate,Real Estate,N,,,,,,,,Friendly,South Africa,South Africa,SAC,EMI,REIT,REIT,2922.45,21463.5,16388.7,1459.26,,,,,,,771.525,1808.18,36.0209,20396.007,2309.524,15170.678,1828.871,20396.007,FY-specific (point-in-time),15170.678,FY-specific (point-in-time),2309.524,FY-specific (point-in-time),1828.871,FY-specific (point-in-time),13443.86,4,2017-10-01,2026-04-30,600,100,6600,190,77.8,4.14166666666667,5625206.5,4583667.1,122.722841281384,4.61352417603231,17459094.0,37852.2,21463.5,Large,Full (4/4),2019
197508784,M&A,2019/2/28,CTK SJ,KARO US,Completed,,"Cross Border, Majority Purchase",One August Holdings Pty Ltd sold Cartrack Holdings Ltd to Karooooo Ltd for ZAR 2748.48M. The transaction was announced on 2/28/2019 and completed on 7/17/2019.,ZAR,,Cash,,,,2019/7/17,,,,0.000000,68.169998,,,No,Technology,Technology,N,,,,,,,,Friendly,South Africa,Singapore,CTK,KARO,Common Stock,Common Stock,1941.89,1844.45,5794.14,5479.12,1785.73,6612.17,52.179,,30.7231,30.3982,566.674,1761.31,15.2247,1077.75,1324.245,1077.75,1324.245,1077.75,FY-specific (point-in-time),1077.75,FY-specific (point-in-time),1324.245,FY-specific (point-in-time),1324.245,FY-specific (point-in-time),2748.49,4,2017-10-01,2026-04-30,600,100,6600,190,77.8,4.14166666666667,5625206.5,4583667.1,122.722841281384,4.61352417603231,17459094.0,7736.030000000001,1941.89,Large,Full (4/4),2019
197510548,M&A,2019/7/18,CTK SJ,KARO US,Completed,,"Mandatory Offer, Company Takeover, Cross Border, Additional Stake Purchase, Tender Offer",Karooooo Ltd acquired Cartrack Holdings Ltd for ZAR 0.40M. The transaction was announced on 7/18/2019 and completed on 10/7/2019.,ZAR,,Cash,,,,2019/10/7,-25.46,,,68.169998,0.010000,,,No,Technology,Technology,N,,,,,,,,Friendly,South Africa,Singapore,CTK,KARO,Common Stock,Common Stock,1941.89,1844.45,5794.14,5479.12,1785.73,6612.17,52.179,,30.7231,30.3982,566.674,1761.31,15.2247,1077.75,1324.245,1077.75,1324.245,1077.75,FY-specific (point-in-time),1077.75,FY-specific (point-in-time),1324.245,FY-specific (point-in-time),1324.245,FY-specific (point-in-time),0.40,4,2017-10-01,2026-04-30,600,100,6600,190,77.8,4.14166666666667,5625206.5,4583667.1,122.722841281384,4.61352417603231,17459094.0,7736.030000000001,1941.89,Large,Full (4/4),2019
197529088,M&A,2019/7/19,PFG SJ,PEP US,Completed,,"Company Takeover, Cross Border",PepsiCo Inc acquired Pioneer Foods Group Ltd for ZAR 25951.62M. The transaction was announced on 7/19/2019 and completed on 3/24/2020.,ZAR,Negotiation,Cash,2019/7/18,,,2020/3/24,56.78,,,0.000000,100.000000,,,No,Consumer Staples,Consumer Staples,N,Webber Wentzel,Bowman Gilfillan/Davis Polk/Freshfields,,,PSG Group Ltd,Centerview/JP Morgan/UBS,,Friendly,South Africa,United States,PFG,PEP,Common Stock,Common Stock,22272.6,14663.6,1.79255e+06,1.6814e+06,9460.85,1.07911e+06,383.444,,44.6711,26.0235,6550.4,466486,42.5181,14541.072,20151.853,77648,64661,14541.072,FY-specific (point-in-time),77648.0,FY-specific (point-in-time),20151.853,FY-specific (point-in-time),64661.0,FY-specific (point-in-time),25951.45,4,2017-10-01,2026-04-30,600,100,6600,190,77.8,4.14166666666667,5625206.5,4583667.1,122.722841281384,4.61352417603231,17459094.0,1814822.6,22272.6,Large,Full (4/4),2019
197997722,M&A,2019/7/26,SAC SJ,DIB SJ,Terminated,,Company Takeover,Dipula Properties Ltd announced the acquisition of SA Corporate Real Estate Ltd for ZAR 15113.00M. The transaction was announced on 7/26/2019 and terminated on 8/5/2019.,ZAR,,Stock,,,,2019/8/5,,,,0.000000,100.000000,,,No,Real Estate,Real Estate,N,,Werksmans,,,,,,Friendly,South Africa,South Africa,SAC,DIB,REIT,REIT,2922.45,21463.5,11219.6,1522.33,,,,,,,771.525,389.207,3.6352,20396.007,2309.524,9273.384,1102.598,20396.007,FY-specific (point-in-time),9273.384,FY-specific (point-in-time),2309.524,FY-specific (point-in-time),1102.598,FY-specific (point-in-time),15113.10,4,2017-10-01,2026-04-30,600,100,6600,190,77.8,4.14166666666667,5625206.5,4583667.1,122.722841281384,4.61352417603231,17459094.0,32683.1,21463.5,Large,Full (4/4),2019
198715135,M&A,2019/8/6,REB SJ,DLT SJ,Withdrawn,,Company Takeover,Delta Property Fund Ltd announced the acquisition of Rebosis Property Fund Ltd for ZAR 9921.07M.,ZAR,,Undisclosed,2019/8/6,,,2020/2/6,,,,0.000000,100.000000,,,No,Real Estate,Real Estate,N,,,,,,PSG Group Ltd,,Friendly,South Africa,South Africa,REB,DLT,REIT,REIT,1666.66,13512.2,6476.37,1166.6,,30.157,,,,,316.407,780.967,97.2862,21654.693,2261.439,12435.281,1584.34,21654.693,FY-specific (point-in-time),12435.281,FY-specific (point-in-time),2261.439,FY-specific (point-in-time),1584.34,FY-specific (point-in-time),9921.12,4,2017-10-01,2026-04-30,600,100,6600,190,77.8,4.14166666666667,5625206.5,4583667.1,122.722841281384,4.61352417603231,17459094.0,19988.57,13512.2,Large,Full (4/4),2019
198733327,INV,2019/8/6,AXL SJ,ZCL SJ,Completed,,"Cross Border, Minority Purchase",A consortium led by Coronation Fund Managers Ltd sold a minority stake in African Phoenix Investments Ltd to Zarclear Holdings Ltd. The transaction was completed on 8/6/2019.,ZAR,,Cash,,,,2019/8/6,,,,0.000000,21.469999,,,No,Financials,Financials,N,,,,,,,,Friendly,South Africa,South Africa,AXL,ZCL,Common Stock,Common Stock,102.993,1400.32,3664.12,-79.953,,,,,,,,,5.66699,2070.692,230.862,1223.105,-37.18,2070.692,FY-specific (point-in-time),1223.105,FY-specific (point-in-time),230.862,FY-specific (point-in-time),-37.18,FY-specific (point-in-time),245.05,4,2017-10-01,2026-04-30,600,100,6600,190,77.8,4.14166666666667,5625206.5,4583667.1,122.722841281384,4.61352417603231,17459094.0,5064.44,1400.32,Intermediate,Full (4/4),2019
198817799,INV,2019/8/7,SAC SJ,INL SJ,Completed,,Minority Purchase,Investec Ltd acquired a minority stake in SA Corporate Real Estate Ltd. The transaction was completed on 8/7/2019. Financial terms of the transaction are undisclosed.,ZAR,,Undisclosed,,,,2019/8/7,,,,0.000000,5.077600,,,No,Real Estate,Financials,N,,,,,,,,Friendly,South Africa,South Africa,SAC,INL,REIT,Common Stock,2922.45,21463.5,1.43453e+06,111529,,,,,,,771.525,,9.32369,20396.007,2309.524,57616.844,4309.538,20396.007,FY-specific (point-in-time),57616.844,FY-specific (point-in-time),2309.524,FY-specific (point-in-time),4309.538,FY-specific (point-in-time),,4,2017-10-01,2026-04-30,600,100,6600,190,77.8,4.14166666666667,5625206.5,4583667.1,122.722841281384,4.61352417603231,17459094.0,1455993.5,21463.5,Large,Full (4/4),2019
199890169,INV,2019/8/27,BAW SJ,1186539D LN,Completed,,"Cross Border, Minority Purchase",Silchester International Investors LLP acquired a minority stake in Barloworld Ltd. The transaction was completed on 8/27/2019. Financial terms of the transaction are undisclosed.,ZAR,,Undisclosed,,,,2019/8/27,,,,0.000000,10.090000,,,No,Consumer Discretionary,Financials,N,,,,,,,,Friendly,South Africa,United Kingdom,BAW,1186539D,Common Stock,Private Comp,37711,44307,2057.61,4485.71,18425,,2073,,58.4129,74.6348,25881,1535.69,,49259,60094,100.63848383300001,224.9717369260925,49259.0,FY-specific (point-in-time),100.63848383300001,FY-specific (point-in-time),60094.0,FY-specific (point-in-time),224.9717369260925,FY-specific (point-in-time),,4,2017-10-01,2026-04-30,600,100,6600,190,77.8,4.14166666666667,5625206.5,4583667.1,122.722841281384,4.61352417603231,17459094.0,48792.71,44307.0,Large,Full (4/4),2019
20119569,INV,2005/12/8,PGR SJ,VUN SJ,Completed,,Minority Purchase,Vunani Ltd acquired a minority stake in Peregrine Holdings Ltd. The transaction was completed on 12/8/2005.,ZAR,,Cash,,,,2005/12/8,,,,0.000000,13.000000,,,No,Financials,Financials,N,,,,,,,,Friendly,South Africa,South Africa,PGR,VUN,Common Stock,Common Stock,1653.08,9218.02,1989.22,808.796,,135.945,,,,38.8187,,772.19,,1897.465,390.549,,,1897.465,FY-specific (point-in-time),1989.22,MA-screen (current/latest - NOT point-in-time),390.549,FY-specific (point-in-time),808.796,MA-screen (current/latest - NOT point-in-time),156.00,2,2001-02-01,2009-03-31,200,30,3500,100,35.275,3.4,1837001.4,3411409.9,53.8487444736559,5.5970108718677,3586112.0,11207.24,9218.02,Large,Full (4/4),2005
202763261,M&A,2019/10/8,213619Z SJ,TKG SJ,Withdrawn,,"Company Takeover, Cross Border, Minority Purchase",Telkom SA SOC Ltd announced the acquisition of a minority stake in Cell C Ltd. Financial terms of the transaction are undisclosed.,ZAR,Negotiation,Undisclosed,2019/10/8,,,2019/11/29,,,,0.000000,0.000000,,,No,Communications,Communications,N,,,,,,,,Friendly,South Africa,South Africa,213619Z,TKG,Private Comp,Common Stock,15749.1,25636.3,64418,44477,34750.5,,96.7123,,17.6911,28.8211,4535.34,18566,14.7583,1556.6024544,1008.8388963383144,50341,39661,1556.6024544,FY-specific (point-in-time),50341.0,FY-specific (point-in-time),1008.8388963383144,FY-specific (point-in-time),39661.0,FY-specific (point-in-time),,4,2017-10-01,2026-04-30,600,100,6600,190,77.8,4.14166666666667,5625206.5,4583667.1,122.722841281384,4.61352417603231,17459094.0,90054.3,25636.3,Large,Full (4/4),2019
203953951,INV,2019/10/28,4114211Z SJ,BNP FP,Completed,,"Cross Border, Minority Purchase",Absa Group Ltd sold a minority stake in Edcon Holdings Ltd to BNP Paribas SA. The transaction was announced on 10/28/2019 and completed on 2/1/2020. Financial terms of the transaction are undisclosed.,ZAR,,Undisclosed,,,,2020/2/1,,,,0.000000,0.000000,,,No,Consumer Discretionary,Financials,N,,,,,,,,Friendly,South Africa,France,4114211Z,BNP,Private Comp,Common Stock,25343,20809,5.43037e+07,2.17164e+06,7528,,1377,,43.5869,,9070,,17.6268,,,2040836,60895,20809.0,MA-screen (current/latest - NOT point-in-time),2040836.0,FY-specific (point-in-time),25343.0,MA-screen (current/latest - NOT point-in-time),60895.0,FY-specific (point-in-time),,4,2017-10-01,2026-04-30,600,100,6600,190,77.8,4.14166666666667,5625206.5,4583667.1,122.722841281384,4.61352417603231,17459094.0,54329043.0,25343.0,Large,Full (4/4),2019
205954792,INV,2019/11/28,UTR SJ,MRSH US,Completed,,"Cross Border, Minority Purchase",Steinhoff International Holdings NV sold a minority stake in Unitrans Ltd/South Africa to Marsh & McLennan Cos Inc. The transaction was announced on 11/28/2019 and completed on 6/30/2020. Financial terms of the transaction are undisclosed.,EUR,,Undisclosed,,,,2020/6/30,,,,0.000000,25.100000,,,No,Industrials,Financials,N,,,,,,,,Friendly,South Africa,United States,UTR,MRSH,Common Stock,Common Stock,13401.2,5078.01,972643,482405,2622.32,65571.8,424.048,,63.087,39.5163,3203.57,384352,56.5849,,,21578,14950,5078.01,MA-screen (current/latest - NOT point-in-time),21578.0,FY-specific (point-in-time),13401.2,MA-screen (current/latest - NOT point-in-time),14950.0,FY-specific (point-in-time),,4,2017-10-01,2026-04-30,600,100,6600,190,77.8,4.14166666666667,5625206.5,4583667.1,122.722841281384,4.61352417603231,17459094.0,986044.2,13401.2,Large,Full (4/4),2019
206268370,M&A,2019/12/3,ZCL SJ,AXL SJ,Withdrawn,4.4000,Company Takeover,African Phoenix Investments Ltd announced the acquisition of Zarclear Holdings Ltd for ZAR 994.69M.,ZAR,Preliminary Offer,Cash,2019/12/3,,,2019/12/3,,,,0.000000,100.000000,,,No,Financials,Financials,N,,,,,,,,Friendly,South Africa,South Africa,ZCL,AXL,Common Stock,Common Stock,-79.953,3664.12,1400.32,102.993,,,,,,,,,14.7271,1223.105,-37.18,2070.692,230.862,1223.105,FY-specific (point-in-time),2070.692,FY-specific (point-in-time),-37.18,FY-specific (point-in-time),230.862,FY-specific (point-in-time),994.69,4,2017-10-01,2026-04-30,600,100,6600,190,77.8,4.14166666666667,5625206.5,4583667.1,122.722841281384,4.61352417603231,17459094.0,5064.44,3664.12,Intermediate,Full (4/4),2019
20648054,M&A,2006/1/31,ALX SJ,APK SJ,Completed,,Company Takeover,Astrapak Ltd acquired Alex White Holdings Ltd for ZAR 98.52M. The transaction was completed on 1/31/2006.,ZAR,,Cash,,,,2006/1/31,35.02,,,0.000000,100.000000,,,No,Industrials,Materials,N,Edward Nathan,,,,,,,Friendly,South Africa,South Africa,ALX,APK,Common Stock,Unit,125.754,105.845,1840.51,1348.37,91.122,1515.18,0.039,,52.6156,51.8073,55.691,953.517,,105.84500122070312,125.75399780273438,1112.528,1650.227,105.84500122070312,FY-specific (point-in-time),1112.528,FY-specific (point-in-time),125.75399780273438,FY-specific (point-in-time),1650.227,FY-specific (point-in-time),98.52,2,2001-02-01,2009-03-31,200,30,3500,100,36.9166666666667,4.64166666666667,2057593.9,3602578.7,57.114474695584,6.06463577535368,5041515.0,1966.264,125.754,Intermediate,Full (4/4),2006
20665891,M&A,2006/2/1,684799Z SJ,CSL SJ,Completed,,"Company Takeover, Additional Stake Purchase",Speciality Glass Holdings Pty Ltd sold Consol Glass Pty Ltd to Consol Ltd for ZAR 71.20M. The transaction was completed on 2/1/2006.,ZAR,,Cash,,,,2006/2/1,,,,73.400002,26.600000,,,No,Materials,Materials,N,,Taback & Assoc,,,,Standard Bank of,,Friendly,South Africa,South Africa,684799Z,CSL,Private Comp,Common Stock,4188.7,8889.5,2339.6,2456.9,3429.7,2612.7,49.6,,18.7513,40.4856,1666.9,947.2,,,,2041.9000244140625,2245.699951171875,8889.5,MA-screen (current/latest - NOT point-in-time),2041.9000244140625,FY-specific (point-in-time),4188.7,MA-screen (current/latest - NOT point-in-time),2245.699951171875,FY-specific (point-in-time),71.20,2,2001-02-01,2009-03-31,200,30,3500,100,36.9166666666667,4.64166666666667,2057593.9,3602578.7,57.114474695584,6.06463577535368,5041515.0,11346.4,8889.5,Large,Full (4/4),2006
20756662,M&A,2006/2/9,PIM SJ,LSAK US,Completed,,Company Takeover,Lesaka Technologies Inc acquired Prism Holdings Ltd/South Africa for ZAR 613.65M. The transaction was announced on 2/9/2006 and completed on 7/4/2006.,ZAR,,Cash,,2006/3/3,,2006/7/4,20.30,,,0.000000,100.000000,,,No,Technology,Financials,N,,,,,,Morgan Stanley,,Friendly,South Africa,South Africa,PIM,LSAK,Common Stock,Common Stock,301.066,186.351,11466,12196.1,85.712,2297.82,2.566,,65.3739,38.2861,121.825,4389.89,,186.350998,301.06601,181.754,176.29,186.350998,FY-specific (point-in-time),181.754,FY-specific (point-in-time),301.06601,FY-specific (point-in-time),176.29,FY-specific (point-in-time),613.65,2,2001-02-01,2009-03-31,200,30,3500,100,36.9166666666667,4.64166666666667,2057593.9,3602578.7,57.114474695584,6.06463577535368,5041515.0,12497.166000000001,301.066,Large,Full (4/4),2006
20787807,M&A,2006/2/14,ACH SJ,PSG SJ,Completed,,Company Takeover,PSG Group Ltd acquired Arch Equity Ltd for ZAR 897.80M. The transaction was announced on 2/14/2006 and completed on 8/15/2006.,ZAR,,Stock,,,,2006/8/15,16.57,,,0.000000,100.000000,,,No,Financials,Financials,N,,,,,,,,Friendly,South Africa,South Africa,ACH,PSG,Common Stock,Common Stock,33.538,543.967,26793,7453,,,,,,,,,,313.3349914550781,84.43399810791016,2793.832,468.459,313.3349914550781,FY-specific (point-in-time),2793.832,FY-specific (point-in-time),84.43399810791016,FY-specific (point-in-time),468.459,FY-specific (point-in-time),897.80,2,2001-02-01,2009-03-31,200,30,3500,100,36.9166666666667,4.64166666666667,2057593.9,3602578.7,57.114474695584,6.06463577535368,5041515.0,27336.967,543.967,Large,Full (4/4),2006
20799112,M&A,2006/2/15,BPL SJ,ELR CN,Completed,,"Cross Border, Majority Purchase",Eastern Platinum Ltd acquired Barplats Investments Pty Ltd for CAD 509.19M. The transaction was announced on 2/15/2006 and completed on 5/2/2006.,CAD,,Cash and Stock,,,,2006/5/2,,,,0.000000,69.900002,,,No,Materials,Materials,N,,,,,GMP Securities,Canaccord Adams,,Friendly,South Africa,Canada,BPL,ELR,Common Stock,Common Stock,385.624,685.425,2946.01,1101.12,1485.68,10161.6,6.248,,19.0359,28.3537,130.477,835.303,,438.34100341796875,40.176998138427734,70.6325643408,0,438.34100341796875,FY-specific (point-in-time),70.6325643408,FY-specific (point-in-time),40.176998138427734,FY-specific (point-in-time),0.0,FY-specific (point-in-time),2680.73,2,2001-02-01,2009-03-31,200,30,3500,100,36.9166666666667,4.64166666666667,2057593.9,3602578.7,57.114474695584,6.06463577535368,5041515.0,3631.4350000000004,685.425,Large,Full (4/4),2006
20838988,BUY,2005/11/8,MTO SJ,MTO SJ,Terminated,,,,ZAR,,,,,,2005/12/15,-14.08,,,0.000000,0.000000,,,,Consumer Discretionary,Consumer Discretionary,N,,MJ King Inc,,,,Java Capital,,,South Africa,,MTO,MTO,Common Stock,Common Stock,402.753,111.512,111.512,402.753,26.201,26.201,7.515,,83.9022,83.9022,93.561,93.561,,,,,,111.512,MA-screen (current/latest - NOT point-in-time),111.512,MA-screen (current/latest - NOT point-in-time),402.753,MA-screen (current/latest - NOT point-in-time),402.753,MA-screen (current/latest - NOT point-in-time),2.16,2,2001-02-01,2009-03-31,200,30,3500,100,35.275,3.4,1837001.4,3411409.9,53.8487444736559,5.5970108718677,3586112.0,805.506,402.753,Intermediate,Full (4/4),2005
20839044,INV,2005/12/15,MTO SJ,218119Z SJ,Completed,,"Additional Stake Purchase, Tender Offer",Mineworkers Investment Co acquired Mathomo Group Ltd for ZAR 2.40M. The transaction was announced on 12/15/2005 and completed on 2/17/2006.,ZAR,,Cash,,,,2006/2/17,45.98,,,58.500000,8.600000,,,No,Consumer Discretionary,Financials,N,MJ King Inc,,,,Java Capital,,,Friendly,South Africa,South Africa,MTO,218119Z,Common Stock,Private Comp,402.753,111.512,9932.2,2540.4,26.201,4535.1,7.515,,83.9022,5.73287,93.561,569.4,,,,,,111.512,MA-screen (current/latest - NOT point-in-time),9932.2,MA-screen (current/latest - NOT point-in-time),402.753,MA-screen (current/latest - NOT point-in-time),2540.4,MA-screen (current/latest - NOT point-in-time),2.40,2,2001-02-01,2009-03-31,200,30,3500,100,35.275,3.4,1837001.4,3411409.9,53.8487444736559,5.5970108718677,3586112.0,10334.953000000001,402.753,Large,Full (4/4),2005
20889032,M&A,2006/2/24,PIM SJ,ALT SJ,Terminated,,"Competing Bid, Company Takeover",Allied Technologies Ltd announced the acquisition of Prism Holdings Ltd/South Africa for ZAR 633.97M. The transaction was announced on 2/24/2006 and terminated on 3/10/2006.,ZAR,,Cash,,,,2006/3/10,22.11,,,0.000000,100.000000,,,No,Technology,Communications,N,,,,,,Investec Bank/Merchantec Int,,Hostile,South Africa,South Africa,PIM,ALT,Common Stock,Common Stock,301.066,186.351,3764,10161,85.712,881,2.566,,65.3739,55.7386,121.825,2098,,186.350998,301.06601,2781,5552,186.350998,FY-specific (point-in-time),2781.0,FY-specific (point-in-time),301.06601,FY-specific (point-in-time),5552.0,FY-specific (point-in-time),633.97,2,2001-02-01,2009-03-31,200,30,3500,100,36.9166666666667,4.64166666666667,2057593.9,3602578.7,57.114474695584,6.06463577535368,5041515.0,10462.066,301.066,Large,Full (4/4),2006
21033051,M&A,2006/3/8,ING SJ,TMT SJ,Completed,,"Majority Purchase, Bankruptcy/Liquidation",Trematon Capital Investments Ltd acquired Ingenuity Property Investments Ltd for ZAR 4.20M. The transaction was completed on 03/08/2006.,ZAR,,Cash,,,,2006/3/8,,,,0.000000,55.599998,,,No,Real Estate,Financials,N,,,,,,,,Friendly,South Africa,South Africa,ING,TMT,Common Stock,Common Stock,468.379,3969.21,642.32,267.313,,,20.946,,5.03029,,199.663,144.732,,,,116.415919,-0.905447,3969.21,MA-screen (current/latest - NOT point-in-time),116.415919,FY-specific (point-in-time),468.379,MA-screen (current/latest - NOT point-in-time),-0.905447,FY-specific (point-in-time),4.20,2,2001-02-01,2009-03-31,200,30,3500,100,36.9166666666667,4.64166666666667,2057593.9,3602578.7,57.114474695584,6.06463577535368,5041515.0,4611.53,3969.21,Large,Full (4/4),2006
21033163,INV,2006/3/8,ING SJ,TMT SJ,Completed,,"Additional Stake Purchase, Bankruptcy/Liquidation, Tender Offer, Minority Purchase",Trematon Capital Investments Ltd acquired minority stake in Ingenuity Property Investments Ltd. The transaction was announced on 03/08/2006 and completed on 12/31/2006.,ZAR,,Cash,,,,2006/12/31,,,,55.599998,20.200001,,,No,Real Estate,Financials,N,,,,,,,,Friendly,South Africa,South Africa,ING,TMT,Common Stock,Common Stock,468.379,3969.21,642.32,267.313,,,20.946,,5.03029,,199.663,144.732,,,,116.415919,-0.905447,3969.21,MA-screen (current/latest - NOT point-in-time),116.415919,FY-specific (point-in-time),468.379,MA-screen (current/latest - NOT point-in-time),-0.905447,FY-specific (point-in-time),2.19,2,2001-02-01,2009-03-31,200,30,3500,100,36.9166666666667,4.64166666666667,2057593.9,3602578.7,57.114474695584,6.06463577535368,5041515.0,4611.53,3969.21,Large,Full (4/4),2006
211393870,M&A,2020/3/4,NIV SJ,HCI SJ,Completed,,"Company Takeover, Additional Stake Purchase",Hosken Consolidated Investments Ltd acquired Niveus Investments Ltd for ZAR 134.04M. The transaction was announced on 3/4/2020 and completed on 5/26/2020.,ZAR,,Cash,,,,2020/5/26,-0.64,,,51.660000,46.869999,,,No,Consumer Discretionary,Consumer Discretionary,N,,Edward Nathan,,,,Investec,,Friendly,South Africa,South Africa,NIV,HCI,Common Stock,Common Stock,18.398,571.165,64182,24172.5,50.287,,55.16,,52.8283,10.9267,301.737,7012.98,55.7116,571.165,18.398,72586.906,24066.093,571.165,FY-specific (point-in-time),72586.906,FY-specific (point-in-time),18.398,FY-specific (point-in-time),24066.093,FY-specific (point-in-time),134.04,4,2017-10-01,2026-04-30,600,100,6600,190,80.3583333333333,3.28333333333333,5562760.3,4300904.4,129.339315237977,5.3913956746017,17874362.0,64753.165,571.165,Large,Full (4/4),2020
21160651,M&A,2006/3/22,BCX SJ,TKG SJ,Terminated,,Company Takeover,Telkom SA SOC Ltd announced the acquisition of Business Connexion Group Ltd for ZAR 1763.29M. The transaction was announced on 3/22/2006 and terminated on 6/28/2007.,ZAR,,Cash,,,,2007/6/28,18.28,,,0.000000,100.000000,,,No,Technology,Communications,N,Cliffe Dekker,Werksmans,,,Rand Merchant Bk,UBS,,Unsolicited,South Africa,South Africa,BCX,TKG,Common Stock,Common Stock,6512.28,4001.55,64418,44477,1066.86,,691.36,,57.962,28.8211,2319.38,18566,,2388.595,2816.132,57583,43117,2388.595,FY-specific (point-in-time),57583.0,FY-specific (point-in-time),2816.132,FY-specific (point-in-time),43117.0,FY-specific (point-in-time),1763.29,2,2001-02-01,2009-03-31,200,30,3500,100,36.9166666666667,4.64166666666667,2057593.9,3602578.7,57.114474695584,6.06463577535368,5041515.0,70930.28,6512.28,Large,Full (4/4),2006
211703503,BUY,2020/3/9,PBT SJ,PBT SJ,Completed,,,,ZAr,,,,,,2020/3/20,3.94,,,0.000000,0.000000,,,,Technology,Technology,N,,,,,,,,,South Africa,,PBT,PBT,Common Stock,Common Stock,1153.1,412.967,412.967,1153.1,20.0582,20.0582,28.7247,,59.5644,59.5644,245.981,245.981,36.4468,321.348463,588.414409,321.348463,588.414409,321.348463,FY-specific (point-in-time),321.348463,FY-specific (point-in-time),588.414409,FY-specific (point-in-time),588.414409,FY-specific (point-in-time),11.58,4,2017-10-01,2026-04-30,600,100,6600,190,80.3583333333333,3.28333333333333,5562760.3,4300904.4,129.339315237977,5.3913956746017,17874362.0,2306.2,1153.1,Intermediate,Full (4/4),2020
21230909,M&A,2006/3/27,RAH SJ,SUI SJ,Completed,,Majority Purchase,Sun International Ltd/South Africa acquired Real Africa Holdings Ltd for ZAR 1108.04M. The transaction was announced on 3/27/2006 and completed on 9/19/2006.,ZAR,,Cash,,2006/7/26,,2006/9/19,9.28,,,2.200000,58.099998,,,No,Consumer Discretionary,Consumer Discretionary,N,,,,,Rothschild & Co,,,Friendly,South Africa,South Africa,RAH,SUI,Common Stock,Common Stock,72.312,952.3,13642,12979,,17807,,,,12.2929,,1677,,2067.968994140625,123.95500183105469,7557.589,5139.552,2067.968994140625,FY-specific (point-in-time),7557.589,FY-specific (point-in-time),123.95500183105469,FY-specific (point-in-time),5139.552,FY-specific (point-in-time),1108.04,2,2001-02-01,2009-03-31,200,30,3500,100,36.9166666666667,4.64166666666667,2057593.9,3602578.7,57.114474695584,6.06463577535368,5041515.0,14594.3,952.3,Large,Full (4/4),2006
212614820,INV,2020/3/26,AXL SJ,ZCL SJ,Completed,,Additional Stake Purchase,Zarclear Holdings Ltd acquired African Phoenix Investments Ltd for ZAR 11.39M. The transaction was completed on 3/26/2020.,ZAR,,Cash,,,,2020/3/26,1.20,,,21.400000,2.100000,,,No,Financials,Financials,N,,,,,,,,Friendly,South Africa,South Africa,AXL,ZCL,Common Stock,Common Stock,102.993,1400.32,3664.12,-79.953,,,,,,,,,5.66699,1400.323,102.993,1275.221,142.079,1400.323,FY-specific (point-in-time),1275.221,FY-specific (point-in-time),102.993,FY-specific (point-in-time),142.079,FY-specific (point-in-time),11.39,4,2017-10-01,2026-04-30,600,100,6600,190,80.3583333333333,3.28333333333333,5562760.3,4300904.4,129.339315237977,5.3913956746017,17874362.0,5064.44,1400.32,Intermediate,Full (4/4),2020
215811483,M&A,2020/8/4,UCP SJ,AFT SJ,Completed,,"Company Takeover, Tender Offer",Afrimat Ltd acquired Unicorn Capital Partners Ltd for ZAR 418.91M. The transaction was announced on 8/4/2020 and completed on 12/15/2020.,ZAR,Preliminary Offer,Stock,2020/5/26,,,2020/12/15,4.40,,,0.000000,100.000000,,,No,Materials,Materials,N,,,,,,,,Friendly,South Africa,South Africa,UCP,AFT,Common Stock,Common Stock,958.289,1075.94,9900.95,10009,1189.36,8944.64,16.258,,17.5112,35.7046,188.41,3535.1,8.68798,1346.566,1001.445,2687.012,2966.399,1346.566,FY-specific (point-in-time),2687.012,FY-specific (point-in-time),1001.445,FY-specific (point-in-time),2966.399,FY-specific (point-in-time),418.91,4,2017-10-01,2026-04-30,600,100,6600,190,80.3583333333333,3.28333333333333,5562760.3,4300904.4,129.339315237977,5.3913956746017,17874362.0,11084.94,1075.94,Large,Full (4/4),2020
216874046,INV,2020/6/15,QFH SJ,CBH SJ,Pending,,"Cross Border, Private Equity, Minority Purchase",Zeder Investments Ltd announced the sale of a minority stake in Quantum Foods Holdings Ltd to Country Bird Holdings Ltd. The transaction was announced on 6/15/2020 and is expected to be completed by 6/18/2020. Financial terms of the transaction are undisclosed.,ZAR,,Cash,,,,2020/6/18,,,,0.000000,32.099998,,,No,Consumer Staples,Consumer Staples,N,,,,,,,,Friendly,South Africa,British Virgin Islands,QFH,CBH,Common Stock,Common Stock,7146.54,3475.89,1841.06,3586.38,2791.01,,531.581,,53.3369,63.935,1853.93,1177.08,6.30544,2514.329,4417.674,,,2514.329,FY-specific (point-in-time),1841.06,MA-screen (current/latest - NOT point-in-time),4417.674,FY-specific (point-in-time),3586.38,MA-screen (current/latest - NOT point-in-time),,4,2017-10-01,2026-04-30,600,100,6600,190,80.3583333333333,3.28333333333333,5562760.3,4300904.4,129.339315237977,5.3913956746017,17874362.0,10732.92,7146.54,Large,Full (4/4),2020
21830683,M&A,2006/5/19,ILV SJ,ABF LN,Completed,,"Cross Border, Majority Purchase",Associated British Foods PLC acquired Illovo Sugar Pty Ltd for ZAR 5109.51M. The transaction was announced on 5/19/2006 and completed on 9/4/2006.,ZAR,,Cash,,,,2006/9/4,15.63,,,0.000000,51.000000,,,No,Consumer Staples,Consumer Staples,N,,,,,,Rothschild & Co,,Friendly,South Africa,United Kingdom,ILV,ABF,Common Stock,Common Stock,3334.92,3898.43,454367,459317,2905.17,400830,391.551,,48.6564,32.1445,1896.84,146054,,4407.7,5143,6072,5622,4407.7,FY-specific (point-in-time),6072.0,FY-specific (point-in-time),5143.0,FY-specific (point-in-time),5622.0,FY-specific (point-in-time),5109.51,2,2001-02-01,2009-03-31,200,30,3500,100,36.9166666666667,4.64166666666667,2057593.9,3602578.7,57.114474695584,6.06463577535368,5041515.0,463215.43,3898.43,Large,Full (4/4),2006
218332007,INV,2020/7/14,QFH SJ,ARL SJ,Pending,,Minority Purchase,Astral Foods Ltd announced the acquisition of a minority stake in Quantum Foods Holdings Ltd. The transaction was announced on 7/14/2020 and is currently pending. Financial terms of the transaction are undisclosed.,ZAR,,Undisclosed,,,,,,,,0.000000,6.420000,,,No,Consumer Staples,Consumer Staples,N,,,,,,,,Friendly,South Africa,South Africa,QFH,ARL,Common Stock,Common Stock,7146.54,3475.89,9325.82,22619.2,2791.01,,531.581,,53.3369,60.5887,1853.93,5650.39,1.65324,2514.329,4417.674,6239.119,13485.475,2514.329,FY-specific (point-in-time),6239.119,FY-specific (point-in-time),4417.674,FY-specific (point-in-time),13485.475,FY-specific (point-in-time),,4,2017-10-01,2026-04-30,600,100,6600,190,80.3583333333333,3.28333333333333,5562760.3,4300904.4,129.339315237977,5.3913956746017,17874362.0,29765.74,7146.54,Large,Full (4/4),2020
218562791,INV,2020/7/20,HPA SJ,SSU SJ,Completed,,"Cross Border, Additional Stake Purchase",A consortium led by Prudential PLC sold Hospitality Property Fund Ltd to Southern Sun Ltd. The transaction was announced on 7/20/2020 and completed on 7/22/2020. Financial terms of the transaction are undisclosed.,USD,,Stock,,,,2020/7/22,,,,59.150002,7.980000,,,No,Real Estate,Real Estate,N,,,,,,,,Friendly,South Africa,South Africa,HPA,SSU,REIT,Common Stock,6047,13674,14339,7190,,,,,,9.41488,1241,1350,8.67564,12266.597,827.786,14586,4389,12266.597,FY-specific (point-in-time),14586.0,FY-specific (point-in-time),827.786,FY-specific (point-in-time),4389.0,FY-specific (point-in-time),,4,2017-10-01,2026-04-30,600,100,6600,190,80.3583333333333,3.28333333333333,5562760.3,4300904.4,129.339315237977,5.3913956746017,17874362.0,28013.0,13674.0,Large,Full (4/4),2020
221037098,INV,2020/9/8,WBC SJ,NTU SJ,Pending,,Minority Purchase,Nutun Ltd announced the acquisition of a minority stake in WBC Holdings Pty Ltd. The transaction was announced on 9/8/2020 and is currently pending.,ZAR,,Cash and Stock,,,,,,,,0.000000,49.900002,,,No,Financials,Financials,N,,,,,,,,Friendly,South Africa,South Africa,WBC,NTU,Common Stock,Common Stock,26656.2,5352.69,6604,1500,2243.74,,165.506,,62.4952,,3345.18,,83.828,,,18463,4955,5352.69,MA-screen (current/latest - NOT point-in-time),18463.0,FY-specific (point-in-time),26656.2,MA-screen (current/latest - NOT point-in-time),4955.0,FY-specific (point-in-time),1840.00,4,2017-10-01,2026-04-30,600,100,6600,190,80.3583333333333,3.28333333333333,5562760.3,4300904.4,129.339315237977,5.3913956746017,17874362.0,33260.2,26656.2,Large,Full (4/4),2020
22133500,M&A,2005/9/2,CNC SJ,MUR SJ,Completed,,"Company Takeover, Additional Stake Purchase",Murray & Roberts Holdings Ltd acquired Concor Ltd. The transaction was announced on 9/2/2005 and completed on 7/4/2006. Financial terms of the transaction are undisclosed.,ZAR,,Cash,,,,2006/7/4,1.29,,,49.990002,50.009998,,,No,Industrials,Industrials,N,Sonneberg Hoff,Michael Krawitz/Werksmans,,,Bridge Cap Advis,Rand Merchant Bk,,Friendly,South Africa,South Africa,CNC,MUR,Common Stock,Common Stock,1624.1,814.995,8160.3,13452.4,425.56,,3.686,,69.3505,71.8001,565.203,5859.1,,,,6131.5,7803.4,814.995,MA-screen (current/latest - NOT point-in-time),6131.5,FY-specific (point-in-time),1624.1,MA-screen (current/latest - NOT point-in-time),7803.4,FY-specific (point-in-time),,2,2001-02-01,2009-03-31,200,30,3500,100,35.275,3.4,1837001.4,3411409.9,53.8487444736559,5.5970108718677,3586112.0,15076.5,1624.1,Large,Full (4/4),2005
22191987,INV,2006/6/21,VIL SJ,HAR SJ,Completed,,Minority Purchase,Harmony Gold Mining Co Ltd acquired a minority stake in Village Main Reef Ltd. The transaction was completed on 6/21/2006.,ZAR,,Cash,,,,2006/6/21,-64.13,,,0.000000,37.799999,,,No,Materials,Materials,N,,Cliffe Dekker,,,,Merrill Lynch,,Friendly,South Africa,South Africa,VIL,HAR,Common Stock,Common Stock,1480.08,2326.38,125990,99238,2658.45,,137.943,,19.0809,16.1648,443.893,20366,,5.495999813079834,0,33815,7822,5.495999813079834,FY-specific (point-in-time),33815.0,FY-specific (point-in-time),0.0,FY-specific (point-in-time),7822.0,FY-specific (point-in-time),0.46,2,2001-02-01,2009-03-31,200,30,3500,100,36.9166666666667,4.64166666666667,2057593.9,3602578.7,57.114474695584,6.06463577535368,5041515.0,128316.38,2326.38,Large,Full (4/4),2006
22192127,M&A,2006/6/21,VIL SJ,HAR SJ,Completed,,"Company Takeover, Additional Stake Purchase, Tender Offer",Harmony Gold Mining Co Ltd acquired Village Main Reef Ltd. The transaction was completed on 6/21/2006. Financial terms of the transaction are undisclosed.,ZAR,,Cash,,,,2006/6/21,-64.13,,,37.799999,62.200001,,,No,Materials,Materials,N,,Cliffe Dekker,,,,Merrill Lynch,,Friendly,South Africa,South Africa,VIL,HAR,Common Stock,Common Stock,1480.08,2326.38,125990,99238,2658.45,,137.943,,19.0809,16.1648,443.893,20366,,5.495999813079834,0,33815,7822,5.495999813079834,FY-specific (point-in-time),33815.0,FY-specific (point-in-time),0.0,FY-specific (point-in-time),7822.0,FY-specific (point-in-time),,2,2001-02-01,2009-03-31,200,30,3500,100,36.9166666666667,4.64166666666667,2057593.9,3602578.7,57.114474695584,6.06463577535368,5041515.0,128316.38,2326.38,Large,Full (4/4),2006
22240791,INV,2006/6/26,OCE SJ,BRT SJ,Completed,,"Private Equity, Minority Purchase",Brimstone Investment Corp Ltd acquired a minority stake in Oceana Group Ltd. The transaction was announced on 6/26/2006 and completed on 12/31/2006.,ZAR,,Cash,,,,2006/12/31,-1.27,,,0.000000,10.000000,,,No,Consumer Staples,Consumer Staples,N,,,,,,,,Friendly,South Africa,South Africa,OCE,BRT,Common Stock,Common Stock,9995,13556,4495.57,413.736,4564,,446,,36.6996,5.55264,4975,249.623,,1469.755,2576.513,881.232,188.752,1469.755,FY-specific (point-in-time),881.232,FY-specific (point-in-time),2576.513,FY-specific (point-in-time),188.752,FY-specific (point-in-time),172.47,2,2001-02-01,2009-03-31,200,30,3500,100,36.9166666666667,4.64166666666667,2057593.9,3602578.7,57.114474695584,6.06463577535368,5041515.0,18051.57,13556.0,Large,Full (4/4),2006
22384092,INV,2006/7/6,MTNU UG,MTN SJ,Completed,,"Cross Border, Minority Purchase",Overseas Telecom AB sold a minority stake in MTN Uganda Ltd to MTN Group Ltd. The transaction was completed on 7/6/2006.,SEK,,Cash,,,,2006/7/6,,,,0.000000,32.000000,,,No,Communications,Communications,N,,,,,,,,Friendly,South Africa,South Africa,MTNU,MTN,Common Stock,Common Stock,17887.8,24556.6,498712,226707,5721.22,,7686.8,,39.609,37.2786,9726.61,185913,,,,29364,28994,24556.6,MA-screen (current/latest - NOT point-in-time),29364.0,FY-specific (point-in-time),17887.8,MA-screen (current/latest - NOT point-in-time),28994.0,FY-specific (point-in-time),1196.47,2,2001-02-01,2009-03-31,200,30,3500,100,36.9166666666667,4.64166666666667,2057593.9,3602578.7,57.114474695584,6.06463577535368,5041515.0,523268.6,24556.6,Large,Full (4/4),2006
22463647,INV,2006/7/14,EHS SJ,CSGN SW,Completed,,"Cross Border, Private Equity, Minority Purchase",Anglo American PLC sold a minority stake in Evraz Highveld Steel & Vanadium Ltd to Credit Suisse Group AG. The transaction was completed on 7/14/2006.,ZAR,,Cash,,,,2006/7/14,,,,0.000000,24.900000,,,No,Materials,Financials,N,,,,,,Credit Suisse,,Friendly,South Africa,Switzerland,EHS,CSGN,Common Stock,Common Stock,5192,3588,9.84755e+06,691927,3860,,74,5.13079e+06,51.9788,,1865,,,3899,7155,1339052,59366,3899.0,FY-specific (point-in-time),1339052.0,FY-specific (point-in-time),7155.0,FY-specific (point-in-time),59366.0,FY-specific (point-in-time),1539.53,2,2001-02-01,2009-03-31,200,30,3500,100,36.9166666666667,4.64166666666667,2057593.9,3602578.7,57.114474695584,6.06463577535368,5041515.0,9852742.0,5192.0,Large,Full (4/4),2006
224639753,INV,2020/11/20,CGR SJ,CGR SJ,Pending,,Minority Purchase,Conduit Capital Ltd announced the sale of a minority stake in Calgro M3 Holdings Ltd to Calgro M3 Holdings Ltd. The transaction was announced on 11/20/2020 and is currently pending. Financial terms of the transaction are undisclosed.,ZAR,,Undisclosed,,,,,,,,0.000000,4.590400,,,No,Consumer Discretionary,Consumer Discretionary,N,,,,,,,,Friendly,South Africa,South Africa,CGR,CGR,Common Stock,Common Stock,893.174,3690.86,3690.86,893.174,28.6138,28.6138,2496.42,,89.3053,89.3053,3296.13,3296.13,9.19649,2911.274487,997.064528,2911.274487,997.064528,2911.274487,FY-specific (point-in-time),2911.274487,FY-specific (point-in-time),997.064528,FY-specific (point-in-time),997.064528,FY-specific (point-in-time),,4,2017-10-01,2026-04-30,600,100,6600,190,80.3583333333333,3.28333333333333,5562760.3,4300904.4,129.339315237977,5.3913956746017,17874362.0,7381.72,3690.86,Large,Full (4/4),2020
224705298,M&A,2020/11/26,1554290D PW,3110315Z PW,Completed,,"PE Buyout, Company Takeover, Cross Border, Private Equity",Life Healthcare Group Holdings Ltd sold Scanmed SA to Abris Capital Partners Sp zoo for PLN 340.00M. The transaction was announced on 11/26/2020 and completed on 3/26/2021.,PLN,,Cash,,,,2021/3/26,,,,0.000000,100.000000,,,No,Health Care,Financials,N,,,,,,,,Friendly,South Africa,Poland,1554290D,3110315Z,Private Comp,Private Comp,1544.22,2478.29,16.0413,26.5069,,,212.683,,16.2818,77.451,403.512,12.4242,0.0734594,556.903,359.166,2.59224646,5.9822479500000005,556.903,FY-specific (point-in-time),2.59224646,FY-specific (point-in-time),359.166,FY-specific (point-in-time),5.9822479500000005,FY-specific (point-in-time),1377.97,4,2017-10-01,2026-04-30,600,100,6600,190,80.3583333333333,3.28333333333333,5562760.3,4300904.4,129.339315237977,5.3913956746017,17874362.0,2504.7969,2478.29,Intermediate,Full (4/4),2020
225029586,BUY,2020/11/19,IDQ SJ,IDQ SJ,Pending,,,,ZAR,,,,,,,-98.96,,,0.000000,0.000000,,,,Financials,Financials,N,,,,,,,,,South Africa,,IDQ,IDQ,Common Stock,Common Stock,68.75,59.828,59.828,68.75,,,,,,,,,4.84054,63.918,66.589,63.918,66.589,63.918,FY-specific (point-in-time),63.918,FY-specific (point-in-time),66.589,FY-specific (point-in-time),66.589,FY-specific (point-in-time),26.43,4,2017-10-01,2026-04-30,600,100,6600,190,80.3583333333333,3.28333333333333,5562760.3,4300904.4,129.339315237977,5.3913956746017,17874362.0,137.5,68.75,Small,Full (4/4),2020
225341539,M&A,2021/1/27,ADI SJ,HUG SJ,Pending,1.3200,Company Takeover,Huge Group Ltd announced the acquisition of AdaptIT Holdings Ltd for ZAR 1787.02M. The transaction was announced on 1/27/2021 and is currently pending.,ZAR,,Stock,,2021/5/28,,,84.74,,,0.000000,100.000000,,,No,Technology,Communications,N,,,,,,,,Friendly,South Africa,South Africa,ADI,HUG,Common Stock,Common Stock,1571.77,1714.33,1973.43,28.651,,,279.04,,25.8205,1.53515,442.649,30.295,16.1938,1937.817764,1483.346995,1216.465,492.145,1937.817764,FY-specific (point-in-time),1216.465,FY-specific (point-in-time),1483.346995,FY-specific (point-in-time),492.145,FY-specific (point-in-time),1787.01,4,2017-10-01,2026-04-30,600,100,6600,190,84.0166666666667,4.55833333333333,6206842.1,4509870.3,137.627951296072,6.40844281790467,20520438.0,3687.76,1714.33,Intermediate,Full (4/4),2021
225410161,INV,2021/2/1,1255Z SJ,ORN AU,Pending,,"Option Agreement, Cross Border, Minority Purchase",Orion Minerals Ltd announced the acquisition of a minority stake in Industrial Development Corp of South Africa Ltd. The transaction was announced on 2/1/2021 and is currently pending. Financial terms of the transaction are undisclosed.,ZAR,,Undisclosed,,,,,,,,0.000000,43.750000,,,No,Government,Materials,N,,,,,,,,Friendly,South Africa,Australia,1255Z,ORN,Private Comp,Common Stock,25556,159323,1965.05,,12634,1094.66,28537,,63.9995,8.91018,101966,175.09,14.2318,109631,16278,65.83,0,109631.0,FY-specific (point-in-time),65.83,FY-specific (point-in-time),16278.0,FY-specific (point-in-time),0.0,FY-specific (point-in-time),,4,2017-10-01,2026-04-30,600,100,6600,190,84.0166666666667,4.55833333333333,6206842.1,4509870.3,137.627951296072,6.40844281790467,20520438.0,161288.05,159323.0,Large,Partial (3/4),2021
22546732,INV,2006/7/24,MTNU UG,MTN SJ,Completed,,"Cross Border, Additional Stake Purchase",Tri-Star Investments Sarl sold MTN Uganda Ltd to MTN Group Ltd for USD 55.00M. The transaction was completed on 7/24/2006.,USD,,Cash,,,,2006/7/24,,,,84.449997,12.890000,,,No,Communications,Communications,N,,,,,,Merrill Lynch,,Friendly,South Africa,South Africa,MTNU,MTN,Common Stock,Common Stock,17887.8,24556.6,498712,226707,5721.22,,7686.8,,39.609,37.2786,9726.61,185913,,,,29364,28994,24556.6,MA-screen (current/latest - NOT point-in-time),29364.0,FY-specific (point-in-time),17887.8,MA-screen (current/latest - NOT point-in-time),28994.0,FY-specific (point-in-time),386.00,2,2001-02-01,2009-03-31,200,30,3500,100,36.9166666666667,4.64166666666667,2057593.9,3602578.7,57.114474695584,6.06463577535368,5041515.0,523268.6,24556.6,Large,Full (4/4),2006
225486858,M&A,2021/1/7,CTK SJ,KARO US,Completed,,"Company Takeover, Cross Border, Additional Stake Purchase, Tender Offer",Karooooo Ltd acquired Cartrack Holdings Ltd for ZAR 4009.32M. The transaction was announced on 1/7/2021 and completed on 4/22/2021.,ZAR,,Cash,,,,2021/4/22,-7.24,,,68.180000,31.820000,,,No,Technology,Technology,N,,,,,,Bofa Securities,,Friendly,South Africa,Singapore,CTK,KARO,Common Stock,Common Stock,1941.89,1844.45,5794.14,5479.12,1785.73,6612.17,52.179,,30.7231,30.3982,566.674,1761.31,15.2247,1844.453,1941.893,1845.257,1941.893,1844.453,FY-specific (point-in-time),1845.257,FY-specific (point-in-time),1941.893,FY-specific (point-in-time),1941.893,FY-specific (point-in-time),4009.35,4,2017-10-01,2026-04-30,600,100,6600,190,84.0166666666667,4.55833333333333,6206842.1,4509870.3,137.627951296072,6.40844281790467,20520438.0,7736.030000000001,1941.89,Large,Full (4/4),2021
226485224,INV,2021/5/12,NPN SJ,PRX NA,Completed,,"Cross Border, Additional Stake Purchase, Tender Offer",Prosus NV acquired Naspers Ltd for ZAR 696801.39M. The transaction was announced on 5/12/2021 and completed on 8/18/2021.,ZAR,,Stock,,,,2021/8/18,4.50,,,3.600000,45.400002,,,No,Communications,Communications,N,A&O Shearman LLP/Cravath Swaine/Webber Wentzel,,,,,Goldman Sachs/Morgan Stanley,,Friendly,South Africa,China,NPN,PRX,Common Stock,Common Stock,188265,1.35492e+06,1.34462e+06,168428,30301.7,23091.8,36610.3,,24.7939,24.6197,335937,331040,70.8505,36319,4001,35764,3330,36319.0,FY-specific (point-in-time),35764.0,FY-specific (point-in-time),4001.0,FY-specific (point-in-time),3330.0,FY-specific (point-in-time),696801.94,4,2017-10-01,2026-04-30,600,100,6600,190,84.0166666666667,4.55833333333333,6206842.1,4509870.3,137.627951296072,6.40844281790467,20520438.0,2699540.0,1354920.0,Large,Full (4/4),2021
226544935,M&A,2021/11/15,DGH SJ,HEIA NA,Completed,,"Company Takeover, Cross Border",Heineken NV acquired Distell Group Holdings Ltd for ZAR 40072.03M. The transaction was announced on 11/15/2021 and completed on 4/28/2023.,ZAR,Negotiation,Cash,2021/5/18,,,2023/4/28,-1.02,,,0.000000,100.000000,,,No,Consumer Staples,Consumer Staples,N,,De Brauw Blackst,,,,Nomura,,Friendly,South Africa,Netherlands,DGH,HEIA,Common Stock,Common Stock,34133.6,29389.6,1.04511e+06,580448,9686.51,605394,52.012,,58.5969,23.9856,17221.4,250677,48.5536,25271.837,22370.224,42632,19715,25271.837,FY-specific (point-in-time),42632.0,FY-specific (point-in-time),22370.224,FY-specific (point-in-time),19715.0,FY-specific (point-in-time),40071.84,4,2017-10-01,2026-04-30,600,100,6600,190,84.0166666666667,4.55833333333333,6206842.1,4509870.3,137.627951296072,6.40844281790467,20520438.0,1079243.6,34133.6,Large,Full (4/4),2021
226545328,M&A,2021/4/7,ADI SJ,CSU CN,Pending,6.5000,"Competing Bid, Company Takeover, Cross Border",Constellation Software Inc/Canada announced the acquisition of AdaptIT Holdings Ltd for ZAR 1598.45M. The transaction was announced on 4/7/2021 and is currently pending.,ZAR,,Cash,,,,,46.31,,,0.000000,100.000000,,,No,Technology,Technology,N,,,,,,,,Friendly,South Africa,Canada,ADI,CSU,Common Stock,Common Stock,1571.77,1714.33,267903,207813,,16235.6,279.04,,25.8205,35.8852,442.649,96137.7,60.2498,1937.817764,1483.346995,4375,3969,1937.817764,FY-specific (point-in-time),4375.0,FY-specific (point-in-time),1483.346995,FY-specific (point-in-time),3969.0,FY-specific (point-in-time),1598.44,4,2017-10-01,2026-04-30,600,100,6600,190,84.0166666666667,4.55833333333333,6206842.1,4509870.3,137.627951296072,6.40844281790467,20520438.0,269617.33,1714.33,Large,Full (4/4),2021
226546984,M&A,2021/5/18,FTA SJ,FVT SJ,Withdrawn,,Majority Purchase,Fairvest Property Holdings Ltd announced the acquisition of Fairvest Ltd for ZAR 5583.05M.,ZAR,,Stock,,,,2021/12/21,,,,0.000000,50.099998,,,No,Real Estate,Real Estate,N,,,,,,,,Friendly,South Africa,South Africa,FTA,FVT,REIT,REIT,2182.11,15864,3822.85,579.566,,,,,,,326.42,174.43,9.56514,14434.107,2222.086,3891.373,578.612,14434.107,FY-specific (point-in-time),3891.373,FY-specific (point-in-time),2222.086,FY-specific (point-in-time),578.612,FY-specific (point-in-time),5583.06,4,2017-10-01,2026-04-30,600,100,6600,190,84.0166666666667,4.55833333333333,6206842.1,4509870.3,137.627951296072,6.40844281790467,20520438.0,19686.85,15864.0,Large,Full (4/4),2021
226638353,M&A,2021/5/27,WBC SJ,NTU SJ,Completed,,"Majority Purchase, Additional Stake Purchase",Nutun Ltd acquired WBC Holdings Pty Ltd for ZAR 1600.00M. The transaction was completed on 5/27/2021.,ZAR,,Cash,,,,2021/5/27,,,,49.900002,25.000000,,,No,Financials,Financials,N,,,,,,,,Friendly,South Africa,South Africa,WBC,NTU,Common Stock,Common Stock,26656.2,5352.69,6604,1500,2243.74,,165.506,,62.4952,,3345.18,,83.828,,,23557,5542,5352.69,MA-screen (current/latest - NOT point-in-time),23557.0,FY-specific (point-in-time),26656.2,MA-screen (current/latest - NOT point-in-time),5542.0,FY-specific (point-in-time),1599.99,4,2017-10-01,2026-04-30,600,100,6600,190,84.0166666666667,4.55833333333333,6206842.1,4509870.3,137.627951296072,6.40844281790467,20520438.0,33260.2,26656.2,Large,Full (4/4),2021
226641797,M&A,2021/5/27,TWR SJ,RDCP BG,Withdrawn,3.7800,"Company Takeover, Cross Border","With no further information, the deal has been withdrawn on 11/30/2021. RDC Properties Ltd/Botswana proposed to acquire Tower Property Fund Ltd for BWP 2,773.79M. The transaction was proposed on 05/27/2021.",BWP,Preliminary Offer,Cash,2021/5/27,,,2021/11/30,,,,0.000000,100.000000,,,No,Real Estate,Real Estate,N,,,,,,,,Friendly,South Africa,Botswana,TWR,RDCP,REIT,Common Stock,322.96,4298.35,7539.49,790.36,,,,,,,375.001,509.652,4.10431,5288.34,395.579,2518.95,133.507,5288.34,FY-specific (point-in-time),2518.95,FY-specific (point-in-time),395.579,FY-specific (point-in-time),133.507,FY-specific (point-in-time),3607.53,4,2017-10-01,2026-04-30,600,100,6600,190,84.0166666666667,4.55833333333333,6206842.1,4509870.3,137.627951296072,6.40844281790467,20520438.0,11837.84,4298.35,Large,Full (4/4),2021
227024741,M&A,2021/6/30,MPT SJ,CAT SJ,Pending,,"Majority Purchase, Additional Stake Purchase",Caxton and CTP Publishers and Printers Ltd announced the acquisition of Mpact Ltd. The transaction was announced on 6/30/2021 and is currently pending. Financial terms of the transaction are undisclosed.,ZAR,,Undisclosed,,,,,,,,32.000000,0.000000,,,No,Materials,Communications,N,,,,,,,,Friendly,South Africa,South Africa,MPT,CAT,Common Stock,Common Stock,13954.6,12499.7,9900.11,6587.81,12172,6416.92,303.1,,46.9339,58.626,5866.6,5804.03,1.95631,8028.3,10257.9,6509.192,5572.359,8028.3,FY-specific (point-in-time),6509.192,FY-specific (point-in-time),10257.9,FY-specific (point-in-time),5572.359,FY-specific (point-in-time),,4,2017-10-01,2026-04-30,600,100,6600,190,84.0166666666667,4.55833333333333,6206842.1,4509870.3,137.627951296072,6.40844281790467,20520438.0,23854.71,13954.6,Large,Full (4/4),2021
227171034,M&A,2021/7/15,LBH SJ,SBK SJ,Completed,,"Company Takeover, Additional Stake Purchase",Standard Bank Group Ltd acquired Liberty Holdings Ltd for ZAR 10369.14M. The transaction was announced on 7/15/2021 and completed on 3/1/2022.,ZAR,,Cash and Stock,,,,2022/3/1,24.46,,,53.619999,46.380001,,,No,Financials,Financials,N,Webber Wentzel,Bowman Gilfillan,,,Goldman Sachs,Bofa Securities,,Friendly,South Africa,South Africa,LBH,SBK,Common Stock,Common Stock,40980,489476,3.62085e+06,307016,,,,,,,,,5.63748,475598,55115,2532940,159648,475598.0,FY-specific (point-in-time),2532940.0,FY-specific (point-in-time),55115.0,FY-specific (point-in-time),159648.0,FY-specific (point-in-time),10369.09,4,2017-10-01,2026-04-30,600,100,6600,190,84.0166666666667,4.55833333333333,6206842.1,4509870.3,137.627951296072,6.40844281790467,20520438.0,4110326.0,489476.0,Large,Full (4/4),2021
227356973,INV,2021/8/2,4084621Z BZ,PRX NA,Completed,,"Cross Border, Minority Purchase, Additional Stake Purchase, Venture Capital, Financing Round, Private Equity",Prosus NV acquired a minority stake in Movile Internet Movel SA. The transaction was completed on 8/2/2021.,BRL,,Cash,,,,2021/8/2,,,,0.000000,0.000000,,,No,Industrials,Communications,N,Machado Meyer Se,Gomez Acebo,,,,,,Friendly,South Africa,China,4084621Z,PRX,Private Comp,Common Stock,3051.5,2098.1,1.34462e+06,168428,,23091.8,,,51.8592,24.6197,1088.06,331040,70.8505,,,35764,3330,2098.1,MA-screen (current/latest - NOT point-in-time),35764.0,FY-specific (point-in-time),3051.5,MA-screen (current/latest - NOT point-in-time),3330.0,FY-specific (point-in-time),2815.44,4,2017-10-01,2026-04-30,600,100,6600,190,84.0166666666667,4.55833333333333,6206842.1,4509870.3,137.627951296072,6.40844281790467,20520438.0,1347671.5,3051.5,Large,Full (4/4),2021
227769993,M&A,2021/9/13,251463Z LN,CSN LN,Completed,,"Company Takeover, Cross Border",Sanlam Ltd sold Sanlam Life & Pensions UK Ltd to Chesnara PLC for GBP 39.00M. The transaction was announced on 9/13/2021 and completed on 4/28/2022.,GBP,,Cash,,,,2022/4/28,,,,0.000000,100.000000,,,No,Financials,Financials,N,,Ashurst LLP,,,,Lincoln Int LLC,,Friendly,South Africa,United Kingdom,251463Z,CSN,Private Comp,Common Stock,38.6948,54409.3,324838,9294.34,,,85.7948,,,,1681.86,,1.47503,2965.6677326322497,209.98192846085968,9065.496,637.905,2965.6677326322497,FY-specific (point-in-time),9065.496,FY-specific (point-in-time),209.98192846085968,FY-specific (point-in-time),637.905,FY-specific (point-in-time),764.20,4,2017-10-01,2026-04-30,600,100,6600,190,84.0166666666667,4.55833333333333,6206842.1,4509870.3,137.627951296072,6.40844281790467,20520438.0,379247.3,54409.3,Large,Full (4/4),2021
227873285,M&A,2021/9/23,WBC SJ,NTU SJ,Pending,,"Company Takeover, Additional Stake Purchase",Nutun Ltd announced the acquisition of WBC Holdings Pty Ltd. The transaction was announced on 9/23/2021 and is currently pending. Financial terms of the transaction are undisclosed.,ZAR,,Cash and Stock,,,,,,,,74.900002,25.100000,,,No,Financials,Financials,N,,,,,,,,Friendly,South Africa,South Africa,WBC,NTU,Common Stock,Common Stock,26656.2,5352.69,6604,1500,2243.74,,165.506,,62.4952,,3345.18,,83.828,,,23557,5542,5352.69,MA-screen (current/latest - NOT point-in-time),23557.0,FY-specific (point-in-time),26656.2,MA-screen (current/latest - NOT point-in-time),5542.0,FY-specific (point-in-time),,4,2017-10-01,2026-04-30,600,100,6600,190,84.0166666666667,4.55833333333333,6206842.1,4509870.3,137.627951296072,6.40844281790467,20520438.0,33260.2,26656.2,Large,Full (4/4),2021
228200844,M&A,2021/10/27,RBP SJ,IMP SJ,Completed,,"Company Takeover, Tender Offer, Mandatory Offer, Squeeze Out, Going Private",Impala Platinum Holdings Ltd acquired Royal Bafokeng Platinum Ltd for ZAR 39175.61M. The transaction was announced on 10/27/2021 and completed on 9/18/2023.,ZAR,Preliminary Offer,Cash and Stock,2021/10/27,,,2023/9/18,71.86,,,0.000000,100.000000,,,No,Materials,Materials,N,,Alchemy Partners/Davis Polk,,,Bofa Securities,JP Morgan/Macquarie Group/Nedbank Ltd/Standard Bank of,,Unsolicited,South Africa,South Africa,RBP,IMP,Common Stock,Common Stock,15911.3,36396.3,164710,135146,33383.8,,7450.5,,34.2411,44.7854,12462.5,73766,10.1232,31944.4,13379.4,95855,69851,31944.4,FY-specific (point-in-time),95855.0,FY-specific (point-in-time),13379.4,FY-specific (point-in-time),69851.0,FY-specific (point-in-time),39175.60,4,2017-10-01,2026-04-30,600,100,6600,190,84.0166666666667,4.55833333333333,6206842.1,4509870.3,137.627951296072,6.40844281790467,20520438.0,201106.3,36396.3,Large,Full (4/4),2021
228303895,M&A,2021/12/5,L4L SJ,OMU SJ,Withdrawn,6.2200,Company Takeover,Old Mutual Ltd announced the acquisition of Long4Life Ltd for ZAR 4329.87M.,ZAR,Negotiation,Cash,2021/12/5,,,2022/6/6,17.48,,,0.000000,100.000000,,,No,Consumer Discretionary,Financials,N,,,,,,,,Hostile to Friendly,South Africa,South Africa,L4L,OMU,Common Stock,Common Stock,3582.54,5721.8,1.36792e+06,137675,1669.9,,33.442,,26.9625,,1542.74,,3.36927,6263.253,4091.446,940682,142606,6263.253,FY-specific (point-in-time),940682.0,FY-specific (point-in-time),4091.446,FY-specific (point-in-time),142606.0,FY-specific (point-in-time),4329.90,4,2017-10-01,2026-04-30,600,100,6600,190,84.0166666666667,4.55833333333333,6206842.1,4509870.3,137.627951296072,6.40844281790467,20520438.0,1373641.8,5721.8,Large,Full (4/4),2021
228327630,M&A,2021/11/8,TKG SJ,MTN SJ,Withdrawn,,Company Takeover,MTN Group Ltd announced the acquisition of Telkom SA SOC Ltd for ZAR 41075.85M.,ZAR,,Cash and Stock,2021/11/8,,,2022/10/19,,,,0.000000,100.000000,,,No,Communications,Communications,N,,,,,,,,Unsolicited,South Africa,South Africa,TKG,MTN,Common Stock,Common Stock,44477,64418,498712,226707,,,2478,,28.8211,37.2786,18566,185913,23.0939,61386,43043,348942,179361,61386.0,FY-specific (point-in-time),348942.0,FY-specific (point-in-time),43043.0,FY-specific (point-in-time),179361.0,FY-specific (point-in-time),41075.66,4,2017-10-01,2026-04-30,600,100,6600,190,84.0166666666667,4.55833333333333,6206842.1,4509870.3,137.627951296072,6.40844281790467,20520438.0,563130.0,64418.0,Large,Full (4/4),2021
228340503,INV,2021/11/9,RBP SJ,NPH SJ,Completed,,Minority Purchase,Royal Bafokeng Holdings Pty Ltd sold a minority stake in Royal Bafokeng Platinum Ltd to Northam Platinum Holdings Ltd. The transaction was announced on 11/9/2021 and completed on 12/22/2021.,ZAR,,Cash and Stock,,,,2021/12/22,,,,0.000000,32.799999,,,No,Materials,Materials,N,,,,,,,,Friendly,South Africa,South Africa,RBP,NPH,Common Stock,Common Stock,15911.3,36396.3,71052.6,53998.6,33383.8,57444.1,7450.5,,34.2411,32.7772,12462.5,23289,2.5926,31944.4,13379.4,30667.505,17811.971,31944.4,FY-specific (point-in-time),30667.505,FY-specific (point-in-time),13379.4,FY-specific (point-in-time),17811.971,FY-specific (point-in-time),16597.89,4,2017-10-01,2026-04-30,600,100,6600,190,84.0166666666667,4.55833333333333,6206842.1,4509870.3,137.627951296072,6.40844281790467,20520438.0,107448.90000000001,36396.3,Large,Full (4/4),2021
228368383,M&A,2021/11/8,CSG SJ,AIL SJ,Completed,,"Additional Stake Purchase, Company Takeover",African Rainbow Capital Investments Ltd acquired CSG Holdings Ltd/South Africa for ZAR 138.17M. The transaction was announced on 11/8/2021 and completed on 4/26/2022.,ZAR,Preliminary Offer,Cash,2021/10/11,,,2022/4/26,11.29,,,24.802246,75.197754,,,No,Industrials,Financials,N,Cms Legal,Webber Wentzel,,,,,,Unsolicited,South Africa,South Africa,CSG,AIL,Common Stock,Common Stock,1301.93,729.55,21129,2557,183.557,,252.241,,47.6584,,347.692,,,752.287,1751.275,10002,130,752.287,FY-specific (point-in-time),10002.0,FY-specific (point-in-time),1751.275,FY-specific (point-in-time),130.0,FY-specific (point-in-time),138.17,4,2017-10-01,2026-04-30,600,100,6600,190,84.0166666666667,4.55833333333333,6206842.1,4509870.3,137.627951296072,6.40844281790467,20520438.0,22430.93,1301.93,Large,Full (4/4),2021
228422582,M&A,2021/11/17,HPA SJ,TSG SJ,Completed,,"Company Takeover, Additional Stake Purchase",Tsogo Sun Limited acquired Hospitality Property Fund Ltd. The transaction was announced on 11/17/2021 and completed on 2/2/2021. Financial terms of the transaction are undisclosed.,ZAR,,Undisclosed,,,,2021/2/2,,,,67.129997,32.869999,,,No,Real Estate,Consumer Discretionary,N,,,,,,,,Friendly,South Africa,South Africa,HPA,TSG,REIT,Common Stock,6047,13674,14695,10841,,13335,,,,7.92787,1241,1165,28.1865,10343.024,767.644,19003,11428,10343.024,FY-specific (point-in-time),19003.0,FY-specific (point-in-time),767.644,FY-specific (point-in-time),11428.0,FY-specific (point-in-time),,4,2017-10-01,2026-04-30,600,100,6600,190,84.0166666666667,4.55833333333333,6206842.1,4509870.3,137.627951296072,6.40844281790467,20520438.0,28369.0,13674.0,Large,Full (4/4),2021
228447193,M&A,2021/11/19,AVI SJ,MDLZ US,Withdrawn,,"Cross Border, Company Takeover",Mondelez International Inc announced the acquisition of AVI Ltd for ZAR 1724.60M.,ZAR,,Undisclosed,,,,2021/12/14,,,,0.000000,100.000000,,,No,Consumer Staples,Consumer Staples,N,,,,,,,,Unsolicited,South Africa,United States,AVI,MDLZ,Common Stock,Common Stock,16240.3,10388.1,1.18432e+06,689020,8250.3,344476,238.6,,53.7846,18.1166,5587.2,214558,65.9393,9768.7,13209.7,67810,26581,9768.7,FY-specific (point-in-time),67810.0,FY-specific (point-in-time),13209.7,FY-specific (point-in-time),26581.0,FY-specific (point-in-time),1724.59,4,2017-10-01,2026-04-30,600,100,6600,190,84.0166666666667,4.55833333333333,6206842.1,4509870.3,137.627951296072,6.40844281790467,20520438.0,1200560.3,16240.3,Large,Full (4/4),2021
228562668,INV,2021/12/1,GRSP SJ,ATIL MP,Completed,,"Minority Purchase, Cross Border",Astoria Investments Ltd acquired a minority stake in Goldrush Holdings Ltd. The transaction was completed on 12/1/2021.,ZAR,,Cash,,,,2021/12/1,-4.18,,,0.000000,14.800000,,,No,Financials,Financials,N,,,,,,,,Friendly,South Africa,Mauritius,GRSP,ATIL,Preference,Common Stock,1932.48,3012.47,730.957,-174.892,1923.11,,12.4706,,11.2516,,338.952,7.7096,9.14969,1040.772295,1.572101,26.548199,3.904877,1040.772295,FY-specific (point-in-time),26.548199,FY-specific (point-in-time),1.572101,FY-specific (point-in-time),3.904877,FY-specific (point-in-time),5.97,4,2017-10-01,2026-04-30,600,100,6600,190,84.0166666666667,4.55833333333333,6206842.1,4509870.3,137.627951296072,6.40844281790467,20520438.0,3743.4269999999997,3012.47,Intermediate,Full (4/4),2021
228680540,INV,2021/12/7,RVG SJ,1626311D LN,Completed,,"Cross Border, Minority Purchase",UK Climate Investments LLP acquired a minority stake in Revego Africa Energy Ltd. The transaction was completed on 12/7/2021.,USD,,Cash,,,,2021/12/7,,,,0.000000,0.000000,,,No,Financials,Financials,N,,,,,,,,Friendly,South Africa,United Kingdom,RVG,1626311D,Private Comp,Private Comp,28.8,,2790.66,,,,,,,25.6202,,714.974,,,,70.06735146552,0.09243514473549615,,Missing,70.06735146552,FY-specific (point-in-time),28.8,MA-screen (current/latest - NOT point-in-time),0.09243514473549615,FY-specific (point-in-time),315.75,4,2017-10-01,2026-04-30,600,100,6600,190,84.0166666666667,4.55833333333333,6206842.1,4509870.3,137.627951296072,6.40844281790467,20520438.0,2819.46,28.8,Small,Partial (2/4),2021
228715193,M&A,2022/11/9,RBP SJ,NPH SJ,Terminated,,"Additional Stake Purchase, Tender Offer, Mandatory Offer, Company Takeover",Northam Platinum Holdings Ltd announced the acquisition of Royal Bafokeng Platinum Ltd for ZAR 28283.27M. The transaction was announced on 11/9/2022 and terminated on 4/5/2023.,ZAR,Preliminary Offer,Cash,2021/12/9,,,2023/4/5,18.40,,,34.520000,65.480003,,,No,Materials,Materials,N,,,,,,,,Unsolicited,South Africa,South Africa,RBP,NPH,Common Stock,Common Stock,15911.3,36396.3,71052.6,53998.6,33383.8,57444.1,7450.5,,34.2411,32.7772,12462.5,23289,2.5926,35047.2,16428.7,37950.86,32626.918,35047.2,FY-specific (point-in-time),37950.86,FY-specific (point-in-time),16428.7,FY-specific (point-in-time),32626.918,FY-specific (point-in-time),28283.07,4,2017-10-01,2026-04-30,600,100,6600,190,89.7833333333334,6.85,6666581.0,4602689.5,144.840989165139,5.24096871394282,21356714.0,107448.90000000001,36396.3,Large,Full (4/4),2022
229076854,BUY,2021/10/30,SPA SJ,SPA SJ,Completed,,,,ZAR,,,,,,2022/1/11,-98.92,,,0.000000,0.000000,,,,Materials,Materials,N,,,,,,,,,South Africa,,SPA,SPA,Common Stock,Common Stock,136.755,75.502,75.502,136.755,34.514,34.514,2.505,,53.682,53.682,40.531,40.531,2.57609,71.436,123.731,71.436,123.731,71.436,FY-specific (point-in-time),71.436,FY-specific (point-in-time),123.731,FY-specific (point-in-time),123.731,FY-specific (point-in-time),8.97,4,2017-10-01,2026-04-30,600,100,6600,190,84.0166666666667,4.55833333333333,6206842.1,4509870.3,137.627951296072,6.40844281790467,20520438.0,273.51,136.755,Small,Full (4/4),2021
229276779,INV,2022/2/3,BAU SJ,RBX SJ,Completed,,"Additional Stake Purchase, Mandatory Offer, Tender Offer",Raubex Group Ltd acquired Bauba Resources Ltd for ZAR 28.73M. The transaction was announced on 2/3/2022 and completed on 6/10/2022.,ZAR,,Cash,,,,2022/6/10,12.75,,,51.000000,10.680000,,,No,Materials,Industrials,N,,,,,,,,Friendly,South Africa,South Africa,BAU,RBX,Common Stock,Common Stock,277.1,545.089,16458.7,22048.1,332.914,12251.4,7.072,,21.5724,46.8082,117.589,7704.03,10.4284,545.089,277.1,8486.556,8846.454,545.089,FY-specific (point-in-time),8486.556,FY-specific (point-in-time),277.1,FY-specific (point-in-time),8846.454,FY-specific (point-in-time),28.73,4,2017-10-01,2026-04-30,600,100,6600,190,89.7833333333334,6.85,6666581.0,4602689.5,144.840989165139,5.24096871394282,21356714.0,22593.189,545.089,Large,Full (4/4),2022
229277377,INV,2022/2/3,BAU SJ,RBX SJ,Completed,,"Additional Stake Purchase, Minority Purchase",Raubex Group Ltd acquired a minority stake in Bauba Resources Ltd. The transaction was completed on 2/3/2022.,ZAR,,Cash,,,,2022/2/3,-3.36,,,24.700001,26.299999,,,No,Materials,Industrials,N,,,,,,,,Friendly,South Africa,South Africa,BAU,RBX,Common Stock,Common Stock,277.1,545.089,16458.7,22048.1,332.914,12251.4,7.072,,21.5724,46.8082,117.589,7704.03,10.4284,545.089,277.1,8486.556,8846.454,545.089,FY-specific (point-in-time),8486.556,FY-specific (point-in-time),277.1,FY-specific (point-in-time),8846.454,FY-specific (point-in-time),60.64,4,2017-10-01,2026-04-30,600,100,6600,190,89.7833333333334,6.85,6666581.0,4602689.5,144.840989165139,5.24096871394282,21356714.0,22593.189,545.089,Large,Full (4/4),2022
229574983,M&A,2022/3/2,6648508Z GR,1995313D IM,Completed,,"Cross Border, Company Takeover",Sasol Ltd sold Hywax GmbH to AWAX SpA. The transaction was announced on 3/2/2022 and completed on 3/1/2022. Financial terms of the transaction are undisclosed.,EUR,,Undisclosed,,,,2022/3/1,,,,0.000000,100.000000,,,No,Energy,Consumer Staples,N,,,,,,,,Friendly,South Africa,Italy,6648508Z,1995313D,Private Comp,Private Comp,,4194.02,9882.88,10901.6,,,,,67.9889,59.6627,2851.47,5896.39,0.520513,267.639958,359.775034,323.161898,245.591898,267.639958,FY-specific (point-in-time),323.161898,FY-specific (point-in-time),359.775034,FY-specific (point-in-time),245.591898,FY-specific (point-in-time),,4,2017-10-01,2026-04-30,600,100,6600,190,89.7833333333334,6.85,6666581.0,4602689.5,144.840989165139,5.24096871394282,21356714.0,15095.62,4194.02,Large,Partial (3/4),2022
229700690,INV,2022/3/9,LHC SJ,INL SJ,Completed,,Minority Purchase,Investec Ltd acquired a minority stake in Life Healthcare Group Holdings Ltd. The transaction was completed on 3/9/2022. Financial terms of the transaction are undisclosed.,ZAR,,Undisclosed,,,,2022/3/9,,,,0.000000,9.400000,,,No,Health Care,Financials,N,,,,,,,,Friendly,South Africa,South Africa,LHC,INL,Common Stock,Common Stock,25104,25690,1.43453e+06,111529,,,4247,,32.9506,,8465,,9.32369,40781,26885,51450.473,2785.07,40781.0,FY-specific (point-in-time),51450.473,FY-specific (point-in-time),26885.0,FY-specific (point-in-time),2785.07,FY-specific (point-in-time),,4,2017-10-01,2026-04-30,600,100,6600,190,89.7833333333334,6.85,6666581.0,4602689.5,144.840989165139,5.24096871394282,21356714.0,1460220.0,25690.0,Large,Full (4/4),2022
229727725,INV,2022/3/15,REN SJ,IVN CN,Completed,,"Cross Border, Minority Purchase, Private Placement",Ivanhoe Mines Ltd acquired a minority stake in Renergen Ltd. The transaction was completed on 3/15/2022.,ZAr,,Cash,,,,2022/3/15,,,,0.000000,4.350000,,,No,Financials,Materials,N,,,,,,,,Friendly,South Africa,Canada,REN,IVN,Common Stock,Common Stock,52.113,2349.17,126337,7895.83,2146.79,43230.1,75.522,,4.81671,14.8853,113.153,18805.6,51.4859,780.362,1.925,3218.206,0,780.362,FY-specific (point-in-time),3218.206,FY-specific (point-in-time),1.925,FY-specific (point-in-time),0.0,FY-specific (point-in-time),2.01,4,2017-10-01,2026-04-30,600,100,6600,190,89.7833333333334,6.85,6666581.0,4602689.5,144.840989165139,5.24096871394282,21356714.0,128686.17,2349.17,Large,Full (4/4),2022
230511032,M&A,2022/5/24,4496203Z LN,0369050D LN,Completed,,"Company Takeover, Cross Border, Private Equity, PE Buyout",DataTec Ltd sold Analysys Mason Ltd to Bridgepoint Advisers II Ltd for GBP 210.00M. The transaction was announced on 05/24/2022 and completed on 09/27/2022.,GBP,,Cash,2022/5/24,,,2022/9/27,,,,0.000000,100.000000,,,No,Industrials,Financials,N,Clifford Chance/Dla Piper Llp,Hengeler Mueller,,,,Rothschild & Co,,Friendly,South Africa,United Kingdom,4496203Z,0369050D,Private Comp,Private Comp,1550.23,2064.99,2545.26,1166.73,,,353.494,,52.3149,99.4657,1080.3,2531.66,,63.42034631625,58.49948698190756,65.62344135372,38.809834567005154,63.42034631625,FY-specific (point-in-time),65.62344135372,FY-specific (point-in-time),58.49948698190756,FY-specific (point-in-time),38.809834567005154,FY-specific (point-in-time),4130.29,4,2017-10-01,2026-04-30,600,100,6600,190,89.7833333333334,6.85,6666581.0,4602689.5,144.840989165139,5.24096871394282,21356714.0,4610.25,2064.99,Intermediate,Full (4/4),2022
230791796,INV,2022/6/21,BAU SJ,RBX SJ,Completed,,"Tender Offer, Additional Stake Purchase",Raubex Group Ltd acquired Bauba Resources Ltd for ZAR 35.75M. The transaction was announced on 6/21/2022 and completed on 8/23/2022.,ZAR,,Cash,,,,2022/8/23,1.82,,,61.680000,13.290000,,,No,Materials,Industrials,N,,Dla Piper Llp,,,,,,Friendly,South Africa,South Africa,BAU,RBX,Common Stock,Common Stock,277.1,545.089,16458.7,22048.1,332.914,12251.4,7.072,,21.5724,46.8082,117.589,7704.03,10.4284,545.089,277.1,8486.556,8846.454,545.089,FY-specific (point-in-time),8486.556,FY-specific (point-in-time),277.1,FY-specific (point-in-time),8846.454,FY-specific (point-in-time),35.75,4,2017-10-01,2026-04-30,600,100,6600,190,89.7833333333334,6.85,6666581.0,4602689.5,144.840989165139,5.24096871394282,21356714.0,22593.189,545.089,Large,Full (4/4),2022
231027846,M&A,2022/7/13,TPF SJ,EMI SJ,Completed,,"Additional Stake Purchase, Company Takeover, Tender Offer",Emira Property Fund Ltd acquired Transcend Residential Property Fund Ltd for ZAR 1391.67M. The transaction was announced on 7/13/2022 and completed on 11/14/2023.,ZAR,,Cash,,,,2023/11/14,-6.39,,,40.689999,59.310001,,,No,Real Estate,Real Estate,N,,White & Case LLP,,,,,,Friendly,South Africa,South Africa,TPF,EMI,REIT,REIT,,2310.88,16388.7,1459.26,,,,,,,106.867,1808.18,36.0209,2522.526,309.468,13281.37,1476.324,2522.526,FY-specific (point-in-time),13281.37,FY-specific (point-in-time),309.468,FY-specific (point-in-time),1476.324,FY-specific (point-in-time),1391.67,4,2017-10-01,2026-04-30,600,100,6600,190,89.7833333333334,6.85,6666581.0,4602689.5,144.840989165139,5.24096871394282,21356714.0,18699.58,2310.88,Large,Partial (3/4),2022
231488361,M&A,2022/9/1,MSM SJ,WMT US,Completed,,"Cross Border, Additional Stake Purchase, Company Takeover",Walmart Inc acquired Massmart Holdings Ltd for ZAR 6415.60M. The transaction was announced on 9/1/2022 and completed on 11/22/2022.,ZAR,Preliminary Offer,Cash,2022/8/29,,,2022/11/22,47.64,,,52.779999,47.220001,,,No,Consumer Staples,Consumer Staples,N,Edward Nathan,Webber Wentzel,,White & Case LLP,Standard Bank of,Goldman Sachs,,Friendly,South Africa,United States,MSM,WMT,Common Stock,Common Stock,77621.6,40144.7,4.59124e+06,1.26023e+07,26034.2,4.47231e+06,1719.7,,42.1331,29.8151,16914.2,1.36888e+06,15.0484,40144.7,77621.6,252496,559151,40144.7,FY-specific (point-in-time),252496.0,FY-specific (point-in-time),77621.6,FY-specific (point-in-time),559151.0,FY-specific (point-in-time),6415.59,4,2017-10-01,2026-04-30,600,100,6600,190,89.7833333333334,6.85,6666581.0,4602689.5,144.840989165139,5.24096871394282,21356714.0,12679921.6,77621.6,Large,Full (4/4),2022
231703275,M&A,2022/9/19,SMA SJ,SINOSZ CH,Completed,,"Majority Purchase, Cross Border",Sinosteel Corp acquired Samancor Chrome Ltd. The transaction was completed on 9/19/2022. Financial terms of the transaction are undisclosed.,USD,,Undisclosed,,,,2022/9/19,,,,0.000000,0.000000,,,No,Materials,Materials,N,,Clifford Chance,,,,,,Friendly,South Africa,China,SMA,SINOSZ,Common Stock,Common Stock,4082.13,6260.85,134580,201554,2825.33,37765.4,248.852,,44.1168,68.9885,2762.08,92844.4,5.7935,,,,,6260.85,MA-screen (current/latest - NOT point-in-time),134580.0,MA-screen (current/latest - NOT point-in-time),4082.13,MA-screen (current/latest - NOT point-in-time),201554.0,MA-screen (current/latest - NOT point-in-time),,4,2017-10-01,2026-04-30,600,100,6600,190,89.7833333333334,6.85,6666581.0,4602689.5,144.840989165139,5.24096871394282,21356714.0,207814.85,6260.85,Large,Full (4/4),2022
231924572,M&A,2022/10/11,ACT SJ,SLM SJ,Pending,6.0000,"Private Placement, Tender Offer, Majority Purchase, Additional Stake Purchase",Sanlam Ltd announced the acquisition of AfroCentric Investment Corp Ltd for ZAR 2840.06M. The transaction was announced on 10/11/2022 and is currently pending.,ZAR,Preliminary Offer,Cash,2022/10/11,,,,50.11,,757.1400,16.100000,43.900002,,,No,Consumer Staples,Financials,N,,,,,,,,Friendly,South Africa,South Africa,ACT,SLM,Common Stock,Common Stock,7358.39,4180.45,1.2957e+06,237116,1643.95,,1075.36,,50.1091,,2094.79,,9.10575,5114.366,8074.418,1056178,178056,5114.366,FY-specific (point-in-time),1056178.0,FY-specific (point-in-time),8074.418,FY-specific (point-in-time),178056.0,FY-specific (point-in-time),2840.05,4,2017-10-01,2026-04-30,600,100,6600,190,89.7833333333334,6.85,6666581.0,4602689.5,144.840989165139,5.24096871394282,21356714.0,1303058.39,7358.39,Large,Full (4/4),2022
232541872,INV,2022/12/12,SAR SJ,HET SJ,Completed,,Additional Stake Purchase,Heriot Reit Ltd acquired Safari Investments RSA Ltd for ZAR 132.29M. The transaction was announced on 12/12/2022 and completed on 12/9/2022.,ZAR,,Cash,,,,2022/12/9,-2.56,,,40.700001,7.600000,,,No,Consumer Discretionary,Real Estate,N,,,,,,,,Friendly,South Africa,South Africa,SAR,HET,REIT,REIT,627.502,4581.11,13608.1,1750.07,,,,,,,557.124,507.735,6.3103,3554.149,353.514,4948.137,514.184,3554.149,FY-specific (point-in-time),4948.137,FY-specific (point-in-time),353.514,FY-specific (point-in-time),514.184,FY-specific (point-in-time),132.29,4,2017-10-01,2026-04-30,600,100,6600,190,89.7833333333334,6.85,6666581.0,4602689.5,144.840989165139,5.24096871394282,21356714.0,18189.21,4581.11,Large,Full (4/4),2022
233110789,INV,2023/2/6,SPP SJ,OMU SJ,Completed,,Minority Purchase,Old Mutual Ltd acquired a minority stake in SPAR Group Ltd/The. The transaction was completed on 2/6/2023. Financial terms of the transaction are undisclosed.,ZAr,,Undisclosed,,,,2023/2/6,,,,0.000000,5.050000,,,No,Consumer Staples,Financials,N,,,,,,,,Friendly,South Africa,South Africa,SPP,OMU,Common Stock,Common Stock,131458,46212.1,1.36792e+06,137675,17674,,3710,,57.1681,,26418.6,,3.36927,57118.2,135609.1,1064745,81550,57118.2,FY-specific (point-in-time),1064745.0,FY-specific (point-in-time),135609.1,FY-specific (point-in-time),81550.0,FY-specific (point-in-time),,4,2017-10-01,2026-04-30,600,100,6600,190,95.0833333333333,5.90833333333333,7037674.4,4639792.0,151.680816726267,4.72230105618063,19023628.0,1499378.0,131458.0,Large,Full (4/4),2023
233519608,M&A,2023/3/14,ILU SJ,SAC SJ,Completed,,Company Takeover,SA Corporate Real Estate Ltd acquired Indluplace Properties Ltd for ZAR 1086.25M. The transaction was announced on 3/14/2023 and completed on 7/26/2023.,ZAR,,Cash,,,,2023/7/26,14.06,,,0.000000,100.000000,,,No,Real Estate,Real Estate,N,,,,,,,,Friendly,South Africa,South Africa,ILU,SAC,REIT,REIT,583.693,3524.46,21463.5,2922.45,,,,,,,101.899,771.525,15.5714,3524.455752,583.692659,17533.845,2042.494,3524.455752,FY-specific (point-in-time),17533.845,FY-specific (point-in-time),583.692659,FY-specific (point-in-time),2042.494,FY-specific (point-in-time),1086.26,4,2017-10-01,2026-04-30,600,100,6600,190,95.0833333333333,5.90833333333333,7037674.4,4639792.0,151.680816726267,4.72230105618063,19023628.0,24987.96,3524.46,Large,Full (4/4),2023
233545205,INV,2023/3/16,SCATC NO,EQNR NO,Completed,,"Cross Border, Minority Purchase",Equinor ASA acquired a minority stake in Scatec ASA. The transaction was completed on 3/16/2023.,NOK,,Cash,,,,2023/3/16,,,,0.000000,3.100000,,,No,Utilities,Energy,N,,,,,,,,Friendly,South Africa,Norway,SCATC,EQNR,Common Stock,Common Stock,9020.04,82424.3,2.18231e+06,1.89215e+06,60503.1,3.46662e+06,2001.05,,14.3213,29.5611,11804.2,645115,17.1833,36730,3751,158021,149004,36730.0,FY-specific (point-in-time),158021.0,FY-specific (point-in-time),3751.0,FY-specific (point-in-time),149004.0,FY-specific (point-in-time),521.96,4,2017-10-01,2026-04-30,600,100,6600,190,95.0833333333333,5.90833333333333,7037674.4,4639792.0,151.680816726267,4.72230105618063,19023628.0,2264734.3,82424.3,Large,Full (4/4),2023
23401098,BUY,2006/9/27,EXX SJ,EXX SJ,Pending,,,,ZAR,,,,,,2006/11/24,,,,0.000000,0.000000,,,,Materials,Materials,N,,,,,,Rand Merchant Bk,,,South Africa,,EXX,EXX,Common Stock,Common Stock,41771,103210,103210,41771,,,641,,31.6471,31.6471,32663,32663,,14425,5308,14425,5308,14425.0,FY-specific (point-in-time),14425.0,FY-specific (point-in-time),5308.0,FY-specific (point-in-time),5308.0,FY-specific (point-in-time),1762.85,2,2001-02-01,2009-03-31,200,30,3500,100,36.9166666666667,4.64166666666667,2057593.9,3602578.7,57.114474695584,6.06463577535368,5041515.0,206420.0,103210.0,Large,Full (4/4),2006
234159417,INV,2023/5/11,ENX SJ,AXL SJ,Completed,,"Tender Offer, Additional Stake Purchase, Mandatory Offer",African Phoenix Investments Ltd acquired enX Group Ltd for ZAR 3.16M. The transaction was announced on 5/11/2023 and completed on 9/18/2023.,ZAR,,Cash,,,,2023/9/18,-1.95,,,48.799999,0.270000,,,No,Industrials,Financials,N,,,,,,,,Friendly,South Africa,South Africa,ENX,AXL,Common Stock,Common Stock,378.355,1554.24,1400.32,102.993,110.766,,1000.78,,88.9072,,1381.83,,14.7271,5888.657,3330.535,,,5888.657,FY-specific (point-in-time),1400.32,MA-screen (current/latest - NOT point-in-time),3330.535,FY-specific (point-in-time),102.993,MA-screen (current/latest - NOT point-in-time),3.16,4,2017-10-01,2026-04-30,600,100,6600,190,95.0833333333333,5.90833333333333,7037674.4,4639792.0,151.680816726267,4.72230105618063,19023628.0,2954.56,1554.24,Intermediate,Full (4/4),2023
234356811,M&A,2023/5/31,RBP SJ,IMP SJ,Completed,,"Majority Purchase, Additional Stake Purchase",Public Investment Corp Ltd sold Royal Bafokeng Platinum Ltd to Impala Platinum Holdings Ltd. The transaction was completed on 5/31/2023. Financial terms of the transaction are undisclosed.,ZAR,,Undisclosed,,,,2023/5/31,,,,46.200001,9.260000,,,No,Materials,Materials,N,,,,,,,,Friendly,South Africa,South Africa,RBP,IMP,Common Stock,Common Stock,15911.3,36396.3,164710,135146,33383.8,,7450.5,,34.2411,44.7854,12462.5,73766,10.1232,36396.3,15911.3,156087,118332,36396.3,FY-specific (point-in-time),156087.0,FY-specific (point-in-time),15911.3,FY-specific (point-in-time),118332.0,FY-specific (point-in-time),,4,2017-10-01,2026-04-30,600,100,6600,190,95.0833333333333,5.90833333333333,7037674.4,4639792.0,151.680816726267,4.72230105618063,19023628.0,201106.3,36396.3,Large,Full (4/4),2023
234473181,INV,2023/6/9,RBP SJ,IMP SJ,Pending,,Additional Stake Purchase,Impala Platinum Holdings Ltd announced the acquisition of Royal Bafokeng Platinum Ltd. The transaction was announced on 6/9/2023 and is currently pending. Financial terms of the transaction are undisclosed.,ZAR,,Undisclosed,,,,,,,,55.720001,0.298400,,,No,Materials,Materials,N,,,,,,,,Friendly,South Africa,South Africa,RBP,IMP,Common Stock,Common Stock,15911.3,36396.3,164710,135146,33383.8,,7450.5,,34.2411,44.7854,12462.5,73766,10.1232,36396.3,15911.3,156087,118332,36396.3,FY-specific (point-in-time),156087.0,FY-specific (point-in-time),15911.3,FY-specific (point-in-time),118332.0,FY-specific (point-in-time),,4,2017-10-01,2026-04-30,600,100,6600,190,95.0833333333333,5.90833333333333,7037674.4,4639792.0,151.680816726267,4.72230105618063,19023628.0,201106.3,36396.3,Large,Full (4/4),2023
234886690,M&A,2023/7/3,RBP SJ,IMP SJ,Completed,,"Additional Stake Purchase, Mandatory Offer, Majority Purchase, Tender Offer, Squeeze Out",Northam Platinum Holdings Ltd sold Royal Bafokeng Platinum Ltd to Impala Platinum Holdings Ltd for ZAR 13381.18M. The transaction was announced on 7/3/2023 and completed on 9/18/2023.,ZAR,,Cash and Stock,,,,2023/9/18,1.01,,,56.430000,34.520000,,,No,Materials,Materials,N,,,,,Rothschild & Co,JP Morgan/Macquarie Group,,Friendly,South Africa,South Africa,RBP,IMP,Common Stock,Common Stock,15911.3,36396.3,164710,135146,33383.8,,7450.5,,34.2411,44.7854,12462.5,73766,10.1232,36396.3,15911.3,156087,118332,36396.3,FY-specific (point-in-time),156087.0,FY-specific (point-in-time),15911.3,FY-specific (point-in-time),118332.0,FY-specific (point-in-time),13358.81,4,2017-10-01,2026-04-30,600,100,6600,190,95.0833333333333,5.90833333333333,7037674.4,4639792.0,151.680816726267,4.72230105618063,19023628.0,201106.3,36396.3,Large,Full (4/4),2023
234968748,M&A,2023/7/27,L2D SJ,SBK SJ,Completed,,"Additional Stake Purchase, Company Takeover",Standard Bank Group Ltd acquired Liberty Two Degrees Ltd for ZAR 1966.33M. The transaction was announced on 7/27/2023 and completed on 11/14/2024.,ZAR,,Cash,,,,2024/11/14,46.96,,,61.000000,39.000000,,,No,Real Estate,Financials,N,,,,,,,,Friendly,South Africa,South Africa,L2D,SBK,REIT,Common Stock,1029.59,8804.44,3.62085e+06,307016,,,,,,,548.899,,5.63748,8804.437,1029.588,2882397,213420,8804.437,FY-specific (point-in-time),2882397.0,FY-specific (point-in-time),1029.588,FY-specific (point-in-time),213420.0,FY-specific (point-in-time),1980.08,4,2017-10-01,2026-04-30,600,100,6600,190,95.0833333333333,5.90833333333333,7037674.4,4639792.0,151.680816726267,4.72230105618063,19023628.0,3629654.44,8804.44,Large,Full (4/4),2023
235278150,INV,2023/8/24,NPH SJ,OMU SJ,Completed,,Minority Purchase,Old Mutual Ltd acquired a minority stake in Northam Platinum Holdings Ltd. The transaction was completed on 8/24/2023. Financial terms of the transaction are undisclosed.,ZAr,,Undisclosed,,,,2023/8/24,,,,0.000000,5.000000,,,No,Materials,Financials,N,,,,,,,,Friendly,South Africa,South Africa,NPH,OMU,Common Stock,Common Stock,53998.6,71052.6,1.36792e+06,137675,57444.1,,2763.66,,32.7772,,23289,,3.36927,57351.141,34064.27,1064745,81550,57351.141,FY-specific (point-in-time),1064745.0,FY-specific (point-in-time),34064.27,FY-specific (point-in-time),81550.0,FY-specific (point-in-time),,4,2017-10-01,2026-04-30,600,100,6600,190,95.0833333333333,5.90833333333333,7037674.4,4639792.0,151.680816726267,4.72230105618063,19023628.0,1438972.6,71052.6,Large,Full (4/4),2023
235627394,INV,2023/9/26,SSW SJ,UBSG SW,Completed,,"Cross Border, Minority Purchase",UBS Group AG acquired a minority stake in Sibanye Stillwater Ltd. The transaction was completed on 9/26/2023. Financial terms of the transaction are undisclosed.,ZAR,,Undisclosed,,,,2023/9/26,,,,0.000000,5.070000,,,No,Materials,Financials,N,,,,,,,,Friendly,South Africa,Switzerland,SSW,UBSG,Common Stock,Common Stock,129677,149737,2.67958e+07,1.40867e+06,204861,,3974,,40.5731,,60753,,14.266,166631,138288,1104364,42949,166631.0,FY-specific (point-in-time),1104364.0,FY-specific (point-in-time),138288.0,FY-specific (point-in-time),42949.0,FY-specific (point-in-time),,4,2017-10-01,2026-04-30,600,100,6600,190,95.0833333333333,5.90833333333333,7037674.4,4639792.0,151.680816726267,4.72230105618063,19023628.0,26945537.0,149737.0,Large,Full (4/4),2023
235798354,M&A,2023/10/10,MIX SJ,AIOT US,Completed,,"Company Takeover, Cross Border",Powerfleet Inc acquired MiX Telematics Ltd for USD 303.19M. The transaction was announced on 10/10/2023 and completed on 3/26/2024.,USD,,Stock,,,,2024/3/26,9.01,,,0.000000,100.000000,,,No,Technology,Technology,N,Dla Piper Llp,Olshan Frome/Webber Wentzel,,Latham & Watkins,Java Capital/Raymond James,,,Friendly,South Africa,United States,MIX,AIOT,Common Stock,Common Stock,2465.63,3131.15,16248.7,7701.65,1529.74,1956.94,190.302,,39.497,18.7512,1236.71,3046.83,73.0556,180.554,143.294,218.056,135.912,180.554,FY-specific (point-in-time),218.056,FY-specific (point-in-time),143.294,FY-specific (point-in-time),135.912,FY-specific (point-in-time),5775.04,4,2017-10-01,2026-04-30,600,100,6600,190,95.0833333333333,5.90833333333333,7037674.4,4639792.0,151.680816726267,4.72230105618063,19023628.0,19379.850000000002,3131.15,Large,Full (4/4),2023
236576455,M&A,2023/12/18,PTG SJ,SUI SJ,Withdrawn,,Company Takeover,"With no further information disclosed, this proposal has been withdrawn 06/19/2024.Sun International Ltd/South Africa proposed to acquire Peermont Global Pty Ltd. The transaction was proposed on 12/18/2023. Financial terms of the transaction are unknown.",ZAR,,Cash,2023/12/18,,,2024/6/19,,,,0.000000,100.000000,,,No,Consumer Discretionary,Consumer Discretionary,N,,,,,,,,Friendly,South Africa,South Africa,PTG,SUI,Private Comp,Common Stock,35255,8907,13642,12979,,17807,14.4,,4.52453,12.2929,403,1677,17.4608,,,13546,11302,8907.0,MA-screen (current/latest - NOT point-in-time),13546.0,FY-specific (point-in-time),35255.0,MA-screen (current/latest - NOT point-in-time),11302.0,FY-specific (point-in-time),,4,2017-10-01,2026-04-30,600,100,6600,190,95.0833333333333,5.90833333333333,7037674.4,4639792.0,151.680816726267,4.72230105618063,19023628.0,48897.0,35255.0,Large,Full (4/4),2023
236723211,INV,2009/2/4,EFG SJ,TBE SJ,Completed,,Minority Purchase,Thebe Financial Services Ltd acquired a minority stake in Efficient Group Ltd. The transaction was completed on 2/4/2009. Financial terms of the transaction are undisclosed.,ZAR,,Undisclosed,,,,2009/2/4,,,,0.000000,25.100000,,,No,Financials,Financials,N,,,,,,,,Friendly,South Africa,South Africa,EFG,TBE,Common Stock,Common Stock,1073.37,673.756,717.402,939.202,74.802,,14.868,357.975,28.0443,,188.95,,,,,,,673.756,MA-screen (current/latest - NOT point-in-time),717.402,MA-screen (current/latest - NOT point-in-time),1073.37,MA-screen (current/latest - NOT point-in-time),939.202,MA-screen (current/latest - NOT point-in-time),,2,2001-02-01,2009-03-31,200,30,3500,100,47.0166666666667,7.14166666666667,2794228.4,3856572.1,72.4536797846979,8.66304177846167,5929063.0,2012.572,1073.37,Intermediate,Full (4/4),2009
236973538,INV,2024/1/25,2106636D SJ,LAZ US,Completed,,"Minority Purchase, Cross Border",Lazard Inc acquired a minority stake in Life Healthcare Funding Ltd. The transaction was completed on 1/25/2024. Financial terms of the transaction are undisclosed.,USD,,Undisclosed,,,,2024/1/25,,,,0.000000,10.100000,,,No,Health Care,Financials,N,,,,,,,,Friendly,South Africa,United States,2106636D,LAZ,Private Comp,Common Stock,,2522.43,81852.6,56972.2,,14360.6,0.285001,,0.884837,,22.3194,,23.5986,1027.540372,0,4635.781,2593.162,1027.540372,FY-specific (point-in-time),4635.781,FY-specific (point-in-time),0.0,FY-specific (point-in-time),2593.162,FY-specific (point-in-time),,4,2017-10-01,2026-04-30,600,100,6600,190,99.2916666666667,4.43333333333333,7352449.5,4664607.7,157.622033252657,3.91692018451606,19239200.0,84375.03,2522.43,Large,Partial (3/4),2024
237074426,M&A,2024/4/8,MCG SJ,CAN LN,Completed,,"Company Takeover, Cross Border, Additional Stake Purchase, Mandatory Offer, Squeeze Out, Tender Offer",Canal+ SA acquired MultiChoice Group for ZAR 52459.62M. The transaction was announced on 4/8/2024 and completed on 12/10/2025.,ZAR,Preliminary Offer,Cash,2024/2/1,,,2025/12/10,13.24,,,35.009998,64.989998,,,No,Communications,Communications,N,,Bowmans/Mauritiu/Bryan Cave Leigh/Cleary Gottlieb,,,Citi/Morgan Stanley,Bofa Securities/JP Morgan/Societe Generale,,Friendly,South Africa,France,MCG,CAN,Common Stock,Common Stock,49980,39244,239031,140282,17403,44252,8484,,43.7774,30.2017,17180,72191.5,59.2647,47610,58424,8912,6223,47610.0,FY-specific (point-in-time),8912.0,FY-specific (point-in-time),58424.0,FY-specific (point-in-time),6223.0,FY-specific (point-in-time),52459.65,4,2017-10-01,2026-04-30,600,100,6600,190,99.2916666666667,4.43333333333333,7352449.5,4664607.7,157.622033252657,3.91692018451606,19239200.0,289011.0,49980.0,Large,Full (4/4),2024
237243876,INV,2024/2/14,SSW SJ,JPM US,Completed,,"Cross Border, Minority Purchase",JPMorgan Chase & Co acquired a minority stake in Sibanye Stillwater Ltd. The transaction was completed on 2/14/2024. Financial terms of the transaction are undisclosed.,ZAR,,Undisclosed,,,,2024/2/14,,,,0.000000,5.640000,,,No,Materials,Financials,N,,,,,,,,Friendly,South Africa,United States,SSW,JPM,Common Stock,Common Stock,129677,149737,7.33069e+07,5.01241e+06,204861,,3974,,40.5731,,60753,,9.57554,142941,113684,3875393,239425,142941.0,FY-specific (point-in-time),3875393.0,FY-specific (point-in-time),113684.0,FY-specific (point-in-time),239425.0,FY-specific (point-in-time),,4,2017-10-01,2026-04-30,600,100,6600,190,99.2916666666667,4.43333333333333,7352449.5,4664607.7,157.622033252657,3.91692018451606,19239200.0,73456637.0,149737.0,Large,Full (4/4),2024
237327252,INV,2024/2/21,HYP SJ,184023Z SJ,Completed,,Minority Purchase,Public Investment Corp Ltd acquired a minority stake in Hyprop Investments Ltd. The transaction was completed on 2/21/2024. Financial terms of the transaction are undisclosed.,ZAR,,Undisclosed,,,,2024/2/21,,,,0.000000,20.180000,,,No,Real Estate,Financials,N,,,,,,,,Friendly,South Africa,South Africa,HYP,184023Z,REIT,Private Comp,5111.66,42362.5,4617.25,1261.76,,185.389,,,,85.5959,2130.62,3952.18,12.1495,39870.697,4373.94,4530.826,1220.432,39870.697,FY-specific (point-in-time),4530.826,FY-specific (point-in-time),4373.94,FY-specific (point-in-time),1220.432,FY-specific (point-in-time),,4,2017-10-01,2026-04-30,600,100,6600,190,99.2916666666667,4.43333333333333,7352449.5,4664607.7,157.622033252657,3.91692018451606,19239200.0,46979.75,42362.5,Large,Full (4/4),2024
237397927,INV,2024/2/27,OCT SJ,OMU SJ,Completed,,Minority Purchase,Old Mutual Ltd acquired a minority stake in Octodec Investments Ltd. The transaction was completed on 2/27/2024. Financial terms of the transaction are undisclosed.,USD,,Undisclosed,,,,2024/2/27,,,,0.000000,5.160000,,,No,Real Estate,Financials,N,,,,,,,,Friendly,South Africa,South Africa,OCT,OMU,REIT,Common Stock,2172.6,11479.6,1.36792e+06,137675,,,,,,,338.618,,3.36927,11490.519,1982.537,1157026,105803,11490.519,FY-specific (point-in-time),1157026.0,FY-specific (point-in-time),1982.537,FY-specific (point-in-time),105803.0,FY-specific (point-in-time),,4,2017-10-01,2026-04-30,600,100,6600,190,99.2916666666667,4.43333333333333,7352449.5,4664607.7,157.622033252657,3.91692018451606,19239200.0,1379399.6,11479.6,Large,Full (4/4),2024
237568685,INV,2024/3/8,LEAT US,ATIL MP,Pending,,"Additional Stake Purchase, Cross Border",Astoria Investments Ltd announced the acquisition of Leatt Corp for USD 3.65M. The transaction was announced on 3/8/2024 and is currently pending.,USD,,Cash and Stock,,,,,,,,2.300000,6.540000,,,No,Consumer Discretionary,Financials,N,,,,,,,,Friendly,South Africa,Mauritius,LEAT,ATIL,Common Stock,Common Stock,1106.88,862.24,730.957,-174.892,248.946,,96.2648,,91.4602,,788.607,7.7096,9.14969,47.607372,47.241187,44.70159,-0.858268,47.607372,FY-specific (point-in-time),44.70159,FY-specific (point-in-time),47.241187,FY-specific (point-in-time),-0.858268,FY-specific (point-in-time),68.35,4,2017-10-01,2026-04-30,600,100,6600,190,99.2916666666667,4.43333333333333,7352449.5,4664607.7,157.622033252657,3.91692018451606,19239200.0,1837.837,1106.88,Intermediate,Full (4/4),2024
237614359,M&A,2024/3/14,CGN SJ,CAT SJ,Completed,,"Additional Stake Purchase, Company Takeover",Caxton and CTP Publishers and Printers Ltd acquired Cognition Holdings Ltd for ZAR 60.05M. The transaction was announced on 3/14/2024 and completed on 6/11/2024.,ZAR,,Cash,,,,2024/6/11,3.08,,,75.519997,24.480000,,,No,Industrials,Communications,N,,,,,,,,Friendly,South Africa,South Africa,CGN,CAT,Common Stock,Common Stock,79.2048,266.275,9900.11,6587.81,2.40972,6416.92,1.04052,,92.1154,58.626,245.28,5804.03,1.95631,266.274763,79.204753,9176.015,6974.558,266.274763,FY-specific (point-in-time),9176.015,FY-specific (point-in-time),79.204753,FY-specific (point-in-time),6974.558,FY-specific (point-in-time),60.06,4,2017-10-01,2026-04-30,600,100,6600,190,99.2916666666667,4.43333333333333,7352449.5,4664607.7,157.622033252657,3.91692018451606,19239200.0,10166.385,266.275,Large,Full (4/4),2024
238050860,INV,2024/4/23,LEW SJ,CML SJ,Completed,,Minority Purchase,Coronation Fund Managers Ltd acquired a minority stake in Lewis Group Ltd. The transaction was completed on 4/23/2024. Financial terms of the transaction are undisclosed.,ZAR,,Undisclosed,,,,2024/4/23,,,,0.000000,25.280001,,,No,Consumer Discretionary,Financials,N,,,,,,,,Friendly,South Africa,South Africa,LEW,CML,Common Stock,Common Stock,10319.9,9159.1,100234,4556,,,451.6,,80.6367,,7385.6,,96.0423,7047.3,7483,65337,3883,7047.3,FY-specific (point-in-time),65337.0,FY-specific (point-in-time),7483.0,FY-specific (point-in-time),3883.0,FY-specific (point-in-time),,4,2017-10-01,2026-04-30,600,100,6600,190,99.2916666666667,4.43333333333333,7352449.5,4664607.7,157.622033252657,3.91692018451606,19239200.0,110553.9,10319.9,Large,Full (4/4),2024
238068990,M&A,2024/4/24,AAL LN,BHP AU,Withdrawn,28.3400,"Cross Border, Company Takeover, Tender Offer",BHP Group Ltd announced the acquisition of Anglo American PLC for GBP 33773.13M.,GBP,Preliminary Offer,Stock,2024/4/24,2024/5/13,,2024/5/29,,,-28.3700,0.000000,100.000000,,,No,Materials,Materials,N,Linklaters,,,,Centerview/Goldman Sachs/Morgan Stanley,Barclays/Lazard,,Unsolicited,South Africa,Australia,AAL,BHP,Common Stock,Common Stock,331592,927647,1.99035e+06,993192,1.16555e+06,2.67135e+06,104256,,32.3445,25.5653,300043,508839,8.42677,66544,30652,101296,53817,66544.0,FY-specific (point-in-time),101296.0,FY-specific (point-in-time),30652.0,FY-specific (point-in-time),53817.0,FY-specific (point-in-time),807259.62,4,2017-10-01,2026-04-30,600,100,6600,190,99.2916666666667,4.43333333333333,7352449.5,4664607.7,157.622033252657,3.91692018451606,19239200.0,2917997.0,927647.0,Large,Full (4/4),2024
238183413,M&A,2024/5/2,AAL LN,GLEN LN,Withdrawn,,"Cross Border, Company Takeover",With no further information the deal has been withdrawn on 11/03/2024. Glencore PLC proposed to acquire Anglo American PLC. The transaction was proposed on 5/2/2024. Financial terms of the transaction are unknown.,USD,,Undisclosed,2024/5/2,,,2024/11/3,,,,0.000000,100.000000,,,No,Materials,Materials,N,,,,,,,,Friendly,South Africa,Australia,AAL,GLEN,Common Stock,Common Stock,331592,927647,2.3558e+06,4.42579e+06,1.16555e+06,2.07326e+06,104256,,32.3445,47.1382,300043,1.11048e+06,15.5711,66544,30652,123869,217829,66544.0,FY-specific (point-in-time),123869.0,FY-specific (point-in-time),30652.0,FY-specific (point-in-time),217829.0,FY-specific (point-in-time),,4,2017-10-01,2026-04-30,600,100,6600,190,99.2916666666667,4.43333333333333,7352449.5,4664607.7,157.622033252657,3.91692018451606,19239200.0,5353437.0,927647.0,Large,Full (4/4),2024
238300982,M&A,2024/5/13,AAL LN,RIO LN,Withdrawn,,"Cross Border, Competing Bid, Company Takeover","With no further information, the deal has been withdrawn on 11/13/2024. Rio Tinto PLC proposed to acquire Anglo American PLC for GBP 8602.48M. The transaction was proposed on 5/13/2024.",GBP,,Undisclosed,2024/5/13,,,2024/11/13,,,,0.000000,100.000000,,,No,Materials,Materials,N,,,,,,,,Friendly,South Africa,Australia,AAL,RIO,Common Stock,Common Stock,331592,927647,2.12225e+06,1.03054e+06,1.16555e+06,2.66035e+06,104256,,32.3445,16.8374,300043,357331,16.4135,66544,30652,103549,54041,66544.0,FY-specific (point-in-time),103549.0,FY-specific (point-in-time),30652.0,FY-specific (point-in-time),54041.0,FY-specific (point-in-time),198194.80,4,2017-10-01,2026-04-30,600,100,6600,190,99.2916666666667,4.43333333333333,7352449.5,4664607.7,157.622033252657,3.91692018451606,19239200.0,3049897.0,927647.0,Large,Full (4/4),2024
238772368,INV,2024/6/25,PPH SJ,184023Z SJ,Completed,,Minority Purchase,Public Investment Corp Ltd acquired a minority stake in Pepkor Holdings Ltd. The transaction was completed on 6/25/2024. Financial terms of the transaction are undisclosed.,ZAR,,Undisclosed,,,,2024/6/25,,,,0.000000,10.295000,,,No,Consumer Staples,Financials,N,,,,,,,,Friendly,South Africa,South Africa,PPH,184023Z,Common Stock,Private Comp,95340,115035,4617.25,1261.76,,185.389,190,,35.9334,85.5959,41336,3952.18,12.1495,108740,78960,4530.826,1220.432,108740.0,FY-specific (point-in-time),4530.826,FY-specific (point-in-time),78960.0,FY-specific (point-in-time),1220.432,FY-specific (point-in-time),,4,2017-10-01,2026-04-30,600,100,6600,190,99.2916666666667,4.43333333333333,7352449.5,4664607.7,157.622033252657,3.91692018451606,19239200.0,119652.25,115035.0,Large,Full (4/4),2024
23914797,INV,2006/11/14,MNS SJ,NPN SJ,Completed,,Additional Stake Purchase,ElementOne Ltd sold SuperSport International Holdings Pty Ltd to Naspers Ltd for ZAR 3032.52M. The transaction was announced on 11/14/2006 and completed on 2/27/2007.,ZAR,,Cash and Stock,,,,2007/2/27,,,,60.119999,38.560001,,,No,Communications,Communications,N,,,,,,,,Friendly,South Africa,South Africa,MNS,NPN,Unit,Common Stock,960.877,635.266,1.35492e+06,188265,27.855,30301.7,37.169,,84.9931,24.7939,539.932,335937,,,,2250.4044265,2168.1851776104336,635.266,MA-screen (current/latest - NOT point-in-time),2250.4044265,FY-specific (point-in-time),960.877,MA-screen (current/latest - NOT point-in-time),2168.1851776104336,FY-specific (point-in-time),3032.52,2,2001-02-01,2009-03-31,200,30,3500,100,36.9166666666667,4.64166666666667,2057593.9,3602578.7,57.114474695584,6.06463577535368,5041515.0,1355880.877,960.877,Large,Full (4/4),2006
239456269,M&A,2024/8/19,1026484D PW,4293365Z IM,Pending,,"Cross Border, Company Takeover",Oshee Polska SP ZOO announced the sale of Sonko Sp zoo to Euricom SpA. The transaction was announced on 8/19/2024 and is currently pending. Financial terms of the transaction are undisclosed.,PLN,,Undisclosed,,,,,,,,0.000000,100.000000,,,No,Consumer Staples,Consumer Staples,N,,,,,,Ernst & Young,,Friendly,South Africa,Italy,1026484D,4293365Z,Private Comp,Private Comp,719.993,757.196,14519.5,17451.8,,8159.81,106.186,,38.6668,70.0349,292.784,10168.8,2.31903,,,718.576,874.346,757.196,MA-screen (current/latest - NOT point-in-time),718.576,FY-specific (point-in-time),719.993,MA-screen (current/latest - NOT point-in-time),874.346,FY-specific (point-in-time),,4,2017-10-01,2026-04-30,600,100,6600,190,99.2916666666667,4.43333333333333,7352449.5,4664607.7,157.622033252657,3.91692018451606,19239200.0,18208.996,757.196,Large,Full (4/4),2024
23974062,INV,2006/11/17,PPE SJ,CAE SJ,Completed,,Minority Purchase,Cape Empowerment Trust Ltd acquired a minority stake in Purple Group Ltd. The transaction was completed on 11/17/2006.,ZAR,,Stock,,,,2006/11/17,-0.26,,,0.000000,10.000000,,,No,Financials,Financials,N,,Hofmeyr Herbstei,,,,,,Friendly,South Africa,South Africa,PPE,CAE,Common Stock,Common Stock,486.671,1264.74,356.288,57.928,,27.1119,86.89,,51.7402,43.6254,654.379,155.432,,54.461,0.378,131.7760009765625,106.51300048828125,54.461,FY-specific (point-in-time),131.7760009765625,FY-specific (point-in-time),0.378,FY-specific (point-in-time),106.51300048828125,FY-specific (point-in-time),15.46,2,2001-02-01,2009-03-31,200,30,3500,100,36.9166666666667,4.64166666666667,2057593.9,3602578.7,57.114474695584,6.06463577535368,5041515.0,1621.028,1264.74,Intermediate,Full (4/4),2006
239761996,M&A,2024/9/17,2482034D SJ,SLM SJ,Pending,,"Cross Border, Company Takeover",A consortium led by International Finance Corp announced the sale of Assupol Holdings Ltd to Sanlam Ltd for ZAR 6571.17M. The transaction was announced on 9/17/2024 and is expected to be completed by 10/7/2024.,ZAR,,Cash,2024/2/2,,,2024/10/7,,,,0.000000,100.000000,,,No,Financials,Financials,N,,,,,,JP Morgan,,Friendly,South Africa,South Africa,2482034D,SLM,Private Comp,Common Stock,3887.2,13036.2,1.2957e+06,237116,,,,,,,,,9.10575,13036.217,3887.196,996720,184708,13036.217,FY-specific (point-in-time),996720.0,FY-specific (point-in-time),3887.196,FY-specific (point-in-time),184708.0,FY-specific (point-in-time),6571.20,4,2017-10-01,2026-04-30,600,100,6600,190,99.2916666666667,4.43333333333333,7352449.5,4664607.7,157.622033252657,3.91692018451606,19239200.0,1308736.2,13036.2,Large,Full (4/4),2024
239762031,INV,2024/9/17,CVH SJ,CPR IM,Completed,,"Minority Purchase, Cross Border",ODC Ltd sold a minority stake in Capevin Holdings Ltd to Davide Campari-Milano NV. The transaction was completed on 9/17/2024.,GBP,,Cash,,,,2024/9/17,,,,0.000000,14.600000,,,No,Consumer Staples,Consumer Staples,N,,Eversheds Suther,,,,,,Friendly,South Africa,Italy,CVH,CPR,Common Stock,Common Stock,,2842.8,157709,61595.8,,48665.6,,,0.821865,36.535,23.364,57619,44.1983,,,6675.6,2918.6,2842.8,MA-screen (current/latest - NOT point-in-time),6675.6,FY-specific (point-in-time),,Missing,2918.6,FY-specific (point-in-time),1616.31,4,2017-10-01,2026-04-30,600,100,6600,190,99.2916666666667,4.43333333333333,7352449.5,4664607.7,157.622033252657,3.91692018451606,19239200.0,160551.8,2842.8,Large,Partial (3/4),2024
239946254,INV,2024/10/2,SSW SJ,184023Z SJ,Pending,,Minority Purchase,Public Investment Corp Ltd announced the acquisition of a minority stake in Sibanye Stillwater Ltd. The transaction was announced on 10/2/2024 and is currently pending. Financial terms of the transaction are undisclosed.,ZAR,,Undisclosed,,,,,,,,0.000000,15.048000,,,No,Materials,Financials,N,,,,,,,,Friendly,South Africa,South Africa,SSW,184023Z,Common Stock,Private Comp,129677,149737,4617.25,1261.76,204861,185.389,3974,,40.5731,85.5959,60753,3952.18,12.1495,142941,113684,4530.826,1220.432,142941.0,FY-specific (point-in-time),4530.826,FY-specific (point-in-time),113684.0,FY-specific (point-in-time),1220.432,FY-specific (point-in-time),,4,2017-10-01,2026-04-30,600,100,6600,190,99.2916666666667,4.43333333333333,7352449.5,4664607.7,157.622033252657,3.91692018451606,19239200.0,154354.25,149737.0,Large,Full (4/4),2024
239956968,INV,2024/10/3,MTM SJ,184023Z SJ,Pending,,Minority Purchase,Public Investment Corp Ltd announced the acquisition of a minority stake in Momentum Group Limited. The transaction was announced on 10/3/2024 and is currently pending. Financial terms of the transaction are undisclosed.,ZAR,,Undisclosed,,,,,,,,0.000000,15.696000,,,No,Financials,Financials,N,,,,,,,,Friendly,South Africa,South Africa,MTM,184023Z,Common Stock,Private Comp,73780,803213,4617.25,1261.76,,185.389,,,,85.5959,,3952.18,12.1495,635975,76182,4530.826,1220.432,635975.0,FY-specific (point-in-time),4530.826,FY-specific (point-in-time),76182.0,FY-specific (point-in-time),1220.432,FY-specific (point-in-time),,4,2017-10-01,2026-04-30,600,100,6600,190,99.2916666666667,4.43333333333333,7352449.5,4664607.7,157.622033252657,3.91692018451606,19239200.0,807830.25,803213.0,Large,Full (4/4),2024
239957400,INV,2024/10/3,2630625Z LN,WTW US,Completed,,"Minority Purchase, Cross Border",Sanlam Ltd sold a minority stake in Sanlam Private Investments UK Ltd to Willis Towers Watson PLC. The transaction was completed on 10/3/2024. Financial terms of the transaction are undisclosed.,GBP,,Undisclosed,,,,2024/10/3,,,,0.000000,0.000000,,,No,Financials,Financials,N,,Herbert Smith Fr/White & Case LLP,,,,Houlihan Lokey,,Friendly,South Africa,United States,2630625Z,WTW,Private Comp,Common Stock,509.773,559.46,489221,173574,,45078.5,181.773,,96.1938,57.1419,538.165,279550,38.8554,,,29090,9483,559.46,MA-screen (current/latest - NOT point-in-time),29090.0,FY-specific (point-in-time),509.773,MA-screen (current/latest - NOT point-in-time),9483.0,FY-specific (point-in-time),,4,2017-10-01,2026-04-30,600,100,6600,190,99.2916666666667,4.43333333333333,7352449.5,4664607.7,157.622033252657,3.91692018451606,19239200.0,489780.46,559.46,Large,Full (4/4),2024
240102046,INV,2024/10/18,WBO SJ,184023Z SJ,Completed,,Minority Purchase,Public Investment Corp Ltd acquired a minority stake in Wilson Bayly Holmes-Ovcon Ltd. The transaction was completed on 10/18/2024. Financial terms of the transaction are undisclosed.,ZAR,,Undisclosed,,,,2024/10/18,,,,0.000000,20.455999,,,No,Industrials,Financials,N,,,,,,,,Friendly,South Africa,South Africa,WBO,184023Z,Common Stock,Private Comp,28325.2,16832.4,4617.25,1261.76,5366.2,185.389,676.162,,70.3849,85.5959,11847.4,3952.18,12.1495,14646.421,23768.747,4530.826,1220.432,14646.421,FY-specific (point-in-time),4530.826,FY-specific (point-in-time),23768.747,FY-specific (point-in-time),1220.432,FY-specific (point-in-time),,4,2017-10-01,2026-04-30,600,100,6600,190,99.2916666666667,4.43333333333333,7352449.5,4664607.7,157.622033252657,3.91692018451606,19239200.0,32942.45,28325.2,Large,Full (4/4),2024
240411920,M&A,2024/11/15,MST SJ,NVS SJ,Pending,15.4100,"Company Takeover, Mandatory Offer, Additional Stake Purchase, Tender Offer",Novus Holdings Ltd announced the acquisition of Mustek Ltd for ZAR 975.78M. The transaction was announced on 11/15/2024 and is expected to be completed by 7/31/2025.,ZAR,,Cash,,2026/1/7,,2025/7/31,,,-0.0600,35.000000,65.000000,,,No,Consumer Discretionary,Industrials,N,,Edward Nathan,,,,,,Friendly,South Africa,South Africa,MST,NVS,Common Stock,Common Stock,7183.09,4036.93,3920.17,4194.86,505.921,3391.28,132.755,,85.0697,59.8839,3434.2,2347.55,18.0353,5723.381,10126.197,3397.072,3195.625,5723.381,FY-specific (point-in-time),3397.072,FY-specific (point-in-time),10126.197,FY-specific (point-in-time),3195.625,FY-specific (point-in-time),975.78,4,2017-10-01,2026-04-30,600,100,6600,190,99.2916666666667,4.43333333333333,7352449.5,4664607.7,157.622033252657,3.91692018451606,19239200.0,11377.95,7183.09,Large,Full (4/4),2024
240456901,INV,2024/11/20,NY1 SJ,SLM SJ,Proposed,,Minority Purchase,Sanlam Ltd proposed the acquisition of a minority stake in Ninety One Ltd. The transaction was proposed on 11/20/2024.,ZAR,,Undisclosed,2024/11/20,,,,,,,0.000000,12.300000,,,No,Financials,Financials,N,Linklaters,A&O Shearman,,,Rothschild & Co,,,Friendly,South Africa,South Africa,NY1,SLM,Common Stock,Common Stock,15122.3,334314,1.2957e+06,237116,2995.64,,80.9024,,96.6168,,323003,,9.10575,10812.4,627.1,996720,184708,10812.4,FY-specific (point-in-time),996720.0,FY-specific (point-in-time),627.1,FY-specific (point-in-time),184708.0,FY-specific (point-in-time),5000.03,4,2017-10-01,2026-04-30,600,100,6600,190,99.2916666666667,4.43333333333333,7352449.5,4664607.7,157.622033252657,3.91692018451606,19239200.0,1630014.0,334314.0,Large,Full (4/4),2024
240517873,M&A,2024/11/26,HSP SJ,FRAS LN,Completed,,"Company Takeover, Cross Border, PE Seller, PE Exit",Old Mutual Private Equity sold Holdsport Ltd to Frasers Group PLC. The transaction was announced on 11/26/2024 and completed on 5/16/2025. Financial terms of the transaction are undisclosed.,ZAR,,Cash,,,,2025/5/16,,,,0.000000,100.000000,,,No,Consumer Discretionary,Consumer Discretionary,N,,,,,,,,Friendly,South Africa,United Kingdom,HSP,FRAS,Common Stock,Common Stock,1828.6,1398.74,144938,122859,410.812,87092.2,28.533,,47.0967,41.6419,658.762,60354.7,28.4175,,,4302.7,5586,1398.74,MA-screen (current/latest - NOT point-in-time),4302.7,FY-specific (point-in-time),1828.6,MA-screen (current/latest - NOT point-in-time),5586.0,FY-specific (point-in-time),,4,2017-10-01,2026-04-30,600,100,6600,190,99.2916666666667,4.43333333333333,7352449.5,4664607.7,157.622033252657,3.91692018451606,19239200.0,146766.6,1828.6,Large,Full (4/4),2024
240619643,INV,2024/12/4,HYP SJ,N91 LN,Pending,,"Minority Purchase, Cross Border",Ninety One PLC announced the acquisition of a minority stake in Hyprop Investments Ltd. The transaction was announced on 12/4/2024 and is currently pending. Financial terms of the transaction are undisclosed.,ZAR,,Undisclosed,,,,,,,,0.000000,10.004200,,,No,Real Estate,Financials,N,,,,,,,,Friendly,South Africa,United Kingdom,HYP,N91,REIT,Common Stock,5111.66,42362.5,334314,15122.3,,2995.64,,,,96.6168,2130.62,323003,2.2277,39870.697,4373.94,10812.4,627.1,39870.697,FY-specific (point-in-time),10812.4,FY-specific (point-in-time),4373.94,FY-specific (point-in-time),627.1,FY-specific (point-in-time),,4,2017-10-01,2026-04-30,600,100,6600,190,99.2916666666667,4.43333333333333,7352449.5,4664607.7,157.622033252657,3.91692018451606,19239200.0,376676.5,42362.5,Large,Full (4/4),2024
240656580,M&A,2024/12/6,AAL LN,BHP AU,Withdrawn,34.0000,Company Takeover,BHP Group Ltd announced the acquisition of Anglo American PLC for GBP 45477.65M.,GBP,On the Block,Cash,2024/12/6,,,2025/11/18,43.04,,-14.0300,0.000000,100.000000,,,No,Materials,Materials,N,,,,,,,,Unsolicited,South Africa,Australia,AAL,BHP,Common Stock,Common Stock,331592,927647,1.99035e+06,993192,1.16555e+06,2.67135e+06,104256,,32.3445,25.5653,300043,508839,8.42677,66544,30652,101296,53817,66544.0,FY-specific (point-in-time),101296.0,FY-specific (point-in-time),30652.0,FY-specific (point-in-time),53817.0,FY-specific (point-in-time),1043138.31,4,2017-10-01,2026-04-30,600,100,6600,190,99.2916666666667,4.43333333333333,7352449.5,4664607.7,157.622033252657,3.91692018451606,19239200.0,2917997.0,927647.0,Large,Full (4/4),2024
24099926,INV,2006/10/24,ATS SJ,ACP SJ,Completed,,"Cross Border, Minority Purchase",Hoanib Investment Holdings Proprietary Ltd sold a minority stake in Atlas Properties Ltd to Acucap Properties Ltd. The transaction was announced on 10/24/2006 and completed on 11/30/2006.,ZAR,,Cash,,,,2006/11/30,,,,0.000000,33.000000,,,No,Real Estate,Real Estate,N,,,,,,,,Friendly,South Africa,South Africa,ATS,ACP,Unit,REIT,624.298,1391.51,12572.8,679.829,3.515,,6.965,,3.38057,,47.041,,,1174.7550048828125,179.51499938964844,1813.447,159.407,1174.7550048828125,FY-specific (point-in-time),1813.447,FY-specific (point-in-time),179.51499938964844,FY-specific (point-in-time),159.407,FY-specific (point-in-time),331.39,2,2001-02-01,2009-03-31,200,30,3500,100,36.9166666666667,4.64166666666667,2057593.9,3602578.7,57.114474695584,6.06463577535368,5041515.0,13964.31,1391.51,Large,Full (4/4),2006
241400619,INV,2025/4/2,HAR SJ,BLK US,Completed,,"Minority Purchase, Cross Border",Van Eck Associates Corp sold a minority stake in Harmony Gold Mining Co Ltd to Blackrock Inc. The transaction was completed on 4/2/2025. Financial terms of the transaction are undisclosed.,ZAR,Negotiation,Undisclosed,2025/2/12,,,2025/4/2,,,,0.000000,5.020000,,,No,Materials,Financials,N,,,,,,,,Friendly,South Africa,United States,HAR,BLK,Common Stock,Common Stock,99238,125990,2.81634e+06,432969,,,870,,16.1648,,20366,,80.5721,60460,61379,138615,20407,60460.0,FY-specific (point-in-time),138615.0,FY-specific (point-in-time),61379.0,FY-specific (point-in-time),20407.0,FY-specific (point-in-time),,4,2017-10-01,2026-04-30,600,100,6600,190,102.491666666667,3.21666666666667,7641793.2,4716600.6,162.019086373351,2.78961832299549,24187552.0,2942330.0,125990.0,Large,Full (4/4),2025
241765436,INV,2025/3/13,KAP SJ,184023Z SJ,Completed,,Minority Purchase,Public Investment Corp Ltd acquired a minority stake in KAP Ltd. The transaction was completed on 3/13/2025. Financial terms of the transaction are undisclosed.,USD,,Undisclosed,,,,2025/3/13,,,,0.000000,20.173000,,,No,Industrials,Financials,N,,,,,,,,Friendly,South Africa,South Africa,KAP,184023Z,Common Stock,Private Comp,29606,29527,4617.25,1261.76,25993,185.389,2809,,40.6983,85.5959,12017,3952.18,12.1495,31098,29062,4617.254,1261.755,31098.0,FY-specific (point-in-time),4617.254,FY-specific (point-in-time),29062.0,FY-specific (point-in-time),1261.755,FY-specific (point-in-time),,4,2017-10-01,2026-04-30,600,100,6600,190,102.491666666667,3.21666666666667,7641793.2,4716600.6,162.019086373351,2.78961832299549,24187552.0,34223.25,29606.0,Large,Full (4/4),2025
242165608,M&A,2024/7/30,1657741D NO,TTE FP,Completed,,"Cross Border, Company Takeover",Scatec ASA sold SN Power AS to TotalEnergies SE. The transaction was announced on 7/30/2024 and completed on 4/2/2025. Financial terms of the transaction are undisclosed.,EUR,,Undisclosed,,,,2025/4/2,,,,0.000000,100.000000,,,No,Financials,Energy,N,,Jones Day,,,,,,Friendly,South Africa,France,1657741D,TTE,Private Comp,Common Stock,9.15013,825.169,4.82188e+06,3.26021e+06,,4.9676e+06,,,24.1054,30.7396,198.91,1.48222e+06,29.1965,1356.31,0,283654,218945,1356.31,FY-specific (point-in-time),283654.0,FY-specific (point-in-time),0.0,FY-specific (point-in-time),218945.0,FY-specific (point-in-time),,4,2017-10-01,2026-04-30,600,100,6600,190,99.2916666666667,4.43333333333333,7352449.5,4664607.7,157.622033252657,3.91692018451606,19239200.0,4822705.169,825.169,Large,Full (4/4),2024
242589645,M&A,2025/5/20,REN SJ,ASPI US,Completed,,"Company Takeover, Cross Border",ASP Isotopes Inc acquired Renergen Ltd for USD 83.65M. The transaction was announced on 5/20/2025 and completed on 1/12/2026.,USD,,Stock,,,,2026/1/12,44.86,,,0.000000,100.000000,,,No,Energy,Energy,N,HWL Ebsworth,Dla Piper Llp,,,,,,Friendly,South Africa,United States,REN,ASPI,Common Stock,Common Stock,52.113,2349.17,8250.65,426.407,2146.79,628.929,75.522,,4.81671,80.3018,113.153,6625.42,3.17879,2709.127,28.952,94.347988,4.144226,2709.127,FY-specific (point-in-time),94.347988,FY-specific (point-in-time),28.952,FY-specific (point-in-time),4.144226,FY-specific (point-in-time),1499.29,4,2017-10-01,2026-04-30,600,100,6600,190,102.491666666667,3.21666666666667,7641793.2,4716600.6,162.019086373351,2.78961832299549,24187552.0,10599.82,2349.17,Large,Full (4/4),2025
242946456,M&A,2025/6/20,7120757Z GR,MUX GR,Completed,,"Cross Border, PE Buyout, Company Takeover, Private Equity",Super Group Ltd/South Africa sold IN tIME Express Logistik GmbH to Mutares SE & Co KGaA. The transaction was announced on 6/20/2025 and completed on 8/4/2025. Financial terms of the transaction are undisclosed.,EUR,,Cash,,,,2025/8/4,,,,0.000000,100.000000,,,No,Industrials,Financials,N,,Cms Legal,,,,,,Friendly,South Africa,Germany,7120757Z,MUX,Private Comp,Common Stock,1988.34,436.799,100796,130895,,53116.1,,,,56.2228,389.181,56670.2,8.17677,,,4370.4,5261.6,436.799,MA-screen (current/latest - NOT point-in-time),4370.4,FY-specific (point-in-time),1988.34,MA-screen (current/latest - NOT point-in-time),5261.6,FY-specific (point-in-time),,4,2017-10-01,2026-04-30,600,100,6600,190,102.491666666667,3.21666666666667,7641793.2,4716600.6,162.019086373351,2.78961832299549,24187552.0,132883.34,1988.34,Large,Full (4/4),2025
242946501,BUY,2025/6/3,1032Z SJ,1032Z SJ,Pending,,,,ZAR,,,,,,,-0.46,,,0.000000,0.000000,,,,Financials,Financials,N,,,,,,,,,South Africa,,1032Z,1032Z,Private Comp,Private Comp,163991,1.82142e+06,1.82142e+06,163991,,,,,,,,,6.68966,1667809,172566,1667809,172566,1667809.0,FY-specific (point-in-time),1667809.0,FY-specific (point-in-time),172566.0,FY-specific (point-in-time),172566.0,FY-specific (point-in-time),,4,2017-10-01,2026-04-30,600,100,6600,190,102.491666666667,3.21666666666667,7641793.2,4716600.6,162.019086373351,2.78961832299549,24187552.0,3642840.0,1821420.0,Large,Full (4/4),2025
243328019,M&A,2025/7/23,AIP SJ,NTCPH IN,Completed,,"Minority Purchase, Cross Border, Tender Offer, Company Takeover",Natco Pharma Ltd acquired a minority stake in Adcock Ingram Holdings Ltd. The transaction was announced on 7/23/2025 and completed on 11/11/2025.,ZAR,Preliminary Offer,Cash,2025/7/23,,,2025/11/11,47.10,,,0.000000,35.750000,,,No,Health Care,Health Care,N,,,,,Goldman Sachs,,,Friendly,South Africa,India,AIP,NTCPH,Common Stock,Common Stock,9760.33,8735.68,19943.7,8024.31,2967.08,7553.39,214.008,,60.0069,45.6243,5242.02,9099.19,26.2704,8354.883,9643.128,69063,39988,8354.883,FY-specific (point-in-time),69063.0,FY-specific (point-in-time),9643.128,FY-specific (point-in-time),39988.0,FY-specific (point-in-time),4324.83,4,2017-10-01,2026-04-30,600,100,6600,190,102.491666666667,3.21666666666667,7641793.2,4716600.6,162.019086373351,2.78961832299549,24187552.0,29704.03,9760.33,Large,Full (4/4),2025
24343033,INV,2006/12/8,MTA SJ,858257Z KY,Completed,,"Cross Border, Minority Purchase",Wesco Investments Ltd sold a minority stake in Metair Investments Ltd to Coronation Capital Ltd. The transaction was completed on 12/8/2006.,ZAR,,Cash,,,,2006/12/8,,,,0.000000,32.340000,,,No,Consumer Discretionary,Financials,N,,,,,,,,Friendly,South Africa,Cayman Islands,MTA,858257Z,Common Stock,Private Comp,17868.3,12581,36.1545,32.3947,7612.21,,843.57,,56.0073,37.0096,7046.27,13.3807,,1369.026,2151.02,,,1369.026,FY-specific (point-in-time),36.1545,MA-screen (current/latest - NOT point-in-time),2151.02,FY-specific (point-in-time),32.3947,MA-screen (current/latest - NOT point-in-time),490.57,2,2001-02-01,2009-03-31,200,30,3500,100,36.9166666666667,4.64166666666667,2057593.9,3602578.7,57.114474695584,6.06463577535368,5041515.0,17904.4545,17868.3,Large,Full (4/4),2006
243951346,M&A,2025/9/4,TKG SJ,MTN SJ,Proposed,,Company Takeover,MTN Group Ltd proposed to acquire Telkom SA SOC Ltd. The transaction was proposed on 9/4/2025. Financial terms of the transaction are unknown.,ZAR,Strategic Alt Review,Undisclosed,2025/9/4,,,,,,,0.000000,100.000000,,,No,Communications,Communications,N,,,,,,,,Friendly,South Africa,South Africa,TKG,MTN,Common Stock,Common Stock,44477,64418,498712,226707,,,2478,,28.8211,37.2786,18566,185913,23.0939,61191,42463,431731,188001,61191.0,FY-specific (point-in-time),431731.0,FY-specific (point-in-time),42463.0,FY-specific (point-in-time),188001.0,FY-specific (point-in-time),,4,2017-10-01,2026-04-30,600,100,6600,190,102.491666666667,3.21666666666667,7641793.2,4716600.6,162.019086373351,2.78961832299549,24187552.0,563130.0,64418.0,Large,Full (4/4),2025
243951865,M&A,2025/9/4,213619Z SJ,BLU SJ,Pending,,"Additional Stake Purchase, Cross Border, Majority Purchase",3C Telecommunications Pty Ltd announced the sale of Cell C Ltd to Blu Label Unlimited Group Ltd. The transaction was announced on 9/4/2025 and is currently pending. Financial terms of the transaction are undisclosed.,EUR,,Undisclosed,2023/2/23,,,,,,,49.529999,4.040000,,,No,Communications,Communications,N,,,,,,,,Friendly,South Africa,South Africa,213619Z,BLU,Private Comp,Common Stock,15749.1,25636.3,13028,13052.8,34750.5,376.054,96.7123,,17.6911,52.995,4535.34,6904.2,44.9524,,,15137.339,14598.444,25636.3,MA-screen (current/latest - NOT point-in-time),15137.339,FY-specific (point-in-time),15749.1,MA-screen (current/latest - NOT point-in-time),14598.444,FY-specific (point-in-time),,4,2017-10-01,2026-04-30,600,100,6600,190,102.491666666667,3.21666666666667,7641793.2,4716600.6,162.019086373351,2.78961832299549,24187552.0,38689.1,25636.3,Large,Full (4/4),2025
244430074,M&A,2025/10/16,RFG SJ,PMR SJ,Completed,,"Company Takeover, Tender Offer",Premier Group Ltd acquired RFG Holdings Ltd for ZAR 6555.27M. The transaction was announced on 10/16/2025 and completed on 3/31/2026.,ZAR,,Stock,,,,2026/3/31,33.30,,,0.000000,100.000000,,,No,Consumer Staples,Consumer Staples,N,,Dla Piper Llp,,,,,,Friendly,South Africa,South Africa,RFG,PMR,Common Stock,Common Stock,8137.76,6041.29,22052.7,21192.3,3707.52,13699.4,143.397,,54.8538,39.4369,3313.88,8696.88,26.7692,6011.307,8006.341,10425.5,18587.224,6011.307,FY-specific (point-in-time),10425.5,FY-specific (point-in-time),8006.341,FY-specific (point-in-time),18587.224,FY-specific (point-in-time),6555.29,4,2017-10-01,2026-04-30,600,100,6600,190,102.491666666667,3.21666666666667,7641793.2,4716600.6,162.019086373351,2.78961832299549,24187552.0,30190.46,8137.76,Large,Full (4/4),2025
244534031,INV,2025/10/27,OPA SJ,FSR SJ,Pending,19.0000,Minority Purchase,FirstRand Ltd announced the acquisition of a minority stake in Optasia Ltd. The transaction was announced on 10/27/2025 and is currently pending. Financial terms of the transaction are undisclosed.,ZAR,,Cash,,,,,,,31.1200,0.000000,20.100000,,,No,Technology,Financials,N,,,,,Moelis & Co,,,Friendly,South Africa,South Africa,OPA,FSR,Common Stock,Common Stock,4744.43,5005.97,2.74281e+06,241219,333.475,,479.91,,84.2365,,4216.86,,24.0212,141.786,151.191,2366815,147322,141.786,FY-specific (point-in-time),2366815.0,FY-specific (point-in-time),151.191,FY-specific (point-in-time),147322.0,FY-specific (point-in-time),,4,2017-10-01,2026-04-30,600,100,6600,190,102.491666666667,3.21666666666667,7641793.2,4716600.6,162.019086373351,2.78961832299549,24187552.0,2747815.97,5005.97,Large,Full (4/4),2025
245288259,M&A,2025/12/24,783608Z SJ,2233 HK,Proposed,,"Cross Border, Company Takeover",West China Cement Ltd proposed to acquire AfriSam South Africa Pty Ltd. The transaction was proposed on 12/24/2025. Financial terms of the transaction are unknown.,ZAR,Preliminary Offer,Undisclosed,2025/12/24,,,,,,,0.000000,100.000000,,,No,Materials,Materials,N,,,,,,,,Friendly,South Africa,China,783608Z,2233,Private Comp,Common Stock,6843.75,17859.6,83523.4,23909.7,4035.82,86013.3,52.845,,7.37279,23.3213,1316.75,19478.7,3.6872,,,36289.921,8344.946,17859.6,MA-screen (current/latest - NOT point-in-time),36289.921,FY-specific (point-in-time),6843.75,MA-screen (current/latest - NOT point-in-time),8344.946,FY-specific (point-in-time),,4,2017-10-01,2026-04-30,600,100,6600,190,102.491666666667,3.21666666666667,7641793.2,4716600.6,162.019086373351,2.78961832299549,24187552.0,101383.0,17859.6,Large,Full (4/4),2025
245579387,INV,2025/12/17,ACL SJ,1255Z SJ,Proposed,,Additional Stake Purchase,Industrial Development Corp of South Africa Ltd proposed to acquire ArcelorMittal South Africa Ltd. The transaction was proposed on 12/17/2025. Financial terms of the transaction are unknown.,ZAR,Negotiation,Undisclosed,2025/12/17,,,,,,,0.000000,0.000000,,,No,Materials,Government,N,,,,,,,,Friendly,South Africa,South Africa,ACL,1255Z,Common Stock,Private Comp,32291,21126,159323,25556,,12634,1991,,53.73,63.9995,11351,101966,31.7813,24941,38596,,,24941.0,FY-specific (point-in-time),159323.0,MA-screen (current/latest - NOT point-in-time),38596.0,FY-specific (point-in-time),25556.0,MA-screen (current/latest - NOT point-in-time),,4,2017-10-01,2026-04-30,600,100,6600,190,102.491666666667,3.21666666666667,7641793.2,4716600.6,162.019086373351,2.78961832299549,24187552.0,191614.0,32291.0,Large,Full (4/4),2025
246624547,INV,2026/4/13,OCT SJ,EMI SJ,Pending,,"Minority Purchase, Cross Border",A consortium led by Abax Investments Pty Ltd announced the sale of a minority stake in Octodec Investments Ltd to Emira Property Fund Ltd. The transaction was announced on 4/13/2026 and is currently pending.,SAR,,Cash,,,,,,,,0.000000,20.170000,,,No,Real Estate,Real Estate,N,,,,,,,,Friendly,South Africa,South Africa,OCT,EMI,REIT,REIT,2172.6,11479.6,16388.7,1459.26,,,,,,,338.618,1808.18,36.0209,11479.582,2172.603,16937.205,1691.3,11479.582,FY-specific (point-in-time),16937.205,FY-specific (point-in-time),2172.603,FY-specific (point-in-time),1691.3,FY-specific (point-in-time),3938.96,4,2017-10-01,2026-04-30,600,100,6600,190,,,,,,,,27868.300000000003,11479.6,Large,Full (4/4),2026
246624560,INV,2026/4/13,OCT SJ,EMI SJ,Pending,16.7500,"Additional Stake Purchase, Tender Offer",Emira Property Fund Ltd announced the acquisition of Octodec Investments Ltd for ZAR 656.78M. The transaction was announced on 4/13/2026 and is currently pending.,ZAR,,Cash,,,,,7.90,,-5.9000,20.170000,14.730000,,,No,Real Estate,Real Estate,N,Bowmans Tanzania,,,,,,,Friendly,South Africa,South Africa,OCT,EMI,REIT,REIT,2172.6,11479.6,16388.7,1459.26,,,,,,,338.618,1808.18,36.0209,11479.582,2172.603,16937.205,1691.3,11479.582,FY-specific (point-in-time),16937.205,FY-specific (point-in-time),2172.603,FY-specific (point-in-time),1691.3,FY-specific (point-in-time),656.78,4,2017-10-01,2026-04-30,600,100,6600,190,,,,,,,,27868.300000000003,11479.6,Large,Full (4/4),2026
247888293,M&A,2017/7/31,6950501Z LN,BVT SJ,Completed,,"Private Equity, Cross Border, Company Takeover, PE Seller",Alchemy Partners LLP sold Bidvest Noonan UK Ltd to Bidvest Group Ltd/The for EUR 172.88M. The transaction was announced on 7/31/2017 and completed on 8/7/2017.,EUR,,Cash,,,,2017/8/7,,,,0.000000,100.000000,,,No,Industrials,Consumer Discretionary,N,Macfarlanes LLP,A&L Goodbody/Baker McKenzie,,,Robert W Baird,Investec Bank,,Friendly,South Africa,South Africa,6950501Z,BVT,Private Comp,Common Stock,11763.9,7103.95,122623,130321,,40740.4,2651.21,,37.59,43.1532,2670.37,52915.8,,19.26833088752,58.67612502882179,45061.244,68241.101,19.26833088752,FY-specific (point-in-time),45061.244,FY-specific (point-in-time),58.67612502882179,FY-specific (point-in-time),68241.101,FY-specific (point-in-time),2702.45,3,2009-04-01,2017-09-30,560,80,6600,190,71.4416666666667,5.28333333333333,5078189.9,4501701.6,112.806008732343,5.4733229100365,15467873.0,142084.9,11763.9,Large,Full (4/4),2017
248284889,M&A,2010/12/22,1946502Z LN,BVT SJ,Completed,,"PE Seller, Private Equity, PE Exit, Cross Border, Company Takeover",Risk Capital Ltd sold Bidfresh Ltd to Bidvest Group Ltd/The for GBP 66.09M. The transaction was completed on 12/22/2010.,GBP,,Cash,,,,2010/12/22,,,,0.000000,100.000000,,,No,Consumer Staples,Consumer Staples,N,,,,,,HSBC,,Friendly,South Africa,South Africa,1946502Z,BVT,Private Comp,Common Stock,4169.05,2202.63,122623,130321,,40740.4,73.287,,31.9859,43.1532,704.529,52915.8,,39.671313,,38484.384,112427.831,39.671313,FY-specific (point-in-time),38484.384,FY-specific (point-in-time),4169.05,MA-screen (current/latest - NOT point-in-time),112427.831,FY-specific (point-in-time),690.36,3,2009-04-01,2017-09-30,560,80,6600,190,49.0333333333333,4.28333333333333,3055613.2,3973801.6,76.8939546453452,6.12843250176096,6698700.0,134490.05,4169.05,Large,Full (4/4),2010
25362959,M&A,2007/3/1,BPL SJ,ELR CN,Completed,,"Company Takeover, Cross Border, Additional Stake Purchase",Eastern Platinum Ltd acquired Barplats Investments Pty Ltd for ZAR 1028.29M. The transaction was announced on 3/1/2007 and completed on 5/29/2007.,ZAR,,Cash and Stock,,,,2007/5/29,31.26,,,69.900002,30.100000,,,No,Materials,Materials,N,,,,,,PSG Invt Bank,,Friendly,South Africa,Canada,BPL,ELR,Common Stock,Common Stock,385.624,685.425,2946.01,1101.12,1485.68,10161.6,6.248,,19.0359,28.3537,130.477,835.303,,685.4249877929688,385.6239929199219,689.7302016,12.116309266666667,685.4249877929688,FY-specific (point-in-time),689.7302016,FY-specific (point-in-time),385.6239929199219,FY-specific (point-in-time),12.116309266666667,FY-specific (point-in-time),1028.29,2,2001-02-01,2009-03-31,200,30,3500,100,39.5583333333333,7.075,2346649.9,3795694.0,61.8240010917635,8.24576680654225,5696829.0,3631.4350000000004,685.425,Large,Full (4/4),2007
25641502,M&A,2007/3/22,RCL SJ,REM SJ,Terminated,,"Company Takeover, Additional Stake Purchase",Remgro Ltd announced the acquisition of RCL Foods Ltd/South Africa for ZAR 1718.39M. The transaction was announced on 3/22/2007 and terminated on 6/5/2007.,ZAR,,Cash or Stock,,,,2007/6/5,31.37,,,61.900002,38.000000,,,No,Consumer Staples,Financials,N,,,,,,,,Friendly,South Africa,South Africa,RCL,REM,Common Stock,Common Stock,24498.6,18362,142174,51506,,,13.956,,43.8066,21.0383,8043.76,29911,,2745.789,4101.454,41336,9802,2745.789,FY-specific (point-in-time),41336.0,FY-specific (point-in-time),4101.454,FY-specific (point-in-time),9802.0,FY-specific (point-in-time),1718.38,2,2001-02-01,2009-03-31,200,30,3500,100,39.5583333333333,7.075,2346649.9,3795694.0,61.8240010917635,8.24576680654225,5696829.0,166672.6,24498.6,Large,Full (4/4),2007
25642282,M&A,2007/3/22,CBS SJ,184023Z SJ,Completed,,"Company Takeover, Additional Stake Purchase, Tender Offer",Public Investment Corp Ltd acquired CBS Property Portfolio Ltd for ZAR 1564.95M. The transaction was announced on 3/22/2007 and completed on 10/25/2007.,ZAR,,Cash,,,,2007/10/25,16.95,,,13.100000,86.900002,,,No,Industrials,Financials,N,Jowell Glyn Mara,,,,Investec Bank,Nedbank Capital,,Friendly,South Africa,South Africa,CBS,184023Z,Common Stock,Private Comp,171.126,2013.13,4617.25,1261.76,2.264,185.389,22.804,,2.62094,85.5959,52.763,3952.18,,2013.1290283203125,171.12600708007812,,,2013.1290283203125,FY-specific (point-in-time),4617.25,MA-screen (current/latest - NOT point-in-time),171.12600708007812,FY-specific (point-in-time),1261.76,MA-screen (current/latest - NOT point-in-time),1564.94,2,2001-02-01,2009-03-31,200,30,3500,100,39.5583333333333,7.075,2346649.9,3795694.0,61.8240010917635,8.24576680654225,5696829.0,6630.38,2013.13,Large,Full (4/4),2007
25684734,INV,2007/2/27,SNT SJ,SLM SJ,Completed,,Additional Stake Purchase,Sanlam Ltd acquired Santam Ltd for ZAR 708.96M. The transaction was announced on 2/27/2007 and completed on 4/30/2007.,ZAR,,Cash,,,,2007/4/30,7.52,,,52.000000,5.880000,,,No,Financials,Financials,N,,,,,,,,Friendly,South Africa,South Africa,SNT,SLM,Common Stock,Common Stock,50952,82392,1.2957e+06,237116,,,,,,,,,,16816,11248,335482,70183,16816.0,FY-specific (point-in-time),335482.0,FY-specific (point-in-time),11248.0,FY-specific (point-in-time),70183.0,FY-specific (point-in-time),708.96,2,2001-02-01,2009-03-31,200,30,3500,100,39.5583333333333,7.075,2346649.9,3795694.0,61.8240010917635,8.24576680654225,5696829.0,1378092.0,82392.0,Large,Full (4/4),2007
25731530,M&A,2007/3/28,LNC SJ,AAL LN,Completed,,"Company Takeover, Cross Border, Private Equity, PE Exit, PE Seller",A consortium led by Brimstone Investment Corp Ltd sold Lenco Holdings Ltd to Anglo American PLC for ZAR 780.00M. The transaction was announced on 3/28/2007 and completed on 7/4/2007.,ZAR,,Cash,,,,2007/7/4,,,,0.000000,100.000000,,,No,Financials,Materials,N,,,,,,,,Friendly,South Africa,United Kingdom,LNC,AAL,Common Stock,Common Stock,133.993,318.8,927647,331592,35.634,1.16555e+06,,,18.0674,32.3445,57.599,300043,,,,46483,24991,318.8,MA-screen (current/latest - NOT point-in-time),46483.0,FY-specific (point-in-time),133.993,MA-screen (current/latest - NOT point-in-time),24991.0,FY-specific (point-in-time),780.00,2,2001-02-01,2009-03-31,200,30,3500,100,39.5583333333333,7.075,2346649.9,3795694.0,61.8240010917635,8.24576680654225,5696829.0,927965.8,318.8,Large,Full (4/4),2007
26233137,M&A,2007/5/3,ATS SJ,ACP SJ,Completed,,"Company Takeover, Additional Stake Purchase",Acucap Properties Ltd acquired Atlas Properties Ltd for ZAR 1157.94M. The transaction was announced on 5/3/2007 and completed on 8/28/2007.,ZAR,,Cash or Stock,,,,2007/8/28,5.96,,,35.000000,65.000000,,,No,Real Estate,Real Estate,N,Edward Nathan,,,,Investec Inc,Java Capital,,Friendly,South Africa,South Africa,ATS,ACP,Unit,REIT,624.298,1391.51,12572.8,679.829,3.515,,6.965,,3.38057,,47.041,,,1391.512939453125,177.17599487304688,2481.86,213.045,1391.512939453125,FY-specific (point-in-time),2481.86,FY-specific (point-in-time),177.17599487304688,FY-specific (point-in-time),213.045,FY-specific (point-in-time),1157.94,2,2001-02-01,2009-03-31,200,30,3500,100,39.5583333333333,7.075,2346649.9,3795694.0,61.8240010917635,8.24576680654225,5696829.0,13964.31,1391.51,Large,Full (4/4),2007
26305547,M&A,2007/5/9,MFL SJ,IRM US,Terminated,,"Cross Border, Majority Purchase",Iron Mountain Inc announced the acquisition of Metrofile Holdings Ltd for ZAR 700.99M. The transaction was announced on 5/9/2007 and terminated on 7/18/2007.,ZAR,,Cash,,,,2007/7/18,2.90,,,0.000000,75.000000,,,No,Technology,Technology,N,,,,,,,,Friendly,South Africa,United States,MFL,IRM,Common Stock,REIT,1066.13,1379.22,349976,123399,1191.66,280354,61.273,,25.1153,9.15967,346.396,32056.7,,235.317,276.246,5209.521,2350.342,235.317,FY-specific (point-in-time),5209.521,FY-specific (point-in-time),276.246,FY-specific (point-in-time),2350.342,FY-specific (point-in-time),700.99,2,2001-02-01,2009-03-31,200,30,3500,100,39.5583333333333,7.075,2346649.9,3795694.0,61.8240010917635,8.24576680654225,5696829.0,351355.22,1379.22,Large,Full (4/4),2007
26358295,BUY,2007/5/14,SLM SJ,SLM SJ,Pending,,,,ZAR,,,,,,2007/5/21,,,,0.000000,0.000000,,,,Financials,Financials,N,,,,,,,,,South Africa,,SLM,SLM,Common Stock,Common Stock,237116,1.2957e+06,1.2957e+06,237116,,,,,,,,,,335482,70183,335482,70183,335482.0,FY-specific (point-in-time),335482.0,FY-specific (point-in-time),70183.0,FY-specific (point-in-time),70183.0,FY-specific (point-in-time),375.00,2,2001-02-01,2009-03-31,200,30,3500,100,39.5583333333333,7.075,2346649.9,3795694.0,61.8240010917635,8.24576680654225,5696829.0,2591400.0,1295700.0,Large,Full (4/4),2007
26479211,INV,2007/5/23,AEE SJ,ABG SJ,Completed,,Minority Purchase,Absa Group Ltd acquired a minority stake in African Equity Empowerment Investments Ltd. The transaction was completed on 5/23/2007.,ZAR,,Cash,,,,2007/5/23,,,,0.000000,10.000000,,,No,Consumer Staples,Financials,N,,,,,,,,Friendly,South Africa,South Africa,AEE,ABG,Common Stock,Common Stock,734.246,1711.96,2.23948e+06,207703,,,384.472,885775,46.2336,,791.502,,,731.370972,422.417999,495112,54447,731.370972,FY-specific (point-in-time),495112.0,FY-specific (point-in-time),422.417999,FY-specific (point-in-time),54447.0,FY-specific (point-in-time),30.53,2,2001-02-01,2009-03-31,200,30,3500,100,39.5583333333333,7.075,2346649.9,3795694.0,61.8240010917635,8.24576680654225,5696829.0,2241191.96,1711.96,Large,Full (4/4),2007
26680339,M&A,2006/12/18,FSP SJ,EMI SJ,Completed,,Company Takeover,Emira Property Fund Ltd acquired Freestone Property Holdings Ltd for ZAR 2938.93M. The transaction was announced on 12/18/2006 and completed on 6/5/2007.,ZAR,,Cash and Stock,,,,2007/6/5,109.09,,,0.000000,100.000000,,,No,Real Estate,Real Estate,N,,,,,,KPMG Corp Fin,,Friendly,South Africa,South Africa,FSP,EMI,Unit,REIT,256.962,2198.85,16388.7,1459.26,,,36.032,,26.5386,,583.544,1808.18,,1325,208.2259979248047,2300.783,410.642,1325.0,FY-specific (point-in-time),2300.783,FY-specific (point-in-time),208.2259979248047,FY-specific (point-in-time),410.642,FY-specific (point-in-time),2938.94,2,2001-02-01,2009-03-31,200,30,3500,100,36.9166666666667,4.64166666666667,2057593.9,3602578.7,57.114474695584,6.06463577535368,5041515.0,18587.55,2198.85,Large,Full (4/4),2006
26810893,M&A,2007/6/15,UMN LN,ARVCF US,Completed,,"Company Takeover, Cross Border, Additional Stake Purchase, Tender Offer",Areva SA acquired AREVA Resources Southern Africa Inc for USD 1896.89M. The transaction was announced on 6/15/2007 and completed on 9/4/2007.,USD,,Cash,,,,2007/9/4,18.23,,,5.500000,94.500000,75,,No,Materials,Industrials,N,Heenan Blaikie,Blake Cassels/Weil Gotshal,,,,Rothschild & Co,,Friendly,South Africa,France,UMN,ARVCF,Common Stock,Common Stock,,1049.42,416160,178.96,,1477.54,3.2796,,65.1876,98.914,684.088,411640,,150.176061,0,25893,10863,150.176061,FY-specific (point-in-time),25893.0,FY-specific (point-in-time),0.0,FY-specific (point-in-time),10863.0,FY-specific (point-in-time),13533.52,2,2001-02-01,2009-03-31,200,30,3500,100,39.5583333333333,7.075,2346649.9,3795694.0,61.8240010917635,8.24576680654225,5696829.0,417209.42,1049.42,Large,Partial (3/4),2007
26860017,INV,2007/4/26,CPI SJ,PSG SJ,Completed,,"Additional Stake Purchase, Tender Offer",PSG Group Ltd acquired Capitec Limited for ZAR 545.40M. The transaction was announced on 4/26/2007 and completed on 6/18/2007.,ZAR,,Stock,,,,2007/6/18,,,,18.400000,16.500000,,,No,Financials,Financials,N,,,,,,,,Friendly,South Africa,South Africa,CPI,PSG,Common Stock,Common Stock,61650.7,263284,26793,7453,,,,,,,,,,1251.272,838.794,1833.33,1171.55,1251.272,FY-specific (point-in-time),1833.33,FY-specific (point-in-time),838.794,FY-specific (point-in-time),1171.55,FY-specific (point-in-time),545.40,2,2001-02-01,2009-03-31,200,30,3500,100,39.5583333333333,7.075,2346649.9,3795694.0,61.8240010917635,8.24576680654225,5696829.0,290077.0,263284.0,Large,Full (4/4),2007
27127746,M&A,2007/7/5,DMR SJ,KUU/H CN,Completed,,"Company Takeover, Cross Border",Kuuhubb Inc acquired Diamond Core Resources Ltd for CAD 77.89M. The transaction was announced on 7/5/2007 and completed on 2/11/2008.,CAD,,Stock,,,,2008/2/11,-0.32,,,0.000000,100.000000,,,No,Materials,Communications,N,,,,Fasken Martineau,,RBC Capital Mkts,,Friendly,South Africa,Canada,DMR,KUU/H,Common Stock,Common Stock,,325.478,11.5681,58.3153,128.506,3.38013,,,25.2613,91.9758,82.22,10.6399,,329.41082763671875,0,8.097741,0,329.41082763671875,FY-specific (point-in-time),8.097741,FY-specific (point-in-time),0.0,FY-specific (point-in-time),0.0,FY-specific (point-in-time),516.82,2,2001-02-01,2009-03-31,200,30,3500,100,39.5583333333333,7.075,2346649.9,3795694.0,61.8240010917635,8.24576680654225,5696829.0,383.7933,325.478,Intermediate,Partial (3/4),2007
28573240,M&A,2007/10/24,ALT SJ,AEL SJ,Terminated,,"Company Takeover, Additional Stake Purchase",Altron Ltd announced the acquisition of Allied Technologies Ltd for ZAR 3308.11M. The transaction was announced on 10/24/2007 and terminated on 12/3/2007.,ZAR,,Stock,,,,2007/12/3,22.81,,,61.799999,38.200001,,,No,Communications,Communications,N,HR Levin,Edward Nathan,,,Nedbank Group,Investec Bank,,Unsolicited,South Africa,South Africa,ALT,AEL,Common Stock,Common Stock,10161,3764,9648,9637,881,,231,,55.7386,50.6219,2098,4884,,2976,6041,7447,13969,2976.0,FY-specific (point-in-time),7447.0,FY-specific (point-in-time),6041.0,FY-specific (point-in-time),13969.0,FY-specific (point-in-time),3308.11,2,2001-02-01,2009-03-31,200,30,3500,100,39.5583333333333,7.075,2346649.9,3795694.0,61.8240010917635,8.24576680654225,5696829.0,19809.0,10161.0,Large,Full (4/4),2007
28573568,M&A,2007/10/24,GNK SJ,SAABB SS,Completed,,"Company Takeover, Cross Border, Additional Stake Purchase",Kunene Technology Ltd sold Grintek Ltd to Saab AB for SEK 240.00M. The transaction was completed on 10/24/2007.,SEK,,Cash,,,,2007/10/24,,,,70.000000,30.000000,,,No,Industrials,Industrials,N,,,,,,,,Friendly,South Africa,Sweden,GNK,SAABB,Common Stock,Common Stock,1406.42,1226.67,224006,144466,251.375,61376,52.465,,77.8026,66.2192,954.379,148335,,,,32771,21063,1226.67,MA-screen (current/latest - NOT point-in-time),32771.0,FY-specific (point-in-time),1406.42,MA-screen (current/latest - NOT point-in-time),21063.0,FY-specific (point-in-time),246.99,2,2001-02-01,2009-03-31,200,30,3500,100,39.5583333333333,7.075,2346649.9,3795694.0,61.8240010917635,8.24576680654225,5696829.0,225412.42,1406.42,Large,Full (4/4),2007
28586702,INV,2007/10/25,SBK SJ,601398 CH,Completed,,"Private Placement, Cross Border, Minority Purchase","Industrial & Commercial Bank of China Ltd acquired a minority stake in Standard Bank Group Ltd. The transaction was announced on 10/25/2007 and completed on 03/03/2008. At the time of completion, this was the largest deal on record that involved Industrial & Commercial Bank of China.",ZAR,,Cash,,,,2008/3/3,,,,0.000000,20.000000,,,No,Financials,Financials,N,Bowman Gilfill,Linklaters/Webber Wentzel,,,Deutsche Bank,Goldman Sachs/ICEA Capital Ltd/Lehman Brothers,,Friendly,South Africa,China,SBK,601398,Common Stock,Common Stock,307016,3.62085e+06,1.26764e+08,3.76158e+06,,,,5.6471e+07,,,,,,968991,82015,7508751,289755,968991.0,FY-specific (point-in-time),7508751.0,FY-specific (point-in-time),82015.0,FY-specific (point-in-time),289755.0,FY-specific (point-in-time),36673.29,2,2001-02-01,2009-03-31,200,30,3500,100,39.5583333333333,7.075,2346649.9,3795694.0,61.8240010917635,8.24576680654225,5696829.0,130384850.0,3620850.0,Large,Full (4/4),2007
28693040,M&A,2007/11/1,PGD SJ,PZG SJ,Completed,,Company Takeover,Thistle Mining Inc sold President Steyn Gold Mines Ltd to Pamodzi Gold Ltd for ZAR 232.80M. The transaction was announced on 11/1/2007 and completed on 2/25/2008.,ZAR,,Cash and Stock,,,,2008/2/25,,,,0.000000,100.000000,,,No,Materials,Materials,N,,,,,,,,Friendly,South Africa,South Africa,PGD,PZG,Common Stock,Common Stock,48.145,,862.653,,,777.134,,,,6.13688,,52.94,,,,786.5269775390625,38.51499938964844,,Missing,786.5269775390625,FY-specific (point-in-time),48.145,MA-screen (current/latest - NOT point-in-time),38.51499938964844,FY-specific (point-in-time),232.80,2,2001-02-01,2009-03-31,200,30,3500,100,39.5583333333333,7.075,2346649.9,3795694.0,61.8240010917635,8.24576680654225,5696829.0,910.798,48.145,Intermediate,Partial (2/4),2007
29572417,M&A,2007/1/16,SRL SJ,SAC SJ,Completed,,"Company Takeover, Tender Offer",SA Corporate Real Estate Ltd acquired SA Retail Properties Ltd for ZAR 3591.35M. The transaction was announced on 1/16/2007 and completed on 6/29/2007.,ZAR,,Stock,,,,2007/6/29,-1.77,,,0.000000,100.000000,,,No,Real Estate,Real Estate,N,,,,,,KPMG Corp Fin,,Friendly,South Africa,South Africa,SRL,SAC,Unit,REIT,296.704,1977.47,21463.5,2922.45,1784.03,,41.695,,6.8442,,135.342,771.525,,1977.468994140625,229.8000030517578,3168.719,478.98,1977.468994140625,FY-specific (point-in-time),3168.719,FY-specific (point-in-time),229.8000030517578,FY-specific (point-in-time),478.98,FY-specific (point-in-time),3591.35,2,2001-02-01,2009-03-31,200,30,3500,100,39.5583333333333,7.075,2346649.9,3795694.0,61.8240010917635,8.24576680654225,5696829.0,23440.97,1977.47,Large,Full (4/4),2007
29574873,INV,2007/9/13,DSY SJ,RMH SJ,Completed,,Minority Purchase,FirstRand Ltd sold a minority stake in Discovery Ltd to RMB Holdings Ltd. The transaction was announced on 9/13/2007 and completed on 11/19/2007.,ZAR,,Cash,,,,2007/11/19,,,,0.000000,0.540000,,,No,Financials,Financials,N,,,,,,,,Friendly,South Africa,South Africa,DSY,RMH,Common Stock,Common Stock,63380,381673,720,13,,,,,,,,,,6792,5301,,,6792.0,FY-specific (point-in-time),720.0,MA-screen (current/latest - NOT point-in-time),5301.0,FY-specific (point-in-time),13.0,MA-screen (current/latest - NOT point-in-time),85.90,2,2001-02-01,2009-03-31,200,30,3500,100,39.5583333333333,7.075,2346649.9,3795694.0,61.8240010917635,8.24576680654225,5696829.0,382393.0,381673.0,Large,Full (4/4),2007
29575013,INV,2007/9/13,DSY SJ,RMH SJ,Completed,,Additional Stake Purchase,Remgro Ltd sold Discovery Ltd to RMB Holdings Ltd for ZAR 710.03M. The transaction was announced on 9/13/2007 and completed on 11/19/2007.,ZAR,,Stock,,,,2007/11/19,,,,20.450001,4.560000,,,No,Financials,Financials,N,,,,,,KPMG Corp Fin,,Friendly,South Africa,South Africa,DSY,RMH,Common Stock,Common Stock,63380,381673,720,13,,,,,,,,,,6792,5301,,,6792.0,FY-specific (point-in-time),720.0,MA-screen (current/latest - NOT point-in-time),5301.0,FY-specific (point-in-time),13.0,MA-screen (current/latest - NOT point-in-time),710.02,2,2001-02-01,2009-03-31,200,30,3500,100,39.5583333333333,7.075,2346649.9,3795694.0,61.8240010917635,8.24576680654225,5696829.0,382393.0,381673.0,Large,Full (4/4),2007
30805255,INV,2007/6/5,RCL SJ,REM SJ,Completed,,"Additional Stake Purchase, Tender Offer",Remgro Ltd acquired RCL Foods Ltd/South Africa for ZAR 584.65M. The transaction was announced on 6/5/2007 and completed on 7/4/2007.,ZAR,,Cash or Stock,,,,2007/7/4,-3.95,,,61.500000,12.600000,,,No,Consumer Staples,Financials,N,,,,,,,,Friendly,South Africa,South Africa,RCL,REM,Common Stock,Common Stock,24498.6,18362,142174,51506,,,13.956,,43.8066,21.0383,8043.76,29911,,2745.789,4101.454,41336,9802,2745.789,FY-specific (point-in-time),41336.0,FY-specific (point-in-time),4101.454,FY-specific (point-in-time),9802.0,FY-specific (point-in-time),584.65,2,2001-02-01,2009-03-31,200,30,3500,100,39.5583333333333,7.075,2346649.9,3795694.0,61.8240010917635,8.24576680654225,5696829.0,166672.6,24498.6,Large,Full (4/4),2007
31210679,M&A,2008/4/16,IST SJ,BA/ LN,Completed,,"Company Takeover, Cross Border, Private Equity, PE Exit, PE Seller",Ethos Private Equity Pty Ltd sold IST Group Ltd to BAE Systems PLC. The transaction was announced on 4/16/2008 and completed on 8/21/2008. Financial terms of the transaction are undisclosed.,ZAR,,Undisclosed,,,,2008/8/21,,,,0.000000,100.000000,,,No,"Financials, Industrials",Industrials,N,,,,,,,,Friendly,South Africa,United Kingdom,IST,BA/,Common Stock,Common Stock,320.207,235.739,839707,667760,77.355,253880,5.204,,56.7284,32.2381,133.731,270706,,,,20260,14309,235.739,MA-screen (current/latest - NOT point-in-time),20260.0,FY-specific (point-in-time),320.207,MA-screen (current/latest - NOT point-in-time),14309.0,FY-specific (point-in-time),,2,2001-02-01,2009-03-31,200,30,3500,100,44.1333333333334,11.525,2611630.8,3916816.2,66.6773896615317,7.85033075191064,4541938.0,840027.207,320.207,Large,Full (4/4),2008
32060126,INV,2008/6/9,TOY SJ,7203 JP,Completed,,"Cross Border, Minority Purchase",Wesco Investments Ltd sold a minority stake in Toyota South Africa Pty Ltd to Toyota Motor Corp. The transaction was announced on 6/9/2008 and completed on 8/5/2008.,ZAR,,Cash,,,,2008/8/5,,,,0.000000,25.000000,,,No,Consumer Discretionary,Consumer Discretionary,N,,,,,,,,Friendly,South Africa,Japan,TOY,7203,Common Stock,Common Stock,7718.39,3725.34,1.12909e+07,5.8511e+06,2133.35,4.00957e+06,194.398,,53.9881,40.583,2011.24,4.58218e+06,,,,32574779,23948091,3725.34,MA-screen (current/latest - NOT point-in-time),32574779.0,FY-specific (point-in-time),7718.39,MA-screen (current/latest - NOT point-in-time),23948091.0,FY-specific (point-in-time),2139.32,2,2001-02-01,2009-03-31,200,30,3500,100,44.1333333333334,11.525,2611630.8,3916816.2,66.6773896615317,7.85033075191064,4541938.0,11298618.39,7718.39,Large,Full (4/4),2008
32451176,INV,2008/5/27,LBH SJ,SBK SJ,Completed,,"Additional Stake Purchase, Tender Offer",Standard Bank Group Ltd acquired Liberty Holdings Ltd for ZAR 4080.31M. The transaction was announced on 5/27/2008 and completed on 7/21/2008.,ZAR,,Cash,,,,2008/7/21,19.99,,,59.169998,37.910000,,,No,Financials,Financials,N,Werksmans,Bowman Gilfill,,,Morgan Stanley,Deutsche Bank/Goldman Sachs/Standard Bank of,,Friendly,South Africa,South Africa,LBH,SBK,Common Stock,Common Stock,40980,489476,3.62085e+06,307016,,,,2.07947e+06,,,,,,220647,29357,1182126,102996,220647.0,FY-specific (point-in-time),1182126.0,FY-specific (point-in-time),29357.0,FY-specific (point-in-time),102996.0,FY-specific (point-in-time),4080.30,2,2001-02-01,2009-03-31,200,30,3500,100,44.1333333333334,11.525,2611630.8,3916816.2,66.6773896615317,7.85033075191064,4541938.0,4110326.0,489476.0,Large,Full (4/4),2008
32922171,M&A,2008/8/7,CUH SJ,BFS SJ,Completed,,Company Takeover,Blue Financial Services Ltd acquired Credit U Holdings Ltd for ZAR 317.00M. The transaction was announced on 8/7/2008 and completed on 12/17/2008.,ZAR,,Stock,,,,2008/12/17,33.09,,,0.000000,100.000000,,,No,Financials,Financials,N,,,,,,Psg Absolute,,Friendly,South Africa,South Africa,CUH,BFS,Common Stock,Common Stock,204.559,182.523,1426.64,553.082,15.869,,121.068,,83.6821,,152.739,,,182.5229949951172,204.5590057373047,,202.5201,182.5229949951172,FY-specific (point-in-time),1426.64,MA-screen (current/latest - NOT point-in-time),204.5590057373047,FY-specific (point-in-time),202.5201,FY-specific (point-in-time),317.00,2,2001-02-01,2009-03-31,200,30,3500,100,44.1333333333334,11.525,2611630.8,3916816.2,66.6773896615317,7.85033075191064,4541938.0,1631.199,204.559,Intermediate,Full (4/4),2008
33045249,INV,2008/8/19,RPF SJ,OML LN,Completed,,"Cross Border, Minority Purchase",Om Residual UK Ltd acquired a minority stake in Real People Finance Ltd. The transaction was completed on 08/19/2008. Financial terms of the transaction are undisclosed.,ZAR,,Undisclosed,,,,2008/8/19,,,,0.000000,25.000000,,,No,Financials,Financials,N,,,,,,,,Friendly,South Africa,United Kingdom,RPF,OML,Common Stock,Common Stock,177.185,,910113,174991,,,,,,,,,,,,142740,15618,,Missing,142740.0,FY-specific (point-in-time),177.185,MA-screen (current/latest - NOT point-in-time),15618.0,FY-specific (point-in-time),,2,2001-02-01,2009-03-31,200,30,3500,100,44.1333333333334,11.525,2611630.8,3916816.2,66.6773896615317,7.85033075191064,4541938.0,910290.185,177.185,Large,Partial (3/4),2008
33271163,M&A,2008/9/4,LGL SJ,LBH SJ,Completed,,"Company Takeover, Additional Stake Purchase",Liberty Holdings Ltd acquired Liberty Group Ltd for ZAR 29492.37M. The transaction was announced on 9/4/2008 and completed on 12/1/2008.,ZAR,,Stock,,,,2008/12/1,193.30,,,51.200001,48.799999,,,No,Financials,Financials,N,Werksmans,Werksmans,,,,,,Friendly,South Africa,South Africa,LGL,LBH,Common Stock,Common Stock,74224,569778,489476,40980,,,,,,,,,,221255,50403,220647,29357,221255.0,FY-specific (point-in-time),220647.0,FY-specific (point-in-time),50403.0,FY-specific (point-in-time),29357.0,FY-specific (point-in-time),29492.37,2,2001-02-01,2009-03-31,200,30,3500,100,44.1333333333334,11.525,2611630.8,3916816.2,66.6773896615317,7.85033075191064,4541938.0,1059254.0,569778.0,Large,Full (4/4),2008
33272375,INV,2008/9/4,NPK SJ,BVT SJ,Terminated,,"Additional Stake Purchase, Tender Offer",Bidvest Group Ltd/The announced the acquisition of Nampak Ltd for ZAR 2356.01M. The transaction was announced on 9/4/2008 and terminated on 10/8/2008.,ZAR,,Stock,,,,2008/10/8,-1.59,,,5.000000,25.000000,,,No,Materials,Consumer Staples,N,,Dla Piper Llp,,,,,,Friendly,South Africa,South Africa,NPK,BVT,Common Stock,Common Stock,10726.8,10992.4,122623,130321,7993.5,40740.4,1223.4,,54.7142,43.1532,6014.4,52915.8,,13032.6,17014.4,32847.93,95655.509,13032.6,FY-specific (point-in-time),32847.93,FY-specific (point-in-time),17014.4,FY-specific (point-in-time),95655.509,FY-specific (point-in-time),2356.01,2,2001-02-01,2009-03-31,200,30,3500,100,44.1333333333334,11.525,2611630.8,3916816.2,66.6773896615317,7.85033075191064,4541938.0,141313.4,10992.4,Large,Full (4/4),2008
33515744,INV,2008/7/31,783608Z SJ,184023Z SJ,Completed,,Minority Purchase,Public Investment Corp Ltd acquired a minority stake in AfriSam South Africa Pty Ltd. The transaction was announced on 7/31/2008 and completed on 8/31/2008.,ZAR,,Cash,,,,2008/8/31,,,,0.000000,0.000000,,,No,Materials,Financials,N,White & Case LLP,,,,,,,Friendly,South Africa,South Africa,783608Z,184023Z,Private Comp,Private Comp,6843.75,17859.6,4617.25,1261.76,4035.82,185.389,52.845,,7.37279,85.5959,1316.75,3952.18,,17020.060546875,6243.47509765625,128.304,111.956,17020.060546875,FY-specific (point-in-time),128.304,FY-specific (point-in-time),6243.47509765625,FY-specific (point-in-time),111.956,FY-specific (point-in-time),6.00,2,2001-02-01,2009-03-31,200,30,3500,100,44.1333333333334,11.525,2611630.8,3916816.2,66.6773896615317,7.85033075191064,4541938.0,22476.85,17859.6,Large,Full (4/4),2008
33795939,M&A,2008/10/9,VOD SJ,VOD LN,Completed,,"Cross Border, Majority Purchase, Additional Stake Purchase",Telkom SA SOC Ltd sold Vodacom Group Ltd to Vodafone Group PLC for ZAR 22500.00M. The transaction was announced on 10/9/2008 and completed on 4/20/2009.,ZAR,,Cash,,,,2009/4/20,,,,50.000000,15.000000,,,No,Communications,Communications,N,,Linklaters/Paul Hastings,,,,UBS,,Friendly,South Africa,United Kingdom,VOD,VOD,Common Stock,Common Stock,167652,276433,2.5496e+06,813593,167971,1.59317e+06,11652,,31.2926,21.0071,86503,535597,,28470.2,41146.4,161400.0708,45894.26303999999,28470.2,FY-specific (point-in-time),161400.0708,FY-specific (point-in-time),41146.4,FY-specific (point-in-time),45894.26303999999,FY-specific (point-in-time),22500.03,2,2001-02-01,2009-03-31,200,30,3500,100,44.1333333333334,11.525,2611630.8,3916816.2,66.6773896615317,7.85033075191064,4541938.0,2826033.0,276433.0,Large,Full (4/4),2008
34053878,INV,2008/10/30,BDM SJ,BRAIT LX,Completed,,"Private Equity, Additional Stake Purchase",Brait PLC acquired Buildmax Ltd for ZAR 132.00M. The transaction was announced on 10/30/2008 and completed on 12/31/2008.,ZAR,,Cash,,,,2008/12/31,6.23,,,12.950000,11.650000,,,No,Materials,Financials,N,,Read Hope Philli,,,,,,Friendly,South Africa,South Africa,BDM,BRAIT,Common Stock,Common Stock,910.462,534.318,15445,1796,785.693,,29.81,,25.68,,137.213,2,,66.81999969482422,114.85700225830078,2322.2,746.7,66.81999969482422,FY-specific (point-in-time),2322.2,FY-specific (point-in-time),114.85700225830078,FY-specific (point-in-time),746.7,FY-specific (point-in-time),132.00,2,2001-02-01,2009-03-31,200,30,3500,100,44.1333333333334,11.525,2611630.8,3916816.2,66.6773896615317,7.85033075191064,4541938.0,16355.462,910.462,Large,Full (4/4),2008
34153411,M&A,2008/11/5,MYT SJ,CPF SJ,Completed,,Company Takeover,Capital Property Fund Ltd acquired Monyetla Property Fund Ltd for ZAR 919.90M. The transaction was announced on 11/5/2008 and completed on 1/19/2009.,ZAR,,Stock,,,,2009/1/19,-11.24,,,0.000000,100.000000,,,No,Real Estate,Real Estate,N,,,,,,Java Capital,,Friendly,South Africa,South Africa,MYT,CPF,Unit,REIT,151.191,1296.07,,2038.25,0.185,,73.684,,5.99658,,77.72,,,1081.987060546875,81.19100189208984,3256.86,336.794,1081.987060546875,FY-specific (point-in-time),3256.86,FY-specific (point-in-time),81.19100189208984,FY-specific (point-in-time),336.794,FY-specific (point-in-time),919.90,2,2001-02-01,2009-03-31,200,30,3500,100,44.1333333333334,11.525,2611630.8,3916816.2,66.6773896615317,7.85033075191064,4541938.0,3334.3199999999997,1296.07,Intermediate,Partial (3/4),2008
34848999,M&A,2008/7/30,GGM SJ,DCPL MP,Completed,,"Company Takeover, Cross Border, Additional Stake Purchase, Tender Offer",Agape Global Investments Ltd acquired Goliath Gold Mining Ltd. The transaction was completed on 7/30/2008. Financial terms of the transaction are undisclosed.,ZAR,,Undisclosed,,,,2008/7/30,,,,57.099998,42.900002,,,No,Materials,Financials,N,,,,,,,,Friendly,South Africa,NORTHERN MARIANA ISLANDS,GGM,DCPL,Common Stock,Common Stock,,168.204,21.2165,,118.002,,5.488,,3.84236,,6.463,21.2165,,55.34600067138672,135.75999450683594,16.479127883911133,2.6316299438476562,55.34600067138672,FY-specific (point-in-time),16.479127883911133,FY-specific (point-in-time),135.75999450683594,FY-specific (point-in-time),2.6316299438476562,FY-specific (point-in-time),,2,2001-02-01,2009-03-31,200,30,3500,100,44.1333333333334,11.525,2611630.8,3916816.2,66.6773896615317,7.85033075191064,4541938.0,189.4205,168.204,Small,Partial (2/4),2008
35394308,M&A,2007/4/23,JCD SJ,RNG SJ,Terminated,,"Company Takeover, Cross Border",Randgold & Exploration Co Ltd announced the acquisition of JCI Ltd for ZAR 21.38M. The transaction was announced on 4/23/2007 and terminated on 4/23/2007.,ZAR,,Stock,,,,2007/4/23,,,,0.000000,100.000000,,,No,Materials,Materials,N,,,,,,,,Friendly,South Africa,South Africa,JCD,RNG,Common Stock,Common Stock,227.79,2507.77,50.495,,,0.181,369.061,,25.9318,99.9148,650.309,50.452,,,,,,2507.77,MA-screen (current/latest - NOT point-in-time),50.495,MA-screen (current/latest - NOT point-in-time),227.79,MA-screen (current/latest - NOT point-in-time),,Missing,21.38,2,2001-02-01,2009-03-31,200,30,3500,100,39.5583333333333,7.075,2346649.9,3795694.0,61.8240010917635,8.24576680654225,5696829.0,2558.265,2507.77,Intermediate,Partial (3/4),2007
35845511,M&A,2009/1/15,MDN SJ,RDF SJ,Completed,,Company Takeover,Redefine Properties Ltd acquired Madison Property Fund Managers Holdings Pty Ltd for ZAR 1152.89M. The transaction was announced on 1/15/2009 and completed on 8/18/2009.,ZAR,,Stock,,,,2009/8/18,-12.85,,,0.000000,100.000000,,,No,Financials,Real Estate,N,,,,,Grant Thornton,,,Friendly,South Africa,South Africa,MDN,RDF,Unit,REIT,195.893,451.155,106323,11007.4,2.964,,5.36,,24.0268,,108.398,3018.73,,451.155,195.893,,,451.155,FY-specific (point-in-time),106323.0,MA-screen (current/latest - NOT point-in-time),195.893,FY-specific (point-in-time),11007.4,MA-screen (current/latest - NOT point-in-time),1152.90,2,2001-02-01,2009-03-31,200,30,3500,100,47.0166666666667,7.14166666666667,2794228.4,3856572.1,72.4536797846979,8.66304177846167,5929063.0,106774.155,451.155,Large,Full (4/4),2009
36236416,BUY,2008/12/15,CEL SJ,CEL SJ,Pending,,,,ZAR,,,,,,,46.84,,,0.000000,0.000000,,,,Technology,Technology,N,,,,,,,,,South Africa,,CEL,CEL,Common Stock,Common Stock,1012.57,191.832,191.832,1012.57,15.126,15.126,11.987,,49.2092,49.2092,94.399,94.399,,152.46299743652344,694,152.46299743652344,694,152.46299743652344,FY-specific (point-in-time),152.46299743652344,FY-specific (point-in-time),694.0,FY-specific (point-in-time),694.0,FY-specific (point-in-time),57.81,2,2001-02-01,2009-03-31,200,30,3500,100,44.1333333333334,11.525,2611630.8,3916816.2,66.6773896615317,7.85033075191064,4541938.0,2025.14,1012.57,Intermediate,Full (4/4),2008
36718562,M&A,2009/4/9,CMP SJ,AIP SJ,Terminated,,Company Takeover,Adcock Ingram Holdings Ltd announced the acquisition of Cipla Medpro South Africa Ltd for ZAR 2420.75M. The transaction was announced on 4/9/2009 and terminated on 6/2/2009.,ZAR,,Cash,,,,2009/6/2,33.88,,,0.000000,100.000000,,,No,Health Care,Health Care,N,A&O Shearman LLP,Read Hope Philli,,,,Deutsche Bank,,Friendly,South Africa,South Africa,CMP,AIP,Common Stock,Common Stock,2297.22,3012.93,8735.68,9760.33,520.269,2967.08,172.732,,36.249,60.0069,1092.16,5242.02,,2155.295,994.892,2712.879,1758.808,2155.295,FY-specific (point-in-time),2712.879,FY-specific (point-in-time),994.892,FY-specific (point-in-time),1758.808,FY-specific (point-in-time),2420.76,3,2009-04-01,2017-09-30,560,80,6600,190,47.0166666666667,7.14166666666667,2794228.4,3856572.1,72.4536797846979,8.66304177846167,5929063.0,12773.26,3012.93,Large,Full (4/4),2009
37594888,BUY,2009/5/28,KDV SJ,KDV SJ,Pending,,,,ZAR,,,,,,,8.57,,,0.000000,0.000000,,,,Industrials,Industrials,N,,,,,,Java Capital,,,South Africa,,KDV,KDV,Common Stock,Common Stock,1025.32,537.43,537.43,1025.32,183.195,183.195,4.81923,,72.1732,72.1732,387.881,387.881,,209.400629,440.446378,209.400629,440.446378,209.400629,FY-specific (point-in-time),209.400629,FY-specific (point-in-time),440.446378,FY-specific (point-in-time),440.446378,FY-specific (point-in-time),112.19,3,2009-04-01,2017-09-30,560,80,6600,190,47.0166666666667,7.14166666666667,2794228.4,3856572.1,72.4536797846979,8.66304177846167,5929063.0,2050.64,1025.32,Intermediate,Full (4/4),2009
39211729,M&A,2009/8/14,IBLP SJ,NED SJ,Completed,,"Company Takeover, Additional Stake Purchase",Imperial Logistics Ltd sold IBL Asset Finance & Services Pty Ltd to Nedbank Group Ltd for ZAR 1780.00M. The transaction was announced on 8/14/2009 and completed on 3/12/2010.,ZAR,,Cash and Stock,,,,2010/3/12,,,,50.099998,49.900002,,,No,Financials,Financials,N,,,,,,,,Friendly,South Africa,South Africa,IBLP,NED,Preference,Common Stock,6519.35,48768.1,1.55863e+06,164033,,,,589215,,,,,,48768.09375,6519.34814453125,567023,68715,48768.09375,FY-specific (point-in-time),567023.0,FY-specific (point-in-time),6519.34814453125,FY-specific (point-in-time),68715.0,FY-specific (point-in-time),1780.00,3,2009-04-01,2017-09-30,560,80,6600,190,47.0166666666667,7.14166666666667,2794228.4,3856572.1,72.4536797846979,8.66304177846167,5929063.0,1607398.1,48768.1,Large,Full (4/4),2009
39325814,M&A,2009/8/20,LHG SJ,TBG SJ,Completed,,"Cross Border, Majority Purchase, Additional Stake Purchase",Tiso Blackstar Group SE acquired Litha Healthcare Group Ltd for ZAR 59.90M. The transaction was announced on 8/20/2009 and completed on 5/17/2010.,ZAR,,Cash,,,,2010/5/17,30.47,,,13.650000,37.349998,,,No,Health Care,Financials,N,,,,,,,,Friendly,South Africa,United Kingdom,LHG,TBG,Common Stock,Common Stock,1045.33,1944.3,3837.64,2209.25,99.704,963.062,49.945,,33.2892,17.8318,647.241,684.322,,178.128,227.153,,,178.128,FY-specific (point-in-time),3837.64,MA-screen (current/latest - NOT point-in-time),227.153,FY-specific (point-in-time),2209.25,MA-screen (current/latest - NOT point-in-time),59.90,3,2009-04-01,2017-09-30,560,80,6600,190,47.0166666666667,7.14166666666667,2794228.4,3856572.1,72.4536797846979,8.66304177846167,5929063.0,5781.94,1944.3,Intermediate,Full (4/4),2009
40052443,INV,2009/8/11,KAL SJ,ZED SJ,Completed,,Additional Stake Purchase,Zeder Investments Ltd acquired KAL Group Ltd for USD 2.50M. The transaction was announced on 8/11/2009 and completed on 8/31/2009.,USD,,Cash,,,,2009/8/31,,,,34.900002,1.300000,,,No,Consumer Staples,Consumer Staples,N,,Werksmans,,,KPMG Corp Fin,,,Friendly,South Africa,South Africa,KAL,ZED,Common Stock,Common Stock,20305.2,8229.85,2389,15,2572.75,,340.643,,52.6082,,4329.58,,,,,1604.525,168.882,8229.85,MA-screen (current/latest - NOT point-in-time),1604.525,FY-specific (point-in-time),20305.2,MA-screen (current/latest - NOT point-in-time),168.882,FY-specific (point-in-time),20.34,3,2009-04-01,2017-09-30,560,80,6600,190,47.0166666666667,7.14166666666667,2794228.4,3856572.1,72.4536797846979,8.66304177846167,5929063.0,22694.2,20305.2,Large,Full (4/4),2009
43736834,INV,2010/3/11,MIX SJ,IPL SJ,Completed,,Minority Purchase,Imperial Logistics Ltd acquired a minority stake in MiX Telematics Ltd. The transaction was completed on 3/11/2010. Financial terms of the transaction are undisclosed.,ZAR,,Cash,,,,2010/3/11,,,,0.000000,25.400000,,,No,Technology,Consumer Discretionary,N,,,,,,,,Friendly,South Africa,South Africa,MIX,IPL,Common Stock,Common Stock,2465.63,3131.15,30329,52208,1529.74,12529,190.302,,39.497,53.4703,1236.71,16217,,115.94831737999999,110.01038124879311,33315,52219,115.94831737999999,FY-specific (point-in-time),33315.0,FY-specific (point-in-time),110.01038124879311,FY-specific (point-in-time),52219.0,FY-specific (point-in-time),,3,2009-04-01,2017-09-30,560,80,6600,190,49.0333333333333,4.28333333333333,3055613.2,3973801.6,76.8939546453452,6.12843250176096,6698700.0,55339.15,3131.15,Large,Full (4/4),2010
43785633,INV,2010/3/15,CLR SJ,CLR SJ,Completed,,Minority Purchase,Hosken Consolidated Investments Ltd sold a minority stake in Clover Industries Ltd to Clover Industries Ltd. The transaction was announced on 3/15/2010 and completed on 6/3/2010.,ZAR,,Cash,,,,2010/6/3,,,,0.000000,34.990002,,,No,Consumer Staples,Consumer Staples,N,,,,,,,,Friendly,South Africa,South Africa,CLR,CLR,Common Stock,Common Stock,8312.48,6258.61,6258.61,8312.48,3799.34,3799.34,96.88,,50.045,50.045,3132.12,3132.12,,3585.507,5475.846,3585.507,5475.846,3585.507,FY-specific (point-in-time),3585.507,FY-specific (point-in-time),5475.846,FY-specific (point-in-time),5475.846,FY-specific (point-in-time),337.40,3,2009-04-01,2017-09-30,560,80,6600,190,49.0333333333333,4.28333333333333,3055613.2,3973801.6,76.8939546453452,6.12843250176096,6698700.0,16624.96,8312.48,Large,Full (4/4),2010
44038757,INV,2010/3/24,HYP SJ,RDF SJ,Completed,,Additional Stake Purchase,Coronation Asset Management Pty Ltd sold Hyprop Investments Ltd to Redefine Properties Ltd for ZAR 984.33M. The transaction was announced on 3/24/2010 and completed on 8/13/2010.,ZAR,,Cash,,,,2010/8/13,,,,33.299999,11.900000,,,No,Real Estate,Real Estate,N,,,,,,,,Friendly,South Africa,South Africa,HYP,RDF,REIT,REIT,5111.66,42362.5,106323,11007.4,,,,,,,2130.62,3018.73,,,,25942.975,1131.759,42362.5,MA-screen (current/latest - NOT point-in-time),25942.975,FY-specific (point-in-time),5111.66,MA-screen (current/latest - NOT point-in-time),1131.759,FY-specific (point-in-time),984.33,3,2009-04-01,2017-09-30,560,80,6600,190,49.0333333333333,4.28333333333333,3055613.2,3973801.6,76.8939546453452,6.12843250176096,6698700.0,148685.5,42362.5,Large,Full (4/4),2010
44245415,M&A,2010/3/31,1261Z SJ,MTM SJ,Completed,,Company Takeover,FirstRand Ltd sold Momentum Metropolitan Life Ltd to Momentum Group Limited. The transaction was completed on 3/31/2010. Financial terms of the transaction are undisclosed.,ZAR,,Stock,,,,2010/3/31,,,,0.000000,100.000000,,,No,Financials,Financials,N,,Edward Nathan,,,,Fidelis Parners/JP Morgan,,Friendly,South Africa,South Africa,1261Z,MTM,Common Stock,Common Stock,103360,702491,803213,73780,,,,,,,,,,,,71571,18820,702491.0,MA-screen (current/latest - NOT point-in-time),71571.0,FY-specific (point-in-time),103360.0,MA-screen (current/latest - NOT point-in-time),18820.0,FY-specific (point-in-time),,3,2009-04-01,2017-09-30,560,80,6600,190,49.0333333333333,4.28333333333333,3055613.2,3973801.6,76.8939546453452,6.12843250176096,6698700.0,1505704.0,702491.0,Large,Full (4/4),2010
46143935,M&A,2010/6/16,2520469D LN,ND CN,Completed,,"Cross Border, Private Equity, Majority Purchase, PE Exit, PE Seller",A consortium led by Investec PLC sold Central African Gold Ltd to New Dawn Mining Corp for CAD 3.91M. The transaction was completed on 6/16/2010.,CAD,,Stock,,,,2010/6/16,,,,0.000000,89.000000,,,No,Materials,Materials,N,,Borden Ladner,,,,,,Friendly,South Africa,Canada,2520469D,ND,Common Stock,Common Stock,12.0534,128.015,577.155,532.464,83.2655,634.781,33.8448,,32.601,21.3794,41.734,123.393,,10.742,0.921,19.238732,5.644977,10.742,FY-specific (point-in-time),19.238732,FY-specific (point-in-time),0.921,FY-specific (point-in-time),5.644977,FY-specific (point-in-time),28.93,3,2009-04-01,2017-09-30,560,80,6600,190,49.0333333333333,4.28333333333333,3055613.2,3973801.6,76.8939546453452,6.12843250176096,6698700.0,705.17,128.015,Intermediate,Full (4/4),2010
47513650,M&A,2010/3/12,SYC SJ,ACP SJ,Completed,,"Company Takeover, Additional Stake Purchase",Acucap Properties Ltd acquired Sycom Property Fund. The transaction was announced on 3/12/2010 and completed on 8/16/2010. Financial terms of the transaction are undisclosed.,ZAR,,Undisclosed,,,,2010/8/16,,,,50.000000,50.000000,,,No,Real Estate,Real Estate,N,,,,,,,,Friendly,South Africa,South Africa,SYC,ACP,REIT,REIT,915.74,9272.69,12572.8,679.829,,,,,,,442.324,,,5169.172,437.666,6658.228,558.332,5169.172,FY-specific (point-in-time),6658.228,FY-specific (point-in-time),437.666,FY-specific (point-in-time),558.332,FY-specific (point-in-time),,3,2009-04-01,2017-09-30,560,80,6600,190,49.0333333333333,4.28333333333333,3055613.2,3973801.6,76.8939546453452,6.12843250176096,6698700.0,21845.489999999998,9272.69,Large,Full (4/4),2010
47656728,M&A,2010/8/23,NED SJ,HSBA LN,Terminated,,"Cross Border, Majority Purchase",Om Residual UK Ltd announced the sale of Nedbank Group Ltd to HSBC Holdings PLC. The transaction was announced on 8/23/2010 and terminated on 10/15/2010. Financial terms of the transaction are undisclosed.,GBP,,Undisclosed,,,,2010/10/15,,,,0.000000,70.000000,,,No,Financials,Financials,N,,Linklaters,,,Credit Suisse,HSBC,,Friendly,South Africa,United Kingdom,NED,HSBA,Common Stock,Common Stock,164033,1.55863e+06,5.35614e+07,2.42476e+06,,,,3.71866e+07,,,,,,570703,62443,2364452,91286,570703.0,FY-specific (point-in-time),2364452.0,FY-specific (point-in-time),62443.0,FY-specific (point-in-time),91286.0,FY-specific (point-in-time),,3,2009-04-01,2017-09-30,560,80,6600,190,49.0333333333333,4.28333333333333,3055613.2,3973801.6,76.8939546453452,6.12843250176096,6698700.0,55120030.0,1558630.0,Large,Full (4/4),2010
47987005,M&A,2010/9/3,SPS SJ,JSC SJ,Completed,,Company Takeover,Jasco Electronics Holdings Ltd acquired Spescom Ltd for ZAR 37.03M. The transaction was announced on 9/3/2010 and completed on 1/25/2011.,ZAR,,Cash and Stock,,,,2011/1/25,-2.98,,,0.000000,100.000000,,,No,Technology,Industrials,N,,,,,Ernst & Young/Investec Bank,Grindrod Bank,,Friendly,South Africa,South Africa,SPS,JSC,Common Stock,Common Stock,358.564,226.454,408.997,673.343,76.7498,283.105,11.3788,,57.43,52.4253,130.052,214.418,,226.453781,358.563593,518.837,595.148,226.453781,FY-specific (point-in-time),518.837,FY-specific (point-in-time),358.563593,FY-specific (point-in-time),595.148,FY-specific (point-in-time),37.03,3,2009-04-01,2017-09-30,560,80,6600,190,49.0333333333333,4.28333333333333,3055613.2,3973801.6,76.8939546453452,6.12843250176096,6698700.0,1031.907,358.564,Intermediate,Full (4/4),2010
48240532,M&A,2010/1/19,SPO SJ,SBV SJ,Completed,,"Majority Purchase, Additional Stake Purchase",Sabvest Ltd acquired Set Point Group Ltd for ZAR 172.45M. The transaction was announced on 1/19/2010 and completed on 5/25/2010.,ZAR,,Cash,,,,2010/5/25,8.70,,,32.509998,66.275002,,,No,Industrials,Financials,N,,Edward Nathan,,,,,,Friendly,South Africa,South Africa,SPO,SBV,Common Stock,Common Stock,359.376,235.593,5476.29,1067.47,72.373,,54.373,,67.699,,159.494,67.575,,235.593,359.376,396.647,57.565,235.593,FY-specific (point-in-time),396.647,FY-specific (point-in-time),359.376,FY-specific (point-in-time),57.565,FY-specific (point-in-time),172.45,3,2009-04-01,2017-09-30,560,80,6600,190,49.0333333333333,4.28333333333333,3055613.2,3973801.6,76.8939546453452,6.12843250176096,6698700.0,5835.666,359.376,Intermediate,Full (4/4),2010
48464406,M&A,2010/9/27,MSM SJ,WMT US,Completed,,"Cross Border, Majority Purchase",Walmart Inc acquired Massmart Holdings Ltd for ZAR 14600.53M. The transaction was announced on 9/27/2010 and completed on 6/20/2011.,ZAR,,Cash,,2010/11/29,,2011/6/20,15.30,,,0.000000,51.000000,,,No,Consumer Staples,Consumer Staples,N,,Skadden Arps,,,Deutsche Bank,JP Morgan/Rothschild & Co,,Unsolicited to Friendly,South Africa,United States,MSM,WMT,Common Stock,Common Stock,77621.6,40144.7,4.59124e+06,1.26023e+07,26034.2,4.47231e+06,1719.7,,42.1331,29.8151,16914.2,1.36888e+06,,12526.9,43128.7,163429,404254,12526.9,FY-specific (point-in-time),163429.0,FY-specific (point-in-time),43128.7,FY-specific (point-in-time),404254.0,FY-specific (point-in-time),14600.52,3,2009-04-01,2017-09-30,560,80,6600,190,49.0333333333333,4.28333333333333,3055613.2,3973801.6,76.8939546453452,6.12843250176096,6698700.0,12679921.6,77621.6,Large,Full (4/4),2010
48568687,INV,2010/9/30,SAL SJ,1732347D LN,Completed,,"Cross Border, Minority Purchase",Honeywell International Inc sold a minority stake in Sallies Ltd to Maghreb Minerals PLC/Old. The transaction was completed on 9/30/2010.,USD,,Cash,,,,2010/9/30,,,,0.000000,11.400000,,,No,Materials,Materials,N,,,,,,,,Friendly,South Africa,United Kingdom,SAL,1732347D,Common Stock,Common Stock,56.071,171.53,6.2763,,268.103,3.7108,7.81,,44.022,92.1533,75.511,5.78382,,218.83799743652344,251.92799377441406,0.429,,218.83799743652344,FY-specific (point-in-time),0.429,FY-specific (point-in-time),251.92799377441406,FY-specific (point-in-time),,Missing,8.38,3,2009-04-01,2017-09-30,560,80,6600,190,49.0333333333333,4.28333333333333,3055613.2,3973801.6,76.8939546453452,6.12843250176096,6698700.0,177.8063,171.53,Small,Partial (3/4),2010
49597317,INV,2010/11/10,WGR SJ,HAR SJ,Completed,,Minority Purchase,Harmony Gold Mining Co Ltd acquired a minority stake in Witwatersrand Consolidated Gold Resources Pty Ltd. The transaction was announced on 11/10/2010 and completed on 12/31/2010. Financial terms of the transaction are undisclosed.,ZAR,,Undisclosed,,,,2010/12/31,,,,0.000000,13.560000,,,No,Materials,Materials,N,,,,,,,,Friendly,South Africa,South Africa,WGR,HAR,Common Stock,Common Stock,,541.316,125990,99238,7.32679,,9.37687,,4.51366,16.1648,24.4331,20366,,205.3234405517578,0,38025,11496,205.3234405517578,FY-specific (point-in-time),38025.0,FY-specific (point-in-time),0.0,FY-specific (point-in-time),11496.0,FY-specific (point-in-time),,3,2009-04-01,2017-09-30,560,80,6600,190,49.0333333333333,4.28333333333333,3055613.2,3973801.6,76.8939546453452,6.12843250176096,6698700.0,126531.316,541.316,Large,Partial (3/4),2010
50400673,M&A,2010/12/9,GMB SJ,AON US,Completed,,"Company Takeover, Cross Border",Aon PLC acquired Glenrand MIB Ltd for ZAR 596.05M. The transaction was announced on 12/9/2010 and completed on 4/28/2011.,ZAR,,Cash,,,,2011/4/28,15.74,,,0.000000,100.000000,,,No,Financials,Financials,N,Deneys Reitz,,,,Sasfin Bank,,,Friendly,South Africa,United States,GMB,AON,Common Stock,Common Stock,545.666,581.591,841333,307187,,50098.3,,,,50.7522,,426995,,587.356,576.484,22958,7595,587.356,FY-specific (point-in-time),22958.0,FY-specific (point-in-time),576.484,FY-specific (point-in-time),7595.0,FY-specific (point-in-time),596.05,3,2009-04-01,2017-09-30,560,80,6600,190,49.0333333333333,4.28333333333333,3055613.2,3973801.6,76.8939546453452,6.12843250176096,6698700.0,841914.591,581.591,Large,Full (4/4),2010
50401969,M&A,2010/12/13,FWD SJ,4613 JP,Completed,,"Company Takeover, Cross Border, Additional Stake Purchase, Tender Offer",Kansai Paint Co Ltd acquired Kansai Plascon Africa Ltd for ZAR 2544.56M. The transaction was announced on 12/13/2010 and completed on 12/28/2011.,ZAR,,Cash,,,,2011/12/28,26.32,,,27.559999,72.440002,,,No,Materials,Materials,N,,Bowman Gilfill,,,,Newman & Assoc/Nomura,,Friendly,South Africa,Japan,FWD,4613,Common Stock,Common Stock,2765.01,4594.95,85781.2,68086.3,1102.98,55237.3,45.76,,20.9498,46.9308,962.631,40257.8,,4477.118,2703.164,240665,229988,4477.118,FY-specific (point-in-time),240665.0,FY-specific (point-in-time),2703.164,FY-specific (point-in-time),229988.0,FY-specific (point-in-time),2544.57,3,2009-04-01,2017-09-30,560,80,6600,190,49.0333333333333,4.28333333333333,3055613.2,3973801.6,76.8939546453452,6.12843250176096,6698700.0,90376.15,4594.95,Large,Full (4/4),2010
50742433,M&A,2010/12/24,SAL SJ,1732347D LN,Completed,,"Cross Border, Private Equity, Majority Purchase",Firebird Management LLC sold Sallies Ltd to Maghreb Minerals PLC/Old for GBP 5.19M. The transaction was completed on 12/24/2010.,GBP,,Stock,,,,2010/12/24,,,,11.400000,66.900002,,,No,Materials,Materials,N,,,,,,,,Friendly,South Africa,United Kingdom,SAL,1732347D,Common Stock,Common Stock,56.071,171.53,6.2763,,268.103,3.7108,7.81,,44.022,92.1533,75.511,5.78382,,218.83799743652344,251.92799377441406,0.429,,218.83799743652344,FY-specific (point-in-time),0.429,FY-specific (point-in-time),251.92799377441406,FY-specific (point-in-time),,Missing,53.89,3,2009-04-01,2017-09-30,560,80,6600,190,49.0333333333333,4.28333333333333,3055613.2,3973801.6,76.8939546453452,6.12843250176096,6698700.0,177.8063,171.53,Small,Partial (3/4),2010
51575642,M&A,2011/1/21,RCO SJ,GWMGF US,Completed,,"Company Takeover, Cross Border, Additional Stake Purchase, Tender Offer",Great Western Minerals Group Ltd acquired Rare Earth Extraction Co Ltd for ZAR 100.58M. The transaction was announced on 1/21/2011 and completed on 7/14/2011.,ZAR,,Cash,,,,2011/7/14,,,,20.080000,79.919998,,,No,Materials,Materials,N,,,,,,,,Friendly,South Africa,Canada,RCO,GWMGF,Common Stock,Common Stock,,14.875,717.122,162.761,14.8,464.782,,,0.504202,46.2999,0.075,332.027,,,,59.215596,15.139682,14.875,MA-screen (current/latest - NOT point-in-time),59.215596,FY-specific (point-in-time),,Missing,15.139682,FY-specific (point-in-time),100.58,3,2009-04-01,2017-09-30,560,80,6600,190,51.475,4.98333333333333,3327047.0,4099713.7,81.1531546702883,5.53905706188178,6908507.0,731.997,14.875,Small,Partial (3/4),2011
5157881,M&A,2000/1/11,GAR SJ,SNT SJ,Completed,,Company Takeover,Santam Ltd acquired Guardian National Insurance Co Ltd for ZAR 1567.24M. The transaction was announced on 1/11/2000 and completed on 5/29/2000.,ZAR,,Cash,,,,2000/5/29,19.48,,,0.000000,100.000000,,,No,Financials,Financials,N,,,,,,Chase Manhattan/Investec Bank,,Friendly,South Africa,South Africa,GAR,SNT,Common Stock,Common Stock,1908.9,3613.48,82392,50952,,,,,,,,,,3613.47607421875,1908.89501953125,4329.5927734375,2817.702880859375,3613.47607421875,FY-specific (point-in-time),4329.5927734375,FY-specific (point-in-time),1908.89501953125,FY-specific (point-in-time),2817.702880859375,FY-specific (point-in-time),1567.24,1,1999-12-24,2001-01-31,50,5,3500,100,27.5833333333333,5.325,1053138.0,2826727.8,37.2564348077661,9.18219108248353,1551489.0,86005.48,3613.48,Large,Full (4/4),2000
5187108,INV,2000/1/26,COM SJ,IAG LN,Completed,,Minority Purchase,International Consolidated Airlines Group SA acquired a minority stake in Comair Ltd. The transaction was completed on 1/26/2000.,ZAR,,Undisclosed,,,,2000/1/26,,,,0.000000,18.299999,,,No,Industrials,Industrials,N,,,,,,,,Friendly,South Africa,United Kingdom,COM,IAG,Common Stock,Common Stock,7125.64,8146.76,833109,670484,8189.81,780807,517.943,,16.6263,30.3531,1354.51,252874,,478.7749938964844,608.9970092773438,,,478.7749938964844,FY-specific (point-in-time),833109.0,MA-screen (current/latest - NOT point-in-time),608.9970092773438,FY-specific (point-in-time),670484.0,MA-screen (current/latest - NOT point-in-time),168.00,1,1999-12-24,2001-01-31,50,5,3500,100,27.5833333333333,5.325,1053138.0,2826727.8,37.2564348077661,9.18219108248353,1551489.0,841255.76,8146.76,Large,Full (4/4),2000
5228277,M&A,2000/2/14,DUK SJ,GLEN LN,Completed,,"Majority Purchase, Additional Stake Purchase",Lonmin Ltd sold Duiker Mining Ltd to Glencore PLC for GBP 120.04M. The transaction was announced on 2/14/2000 and completed on 5/22/2000.,GBP,,Cash,,,,2000/5/22,,,,22.700001,62.200001,,,No,Materials,Materials,N,Deneys Reitz,Bowman Gilfill,,,Investec Bank,PwC,,Friendly,South Africa,Switzerland,DUK,GLEN,Common Stock,Common Stock,1817.85,3052.18,2.3558e+06,4.42579e+06,,2.07326e+06,10.354,,16.4274,47.1382,501.395,1.11048e+06,,3052.18408203125,1817.8470458984375,,,3052.18408203125,FY-specific (point-in-time),2355800.0,MA-screen (current/latest - NOT point-in-time),1817.8470458984375,FY-specific (point-in-time),4425790.0,MA-screen (current/latest - NOT point-in-time),1210.93,1,1999-12-24,2001-01-31,50,5,3500,100,27.5833333333333,5.325,1053138.0,2826727.8,37.2564348077661,9.18219108248353,1551489.0,4428842.18,3052.18,Large,Full (4/4),2000
5228303,M&A,2000/2/14,TWE SJ,GLEN LN,Completed,,"Majority Purchase, Additional Stake Purchase",Lonmin Ltd sold Tweefontein United Colleries to Glencore PLC for GBP 11.05M. The transaction was announced on 2/14/2000 and completed on 5/15/2000.,GBP,,Cash,,,,2000/5/15,,,,0.500000,60.810001,,,No,Materials,Materials,N,,Bowman Gilfill/Linklaters,,,,PwC,,Friendly,South Africa,Switzerland,TWE,GLEN,Common Stock,Common Stock,,4.631,2.3558e+06,4.42579e+06,,2.07326e+06,0.479,,10.3433,47.1382,0.479,1.11048e+06,,4.63100004196167,,,,4.63100004196167,FY-specific (point-in-time),2355800.0,MA-screen (current/latest - NOT point-in-time),,Missing,4425790.0,MA-screen (current/latest - NOT point-in-time),111.44,1,1999-12-24,2001-01-31,50,5,3500,100,27.5833333333333,5.325,1053138.0,2826727.8,37.2564348077661,9.18219108248353,1551489.0,4425794.631,4.631,Small,Partial (3/4),2000
5239576,INV,2000/2/18,FOZ SJ,CPC SJ,Completed,,Minority Purchase,Micawber 275 Ltd acquired a minority stake in Forza Group Ltd. The transaction was completed on 2/18/2000. Financial terms of the transaction are undisclosed.,ZAR,,Undisclosed,,,,2000/2/18,,,,0.000000,15.800000,,,No,Consumer Discretionary,Financials,N,,,,,Vestacor Corp,,,Friendly,South Africa,South Africa,FOZ,CPC,Common Stock,Common Stock,988.477,229.831,2198.85,435.224,16.165,,,1986.17,76.3274,,175.424,,,,,2935.313965,329.06601,229.831,MA-screen (current/latest - NOT point-in-time),2935.313965,FY-specific (point-in-time),988.477,MA-screen (current/latest - NOT point-in-time),329.06601,FY-specific (point-in-time),,1,1999-12-24,2001-01-31,50,5,3500,100,27.5833333333333,5.325,1053138.0,2826727.8,37.2564348077661,9.18219108248353,1551489.0,3187.3269999999998,988.477,Intermediate,Full (4/4),2000
5265212,M&A,2000/2/8,MES SJ,SDM CN,Completed,,Majority Purchase,SouthernEra Diamonds Inc acquired Messina Ltd for ZAR 20.00M. The transaction was announced on 2/8/2000 and completed on 5/8/2000.,ZAR,,Undisclosed,,,,2000/5/8,,,,0.000000,70.400002,,,No,Materials,Materials,N,,,,,,,,Friendly,South Africa,Canada,MES,SDM,Common Stock,Common Stock,276.131,1159.88,266.197,2.84363,,296.504,,,5.71877,14.6007,66.331,38.8667,,74.91799926757812,0,68.16181080000001,32.37771000689655,74.91799926757812,FY-specific (point-in-time),68.16181080000001,FY-specific (point-in-time),0.0,FY-specific (point-in-time),32.37771000689655,FY-specific (point-in-time),20.00,1,1999-12-24,2001-01-31,50,5,3500,100,27.5833333333333,5.325,1053138.0,2826727.8,37.2564348077661,9.18219108248353,1551489.0,1426.0770000000002,1159.88,Intermediate,Full (4/4),2000
5298072,INV,2000/3/14,SMC SJ,BRAIT LX,Completed,,Minority Purchase,Brait PLC acquired a minority stake in Southern Mining Corp Ltd. The transaction was completed on 3/14/2000. Financial terms of the transaction are undisclosed.,ZAR,,Undisclosed,,,,2000/3/14,,,,0.000000,18.000000,,,No,Materials,Financials,N,,,,,,,,Friendly,South Africa,South Africa,SMC,BRAIT,Common Stock,Common Stock,,775.45,15445,1796,0.341184,,45.7495,,99.9785,,775.283,2,,27.583999633789062,0,3083.39990234375,608,27.583999633789062,FY-specific (point-in-time),3083.39990234375,FY-specific (point-in-time),0.0,FY-specific (point-in-time),608.0,FY-specific (point-in-time),,1,1999-12-24,2001-01-31,50,5,3500,100,27.5833333333333,5.325,1053138.0,2826727.8,37.2564348077661,9.18219108248353,1551489.0,16220.45,775.45,Large,Partial (3/4),2000
5323775,INV,2000/3/23,AXL SJ,BOE SJ,Completed,,Additional Stake Purchase,BOE Ltd acquired African Phoenix Investments Ltd for ZAR 756.00M. The transaction was completed on 3/23/2000.,ZAR,,Undisclosed,,,,2000/3/23,,,,9.300000,9.900000,,,No,Financials,Financials,N,,,,,,,,Friendly,South Africa,South Africa,AXL,BOE,Common Stock,Common Stock,102.993,1400.32,67236,9089,,,,20763,,,,,,4550.115234,1939.428955,62738,9280,4550.115234,FY-specific (point-in-time),62738.0,FY-specific (point-in-time),1939.428955,FY-specific (point-in-time),9280.0,FY-specific (point-in-time),756.00,1,1999-12-24,2001-01-31,50,5,3500,100,27.5833333333333,5.325,1053138.0,2826727.8,37.2564348077661,9.18219108248353,1551489.0,68636.32,1400.32,Large,Full (4/4),2000
53524510,M&A,2011/4/8,MTX SJ,VALE3 BZ,Terminated,,"Company Takeover, Cross Border",Vale SA announced the acquisition of Metorex Ltd for ZAR 7918.46M. The transaction was announced on 4/8/2011 and terminated on 7/11/2011.,ZAR,,Cash,,,,2011/7/11,21.29,,,0.000000,100.000000,75.24,,No,Materials,Materials,N,Cliffe Dekker Ho,Fasken Martineau/Webber Wentzel,,,One Capital/Standard Bank of,Investec/Socgen (US),,Friendly,South Africa,Brazil,MTX,VALE3,Common Stock,Common Stock,507.315,972.895,1.42995e+06,683441,1248.31,1.33534e+06,67.602,,21.9685,21.1397,213.73,302287,,6246.218,2781.3,214662.114,83225.006,6246.218,FY-specific (point-in-time),214662.114,FY-specific (point-in-time),2781.3,FY-specific (point-in-time),83225.006,FY-specific (point-in-time),7918.48,3,2009-04-01,2017-09-30,560,80,6600,190,51.475,4.98333333333333,3327047.0,4099713.7,81.1531546702883,5.53905706188178,6908507.0,1430922.895,972.895,Large,Full (4/4),2011
5374015,M&A,2000/4/11,APN SJ,0623514D US,Completed,,Company Takeover,United Surgical Partners International Inc acquired Aspen Pharmacare Holdings Ltd for ZAR 578.17M. The transaction was completed on 4/11/2000.,ZAR,,Undisclosed,,,,2000/4/11,,,,0.000000,100.000000,,,No,Health Care,Health Care,N,,,,,Rothschild & Co,,,Friendly,South Africa,United States,APN,0623514D,Common Stock,Common Stock,34870,108273,29846.1,6952.49,32073,3244.88,11292,,38.1258,7.08158,41280,2113.58,,1535.666015625,522.406005859375,176.7030029296875,68.88099670410156,1535.666015625,FY-specific (point-in-time),176.7030029296875,FY-specific (point-in-time),522.406005859375,FY-specific (point-in-time),68.88099670410156,FY-specific (point-in-time),578.17,1,1999-12-24,2001-01-31,50,5,3500,100,27.5833333333333,5.325,1053138.0,2826727.8,37.2564348077661,9.18219108248353,1551489.0,138119.1,108273.0,Large,Full (4/4),2000
5377740,M&A,2000/4/12,SHV SJ,NFH SJ,Completed,,Company Takeover,Namibian Fishing Industries Ltd acquired Sea Harvest Corp Pty Ltd for ZAR 64.63M. The transaction was announced on 4/12/2000 and completed on 12/4/2000.,ZAR,,Cash and Stock,,,,2000/12/4,,,,0.000000,100.000000,,,No,Consumer Staples,Consumer Staples,N,,,,,,,,Friendly,South Africa,Namibia,SHV,NFH,Common Stock,Common Stock,575.491,,264.425,312.996,,130.811,,,,39.6494,,104.843,,565.322,569.693,112.71499633789062,114.56400299072266,565.322,FY-specific (point-in-time),112.71499633789062,FY-specific (point-in-time),569.693,FY-specific (point-in-time),114.56400299072266,FY-specific (point-in-time),64.63,1,1999-12-24,2001-01-31,50,5,3500,100,27.5833333333333,5.325,1053138.0,2826727.8,37.2564348077661,9.18219108248353,1551489.0,888.487,575.491,Intermediate,Partial (3/4),2000
5399075,INV,2000/4/20,NAI SJ,SLM SJ,Completed,,Minority Purchase,BOE Ltd sold a minority stake in New Africa Investments Ltd to Sanlam Ltd. The transaction was completed on 4/20/2000.,ZAR,,Undisclosed,,,,2000/4/20,,,,0.000000,8.900000,,,No,Financials,Financials,N,,,,,,,,Friendly,South Africa,South Africa,NAI,SLM,Common Stock,Common Stock,,39.023,1.2957e+06,237116,,,0.816,,57.7326,,22.529,,,41615.961,,175568,31963,41615.961,FY-specific (point-in-time),175568.0,FY-specific (point-in-time),,Missing,31963.0,FY-specific (point-in-time),308.00,1,1999-12-24,2001-01-31,50,5,3500,100,27.5833333333333,5.325,1053138.0,2826727.8,37.2564348077661,9.18219108248353,1551489.0,1295739.023,39.023,Intermediate,Partial (3/4),2000
5400177,INV,2000/4/20,PDM SJ,SEB SJ,Terminated,,Minority Purchase,Sebata Holdings Ltd announced the acquisition of a minority stake in Paradigm Capital Holdings Ltd. The transaction was announced on 4/20/2000 and terminated on 5/19/2000.,ZAR,,Stock,,,,2000/5/19,205.12,,,0.000000,46.200001,,,No,Financials,Industrials,N,,,,,,,,Friendly,South Africa,South Africa,PDM,SEB,Common Stock,Common Stock,269.182,453.289,772.938,268.727,18.646,92.229,,,84.333,18.3433,382.272,141.782,,282.236,281.06,,,282.236,FY-specific (point-in-time),772.938,MA-screen (current/latest - NOT point-in-time),281.06,FY-specific (point-in-time),268.727,MA-screen (current/latest - NOT point-in-time),149.83,1,1999-12-24,2001-01-31,50,5,3500,100,27.5833333333333,5.325,1053138.0,2826727.8,37.2564348077661,9.18219108248353,1551489.0,1226.2269999999999,453.289,Intermediate,Full (4/4),2000
5563825,INV,2000/5/12,CAP SJ,CAE SJ,Completed,,Minority Purchase,Cape Empowerment Trust Ltd acquired a minority stake in Cape Empowerment Ltd. The transaction was completed on 5/12/2000.,ZAR,,Cash,,,,2000/5/12,,,,0.000000,25.000000,,,No,Industrials,Financials,N,,,,,,,,Friendly,South Africa,South Africa,CAP,CAE,Common Stock,Common Stock,199.347,449.946,356.288,57.928,20.927,27.1119,26.569,,38.9167,43.6254,175.104,155.432,,128.92100524902344,295.2030029296875,121.64099884033203,94.322998046875,128.92100524902344,FY-specific (point-in-time),121.64099884033203,FY-specific (point-in-time),295.2030029296875,FY-specific (point-in-time),94.322998046875,FY-specific (point-in-time),16.22,1,1999-12-24,2001-01-31,50,5,3500,100,27.5833333333333,5.325,1053138.0,2826727.8,37.2564348077661,9.18219108248353,1551489.0,806.234,449.946,Intermediate,Full (4/4),2000
5568651,M&A,2000/4/4,ACR SJ,PIM SJ,Completed,,Company Takeover,Prism Holdings Ltd/South Africa acquired Accord Technologies Ltd for ZAR 113.51M. The transaction was announced on 4/4/2000 and completed on 6/30/2000.,ZAR,,Cash and Stock,,,,2000/6/30,,,,0.000000,100.000000,,,No,Technology,Technology,N,,,,,,,,Friendly,South Africa,South Africa,ACR,PIM,Common Stock,Common Stock,268.166,224.005,186.351,301.066,10.49,85.712,78.306,,92.5064,65.3739,207.219,121.825,,113.7020034790039,194.80099487304688,47.233001708984375,61.38600158691406,113.7020034790039,FY-specific (point-in-time),47.233001708984375,FY-specific (point-in-time),194.80099487304688,FY-specific (point-in-time),61.38600158691406,FY-specific (point-in-time),113.51,1,1999-12-24,2001-01-31,50,5,3500,100,27.5833333333333,5.325,1053138.0,2826727.8,37.2564348077661,9.18219108248353,1551489.0,569.232,268.166,Intermediate,Full (4/4),2000
55935398,M&A,2011/7/5,MTX SJ,JINGRZ CH,Completed,,"Competing Bid, Company Takeover, Cross Border",Jinchuan Group Co Ltd acquired Metorex Ltd for ZAR 9471.97M. The transaction was announced on 7/5/2011 and completed on 1/17/2012.,ZAR,,Cash,,,2011/4/8,2012/1/17,18.04,21.2900,0.4500,0.000000,100.000000,,,No,Materials,Materials,N,Cliffe Dekker Ho,,,,One Capital/Standard Bank of,Goldman Sachs,,Friendly,South Africa,China,MTX,JINGRZ,Common Stock,Private Comp,507.315,972.895,533982,1.2167e+06,1248.31,393040,67.602,,21.9685,39.056,213.73,208552,,6246.218,2781.3,65529.85701383,85925.91570249,6246.218,FY-specific (point-in-time),65529.85701383,FY-specific (point-in-time),2781.3,FY-specific (point-in-time),85925.91570249,FY-specific (point-in-time),9471.98,3,2009-04-01,2017-09-30,560,80,6600,190,51.475,4.98333333333333,3327047.0,4099713.7,81.1531546702883,5.53905706188178,6908507.0,1217672.895,972.895,Large,Full (4/4),2011
5604351,M&A,2000/5/15,IFS SJ,BVT SJ,Completed,,Majority Purchase,Bidvest Group Ltd/The acquired I-Fusion Holdings Ltd for ZAR 56.57M. The transaction was announced on 5/15/2000 and completed on 9/7/2000.,ZAR,,Cash,,,,2000/9/7,44.51,,,0.000000,75.699997,,,No,Technology,Consumer Staples,N,Barnard Jacobs M/Webber Wentzel,Werksmans,,,,Investec Bank,,Friendly,South Africa,South Africa,IFS,BVT,Common Stock,Common Stock,168.244,,122623,130321,,40740.4,,,,43.1532,,52915.8,,68.56700134277344,125.34700012207031,7642.43408203125,14646.1396484375,68.56700134277344,FY-specific (point-in-time),7642.43408203125,FY-specific (point-in-time),125.34700012207031,FY-specific (point-in-time),14646.1396484375,FY-specific (point-in-time),56.57,1,1999-12-24,2001-01-31,50,5,3500,100,27.5833333333333,5.325,1053138.0,2826727.8,37.2564348077661,9.18219108248353,1551489.0,130489.244,168.244,Large,Partial (3/4),2000
5604507,INV,2000/5/10,ZPT SJ,6501 JP,Completed,,"Cross Border, Minority Purchase",Hitachi Ltd acquired a minority stake in Zaptronix Ltd. The transaction was announced on 5/10/2000 and completed on 6/15/2000.,ZAR,,Cash,,,,2000/6/15,52.42,,,0.000000,27.000000,,,No,Industrials,Industrials,N,,,,,,,,Friendly,South Africa,Japan,ZPT,6501,Common Stock,Common Stock,27.85,25.019,1.60941e+06,1.22214e+06,15.97,475630,9.055,,48.1794,52.3044,12.054,841795,,65.34700012207031,26.611000061035156,9676471,7977374,65.34700012207031,FY-specific (point-in-time),9676471.0,FY-specific (point-in-time),26.611000061035156,FY-specific (point-in-time),7977374.0,FY-specific (point-in-time),11.71,1,1999-12-24,2001-01-31,50,5,3500,100,27.5833333333333,5.325,1053138.0,2826727.8,37.2564348077661,9.18219108248353,1551489.0,1609437.85,27.85,Intermediate,Full (4/4),2000
5612466,M&A,2000/5/23,ICH SJ,DBR SJ,Completed,,Company Takeover,De Beers Consolidated Mines Ltd / De Beers Centenary AG acquired Indus & Commercial Hldgs Group for ZAR 542.27M. The transaction was announced on 5/23/2000 and completed on 8/7/2000.,ZAR,,Cash,,,,2000/8/7,10.59,,,0.000000,100.000000,,,No,Materials,Materials,N,Werksmans,Webber Wentzel,,,Chase Manhattan/Robt Fleming,HSBC Bank PLC/Rothschild & Co,,Friendly,South Africa,South Africa,ICH,DBR,Common Stock,Unit,41.921,456.853,,40043,,,,,,,,,,456.8529968261719,41.92100143432617,,33548,456.8529968261719,FY-specific (point-in-time),,Missing,41.92100143432617,FY-specific (point-in-time),33548.0,FY-specific (point-in-time),542.27,1,1999-12-24,2001-01-31,50,5,3500,100,27.5833333333333,5.325,1053138.0,2826727.8,37.2564348077661,9.18219108248353,1551489.0,40499.853,456.853,Large,Partial (3/4),2000
5613292,M&A,2000/5/22,AUM SJ,ADR SJ,Completed,,Company Takeover,Adcorp Holdings Ltd acquired Acumen Holdings Ltd for ZAR 133.26M. The transaction was completed on 5/22/2000.,ZAR,,Cash and Stock,,2000/7/10,,2000/5/22,32.13,,,0.000000,100.000000,,,No,Consumer Discretionary,Industrials,N,,,,,,,,Friendly,South Africa,South Africa,AUM,ADR,Common Stock,Common Stock,91.844,90.174,3026.54,12458,27.127,354.091,,,53.572,66.9126,48.308,2025.13,,90.17400360107422,91.84400177001953,279.0249938964844,685.4600219726562,90.17400360107422,FY-specific (point-in-time),279.0249938964844,FY-specific (point-in-time),91.84400177001953,FY-specific (point-in-time),685.4600219726562,FY-specific (point-in-time),133.26,1,1999-12-24,2001-01-31,50,5,3500,100,27.5833333333333,5.325,1053138.0,2826727.8,37.2564348077661,9.18219108248353,1551489.0,12549.844,91.844,Intermediate,Full (4/4),2000
5630863,M&A,2000/3/25,PTR SJ,AHV SJ,Completed,,Majority Purchase,African Harvest Ltd acquired African Partnership Ltd for ZAR 297.60M. The transaction was announced on 3/25/2000 and completed on 7/31/2000.,ZAR,,Cash,,,,2000/7/31,,,,0.000000,97.000000,,,No,Financials,Financials,N,,,,,Deutsche Bank,,,Friendly,South Africa,South Africa,PTR,AHV,Common Stock,Common Stock,45.18,350.05,680.291,38.357,,,,,,,,,,350.049988,45.18,2380.30810546875,349.0820007324219,350.049988,FY-specific (point-in-time),2380.30810546875,FY-specific (point-in-time),45.18,FY-specific (point-in-time),349.0820007324219,FY-specific (point-in-time),297.60,1,1999-12-24,2001-01-31,50,5,3500,100,27.5833333333333,5.325,1053138.0,2826727.8,37.2564348077661,9.18219108248353,1551489.0,1030.3410000000001,350.05,Intermediate,Full (4/4),2000
5664528,M&A,2000/6/13,GFI SJ,NMC CN,Terminated,,"Company Takeover, Cross Border",Newmont Canada FN Holdings ULC announced the acquisition of Gold Fields Ltd for ZAR 13766.59M. The transaction was announced on 6/13/2000 and terminated on 2/21/2001.,ZAR,,Stock,,,,2001/2/21,21.95,,,0.000000,100.000000,,,No,Materials,Materials,N,Fried Frank,,,,Deutsche Bank/HSBC Bank PLC,Merrill Lynch/National Bk Finl,,Friendly,South Africa,Canada,GFI,NMC,Common Stock,Common Stock,156468,252234,4.76935,,345793,,5674.16,,20.0221,100,50502.5,4.76935,,2207.808524917969,947.8495816533128,,,2207.808524917969,FY-specific (point-in-time),4.76935,MA-screen (current/latest - NOT point-in-time),947.8495816533128,FY-specific (point-in-time),,Missing,13766.56,1,1999-12-24,2001-01-31,50,5,3500,100,27.5833333333333,5.325,1053138.0,2826727.8,37.2564348077661,9.18219108248353,1551489.0,252238.76935,252234.0,Large,Partial (3/4),2000
5729122,M&A,2000/7/10,LTA SJ,AEG SJ,Completed,,Company Takeover,Aveng Ltd acquired LTA Ltd for ZAR 1321.17M. The transaction was announced on 7/10/2000 and completed on 10/30/2000.,ZAR,,Cash or Stock,,,,2000/10/30,22.51,,,0.000000,100.000000,,,No,Industrials,Industrials,N,Webber Wentzel,Deneys Reitz,,,,Chase Manhattan/Standard Bank of,,Friendly,South Africa,South Africa,LTA,AEG,Common Stock,Common Stock,4866,2768.74,949.907,2304.55,1474.89,581.654,,,60.8047,60.1088,1683.52,570.978,,2768.737060546875,4866,3437.199951171875,5126,2768.737060546875,FY-specific (point-in-time),3437.199951171875,FY-specific (point-in-time),4866.0,FY-specific (point-in-time),5126.0,FY-specific (point-in-time),1321.17,1,1999-12-24,2001-01-31,50,5,3500,100,27.5833333333333,5.325,1053138.0,2826727.8,37.2564348077661,9.18219108248353,1551489.0,7170.55,4866.0,Large,Full (4/4),2000
5729488,M&A,2000/7/10,1272Z SJ,MTN SJ,Completed,,"Company Takeover, Additional Stake Purchase",Transnet SOC Ltd sold Mobile Telephone Networks Holdings Pty Ltd to MTN Group Ltd for ZAR 11366.04M. The transaction was announced on 7/10/2000 and completed on 7/17/2000.,ZAR,,Stock,,,,2000/7/17,,,,77.000000,23.000000,,,No,Communications,Communications,N,,,,,,Standard Bank of,,Friendly,South Africa,South Africa,1272Z,MTN,Private Comp,Common Stock,226707,498712,498712,226707,,,108877,,37.2786,37.2786,185913,185913,,,,4582.5,4453.299805,498712.0,MA-screen (current/latest - NOT point-in-time),4582.5,FY-specific (point-in-time),226707.0,MA-screen (current/latest - NOT point-in-time),4453.299805,FY-specific (point-in-time),11366.08,1,1999-12-24,2001-01-31,50,5,3500,100,27.5833333333333,5.325,1053138.0,2826727.8,37.2564348077661,9.18219108248353,1551489.0,997424.0,498712.0,Large,Full (4/4),2000
57304581,INV,2011/8/29,OPT SJ,GLEN LN,Completed,,"Cross Border, Minority Purchase",Glencore PLC acquired a minority stake in Optimum Coal Holdings Pty Ltd. The transaction was completed on 8/29/2011. Financial terms of the transaction are undisclosed.,ZAR,,Undisclosed,,,,2011/8/29,,,,0.000000,14.100000,,,No,Materials,Materials,N,,Werksmans,,,,,,Friendly,South Africa,Switzerland,OPT,GLEN,Common Stock,Common Stock,5289.39,11462.1,2.3558e+06,4.42579e+06,7873.82,2.07326e+06,112.948,,12.8546,47.1382,1473.41,1.11048e+06,,11223.9,3359.324,79787,144978,11223.9,FY-specific (point-in-time),79787.0,FY-specific (point-in-time),3359.324,FY-specific (point-in-time),144978.0,FY-specific (point-in-time),,3,2009-04-01,2017-09-30,560,80,6600,190,51.475,4.98333333333333,3327047.0,4099713.7,81.1531546702883,5.53905706188178,6908507.0,4437252.1,11462.1,Large,Full (4/4),2011
57307433,M&A,2011/8/30,RAH SJ,SUI SJ,Completed,,"Company Takeover, Additional Stake Purchase, Tender Offer",Sun International Ltd/South Africa acquired Real Africa Holdings Ltd for ZAR 525.08M. The transaction was announced on 8/30/2011 and completed on 3/14/2012.,ZAR,,Cash,,,,2012/3/14,8.85,,,66.529999,33.470001,,,No,Consumer Discretionary,Consumer Discretionary,N,Bowman Gilfill,,,,KPMG Corp Fin,Investec,,Friendly,South Africa,South Africa,RAH,SUI,Common Stock,Common Stock,72.312,952.3,13642,12979,,17807,,,,12.2929,,1677,,,,10867,7797,952.3,MA-screen (current/latest - NOT point-in-time),10867.0,FY-specific (point-in-time),72.312,MA-screen (current/latest - NOT point-in-time),7797.0,FY-specific (point-in-time),525.08,3,2009-04-01,2017-09-30,560,80,6600,190,51.475,4.98333333333333,3327047.0,4099713.7,81.1531546702883,5.53905706188178,6908507.0,14594.3,952.3,Large,Full (4/4),2011
5736742,INV,2000/7/12,APL SJ,NED SJ,Completed,,Minority Purchase,Nedbank Group Ltd acquired a minority stake in Net 1 Applied Tech Holdings Ltd. The transaction was completed on 7/12/2000.,ZAR,,Cash,,,,2000/7/12,-8.65,,,0.000000,26.200001,,,No,Technology,Financials,N,,,,,,,,Friendly,South Africa,South Africa,APL,NED,Common Stock,Common Stock,691.484,,1.55863e+06,164033,,,,589215,,,,,,224.4759979248047,241.4239959716797,129844,19762,224.4759979248047,FY-specific (point-in-time),129844.0,FY-specific (point-in-time),241.4239959716797,FY-specific (point-in-time),19762.0,FY-specific (point-in-time),113.41,1,1999-12-24,2001-01-31,50,5,3500,100,27.5833333333333,5.325,1053138.0,2826727.8,37.2564348077661,9.18219108248353,1551489.0,1559321.484,691.484,Large,Partial (3/4),2000
5761193,M&A,2000/7/24,KPM SJ,AQP AU,Completed,,Cross Border,Aquarius Platinum Ltd acquired Kroondal Platinum Mines Ltd for ZAR 838.96M. The transaction was announced on 7/24/2000 and completed on 8/8/2001.,ZAR,,Cash and Debt,,2000/12/20,,2001/8/8,103.00,,,43.869999,56.130001,,,No,Materials,Materials,N,Webber Wentzel,Werksmans,,,HSBC Bank PLC,Investec Bank,,Friendly,South Africa,Australia,KPM,AQP,Common Stock,Common Stock,297.845,541.325,7218.72,2353.79,330.137,5847.24,0.013,,40.9924,39.2999,221.902,2836.95,,257.6610107421875,0,,,257.6610107421875,FY-specific (point-in-time),7218.72,MA-screen (current/latest - NOT point-in-time),0.0,FY-specific (point-in-time),2353.79,MA-screen (current/latest - NOT point-in-time),838.96,1,1999-12-24,2001-01-31,50,5,3500,100,27.5833333333333,5.325,1053138.0,2826727.8,37.2564348077661,9.18219108248353,1551489.0,7760.045,541.325,Large,Full (4/4),2000
57803318,INV,2011/9/20,GND SJ,REM SJ,Completed,,"Private Placement, Minority Purchase",Remgro Ltd acquired a minority stake in Grindrod Ltd. The transaction was announced on 9/20/2011 and completed on 10/25/2011.,ZAR,,Cash,,,,2011/10/25,,,,0.000000,22.000000,,,No,Industrials,Financials,N,,,,,,,,Friendly,South Africa,South Africa,GND,REM,Common Stock,Common Stock,5558.33,16129.9,142174,51506,6558.88,,991.607,,38.016,21.0383,6131.93,29911,,13891.43,29390.576,48058,11849,13891.43,FY-specific (point-in-time),48058.0,FY-specific (point-in-time),29390.576,FY-specific (point-in-time),11849.0,FY-specific (point-in-time),2000.01,3,2009-04-01,2017-09-30,560,80,6600,190,51.475,4.98333333333333,3327047.0,4099713.7,81.1531546702883,5.53905706188178,6908507.0,158303.9,16129.9,Large,Full (4/4),2011
58263990,INV,2011/10/6,MTNR RW,MTN SJ,Completed,,"Cross Border, Private Equity, Additional Stake Purchase",A consortium led by Republic of Rwanda sold MTN Rwandacell PLC to MTN Group Ltd. The transaction was completed on 10/6/2011. Financial terms of the transaction are undisclosed.,USD,,Undisclosed,,,,2011/10/6,,,,55.000000,25.000000,,,No,Communications,Communications,N,,,,,,,,Friendly,South Africa,South Africa,MTNR,MTN,Common Stock,Common Stock,3715.29,8238.89,498712,226707,6443.73,,3424.33,,52.8785,37.2786,4356.6,185913,,,,154786,114684,8238.89,MA-screen (current/latest - NOT point-in-time),154786.0,FY-specific (point-in-time),3715.29,MA-screen (current/latest - NOT point-in-time),114684.0,FY-specific (point-in-time),,3,2009-04-01,2017-09-30,560,80,6600,190,51.475,4.98333333333333,3327047.0,4099713.7,81.1531546702883,5.53905706188178,6908507.0,506950.89,8238.89,Large,Full (4/4),2011
5829941,M&A,2000/8/16,FAM SJ,EMH SJ,Completed,,"Company Takeover, Additional Stake Purchase",E Media Holdings Ltd acquired Frame Group Ltd for ZAR 534.44M. The transaction was announced on 8/16/2000 and completed on 12/11/2000.,ZAR,,Cash,,,,2000/12/11,20.94,,,23.000000,77.000000,,,No,Consumer Discretionary,Consumer Discretionary,N,,,,,,,,Friendly,South Africa,South Africa,FAM,EMH,Common Stock,Common Stock,1276.77,1545.57,6209.85,3011.86,1273.42,,65.818,,53.6288,34.0313,828.872,2113.29,,1316.385,1162.137,1008.416015625,1737.657958984375,1316.385,FY-specific (point-in-time),1008.416015625,FY-specific (point-in-time),1162.137,FY-specific (point-in-time),1737.657958984375,FY-specific (point-in-time),534.44,1,1999-12-24,2001-01-31,50,5,3500,100,27.5833333333333,5.325,1053138.0,2826727.8,37.2564348077661,9.18219108248353,1551489.0,7755.42,1545.57,Large,Full (4/4),2000
5839938,M&A,2000/8/22,CRS SJ,OR FP,Completed,,"Company Takeover, Additional Stake Purchase",L'Oreal SA acquired Carson Holdings Ltd for ZAR 308.29M. The transaction was announced on 8/22/2000 and completed on 10/30/2000.,ZAR,,Cash,,,,2000/10/30,20.19,,,52.500000,47.500000,,,No,Consumer Staples,Consumer Staples,N,Edward Nathan,Deneys Reitz,,,Standard Bank of,Firstrand Bank,,Friendly,South Africa,France,CRS,OR,Common Stock,Common Stock,269.284,312.203,1.20198e+06,889294,70.216,264752,6.009,,59.6074,35.9076,186.096,431603,,312.2030029296875,269.28399658203125,10225.7021,10749.625685823774,312.2030029296875,FY-specific (point-in-time),10225.7021,FY-specific (point-in-time),269.28399658203125,FY-specific (point-in-time),10749.625685823774,FY-specific (point-in-time),308.29,1,1999-12-24,2001-01-31,50,5,3500,100,27.5833333333333,5.325,1053138.0,2826727.8,37.2564348077661,9.18219108248353,1551489.0,1202292.203,312.203,Large,Full (4/4),2000
5866262,M&A,2000/8/4,NTL SJ,SBV SJ,Completed,,Company Takeover,Sabvest Ltd acquired Natural Health Holdings Ltd for ZAR 29.63M. The transaction was announced on 8/4/2000 and completed on 9/18/2000.,ZAR,,Cash,,,,2000/9/18,-99.09,,,35.000000,65.000000,,,No,Health Care,Financials,N,,,,,,,,Friendly,South Africa,South Africa,NTL,SBV,Common Stock,Common Stock,83.612,,5476.29,1067.47,,,,,,,,67.575,,49.81399917602539,45.314998626708984,205.9149932861328,20.53700065612793,49.81399917602539,FY-specific (point-in-time),205.9149932861328,FY-specific (point-in-time),45.314998626708984,FY-specific (point-in-time),20.53700065612793,FY-specific (point-in-time),29.63,1,1999-12-24,2001-01-31,50,5,3500,100,27.5833333333333,5.325,1053138.0,2826727.8,37.2564348077661,9.18219108248353,1551489.0,5559.902,83.612,Intermediate,Partial (3/4),2000
5866388,M&A,2000/8/29,PRT SJ,EMH SJ,Completed,,"Company Takeover, Additional Stake Purchase",E Media Holdings Ltd acquired Prima Toy & Leisure Group Ltd for ZAR 19.20M. The transaction was announced on 8/29/2000 and completed on 11/13/2000.,ZAR,,Cash,,,,2000/11/13,25.00,,,16.700001,83.300003,,,No,Consumer Discretionary,Consumer Discretionary,N,,Sonneberg Hoff,,,,ABSA Bk Ltd,,Friendly,South Africa,South Africa,PRT,EMH,Common Stock,Common Stock,169.761,75.127,6209.85,3011.86,6.704,,,,82.7865,34.0313,62.195,2113.29,,,,1008.416015625,1737.657958984375,75.127,MA-screen (current/latest - NOT point-in-time),1008.416015625,FY-specific (point-in-time),169.761,MA-screen (current/latest - NOT point-in-time),1737.657958984375,FY-specific (point-in-time),19.20,1,1999-12-24,2001-01-31,50,5,3500,100,27.5833333333333,5.325,1053138.0,2826727.8,37.2564348077661,9.18219108248353,1551489.0,6379.611000000001,169.761,Large,Full (4/4),2000
58670263,INV,2011/9/12,IQG SJ,SFN SJ,Completed,,Minority Purchase,Paladin Capital Ltd sold a minority stake in IQuad Group Ltd to Sasfin Holdings Ltd. The transaction was announced on 9/12/2011 and completed on 10/24/2011.,ZAR,,Cash,,,,2011/10/24,,,,0.000000,42.900002,,,No,Industrials,Financials,N,,,,,,,,Friendly,South Africa,South Africa,IQG,SFN,Common Stock,Common Stock,85.628,149.664,12860.6,1932.99,17.078,,23.675,7647.17,26.8455,,40.178,,,172.244,79.97,3551.522,798.186,172.244,FY-specific (point-in-time),3551.522,FY-specific (point-in-time),79.97,FY-specific (point-in-time),798.186,FY-specific (point-in-time),3.09,3,2009-04-01,2017-09-30,560,80,6600,190,51.475,4.98333333333333,3327047.0,4099713.7,81.1531546702883,5.53905706188178,6908507.0,13010.264000000001,149.664,Intermediate,Full (4/4),2011
58781834,INV,2011/10/27,AVV SJ,AVV SJ,Completed,,Minority Purchase,Amabubesi Technology Holdings Pty Ltd sold a minority stake in Alviva Holdings Ltd to Alviva Holdings Ltd. The transaction was completed on 10/27/2011.,ZAR,,Cash,,,,2011/10/27,,,,0.000000,10.400000,,,No,Consumer Discretionary,Consumer Discretionary,N,,,,,,,,Friendly,South Africa,South Africa,AVV,AVV,Common Stock,Common Stock,23429.2,9722.62,9722.62,23429.2,1118.96,1118.96,258.591,,74.7893,74.7893,7271.48,7271.48,,1254.831,3166.925,1254.831,3166.925,1254.831,FY-specific (point-in-time),1254.831,FY-specific (point-in-time),3166.925,FY-specific (point-in-time),3166.925,FY-specific (point-in-time),7.50,3,2009-04-01,2017-09-30,560,80,6600,190,51.475,4.98333333333333,3327047.0,4099713.7,81.1531546702883,5.53905706188178,6908507.0,46858.4,23429.2,Large,Full (4/4),2011
5882694,M&A,2000/9/8,MDM SJ,CPB SJ,Completed,,Company Takeover,Micawber 274 Ltd acquired Macadams Bakery Supplies HLD for ZAR 84.24M. The transaction was announced on 9/8/2000 and completed on 11/13/2000.,ZAR,,Cash,,,,2000/11/13,16.10,,,0.000000,100.000000,,,No,Industrials,Financials,N,,,,,,Investec Bank,,Friendly,South Africa,South Africa,MDM,CPB,Common Stock,Common Stock,157.821,128.844,1801.44,282.818,26.968,,1.886,1588.76,84.1126,,108.374,,,128.843994140625,157.8209991455078,2717.583984375,232.2989959716797,128.843994140625,FY-specific (point-in-time),2717.583984375,FY-specific (point-in-time),157.8209991455078,FY-specific (point-in-time),232.2989959716797,FY-specific (point-in-time),84.24,1,1999-12-24,2001-01-31,50,5,3500,100,27.5833333333333,5.325,1053138.0,2826727.8,37.2564348077661,9.18219108248353,1551489.0,1959.261,157.821,Intermediate,Full (4/4),2000
5898448,M&A,2000/9/15,GRA SJ,558576Q LN,Completed,,"Company Takeover, Private Equity",G4S Holdings 102 UK Ltd acquired Gray Security Services Ltd for ZAR 467.64M. The transaction was announced on 9/15/2000 and completed on 11/20/2000.,ZAR,,Cash,,,,2000/11/20,42.10,,,0.000000,100.000000,,,No,Industrials,Industrials,N,,,,,Deloitte Touche,,,Friendly,South Africa,United Kingdom,GRA,558576Q,Common Stock,Common Stock,686.169,,8259.41,16813.7,,3537.27,,,,41.9612,,3465.74,,119.8550033569336,532.3280029296875,475.20001220703125,912.7999877929688,119.8550033569336,FY-specific (point-in-time),475.20001220703125,FY-specific (point-in-time),532.3280029296875,FY-specific (point-in-time),912.7999877929688,FY-specific (point-in-time),467.64,1,1999-12-24,2001-01-31,50,5,3500,100,27.5833333333333,5.325,1053138.0,2826727.8,37.2564348077661,9.18219108248353,1551489.0,17499.869000000002,686.169,Large,Partial (3/4),2000
5912379,M&A,2000/9/19,ECH SJ,MFL SJ,Completed,,"Majority Purchase, Additional Stake Purchase",Metrofile Holdings Ltd acquired EC-Hold Ltd for ZAR 40.16M. The transaction was announced on 9/19/2000 and completed on 8/2/2001.,ZAR,,Cash,,,,2001/8/2,6.50,,,33.900002,38.599998,,,No,Technology,Technology,N,,Knowles Husain,,,Brait Merchant,Standard Bank of,,Friendly,South Africa,South Africa,ECH,MFL,Common Stock,Common Stock,12.231,3.923,1379.22,1066.13,,1191.66,0.775,,86.3625,25.1153,3.388,346.396,,99.625,27.22100067138672,364.12298583984375,363.5920104980469,99.625,FY-specific (point-in-time),364.12298583984375,FY-specific (point-in-time),27.22100067138672,FY-specific (point-in-time),363.5920104980469,FY-specific (point-in-time),40.16,1,1999-12-24,2001-01-31,50,5,3500,100,27.5833333333333,5.325,1053138.0,2826727.8,37.2564348077661,9.18219108248353,1551489.0,1391.451,12.231,Intermediate,Full (4/4),2000
5920597,INV,2000/9/22,NCX SJ,TBS SJ,Completed,,Minority Purchase,Tiger Brands Ltd acquired a minority stake in National Chick Ltd. The transaction was completed on 9/22/2000. Financial terms of the transaction are undisclosed.,ZAr,,Undisclosed,,,,2000/9/22,,,,0.000000,34.000000,,,No,Consumer Staples,Consumer Staples,N,,,,,,,,Friendly,South Africa,South Africa,NCX,TBS,Common Stock,Common Stock,273.846,,26955,34392,,12365,,,,55.9748,,15088,,152.77,190.597,9656.200195,15641.099609,152.77,FY-specific (point-in-time),9656.200195,FY-specific (point-in-time),190.597,FY-specific (point-in-time),15641.099609,FY-specific (point-in-time),,1,1999-12-24,2001-01-31,50,5,3500,100,27.5833333333333,5.325,1053138.0,2826727.8,37.2564348077661,9.18219108248353,1551489.0,34665.846,273.846,Large,Partial (3/4),2000
5976586,M&A,2000/7/13,BRM SJ,IVT SJ,Completed,,Majority Purchase,Aveng Ltd sold Bearing Man Ltd/South Africa to Invicta Holdings Ltd for ZAR 91.77M. The transaction was completed on 7/13/2000.,ZAR,,Cash,,,,2000/7/13,,,,0.000000,54.637001,,,No,Consumer Discretionary,Consumer Discretionary,N,,,,,,,,Friendly,South Africa,South Africa,BRM,IVT,Common Stock,Common Stock,1009.3,535.025,9603.56,8442.75,137.624,2073.24,140.042,,82.3655,60.1274,440.676,5774.37,,340.6700134277344,495.8789978027344,399.2120056152344,501.7909851074219,340.6700134277344,FY-specific (point-in-time),399.2120056152344,FY-specific (point-in-time),495.8789978027344,FY-specific (point-in-time),501.7909851074219,FY-specific (point-in-time),91.77,1,1999-12-24,2001-01-31,50,5,3500,100,27.5833333333333,5.325,1053138.0,2826727.8,37.2564348077661,9.18219108248353,1551489.0,10612.859999999999,1009.3,Large,Full (4/4),2000
5981009,M&A,2000/10/20,CAS SJ,CBRY LN,Completed,,"Company Takeover, Additional Stake Purchase",Cadbury Ltd acquired Cadbury Schweppes South Africa for ZAR 1593.64M. The transaction was announced on 10/20/2000 and completed on 12/18/2000.,ZAR,,Cash,,,,2000/12/18,2.38,,,55.000000,45.000000,,,No,Consumer Staples,Consumer Staples,N,,,,,Chase Manhattan,,,Friendly,South Africa,United Kingdom,CAS,CBRY,Common Stock,Common Stock,1690.58,2812.16,96874.9,78196.6,718.706,42449.1,84.222,,76.7565,26.2394,2158.51,25419.4,,2812.158,1690.584,4964,4234,2812.158,FY-specific (point-in-time),4964.0,FY-specific (point-in-time),1690.584,FY-specific (point-in-time),4234.0,FY-specific (point-in-time),1593.64,1,1999-12-24,2001-01-31,50,5,3500,100,27.5833333333333,5.325,1053138.0,2826727.8,37.2564348077661,9.18219108248353,1551489.0,99687.06,2812.16,Large,Full (4/4),2000
59840013,M&A,2011/12/8,NBC SJ,TBG SJ,Terminated,,"PE Buyout, Company Takeover, Cross Border, Private Equity",Tiso Blackstar Group SE announced the acquisition of New Bond Capital Ltd for ZAR 1767.04M. The transaction was announced on 12/8/2011 and terminated on 12/20/2011.,ZAR,,Cash or Stock,,,,2011/12/20,-3.45,,,0.000000,100.000000,,,No,Financials,Financials,N,,Werksmans,,,,,,Friendly,South Africa,United Kingdom,NBC,TBG,Common Stock,Common Stock,,2416.14,3837.64,2209.25,1.592,963.062,6.669,,99.9816,17.8318,2415.7,684.322,,7355.057,,154.328,91.591,7355.057,FY-specific (point-in-time),154.328,FY-specific (point-in-time),,Missing,91.591,FY-specific (point-in-time),1767.05,3,2009-04-01,2017-09-30,560,80,6600,190,51.475,4.98333333333333,3327047.0,4099713.7,81.1531546702883,5.53905706188178,6908507.0,6253.78,2416.14,Intermediate,Partial (3/4),2011
6037656,M&A,2000/11/14,IBLP SJ,NED SJ,Completed,,Majority Purchase,Imperial Logistics Ltd sold IBL Asset Finance & Services Pty Ltd to Nedbank Group Ltd for ZAR 500.00M. The transaction was announced on 11/14/2000 and completed on 7/6/2001.,ZAR,,Undisclosed,,,,2001/7/6,,,,0.000000,50.099998,,,No,Financials,Financials,N,,,,,,,,Friendly,South Africa,South Africa,IBLP,NED,Preference,Common Stock,6519.35,48768.1,1.55863e+06,164033,,,,589215,,,,,,,,129844,19762,48768.1,MA-screen (current/latest - NOT point-in-time),129844.0,FY-specific (point-in-time),6519.35,MA-screen (current/latest - NOT point-in-time),19762.0,FY-specific (point-in-time),500.00,1,1999-12-24,2001-01-31,50,5,3500,100,27.5833333333333,5.325,1053138.0,2826727.8,37.2564348077661,9.18219108248353,1551489.0,1607398.1,48768.1,Large,Full (4/4),2000
6038944,M&A,2000/11/13,CCH SJ,MFL SJ,Completed,,Company Takeover,Metrofile Holdings Ltd acquired Computer Configurations Holdings Ltd for ZAR 318.49M. The transaction was announced on 11/13/2000 and completed on 10/10/2001.,ZAR,,Stock,,,,2001/10/10,-16.90,,,0.000000,100.000000,,,No,Technology,Technology,N,,,,,PwC,,,Friendly,South Africa,South Africa,CCH,MFL,Common Stock,Common Stock,421.545,,1379.22,1066.13,,1191.66,,,,25.1153,,346.396,,436.72100830078125,470.3819885253906,364.12298583984375,363.5920104980469,436.72100830078125,FY-specific (point-in-time),364.12298583984375,FY-specific (point-in-time),470.3819885253906,FY-specific (point-in-time),363.5920104980469,FY-specific (point-in-time),318.49,1,1999-12-24,2001-01-31,50,5,3500,100,27.5833333333333,5.325,1053138.0,2826727.8,37.2564348077661,9.18219108248353,1551489.0,1800.765,421.545,Intermediate,Partial (3/4),2000
60441389,INV,2011/11/2,BEG SJ,FSC SJ,Completed,,"Cross Border, Minority Purchase",Barclays PLC sold a minority stake in Beige Holdings Ltd to Lion Match Co Pty Ltd/The. The transaction was announced on 11/2/2011 and completed on 12/30/2011.,ZAR,,Cash,,,,2011/12/30,,,,0.000000,34.490002,,,No,Consumer Staples,Consumer Staples,N,,,,,Arcay Group Ltd,,,Friendly,South Africa,South Africa,BEG,FSC,Common Stock,Common Stock,478.074,288.112,435.004,245.982,301.19,123.69,18.735,,43.9777,49.4322,126.705,215.032,,474.902,603.803,,,474.902,FY-specific (point-in-time),435.004,MA-screen (current/latest - NOT point-in-time),603.803,FY-specific (point-in-time),245.982,MA-screen (current/latest - NOT point-in-time),45.03,3,2009-04-01,2017-09-30,560,80,6600,190,51.475,4.98333333333333,3327047.0,4099713.7,81.1531546702883,5.53905706188178,6908507.0,913.078,478.074,Intermediate,Full (4/4),2011
60442049,M&A,2011/12/30,BEG SJ,FSC SJ,Completed,,"Mandatory Offer, Majority Purchase, Additional Stake Purchase, Tender Offer",Lion Match Co Pty Ltd/The acquired Beige Holdings Ltd for ZAR 195.74M. The transaction was completed on 12/30/2011.,ZAR,,Cash,,,,2011/12/30,25.19,,,34.490002,55.980000,,,No,Consumer Staples,Consumer Staples,N,,,,,Arcay Group Ltd,,,Friendly,South Africa,South Africa,BEG,FSC,Common Stock,Common Stock,478.074,288.112,435.004,245.982,301.19,123.69,18.735,,43.9777,49.4322,126.705,215.032,,474.902,603.803,,,474.902,FY-specific (point-in-time),435.004,MA-screen (current/latest - NOT point-in-time),603.803,FY-specific (point-in-time),245.982,MA-screen (current/latest - NOT point-in-time),195.73,3,2009-04-01,2017-09-30,560,80,6600,190,51.475,4.98333333333333,3327047.0,4099713.7,81.1531546702883,5.53905706188178,6908507.0,913.078,478.074,Intermediate,Full (4/4),2011
6057755,M&A,2000/11/22,FDS SJ,INL SJ,Completed,,"Company Takeover, Additional Stake Purchase",Investec Ltd acquired Fedsure Holdings Ltd for ZAR 4519.57M. The transaction was announced on 11/22/2000 and completed on 4/30/2002.,ZAR,,Cash and Stock,,2001/3/9,,2002/4/30,9.56,,,14.300000,85.699997,,,No,Financials,Financials,N,Werksmans,Jowell Glyn Mara,,,Merrill Lynch/Rand Merchant Bk,Investec Bank,,Friendly,South Africa,South Africa,FDS,INL,Common Stock,Common Stock,1070,5582,1.43453e+06,111529,,,,641747,,,,,,44617,610,11237.6085,1217.747429501916,44617.0,FY-specific (point-in-time),11237.6085,FY-specific (point-in-time),610.0,FY-specific (point-in-time),1217.747429501916,FY-specific (point-in-time),4519.57,1,1999-12-24,2001-01-31,50,5,3500,100,27.5833333333333,5.325,1053138.0,2826727.8,37.2564348077661,9.18219108248353,1551489.0,1440112.0,5582.0,Large,Full (4/4),2000
6069151,INV,2000/11/28,MTX SJ,0174196D CN,Completed,,"Cross Border, Additional Stake Purchase",Crew Gold Corp acquired Metorex Ltd for GBP 3.63M. The transaction was completed on 11/28/2000.,GBP,,Undisclosed,,,,2000/11/28,,,,40.500000,9.900000,,,No,Materials,Materials,N,,,,,,,,Friendly,South Africa,Canada,MTX,0174196D,Common Stock,Common Stock,507.315,972.895,3127.25,1552.78,1248.31,2372.86,67.602,,21.9685,23.0662,213.73,721.336,,181.84300231933594,75.75299835205078,29.625131861877442,15.886245540349238,181.84300231933594,FY-specific (point-in-time),29.625131861877442,FY-specific (point-in-time),75.75299835205078,FY-specific (point-in-time),15.886245540349238,FY-specific (point-in-time),39.99,1,1999-12-24,2001-01-31,50,5,3500,100,27.5833333333333,5.325,1053138.0,2826727.8,37.2564348077661,9.18219108248353,1551489.0,4100.145,972.895,Large,Full (4/4),2000
6074821,M&A,2000/11/29,LOT SJ,BRAIT LX,Completed,,Company Takeover,Brait PLC acquired LogOpt Ltd for ZAR 625.31M. The transaction was announced on 11/29/2000 and completed on 8/27/2001.,ZAR,,Cash,,,,2001/8/27,-6.60,,,0.000000,100.000000,,,No,Industrials,Financials,N,,,,,Investec Bank,,,Friendly,South Africa,South Africa,LOT,BRAIT,Common Stock,Common Stock,966.302,1315.1,15445,1796,106.854,,,,25.5244,,335.672,2,,1360.2459716796875,1002.8400268554688,3083.39990234375,608,1360.2459716796875,FY-specific (point-in-time),3083.39990234375,FY-specific (point-in-time),1002.8400268554688,FY-specific (point-in-time),608.0,FY-specific (point-in-time),625.31,1,1999-12-24,2001-01-31,50,5,3500,100,27.5833333333333,5.325,1053138.0,2826727.8,37.2564348077661,9.18219108248353,1551489.0,16760.1,1315.1,Large,Full (4/4),2000
6094756,M&A,2000/12/6,MML SJ,CLS SJ,Terminated,,Company Takeover,Clicks Group Ltd announced the acquisition of Metmar Ltd for ZAR 147.03M. The transaction was announced on 12/6/2000 and terminated on 3/12/2001.,ZAR,,Cash and Stock,,,,2001/3/12,131.18,,,0.000000,100.000000,,,No,Materials,Consumer Staples,N,,,,,PSG Invt Bank,Investec Bank,,Friendly,South Africa,South Africa,MML,CLS,Common Stock,Common Stock,1951.26,1219.34,22591.9,47828.1,109.84,,42.222,,64.4464,63.0353,785.821,14240.9,,175.36199951171875,231.13499450683594,1524.0560302734375,3394.426025390625,175.36199951171875,FY-specific (point-in-time),1524.0560302734375,FY-specific (point-in-time),231.13499450683594,FY-specific (point-in-time),3394.426025390625,FY-specific (point-in-time),147.03,1,1999-12-24,2001-01-31,50,5,3500,100,27.5833333333333,5.325,1053138.0,2826727.8,37.2564348077661,9.18219108248353,1551489.0,49779.36,1951.26,Large,Full (4/4),2000
6094774,INV,2000/12/6,FSR SJ,REM SJ,Completed,,"Cross Border, Minority Purchase",Anglo American PLC sold a minority stake in FirstRand Ltd to Remgro Ltd. The transaction was announced on 12/6/2000 and completed on 2/1/2001.,GBP,,Stock,,,,2001/2/1,,,,0.000000,15.300000,,,No,Financials,Financials,N,,,,,,,,Friendly,South Africa,South Africa,FSR,REM,Common Stock,Common Stock,241219,2.74281e+06,142174,51506,,,,,,21.0383,,29911,,202064.203125,26075.19921875,,,202064.203125,FY-specific (point-in-time),142174.0,MA-screen (current/latest - NOT point-in-time),26075.19921875,FY-specific (point-in-time),51506.0,MA-screen (current/latest - NOT point-in-time),5576.39,1,1999-12-24,2001-01-31,50,5,3500,100,27.5833333333333,5.325,1053138.0,2826727.8,37.2564348077661,9.18219108248353,1551489.0,2884984.0,2742810.0,Large,Full (4/4),2000
6100170,M&A,2000/12/7,KHO SJ,HYP SJ,Completed,,Company Takeover,Hyprop Investments Ltd acquired Kirchmann-Hurry Properties Ltd for ZAR 225.89M. The transaction was announced on 12/7/2000 and completed on 9/21/2001.,ZAR,,Stock,,2001/3/6,,2001/9/21,4.97,,,0.000000,100.000000,,,No,Real Estate,Real Estate,N,,Edward Nathan,,,Standard Bank of,Corpcap Bank Ltd,,Friendly,South Africa,South Africa,KHO,HYP,Common Stock,REIT,20.9,,42362.5,5111.66,,,,,,,,2130.62,,288.60198974609375,42.7599983215332,,,288.60198974609375,FY-specific (point-in-time),42362.5,MA-screen (current/latest - NOT point-in-time),42.7599983215332,FY-specific (point-in-time),5111.66,MA-screen (current/latest - NOT point-in-time),225.89,1,1999-12-24,2001-01-31,50,5,3500,100,27.5833333333333,5.325,1053138.0,2826727.8,37.2564348077661,9.18219108248353,1551489.0,42383.4,20.9,Intermediate,Partial (3/4),2000
61005014,INV,2012/1/20,LUX SJ,BRT SJ,Completed,,Minority Purchase,Brimstone Investment Corp Ltd acquired a minority stake in Luxe Holdings Ltd. The transaction was completed on 1/20/2012. Financial terms of the transaction are undisclosed.,ZAR,,Undisclosed,,,,2012/1/20,,,,0.000000,12.400000,,,No,Consumer Discretionary,Consumer Staples,N,,,,,,,,Friendly,South Africa,South Africa,LUX,BRT,Common Stock,Common Stock,361.951,431.551,4495.57,413.736,84.641,,26.598,,61.0255,5.55264,263.356,249.623,,216.484,233.751,4604.804,1867.915,216.484,FY-specific (point-in-time),4604.804,FY-specific (point-in-time),233.751,FY-specific (point-in-time),1867.915,FY-specific (point-in-time),,3,2009-04-01,2017-09-30,560,80,6600,190,54.3916666666667,5.66666666666667,3566385.0,4197952.4,84.9553463255086,4.68520499377743,8383564.0,4927.121,431.551,Intermediate,Full (4/4),2012
6116802,INV,2000/12/13,DLH SJ,CRO IM,Completed,,"Cross Border, Additional Stake Purchase, Tender Offer",Cirio Finanziaria SpA acquired Del Monte Royal Holdings Ltd for ZAR 130.03M. The transaction was announced on 12/13/2000 and completed on 2/12/2001.,ZAR,,Cash,,,,2001/2/12,-3.23,,,69.379997,30.620001,,,No,Financials,Consumer Staples,N,,,,,,Societe Generale,,Hostile,South Africa,Italy,DLH,CRO,Common Stock,Common Stock,3510.92,5190.36,13578.9,9692.49,1333.05,4950.33,,,37.794,43.1256,1961.65,5855.97,,5190.363,3510.919,2464.956,1169.3938314176298,5190.363,FY-specific (point-in-time),2464.956,FY-specific (point-in-time),3510.919,FY-specific (point-in-time),1169.3938314176298,FY-specific (point-in-time),130.03,1,1999-12-24,2001-01-31,50,5,3500,100,27.5833333333333,5.325,1053138.0,2826727.8,37.2564348077661,9.18219108248353,1551489.0,18769.26,5190.36,Large,Full (4/4),2000
6116806,M&A,2000/12/13,DLC SJ,CRO IM,Completed,,"Company Takeover, Cross Border, Additional Stake Purchase, Tender Offer",Cirio Finanziaria SpA acquired Del Monte Royal Corp Ltd for ZAR 246.78M. The transaction was announced on 12/13/2000 and completed on 2/12/2001.,ZAR,,Cash,,,,2001/2/12,29.15,,,70.419998,29.580000,,,No,Financials,Consumer Staples,N,,,,,,Societe Generale,,Hostile,South Africa,Italy,DLC,CRO,Common Stock,Common Stock,3510.92,5190.35,13578.9,9692.49,1333.05,4950.33,,,37.7939,43.1256,1961.63,5855.97,,5190.349,3510.919,2464.956,1169.3938314176298,5190.349,FY-specific (point-in-time),2464.956,FY-specific (point-in-time),3510.919,FY-specific (point-in-time),1169.3938314176298,FY-specific (point-in-time),246.78,1,1999-12-24,2001-01-31,50,5,3500,100,27.5833333333333,5.325,1053138.0,2826727.8,37.2564348077661,9.18219108248353,1551489.0,18769.25,5190.35,Large,Full (4/4),2000
6116810,INV,2000/12/13,DLF SJ,CRO IM,Completed,,"Cross Border, Additional Stake Purchase",Cirio Finanziaria SpA acquired Del Monte Royal Foods Corp for ZAR 889.63M. The transaction was announced on 12/13/2000 and completed on 4/17/2001.,ZAR,,Cash,,2001/2/8,,2001/4/17,52.61,,,56.669998,43.330002,,,No,Consumer Staples,Consumer Staples,N,,Piergrossi Villa/Taback & Assoc,,,,JP Morgan/Societe Generale,,Hostile,South Africa,Italy,DLF,CRO,Common Stock,Common Stock,3510.92,5190.72,13578.9,9692.49,1333.05,4950.33,,,37.7983,43.1256,1962,5855.97,,5190.718,3510.919,2464.956,1169.3938314176298,5190.718,FY-specific (point-in-time),2464.956,FY-specific (point-in-time),3510.919,FY-specific (point-in-time),1169.3938314176298,FY-specific (point-in-time),889.63,1,1999-12-24,2001-01-31,50,5,3500,100,27.5833333333333,5.325,1053138.0,2826727.8,37.2564348077661,9.18219108248353,1551489.0,18769.62,5190.72,Large,Full (4/4),2000
61827494,INV,2012/2/21,LHG SJ,PLB CN,Completed,,"Cross Border, Minority Purchase, Additional Stake Purchase",Tiso Blackstar Group SE sold a minority stake in Litha Healthcare Group Ltd to Paladin Labs Inc. The transaction was announced on 2/21/2012 and completed on 7/2/2012. Financial terms of the transaction are undisclosed.,ZAR,,Cash,,,,2012/7/2,-3.91,,,25.040001,19.480000,,,No,Health Care,Health Care,N,,,,,Rand Merchant Bk,,,Friendly,South Africa,Canada,LHG,PLB,Common Stock,Common Stock,1045.33,1944.3,5151.27,1726.99,99.704,93.6406,49.945,,33.2892,57.5947,647.241,2966.86,,1442.745,1747.026,397.913,141.466,1442.745,FY-specific (point-in-time),397.913,FY-specific (point-in-time),1747.026,FY-specific (point-in-time),141.466,FY-specific (point-in-time),,3,2009-04-01,2017-09-30,560,80,6600,190,54.3916666666667,5.66666666666667,3566385.0,4197952.4,84.9553463255086,4.68520499377743,8383564.0,7095.570000000001,1944.3,Large,Full (4/4),2012
6222859,M&A,2001/1/24,CET SJ,CES SJ,Completed,,"Company Takeover, Tender Offer",Chester Investment Holdings Ltd acquired Chet Industries Ltd for ZAR 27.05M. The transaction was announced on 1/24/2001 and completed on 12/18/2001.,ZAR,,Cash,,,,2001/12/18,146.90,,,48.549999,51.450001,,,No,Materials,Financials,N,,Fluxmans,,,,,,Friendly,South Africa,South Africa,CET,CES,Common Stock,Common Stock,245.671,,224.342,305.848,,32.282,,,,55.3597,,124.195,,112.619,297.475,141.288,,112.619,FY-specific (point-in-time),141.288,FY-specific (point-in-time),297.475,FY-specific (point-in-time),305.848,MA-screen (current/latest - NOT point-in-time),27.05,1,1999-12-24,2001-01-31,50,5,3500,100,29.15,5.725,1165940.6,2903049.5,40.1626152085936,7.80047907381016,1770682.0,551.519,245.671,Intermediate,Partial (3/4),2001
6241854,INV,2001/2/1,ACL SJ,ARI SJ,Completed,,Minority Purchase,African Rainbow Minerals Ltd acquired a minority stake in ArcelorMittal South Africa Ltd. The transaction was completed on 2/1/2001.,ZAR,,Cash,,,,2001/2/1,,,,0.000000,11.500000,,,No,Materials,Materials,N,,,,,,,,Friendly,South Africa,South Africa,ACL,ARI,Common Stock,Common Stock,32291,21126,78116,15248,,,1991,,53.73,22.2797,11351,17404,,15401,13653,9437,2934,15401.0,FY-specific (point-in-time),9437.0,FY-specific (point-in-time),13653.0,FY-specific (point-in-time),2934.0,FY-specific (point-in-time),486.61,2,2001-02-01,2009-03-31,200,30,3500,100,29.15,5.725,1165940.6,2903049.5,40.1626152085936,7.80047907381016,1770682.0,110407.0,32291.0,Large,Full (4/4),2001
6355222,M&A,2000/12/4,CMT SJ,SKAB SS,Completed,,"Cross Border, Majority Purchase, Additional Stake Purchase, Tender Offer",Skanska AB acquired Cementation Co Africa Ltd for ZAR 1.31M. The transaction was announced on 12/4/2000 and completed on 3/2/2001.,ZAR,,Cash,,,,2001/3/2,73.37,,,49.900002,5.860000,,,No,Industrials,Industrials,N,Edward Nathan,,,,Firstrand Bank,Standard Bank of,,Friendly,South Africa,Sweden,CMT,SKAB,Common Stock,Common Stock,1296.29,359.452,284340,322455,313.962,76455.9,0.055,,73.022,79.2725,262.479,225403,,178.5019989013672,438.9729919433594,51338,79128,178.5019989013672,FY-specific (point-in-time),51338.0,FY-specific (point-in-time),438.9729919433594,FY-specific (point-in-time),79128.0,FY-specific (point-in-time),1.31,1,1999-12-24,2001-01-31,50,5,3500,100,27.5833333333333,5.325,1053138.0,2826727.8,37.2564348077661,9.18219108248353,1551489.0,323751.29,1296.29,Large,Full (4/4),2000
6367782,M&A,2001/3/8,SET SJ,EMH SJ,Completed,,"Company Takeover, Additional Stake Purchase",E Media Holdings Ltd acquired Seartec Ltd for ZAR 9.53M. The transaction was announced on 3/8/2001 and completed on 6/11/2001.,ZAR,,Cash,,,,2001/6/11,45.82,,,85.000000,15.000000,,,No,Technology,Consumer Discretionary,N,,Sonneberg Hoff,,,,Ansdale Corp Fin,,Friendly,South Africa,South Africa,SET,EMH,Common Stock,Common Stock,251.565,144.491,6209.85,3011.86,14.454,,1.179,,85.8469,34.0313,124.041,2113.29,,144.491,251.565,1109.371948,1895.277954,144.491,FY-specific (point-in-time),1109.371948,FY-specific (point-in-time),251.565,FY-specific (point-in-time),1895.277954,FY-specific (point-in-time),9.53,2,2001-02-01,2009-03-31,200,30,3500,100,29.15,5.725,1165940.6,2903049.5,40.1626152085936,7.80047907381016,1770682.0,6461.415,251.565,Large,Full (4/4),2001
6394862,M&A,2000/2/14,DUK SJ,GLEN LN,Completed,,"Company Takeover, Additional Stake Purchase",Glencore PLC acquired Duiker Mining Ltd for ZAR 29.14M. The transaction was announced on 2/14/2000 and completed on 7/6/2000.,ZAR,,Cash,,,,2000/7/6,-16.00,,,84.900002,15.100000,,,No,Materials,Materials,N,Deneys Reitz,Bowman Gilfill,,,Investec Bank,PwC,,Friendly,South Africa,Switzerland,DUK,GLEN,Common Stock,Common Stock,1817.85,3052.18,2.3558e+06,4.42579e+06,,2.07326e+06,10.354,,16.4274,47.1382,501.395,1.11048e+06,,3052.18408203125,1817.8470458984375,,,3052.18408203125,FY-specific (point-in-time),2355800.0,MA-screen (current/latest - NOT point-in-time),1817.8470458984375,FY-specific (point-in-time),4425790.0,MA-screen (current/latest - NOT point-in-time),29.14,1,1999-12-24,2001-01-31,50,5,3500,100,27.5833333333333,5.325,1053138.0,2826727.8,37.2564348077661,9.18219108248353,1551489.0,4428842.18,3052.18,Large,Full (4/4),2000
6395036,M&A,2000/2/14,TWE SJ,GLEN LN,Completed,,"Company Takeover, Additional Stake Purchase",Glencore PLC acquired Tweefontein United Colleries for ZAR 71.09M. The transaction was announced on 2/14/2000 and completed on 7/26/2000.,ZAR,,Cash,,,,2000/7/26,-1.00,,,61.299999,38.700001,,,No,Materials,Materials,N,,Bowman Gilfill/Linklaters,,,Investec Bank,Pricewaterhouse,,Friendly,South Africa,Switzerland,TWE,GLEN,Common Stock,Common Stock,,4.631,2.3558e+06,4.42579e+06,,2.07326e+06,0.479,,10.3433,47.1382,0.479,1.11048e+06,,4.63100004196167,,,,4.63100004196167,FY-specific (point-in-time),2355800.0,MA-screen (current/latest - NOT point-in-time),,Missing,4425790.0,MA-screen (current/latest - NOT point-in-time),71.09,1,1999-12-24,2001-01-31,50,5,3500,100,27.5833333333333,5.325,1053138.0,2826727.8,37.2564348077661,9.18219108248353,1551489.0,4425794.631,4.631,Small,Partial (3/4),2000
6410336,M&A,2000/3/28,ADS SJ,ADH SJ,Completed,,Majority Purchase,Advanced Technical Systems sold Advsource Holdings Ltd to Advtech Ltd for ZAR 59.41M. The transaction was announced on 3/28/2000 and completed on 5/2/2000.,ZAR,,Stock,,,,2000/5/2,,,,0.000000,61.619999,,,No,Industrials,Consumer Discretionary,N,,,,,,,,Friendly,South Africa,South Africa,ADS,ADH,Common Stock,Common Stock,198.022,139.136,11297,9330.4,27.846,10581.5,0.038,,48.7401,8.41993,67.815,951.2,,139.136,198.022,387.3160095214844,206.53399658203125,139.136,FY-specific (point-in-time),387.3160095214844,FY-specific (point-in-time),198.022,FY-specific (point-in-time),206.53399658203125,FY-specific (point-in-time),59.41,1,1999-12-24,2001-01-31,50,5,3500,100,27.5833333333333,5.325,1053138.0,2826727.8,37.2564348077661,9.18219108248353,1551489.0,11495.022,198.022,Large,Full (4/4),2000
6410430,INV,2000/4/3,1272Z SJ,MTN SJ,Completed,,Additional Stake Purchase,MTN Group Ltd acquired Mobile Telephone Networks Holdings Pty Ltd for ZAR 3190.79M. The transaction was completed on 4/3/2000.,ZAR,,Stock,,,,2000/4/3,,,,72.099998,4.900000,,,No,Communications,Communications,N,,Webber Wentzel,,,,Standard Bank of,,Friendly,South Africa,South Africa,1272Z,MTN,Private Comp,Common Stock,226707,498712,498712,226707,,,108877,,37.2786,37.2786,185913,185913,,,,4582.5,4453.299805,498712.0,MA-screen (current/latest - NOT point-in-time),4582.5,FY-specific (point-in-time),226707.0,MA-screen (current/latest - NOT point-in-time),4453.299805,FY-specific (point-in-time),3190.80,1,1999-12-24,2001-01-31,50,5,3500,100,27.5833333333333,5.325,1053138.0,2826727.8,37.2564348077661,9.18219108248353,1551489.0,997424.0,498712.0,Large,Full (4/4),2000
6414786,INV,2001/3/20,BRC SJ,CES SJ,Completed,,"Additional Stake Purchase, Tender Offer",Chester Investment Holdings Ltd acquired Brandcorp Holdings Ltd for ZAR 3.07M. The transaction was completed on 3/20/2001.,ZAR,,Cash,,,,2001/3/20,0.97,,,34.169998,2.540000,,,No,Consumer Discretionary,Financials,N,,,,,,,,Friendly,South Africa,South Africa,BRC,CES,Common Stock,Common Stock,916.249,483.978,224.342,305.848,47.643,32.282,19.884,,91.5571,55.3597,443.116,124.195,,264.4419860839844,449.1889953613281,141.288,,264.4419860839844,FY-specific (point-in-time),141.288,FY-specific (point-in-time),449.1889953613281,FY-specific (point-in-time),305.848,MA-screen (current/latest - NOT point-in-time),3.07,2,2001-02-01,2009-03-31,200,30,3500,100,29.15,5.725,1165940.6,2903049.5,40.1626152085936,7.80047907381016,1770682.0,1222.097,916.249,Intermediate,Full (4/4),2001
6414818,M&A,2001/3/20,BRC SJ,CES SJ,Completed,,"Company Takeover, Majority Purchase, Tender Offer",Chester Investment Holdings Ltd acquired Brandcorp Holdings Ltd for ZAR 1.04M. The transaction was announced on 3/20/2001 and completed on 6/13/2001.,ZAR,,Cash,,,,2001/6/13,0.97,,,36.709999,1.040000,,,No,Consumer Discretionary,Financials,N,Fluxmans,,,,Corpcap Bank Ltd,,,Friendly,South Africa,South Africa,BRC,CES,Common Stock,Common Stock,916.249,483.978,224.342,305.848,47.643,32.282,19.884,,91.5571,55.3597,443.116,124.195,,264.4419860839844,449.1889953613281,141.288,,264.4419860839844,FY-specific (point-in-time),141.288,FY-specific (point-in-time),449.1889953613281,FY-specific (point-in-time),305.848,MA-screen (current/latest - NOT point-in-time),1.04,2,2001-02-01,2009-03-31,200,30,3500,100,29.15,5.725,1165940.6,2903049.5,40.1626152085936,7.80047907381016,1770682.0,1222.097,916.249,Intermediate,Full (4/4),2001
64393758,INV,2000/4/13,CCH SJ,BRAIT LX,Completed,,Minority Purchase,Brait PLC acquired a minority stake in Computer Configurations Holdings Ltd. The transaction was completed on 04/13/2000.,ZAR,,Undisclosed,,,,2000/4/13,,,,0.000000,0.000000,,,No,Technology,Financials,N,,,,,,,,Friendly,South Africa,South Africa,CCH,BRAIT,Common Stock,Common Stock,421.545,,15445,1796,,,,,,,,2,,436.72100830078125,470.3819885253906,3083.39990234375,608,436.72100830078125,FY-specific (point-in-time),3083.39990234375,FY-specific (point-in-time),470.3819885253906,FY-specific (point-in-time),608.0,FY-specific (point-in-time),,1,1999-12-24,2001-01-31,50,5,3500,100,27.5833333333333,5.325,1053138.0,2826727.8,37.2564348077661,9.18219108248353,1551489.0,15866.545,421.545,Large,Partial (3/4),2000
6489136,M&A,2001/4/9,SRY SJ,JCI US,Completed,,"Company Takeover, Cross Border",Johnson Controls International plc acquired Sentry Group Ltd for ZAR 627.00M. The transaction was announced on 4/9/2001 and completed on 7/16/2001.,ZAR,,Cash,,,,2001/7/16,24.50,,,0.000000,100.000000,,,No,Industrials,Industrials,N,Edward Nathan,,,,Standard Bank of,Merrill Lynch,,Friendly,South Africa,Bermuda,SRY,JCI,Common Stock,Common Stock,347.005,118.678,654968,426728,59.578,128735,0.443,,22.4988,26.7851,26.701,175434,,118.6777,347.005,40404.3,28931.9,118.6777,FY-specific (point-in-time),40404.3,FY-specific (point-in-time),347.005,FY-specific (point-in-time),28931.9,FY-specific (point-in-time),627.00,2,2001-02-01,2009-03-31,200,30,3500,100,29.15,5.725,1165940.6,2903049.5,40.1626152085936,7.80047907381016,1770682.0,655315.005,347.005,Large,Full (4/4),2001
6492232,M&A,2001/4/10,RAD SJ,PGH SJ,Completed,,Company Takeover,Absa Trading & Investments Solutions Holdings Pty Ltd acquired Real Africa Durolink Holdings Ltd for ZAR 380.74M. The transaction was announced on 4/10/2001 and completed on 10/8/2001.,ZAR,,Stock,,,,2001/10/8,-11.39,,,0.000000,100.000000,,,No,Financials,Financials,N,,,,,,,,Friendly,South Africa,South Africa,RAD,PGH,Common Stock,Common Stock,226.555,1470.53,3341.51,449.268,,,,2454.96,,,,,,1470.531982,226.554993,2798.847900390625,470.02099609375,1470.531982,FY-specific (point-in-time),2798.847900390625,FY-specific (point-in-time),226.554993,FY-specific (point-in-time),470.02099609375,FY-specific (point-in-time),380.74,2,2001-02-01,2009-03-31,200,30,3500,100,29.15,5.725,1165940.6,2903049.5,40.1626152085936,7.80047907381016,1770682.0,4812.04,1470.53,Large,Full (4/4),2001
65319319,M&A,2012/6/12,AVU SJ,NBC SJ,Completed,,"Company Takeover, Additional Stake Purchase",New Bond Capital Ltd acquired BlackstarTiso Pty Ltd for ZAR 2415.53M. The transaction was announced on 6/12/2012 and completed on 9/25/2012.,ZAR,,Cash or Stock,,,,2012/9/25,17.80,,,21.290001,78.709999,12,,No,Communications,Financials,N,Werksmans,Webber Wentzel,,,,Ernst & Young/Firstrand Bank,,Friendly,South Africa,South Africa,AVU,NBC,Common Stock,Common Stock,5963,4174,2416.14,,1617,1.592,308,,56.7801,99.9816,2370,2415.7,,4099,5310,2766.146,,4099.0,FY-specific (point-in-time),2766.146,FY-specific (point-in-time),5310.0,FY-specific (point-in-time),,Missing,2415.52,3,2009-04-01,2017-09-30,560,80,6600,190,54.3916666666667,5.66666666666667,3566385.0,4197952.4,84.9553463255086,4.68520499377743,8383564.0,8379.14,5963.0,Large,Partial (3/4),2012
6544204,M&A,2001/4/25,TRT SJ,IPL SJ,Completed,,"Company Takeover, Tender Offer",Imperial Logistics Ltd acquired Tourism Investment Corp Ltd for ZAR 414.72M. The transaction was announced on 4/25/2001 and completed on 7/30/2001.,ZAR,,Cash,,,,2001/7/30,31.06,,,0.000000,60.540001,,,No,Consumer Discretionary,Consumer Discretionary,N,Fluxmans,Moss Morris Inc,,,Investec Bank/PSG Invt Bank,IBL Asset Financ/Merrill Lynch,,Friendly,South Africa,South Africa,TRT,IPL,Common Stock,Common Stock,1623.78,1328.08,30329,52208,414.048,12529,213.746,,60.9637,53.4703,809.646,16217,,595.492981,914.072021,14376,14913,595.492981,FY-specific (point-in-time),14376.0,FY-specific (point-in-time),914.072021,FY-specific (point-in-time),14913.0,FY-specific (point-in-time),414.72,2,2001-02-01,2009-03-31,200,30,3500,100,29.15,5.725,1165940.6,2903049.5,40.1626152085936,7.80047907381016,1770682.0,53831.78,1623.78,Large,Full (4/4),2001
65923042,INV,2012/6/29,CRM SJ,ITE SJ,Completed,,Minority Purchase,Italtile Ltd acquired a minority stake in Ceramic Industries Ltd. The transaction was announced on 6/29/2012 and completed on 11/28/2012.,ZAR,,Cash,,,,2012/11/28,1.37,,,0.000000,20.000000,,,No,Consumer Discretionary,Consumer Discretionary,N,Edward Nathan,Hogan Lovells US/Webber Wentzel,,,,,,Friendly,South Africa,South Africa,CRM,ITE,Common Stock,Common Stock,1648.62,1564.47,10088,8768,1855.81,,16.759,,43.688,40.6423,683.486,4100,,1448.064,1547.249,2296,1521,1448.064,FY-specific (point-in-time),2296.0,FY-specific (point-in-time),1547.249,FY-specific (point-in-time),1521.0,FY-specific (point-in-time),527.61,3,2009-04-01,2017-09-30,560,80,6600,190,54.3916666666667,5.66666666666667,3566385.0,4197952.4,84.9553463255086,4.68520499377743,8383564.0,11736.619999999999,1648.62,Large,Full (4/4),2012
6595234,M&A,2001/5/7,CDR SJ,BOE SJ,Completed,,Company Takeover,BOE Ltd acquired Credcor Ltd for ZAR 62.13M. The transaction was announced on 5/7/2001 and completed on 7/9/2001.,ZAR,,Cash,,,,2001/7/9,4.48,,,0.000000,100.000000,,,No,Financials,Financials,N,,,,,,,,Friendly,South Africa,South Africa,CDR,BOE,Common Stock,Common Stock,192.507,447.458,67236,9089,,,,20763,,,,,,447.458008,192.507004,62462,7793,447.458008,FY-specific (point-in-time),62462.0,FY-specific (point-in-time),192.507004,FY-specific (point-in-time),7793.0,FY-specific (point-in-time),62.13,2,2001-02-01,2009-03-31,200,30,3500,100,29.15,5.725,1165940.6,2903049.5,40.1626152085936,7.80047907381016,1770682.0,67683.458,447.458,Large,Full (4/4),2001
66436994,BUY,2012/1/5,MTL SJ,MTL SJ,Completed,,,,ZAr,,,,,,2012/5/4,,,,0.000000,0.000000,,,,Financials,Financials,N,,,,,Rand Merchant Bk,,,,South Africa,,MTL,MTL,Common Stock,Common Stock,804.09,6215.27,6215.27,804.09,,,,1725.41,,,,,,6215.275,804.09,6215.275,804.09,6215.275,FY-specific (point-in-time),6215.275,FY-specific (point-in-time),804.09,FY-specific (point-in-time),804.09,FY-specific (point-in-time),168.95,3,2009-04-01,2017-09-30,560,80,6600,190,54.3916666666667,5.66666666666667,3566385.0,4197952.4,84.9553463255086,4.68520499377743,8383564.0,12430.54,6215.27,Large,Full (4/4),2012
66437459,INV,2012/5/5,ZSA SJ,ZURN SW,Completed,,"Cross Border, Additional Stake Purchase",Royal Bafokeng Holdings Pty Ltd sold Zurich Insurance Co South Africa Ltd to Zurich Insurance Group AG. The transaction was announced on 5/5/2012 and completed on 6/29/2012. Financial terms of the transaction are undisclosed.,ZAR,,Undisclosed,,,,2012/6/29,,,,58.950001,25.100000,,,No,Financials,Financials,N,,,,,,Rand Merchant Bk,,Friendly,South Africa,Switzerland,ZSA,ZURN,Common Stock,Common Stock,3392.39,4757.68,6.74621e+06,1.24786e+06,,,,,,,,,,4899.773,3394.646,386971,53017,4899.773,FY-specific (point-in-time),386971.0,FY-specific (point-in-time),3394.646,FY-specific (point-in-time),53017.0,FY-specific (point-in-time),,3,2009-04-01,2017-09-30,560,80,6600,190,54.3916666666667,5.66666666666667,3566385.0,4197952.4,84.9553463255086,4.68520499377743,8383564.0,6750967.68,4757.68,Large,Full (4/4),2012
6679693,INV,2001/5/30,ABC SJ,INL SJ,Completed,,"Additional Stake Purchase, Tender Offer",Investec Ltd acquired Abacus Technology Holdings for ZAR 4.24M. The transaction was announced on 5/30/2001 and completed on 6/21/2001.,ZAR,,Cash or Stock,,,,2001/6/21,25.00,,,54.759998,12.800000,,,No,Technology,Financials,N,,,,,,,,Friendly,South Africa,South Africa,ABC,INL,Common Stock,Common Stock,235.146,,1.43453e+06,111529,,,,641747,,,,,,212.591,245.647,16750.5183,1232.767659541986,212.591,FY-specific (point-in-time),16750.5183,FY-specific (point-in-time),245.647,FY-specific (point-in-time),1232.767659541986,FY-specific (point-in-time),4.24,2,2001-02-01,2009-03-31,200,30,3500,100,29.15,5.725,1165940.6,2903049.5,40.1626152085936,7.80047907381016,1770682.0,1434765.146,235.146,Large,Partial (3/4),2001
67146822,INV,2012/2/21,LHG SJ,PLB CN,Completed,,"Cross Border, Additional Stake Purchase, Tender Offer",Paladin Labs Inc acquired Litha Healthcare Group Ltd for ZAR 0.30M. The transaction was announced on 2/21/2012 and completed on 7/23/2012.,ZAR,,Cash,,,,2012/7/23,-3.91,,,44.520000,0.020000,,,No,Health Care,Health Care,N,,,,,Firstrand Bank,,,Friendly,South Africa,Canada,LHG,PLB,Common Stock,Common Stock,1045.33,1944.3,5151.27,1726.99,99.704,93.6406,49.945,,33.2892,57.5947,647.241,2966.86,,1442.745,1747.026,397.913,141.466,1442.745,FY-specific (point-in-time),397.913,FY-specific (point-in-time),1747.026,FY-specific (point-in-time),141.466,FY-specific (point-in-time),0.30,3,2009-04-01,2017-09-30,560,80,6600,190,54.3916666666667,5.66666666666667,3566385.0,4197952.4,84.9553463255086,4.68520499377743,8383564.0,7095.570000000001,1944.3,Large,Full (4/4),2012
6764416,M&A,2001/6/15,LSR SJ,CFC SJ,Completed,,"Company Takeover, Majority Purchase, Tender Offer",Commercial Finance Co Ltd acquired Laser Group Ltd/The for ZAR 0.00M. The transaction was announced on 6/15/2001 and completed on 7/13/2001.,ZAR,,Cash,,,,2001/7/13,-24.93,,,45.299999,0.003000,,,No,Industrials,Financials,N,Moores Rowland,Bernadt Vukic/Cliffe Dekker,,,,BOE Investment,,Friendly,South Africa,South Africa,LSR,CFC,Common Stock,Common Stock,220.22,219.992,249.573,28.636,60.059,,,,41.1447,,90.515,,,,,227.3040008544922,23.569000244140625,219.992,MA-screen (current/latest - NOT point-in-time),227.3040008544922,FY-specific (point-in-time),220.22,MA-screen (current/latest - NOT point-in-time),23.569000244140625,FY-specific (point-in-time),0.00,2,2001-02-01,2009-03-31,200,30,3500,100,29.15,5.725,1165940.6,2903049.5,40.1626152085936,7.80047907381016,1770682.0,469.793,220.22,Intermediate,Full (4/4),2001
67819697,M&A,2012/8/17,IQG SJ,SFN SJ,Completed,,"Company Takeover, Additional Stake Purchase",Sasfin Holdings Ltd acquired IQuad Group Ltd for ZAR 32.80M. The transaction was announced on 8/17/2012 and completed on 11/28/2012.,ZAR,,Cash,,,,2012/11/28,11.45,,,68.000000,32.000000,,,No,Industrials,Financials,N,,Sasfin Bank,,,,,,Friendly,South Africa,South Africa,IQG,SFN,Common Stock,Common Stock,85.628,149.664,12860.6,1932.99,17.078,,23.675,7647.17,26.8455,,40.178,,,145.088,85.628,4373.264,779.474,145.088,FY-specific (point-in-time),4373.264,FY-specific (point-in-time),85.628,FY-specific (point-in-time),779.474,FY-specific (point-in-time),32.80,3,2009-04-01,2017-09-30,560,80,6600,190,54.3916666666667,5.66666666666667,3566385.0,4197952.4,84.9553463255086,4.68520499377743,8383564.0,13010.264000000001,149.664,Intermediate,Full (4/4),2012
6885917,M&A,2001/3/27,CPB SJ,CPA SJ,Completed,,Company Takeover,Corpcapital Ltd acquired Micawber 274 Ltd for ZAR 403.96M. The transaction was announced on 3/27/2001 and completed on 10/22/2001.,ZAR,,Stock,,,,2001/10/22,71.50,,,0.000000,100.000000,,,No,Financials,Financials,N,,,,,PwC,Corpcap Bank Ltd/Deloitte & Touch,,Friendly,South Africa,South Africa,CPB,CPA,Common Stock,Common Stock,282.818,1801.44,1030.7,339.4,,,,992.2,,,,,,1801.43798828125,282.8179931640625,3743.43896484375,536.4190063476562,1801.43798828125,FY-specific (point-in-time),3743.43896484375,FY-specific (point-in-time),282.8179931640625,FY-specific (point-in-time),536.4190063476562,FY-specific (point-in-time),403.96,2,2001-02-01,2009-03-31,200,30,3500,100,29.15,5.725,1165940.6,2903049.5,40.1626152085936,7.80047907381016,1770682.0,2832.1400000000003,1801.44,Intermediate,Full (4/4),2001
6889502,M&A,2001/5/16,MEB SJ,NPN SJ,Completed,,"Company Takeover, Additional Stake Purchase",Naspers Ltd acquired M-Web Holdings Ltd for ZAR 123.22M. The transaction was announced on 5/16/2001 and completed on 7/9/2001.,ZAR,,Stock,,,,2001/7/9,26.81,,,82.750000,17.250000,,,No,Communications,Communications,N,,,,,UBS,Investec Bank/Standard Bank of,,Friendly,South Africa,South Africa,MEB,NPN,Common Stock,Common Stock,227.337,610.653,1.35492e+06,188265,193.61,30301.7,13.326,,72.5317,24.7939,442.917,335937,,610.6530151367188,227.33700561523438,1410.291077164,1134.4927419755652,610.6530151367188,FY-specific (point-in-time),1410.291077164,FY-specific (point-in-time),227.33700561523438,FY-specific (point-in-time),1134.4927419755652,FY-specific (point-in-time),123.22,2,2001-02-01,2009-03-31,200,30,3500,100,29.15,5.725,1165940.6,2903049.5,40.1626152085936,7.80047907381016,1770682.0,1355530.653,610.653,Large,Full (4/4),2001
6907747,M&A,2001/7/16,PAG SJ,BVT SJ,Completed,,Company Takeover,Bidvest Group Ltd/The acquired Paragon Business Communications Ltd for ZAR 75.83M. The transaction was announced on 7/16/2001 and completed on 3/26/2002.,ZAR,,Cash,,,,2002/3/26,22.58,,,0.000000,100.000000,,,No,Industrials,Consumer Staples,N,Findlay & Tait,Bowman Gilfill,,,,Investec Bank,,Friendly,South Africa,South Africa,PAG,BVT,Common Stock,Common Stock,286.008,,122623,130321,,40740.4,,,,43.1532,,52915.8,,138.52099609375,246.79100036621094,8109.428223,26427.619141,138.52099609375,FY-specific (point-in-time),8109.428223,FY-specific (point-in-time),246.79100036621094,FY-specific (point-in-time),26427.619141,FY-specific (point-in-time),75.83,2,2001-02-01,2009-03-31,200,30,3500,100,29.15,5.725,1165940.6,2903049.5,40.1626152085936,7.80047907381016,1770682.0,130607.008,286.008,Large,Partial (3/4),2001
6946385,M&A,2001/7/27,ADV SJ,ATS SJ,Completed,,Company Takeover,Cape Municipal Pension Fund sold Advent Properties Pty Ltd to Atlas Properties Ltd for ZAR 253.25M. The transaction was announced on 7/27/2001 and completed on 9/30/2001.,ZAR,,Cash,,,,2001/9/30,,,,0.000000,100.000000,,,No,Real Estate,Real Estate,N,,,,,,AC Morris Assoc,,Friendly,South Africa,South Africa,ADV,ATS,Common Stock,Unit,32.518,223.693,1391.51,624.298,213.768,3.515,,,,3.38057,10.975,47.041,,,,326.497009,63.442001,223.693,MA-screen (current/latest - NOT point-in-time),326.497009,FY-specific (point-in-time),32.518,MA-screen (current/latest - NOT point-in-time),63.442001,FY-specific (point-in-time),253.25,2,2001-02-01,2009-03-31,200,30,3500,100,29.15,5.725,1165940.6,2903049.5,40.1626152085936,7.80047907381016,1770682.0,1615.203,223.693,Intermediate,Full (4/4),2001
6947547,M&A,2001/3/27,CPC SJ,CPA SJ,Completed,,Company Takeover,Corpcapital Ltd acquired Micawber 275 Ltd for ZAR 435.36M. The transaction was announced on 3/27/2001 and completed on 10/22/2001.,ZAR,,Stock,,,,2001/10/22,-21.88,,,0.000000,100.000000,,,No,Financials,Financials,N,,,,,Deloitte Touche,Corpcap Bank Ltd/KPMG Corp Fin,,Friendly,South Africa,South Africa,CPC,CPA,Common Stock,Common Stock,435.224,2198.85,1030.7,339.4,,,,992.2,,,,,,2198.849121,435.223999,3743.43896484375,536.4190063476562,2198.849121,FY-specific (point-in-time),3743.43896484375,FY-specific (point-in-time),435.223999,FY-specific (point-in-time),536.4190063476562,FY-specific (point-in-time),435.35,2,2001-02-01,2009-03-31,200,30,3500,100,29.15,5.725,1165940.6,2903049.5,40.1626152085936,7.80047907381016,1770682.0,3229.55,2198.85,Intermediate,Full (4/4),2001
7000598,M&A,2001/8/8,NCX SJ,ARL SJ,Completed,,"Company Takeover, Additional Stake Purchase, Tender Offer",Astral Foods Ltd acquired National Chick Ltd for ZAR 97.07M. The transaction was announced on 8/8/2001 and completed on 5/6/2002.,ZAR,,Cash,,,,2002/5/6,12.23,,,34.900002,65.099998,,,No,Consumer Staples,Consumer Staples,N,,,,,BOE Investment,Rand Merchant Bk,,Friendly,South Africa,South Africa,NCX,ARL,Common Stock,Common Stock,273.846,,9325.82,22619.2,,,,,,60.5887,,5650.39,,185.721,213.343,,,185.721,FY-specific (point-in-time),9325.82,MA-screen (current/latest - NOT point-in-time),213.343,FY-specific (point-in-time),22619.2,MA-screen (current/latest - NOT point-in-time),97.07,2,2001-02-01,2009-03-31,200,30,3500,100,29.15,5.725,1165940.6,2903049.5,40.1626152085936,7.80047907381016,1770682.0,22893.046000000002,273.846,Large,Partial (3/4),2001
7021822,M&A,2001/8/15,IFS SJ,BVT SJ,Completed,,"Company Takeover, Additional Stake Purchase, Tender Offer",Bidvest Group Ltd/The acquired I-Fusion Holdings Ltd for ZAR 14.92M. The transaction was announced on 8/15/2001 and completed on 11/12/2001.,ZAR,,Cash,,,,2001/11/12,-0.77,,,77.309998,22.690001,,,No,Technology,Consumer Staples,N,,Werksmans,,,Barnard Jacobs M,Investec Bank,,Friendly,South Africa,South Africa,IFS,BVT,Common Stock,Common Stock,168.244,,122623,130321,,40740.4,,,,43.1532,,52915.8,,76.663,195.497,8109.428223,26427.619141,76.663,FY-specific (point-in-time),8109.428223,FY-specific (point-in-time),195.497,FY-specific (point-in-time),26427.619141,FY-specific (point-in-time),14.92,2,2001-02-01,2009-03-31,200,30,3500,100,29.15,5.725,1165940.6,2903049.5,40.1626152085936,7.80047907381016,1770682.0,130489.244,168.244,Large,Partial (3/4),2001
7038619,M&A,2001/5/28,KGM SJ,NAI SJ,Terminated,,Company Takeover,New Africa Investments Ltd announced the acquisition of Kagiso Media Ltd for ZAR 277.94M. The transaction was announced on 5/28/2001 and terminated on 1/2/2002.,ZAR,,Cash,,,,2002/1/2,6.31,,,0.000000,100.000000,,,No,Communications,Financials,N,Bell Dewar & Hal,Webber Wentzel,,,Investec Bank/KPMG Corp Fin/Pricewaterhouse,African Merchant,,Friendly,South Africa,South Africa,KGM,NAI,Common Stock,Common Stock,1335.95,1826.15,39.023,,260.448,,111.368,,47.6084,57.7326,869.399,22.529,,241.223999,142.488007,33631.88671875,548.583984375,241.223999,FY-specific (point-in-time),33631.88671875,FY-specific (point-in-time),142.488007,FY-specific (point-in-time),548.583984375,FY-specific (point-in-time),277.94,2,2001-02-01,2009-03-31,200,30,3500,100,29.15,5.725,1165940.6,2903049.5,40.1626152085936,7.80047907381016,1770682.0,1865.173,1826.15,Intermediate,Partial (3/4),2001
71006294,M&A,2012/11/21,CMP SJ,CIPLA IN,Completed,,"Company Takeover, Cross Border",Cipla Ltd/India acquired Cipla Medpro South Africa Ltd for ZAR 4828.13M. The transaction was announced on 11/21/2012 and completed on 7/16/2013.,ZAR,,Cash,,,,2013/7/16,32.39,,,0.000000,100.000000,,,No,Health Care,Health Care,N,Norton Rose Llp,Webber Wentzel,,,Barclays,Morgan Stanley,,Friendly,South Africa,India,CMP,CIPLA,Common Stock,Common Stock,2297.22,3012.93,76535.3,54524.5,520.269,24864.8,172.732,,36.249,56.8219,1092.16,43488.8,,2776.537,1767.561,85966.5,61113.9,2776.537,FY-specific (point-in-time),85966.5,FY-specific (point-in-time),1767.561,FY-specific (point-in-time),61113.9,FY-specific (point-in-time),4828.13,3,2009-04-01,2017-09-30,560,80,6600,190,54.3916666666667,5.66666666666667,3566385.0,4197952.4,84.9553463255086,4.68520499377743,8383564.0,79548.23,3012.93,Large,Full (4/4),2012
71033454,INV,2006/6/19,CVH SJ,PSG SJ,Completed,,Minority Purchase,PSG Group Ltd acquired a minority stake in Capevin Holdings Ltd. The transaction was completed on 6/19/2006.,ZAR,,Stock,,,,2006/6/19,,,,0.000000,11.300000,,,No,Consumer Staples,Financials,N,,,,,,,,Friendly,South Africa,South Africa,CVH,PSG,Common Stock,Common Stock,,2842.8,26793,7453,,,,,0.821865,,23.364,,,,,2793.832,468.459,2842.8,MA-screen (current/latest - NOT point-in-time),2793.832,FY-specific (point-in-time),,Missing,468.459,FY-specific (point-in-time),138.26,2,2001-02-01,2009-03-31,200,30,3500,100,36.9166666666667,4.64166666666667,2057593.9,3602578.7,57.114474695584,6.06463577535368,5041515.0,29635.8,2842.8,Large,Partial (3/4),2006
71072841,INV,2012/11/23,NBC SJ,FSR SJ,Completed,,"Private Equity, Minority Purchase",Tiso Blackstar Group SE sold a minority stake in New Bond Capital Ltd to FirstRand Ltd. The transaction was completed on 11/23/2012.,ZAR,,Cash,,,,2012/11/23,,,,0.000000,28.299999,,,No,Financials,Financials,N,,,,,,,,Friendly,South Africa,South Africa,NBC,FSR,Common Stock,Common Stock,,2416.14,2.74281e+06,241219,1.592,,6.669,1.248e+06,99.9816,,2415.7,,,2766.146,,697927,67752,2766.146,FY-specific (point-in-time),697927.0,FY-specific (point-in-time),,Missing,67752.0,FY-specific (point-in-time),333.00,3,2009-04-01,2017-09-30,560,80,6600,190,54.3916666666667,5.66666666666667,3566385.0,4197952.4,84.9553463255086,4.68520499377743,8383564.0,2745226.14,2416.14,Large,Partial (3/4),2012
71188805,M&A,2012/11/28,MDM LN,SDM AU,Terminated,,"Company Takeover, Cross Border",Sedgman Pty Ltd announced the acquisition of MDM Engineering Group Ltd for AUD 77.09M. The transaction was announced on 11/28/2012 and terminated on 5/30/2013.,AUD,,Cash and Stock,,,,2013/5/30,,,,0.000000,100.000000,,,No,Industrials,Industrials,N,,Norton Rose Llp,,,,,,Friendly,South Africa,Australia,MDM,SDM,Common Stock,Common Stock,1099.69,488.871,2574.74,3350.07,20.3049,1013.09,57.3185,,96.6323,76.3218,472.407,1965.09,,25.498093,20.805179,298.677,507.704,25.498093,FY-specific (point-in-time),298.677,FY-specific (point-in-time),20.805179,FY-specific (point-in-time),507.704,FY-specific (point-in-time),711.96,3,2009-04-01,2017-09-30,560,80,6600,190,54.3916666666667,5.66666666666667,3566385.0,4197952.4,84.9553463255086,4.68520499377743,8383564.0,4449.76,1099.69,Intermediate,Full (4/4),2012
71209491,M&A,2012/11/28,AMA SJ,BVT SJ,Completed,,"Company Takeover, Additional Stake Purchase",Bidvest Group Ltd/The acquired Home of Living Brands Holdings Ltd for ZAR 355.41M. The transaction was announced on 11/28/2012 and completed on 7/2/2013.,ZAR,,Cash,,,,2013/7/2,26.65,,,27.570000,72.430000,,,No,Consumer Discretionary,Consumer Staples,N,,,,,,,,Friendly,South Africa,South Africa,AMA,BVT,Common Stock,Common Stock,995.7,,122623,130321,,40740.4,,,,43.1532,,52915.8,,653.224,826.423,47829.918,118482.736,653.224,FY-specific (point-in-time),47829.918,FY-specific (point-in-time),826.423,FY-specific (point-in-time),118482.736,FY-specific (point-in-time),355.41,3,2009-04-01,2017-09-30,560,80,6600,190,54.3916666666667,5.66666666666667,3566385.0,4197952.4,84.9553463255086,4.68520499377743,8383564.0,131316.7,995.7,Large,Partial (3/4),2012
71483253,M&A,2012/12/4,HWW SJ,JDG SJ,Completed,,Company Takeover,JD Group Ltd/South Africa acquired Hardware Warehouse Ltd for ZAR 109.36M. The transaction was announced on 12/4/2012 and completed on 2/26/2013.,ZAR,,Cash,,,,2013/2/26,21.02,,,0.000000,100.000000,,,No,Materials,Consumer Discretionary,N,Fluxmans,Girard Hayward,,,Merchantec Int,,,Friendly,South Africa,South Africa,HWW,JDG,Common Stock,Common Stock,420.774,105.954,21035,30582,33.426,3478,8.269,,69.869,67.4257,74.029,14183,,117.359,354.177,16734,15741,117.359,FY-specific (point-in-time),16734.0,FY-specific (point-in-time),354.177,FY-specific (point-in-time),15741.0,FY-specific (point-in-time),109.36,3,2009-04-01,2017-09-30,560,80,6600,190,54.3916666666667,5.66666666666667,3566385.0,4197952.4,84.9553463255086,4.68520499377743,8383564.0,31002.774,420.774,Large,Full (4/4),2012
71519975,M&A,2012/12/3,BRC SJ,BVT SJ,Terminated,,Company Takeover,Bidvest Group Ltd/The announced the acquisition of Brandcorp Holdings Ltd. The transaction was announced on 12/3/2012 and terminated on 3/6/2013. Financial terms of the transaction are undisclosed.,ZAR,,Undisclosed,,,,2013/3/6,,,,0.000000,100.000000,,,No,Consumer Discretionary,Consumer Staples,N,,,,,,,,Friendly,South Africa,South Africa,BRC,BVT,Common Stock,Common Stock,916.249,483.978,122623,130321,47.643,40740.4,19.884,,91.5571,43.1532,443.116,52915.8,,,,47829.918,118482.736,483.978,MA-screen (current/latest - NOT point-in-time),47829.918,FY-specific (point-in-time),916.249,MA-screen (current/latest - NOT point-in-time),118482.736,FY-specific (point-in-time),,3,2009-04-01,2017-09-30,560,80,6600,190,54.3916666666667,5.66666666666667,3566385.0,4197952.4,84.9553463255086,4.68520499377743,8383564.0,131237.249,916.249,Large,Full (4/4),2012
71550925,M&A,2012/12/5,PKH SJ,EXG SJ,Terminated,,"Company Takeover, Additional Stake Purchase",eXtract Group Ltd announced the acquisition of Protech Khuthele Holdings Ltd for ZAR 268.14M. The transaction was announced on 12/5/2012 and terminated on 7/31/2013.,ZAR,,Cash,,,,2013/7/31,25.52,,,32.799999,67.199997,,,No,Industrials,Industrials,N,Bowman Gilfill,,,,Nedbank Capital,,,Unsolicited,South Africa,South Africa,PKH,EXG,Common Stock,Common Stock,974.501,719.759,220,999,,,11.703,,45.1151,92.2727,324.72,203,,853.877,1069.665,10641,6903,853.877,FY-specific (point-in-time),10641.0,FY-specific (point-in-time),1069.665,FY-specific (point-in-time),6903.0,FY-specific (point-in-time),268.14,3,2009-04-01,2017-09-30,560,80,6600,190,54.3916666666667,5.66666666666667,3566385.0,4197952.4,84.9553463255086,4.68520499377743,8383564.0,1973.501,974.501,Intermediate,Full (4/4),2012
7253349,M&A,2001/8/31,CLC SJ,NTC SJ,Completed,,"Company Takeover, Additional Stake Purchase",Netcare Ltd acquired Clinic Holdings Ltd for ZAR 201.24M. The transaction was announced on 8/31/2001 and completed on 10/22/2001.,ZAR,,Stock,,,,2001/10/22,-0.41,,,92.599998,7.400000,,,No,Health Care,Health Care,N,HR Levin,,,,Investec Bank,,,Friendly,South Africa,South Africa,CLC,NTC,Common Stock,Common Stock,2818.4,2942.6,29225,26344,2531.1,25811,107.2,,29.9871,22.2618,882.4,6506,,2942.6,2818.4,3235.199951,2848.800049,2942.6,FY-specific (point-in-time),3235.199951,FY-specific (point-in-time),2818.4,FY-specific (point-in-time),2848.800049,FY-specific (point-in-time),201.24,2,2001-02-01,2009-03-31,200,30,3500,100,29.15,5.725,1165940.6,2903049.5,40.1626152085936,7.80047907381016,1770682.0,32167.6,2942.6,Large,Full (4/4),2001
73463146,M&A,2013/1/24,3497Z LN,NTC SJ,Completed,,"Cross Border, Private Equity, Majority Purchase, PE Seller",Brockton Capital LLP sold General Healthcare Group Ltd to Netcare Ltd for GBP 11.00M. The transaction was completed on 1/24/2013.,GBP,,Cash,,,,2013/1/24,,,,0.000000,53.720001,,,No,Health Care,Health Care,N,,,,,,,,Friendly,South Africa,South Africa,3497Z,NTC,Private Comp,Common Stock,,6807.63,29225,26344,,25811,323.37,,4.75011,22.2618,323.37,6506,,418.748,,44222,25174,418.748,FY-specific (point-in-time),44222.0,FY-specific (point-in-time),,Missing,25174.0,FY-specific (point-in-time),157.25,3,2009-04-01,2017-09-30,560,80,6600,190,57.5166666666667,5.75833333333333,3868630.2,4302291.2,89.920231340919,5.84411132453906,10626244.0,36032.63,6807.63,Large,Partial (3/4),2013
7348736,M&A,2001/11/13,MNX SJ,BOE SJ,Completed,,"Company Takeover, Additional Stake Purchase",BOE Ltd acquired Monex Ltd for ZAR 95.18M. The transaction was announced on 11/13/2001 and completed on 2/4/2002.,ZAR,,Cash,,,,2002/2/4,28.21,,,74.000000,26.000000,,,No,Consumer Discretionary,Financials,N,,,,,,BOE Investment/KPMG Corp Fin,,Friendly,South Africa,South Africa,MNX,BOE,Common Stock,Common Stock,152.474,,67236,9089,,,,20763,,,,,,857.377,248.08,62462,7793,857.377,FY-specific (point-in-time),62462.0,FY-specific (point-in-time),248.08,FY-specific (point-in-time),7793.0,FY-specific (point-in-time),95.18,2,2001-02-01,2009-03-31,200,30,3500,100,29.15,5.725,1165940.6,2903049.5,40.1626152085936,7.80047907381016,1770682.0,67388.474,152.474,Large,Partial (3/4),2001
7359628,M&A,2001/11/15,VLX SJ,BVT SJ,Completed,,"Company Takeover, Additional Stake Purchase",Bidvest Group Ltd/The acquired Voltex Holdings Pty Ltd for ZAR 147.79M. The transaction was announced on 11/15/2001 and completed on 3/22/2002.,ZAR,,Cash,,2002/1/11,,2002/3/22,63.74,,,32.000000,68.000000,,,No,Industrials,Consumer Staples,N,,,,,,,,Friendly,South Africa,South Africa,VLX,BVT,Common Stock,Common Stock,1506.75,,122623,130321,,40740.4,,,,43.1532,,52915.8,,786.818,1352.507,8109.428223,26427.619141,786.818,FY-specific (point-in-time),8109.428223,FY-specific (point-in-time),1352.507,FY-specific (point-in-time),26427.619141,FY-specific (point-in-time),147.79,2,2001-02-01,2009-03-31,200,30,3500,100,29.15,5.725,1165940.6,2903049.5,40.1626152085936,7.80047907381016,1770682.0,131827.75,1506.75,Large,Partial (3/4),2001
74650750,M&A,2013/3/4,NBC SJ,TBG SJ,Completed,,"PE Buyout, Company Takeover, Cross Border, Private Equity, Tender Offer",Tiso Blackstar Group SE acquired New Bond Capital Ltd for GBP 4.70M. The transaction was announced on 3/4/2013 and completed on 6/3/2013.,GBP,,Stock,,,,2013/6/3,-19.44,,,0.000000,100.000000,,,No,Financials,Financials,N,Cliffe Dekker Ho,Paul Hastings,,,,,,Friendly,South Africa,United Kingdom,NBC,TBG,Common Stock,Common Stock,,2416.14,3837.64,2209.25,1.592,963.062,6.669,,99.9816,17.8318,2415.7,684.322,,2416.144,0,83.66,0,2416.144,FY-specific (point-in-time),83.66,FY-specific (point-in-time),0.0,FY-specific (point-in-time),0.0,FY-specific (point-in-time),64.76,3,2009-04-01,2017-09-30,560,80,6600,190,57.5166666666667,5.75833333333333,3868630.2,4302291.2,89.920231340919,5.84411132453906,10626244.0,6253.78,2416.14,Intermediate,Partial (3/4),2013
75313018,M&A,2013/3/22,AIP SJ,BVT SJ,Terminated,,"Majority Purchase, Additional Stake Purchase",Bidvest Group Ltd/The announced the acquisition of Adcock Ingram Holdings Ltd for ZAR 12617.92M. The transaction was announced on 3/22/2013 and terminated on 4/4/2013.,ZAR,,Cash and Stock,,,,2013/4/4,16.68,,,2.540000,57.459999,,,No,Health Care,Consumer Staples,N,,,,,,,,Friendly,South Africa,South Africa,AIP,BVT,Common Stock,Common Stock,9760.33,8735.68,122623,130321,2967.08,40740.4,214.008,,60.0069,43.1532,5242.02,52915.8,,5282.286,4599.249,55895.146,133533.633,5282.286,FY-specific (point-in-time),55895.146,FY-specific (point-in-time),4599.249,FY-specific (point-in-time),133533.633,FY-specific (point-in-time),12617.89,3,2009-04-01,2017-09-30,560,80,6600,190,57.5166666666667,5.75833333333333,3868630.2,4302291.2,89.920231340919,5.84411132453906,10626244.0,140081.33,9760.33,Large,Full (4/4),2013
7655458,AST,2002/1/18,AHH SJ,RAH SJ,Completed,,Asset Sale,African Oxygen Ltd sold Afrox Healthcare Ltd to Real Africa Holdings Ltd for ZAR 94.86M. The transaction was completed on 1/18/2002.,ZAR,,Cash,,,,2002/1/18,,,,5.400000,9.400000,,,No,Health Care,Consumer Discretionary,N,,,,,,,,Friendly,South Africa,South Africa,AHH,RAH,Common Stock,Common Stock,4913.78,3249.87,952.3,72.312,2358.7,,399.854,,39.9309,,1297.7,,,1767.56897,3087.485107,2762.701904296875,57.709999084472656,1767.56897,FY-specific (point-in-time),2762.701904296875,FY-specific (point-in-time),3087.485107,FY-specific (point-in-time),57.709999084472656,FY-specific (point-in-time),94.86,2,2001-02-01,2009-03-31,200,30,3500,100,31.8166666666667,9.15,1360679.3,3010473.1,45.1981882847583,12.5379611113752,1584151.0,5866.08,4913.78,Large,Full (4/4),2002
76602304,M&A,2013/3/1,CAP SJ,AIA SJ,Completed,,Company Takeover,Ascension Properties Ltd acquired Cape Empowerment Ltd for ZAr 21429.79M. The transaction was announced on 3/1/2013 and completed on 5/14/2013.,ZAr,,Cash or Stock,,,,2013/5/14,,,,0.000000,100.000000,,,No,Industrials,Real Estate,N,,,,,,,,Friendly,South Africa,South Africa,CAP,AIA,Common Stock,REIT,199.347,449.946,4331.78,533.595,20.927,,26.569,,38.9167,,175.104,102.76,,449.946,199.347,,,449.946,FY-specific (point-in-time),4331.78,MA-screen (current/latest - NOT point-in-time),199.347,FY-specific (point-in-time),533.595,MA-screen (current/latest - NOT point-in-time),214.30,3,2009-04-01,2017-09-30,560,80,6600,190,57.5166666666667,5.75833333333333,3868630.2,4302291.2,89.920231340919,5.84411132453906,10626244.0,4781.726,449.946,Intermediate,Full (4/4),2013
76685192,INV,2013/5/2,MVS SJ,BVT SJ,Completed,,Minority Purchase,Bidvest Group Ltd/The acquired a minority stake in Mvelaserve Ltd. The transaction was completed on 5/2/2013. Financial terms of the transaction are undisclosed.,ZAR,,Undisclosed,,,,2013/5/2,,,,0.000000,34.750000,,,No,Industrials,Consumer Staples,N,,,,,,,,Friendly,South Africa,South Africa,MVS,BVT,Common Stock,Common Stock,5408.07,2648.7,122623,130321,1075.63,40740.4,611.963,,56.8187,43.1532,1504.96,52915.8,,2357.396,4943.383,55895.146,133533.633,2357.396,FY-specific (point-in-time),55895.146,FY-specific (point-in-time),4943.383,FY-specific (point-in-time),133533.633,FY-specific (point-in-time),,3,2009-04-01,2017-09-30,560,80,6600,190,57.5166666666667,5.75833333333333,3868630.2,4302291.2,89.920231340919,5.84411132453906,10626244.0,135729.07,5408.07,Large,Full (4/4),2013
7703333,M&A,2002/1/31,MLN SJ,MNH SJ,Completed,,"Company Takeover, Squeeze Out, Additional Stake Purchase, Tender Offer",Marlin Holdings Ltd acquired Marlin Corp Ltd for ZAR 47.89M. The transaction was announced on 1/31/2002 and completed on 4/16/2002.,ZAR,,Cash,,,,2002/4/16,15.24,,,68.500000,31.500000,,,No,Materials,Materials,N,,Webber Wentzel,,,KPMG Corp Fin,Nedcor Invest Bk,,Friendly,South Africa,South Africa,MLN,MNH,Common Stock,Common Stock,705.3,,,750.3,,,,,,,,,,,705.2999877929688,,750.2999877929688,,Missing,,Missing,705.2999877929688,FY-specific (point-in-time),750.2999877929688,FY-specific (point-in-time),47.89,2,2001-02-01,2009-03-31,200,30,3500,100,31.8166666666667,9.15,1360679.3,3010473.1,45.1981882847583,12.5379611113752,1584151.0,1455.6,705.3,Intermediate,Partial (2/4),2002
77239450,M&A,2013/5/17,ALT SJ,AEL SJ,Completed,,"Company Takeover, Additional Stake Purchase, Tender Offer",Altron Ltd acquired Allied Technologies Ltd for ZAR 1947.13M. The transaction was announced on 5/17/2013 and completed on 8/20/2013.,ZAR,,Cash or Stock,,,,2013/8/20,40.37,,,61.400002,38.599998,,,No,Communications,Communications,N,,,,,,,,Friendly,South Africa,South Africa,ALT,AEL,Common Stock,Common Stock,10161,3764,9648,9637,881,,231,,55.7386,50.6219,2098,4884,,4089,9576,12280,23563,4089.0,FY-specific (point-in-time),12280.0,FY-specific (point-in-time),9576.0,FY-specific (point-in-time),23563.0,FY-specific (point-in-time),1947.14,3,2009-04-01,2017-09-30,560,80,6600,190,57.5166666666667,5.75833333333333,3868630.2,4302291.2,89.920231340919,5.84411132453906,10626244.0,19809.0,10161.0,Large,Full (4/4),2013
77501523,M&A,2013/5/29,IFH SJ,IFAHR KK,Completed,,"Company Takeover, Going Private, Cross Border, Additional Stake Purchase, Tender Offer",IFA Hotels & Resorts-KPSC acquired IFA Hotels & Resorts Ltd for ZAR 6.55M. The transaction was announced on 5/29/2013 and completed on 9/10/2013.,ZAR,,Cash,,,,2013/9/10,40.35,,,85.000000,15.000000,,,No,Consumer Discretionary,Industrials,N,,,,,,,,Friendly,South Africa,Kuwait,IFH,IFAHR,Common Stock,Common Stock,35117.3,578.522,9989.02,1394.13,,1176.71,165.521,,35.8655,26.7759,207.49,2674.65,,578.522,54.225,402.230538,17.311038,578.522,FY-specific (point-in-time),402.230538,FY-specific (point-in-time),54.225,FY-specific (point-in-time),17.311038,FY-specific (point-in-time),6.55,3,2009-04-01,2017-09-30,560,80,6600,190,57.5166666666667,5.75833333333333,3868630.2,4302291.2,89.920231340919,5.84411132453906,10626244.0,45106.32000000001,35117.3,Large,Full (4/4),2013
7756441,AST,2002/2/14,1002Z SJ,1007Z SJ,Completed,,"Cross Border, Asset Sale",SAir Group sold South African Airways to Transnet SOC Ltd for CHF 56.67M. The transaction was completed on 2/14/2002.,CHF,,Undisclosed,,,,2002/2/14,,,,80.000000,20.000000,,,No,Industrials,Industrials,N,,,,,,,,Friendly,South Africa,South Africa,1002Z,1007Z,Private Comp,Private Comp,28120,13376,366867,82691,14417,,1337,,49.1702,7.37433,6577,27054,,,,,,13376.0,MA-screen (current/latest - NOT point-in-time),366867.0,MA-screen (current/latest - NOT point-in-time),28120.0,MA-screen (current/latest - NOT point-in-time),82691.0,MA-screen (current/latest - NOT point-in-time),384.09,2,2001-02-01,2009-03-31,200,30,3500,100,31.8166666666667,9.15,1360679.3,3010473.1,45.1981882847583,12.5379611113752,1584151.0,394987.0,28120.0,Large,Full (4/4),2002
7863406,INV,2002/3/12,ARI SJ,AAL LN,Completed,,"Cross Border, Minority Purchase",Arctic Resources Ltd sold a minority stake in African Rainbow Minerals Ltd to Anglo American PLC. The transaction was completed on 3/12/2002.,USD,,Cash,,,,2002/3/12,,,,0.000000,34.900002,,,No,Materials,Materials,N,,,,,,,,Friendly,South Africa,United Kingdom,ARI,AAL,Common Stock,Common Stock,15248,78116,927647,331592,,1.16555e+06,5382,,22.2797,32.3445,17404,300043,,9114,2806,25529,14786,9114.0,FY-specific (point-in-time),25529.0,FY-specific (point-in-time),2806.0,FY-specific (point-in-time),14786.0,FY-specific (point-in-time),1582.76,2,2001-02-01,2009-03-31,200,30,3500,100,31.8166666666667,9.15,1360679.3,3010473.1,45.1981882847583,12.5379611113752,1584151.0,1005763.0,78116.0,Large,Full (4/4),2002
7864272,INV,2002/3/12,EXX SJ,AAL LN,Completed,,"Cross Border, Minority Purchase",Anglo American PLC acquired a minority stake in Exxaro Resources Ltd. The transaction was completed on 3/12/2002.,ZAR,,Undisclosed,,,,2002/3/12,,,,0.000000,9.600000,,,No,Materials,Materials,N,,,,,,,,Friendly,South Africa,United Kingdom,EXX,AAL,Common Stock,Common Stock,41771,103210,927647,331592,,1.16555e+06,641,,31.6471,32.3445,32663,300043,,7244,5404,25529,14786,7244.0,FY-specific (point-in-time),25529.0,FY-specific (point-in-time),5404.0,FY-specific (point-in-time),14786.0,FY-specific (point-in-time),2399.99,2,2001-02-01,2009-03-31,200,30,3500,100,31.8166666666667,9.15,1360679.3,3010473.1,45.1981882847583,12.5379611113752,1584151.0,1030857.0,103210.0,Large,Full (4/4),2002
7891687,M&A,2002/3/19,TDK SJ,ALE SJ,Terminated,,"Company Takeover, Tender Offer",Appleton Ltd announced the acquisition of Tradek Holdings Ltd for ZAR 18.86M. The transaction was announced on 3/19/2002 and terminated on 4/16/2002.,ZAR,,Cash,,,,2002/4/16,30.43,,,0.000000,100.000000,,,No,Financials,Financials,N,,Sonnenberg Hoff,,,,Corpcap Bank Ltd,,Friendly,South Africa,South Africa,TDK,ALE,Common Stock,Common Stock,31.801,267.739,,166.73,5.669,,3.077,,97.6862,,261.544,,,132.18299865722656,28.32200050354004,170.6479949951172,148.28500366210938,132.18299865722656,FY-specific (point-in-time),170.6479949951172,FY-specific (point-in-time),28.32200050354004,FY-specific (point-in-time),148.28500366210938,FY-specific (point-in-time),18.86,2,2001-02-01,2009-03-31,200,30,3500,100,31.8166666666667,9.15,1360679.3,3010473.1,45.1981882847583,12.5379611113752,1584151.0,434.46899999999994,267.739,Intermediate,Partial (3/4),2002
79213529,M&A,2013/7/3,AIP SJ,CFR CI,Terminated,,"Company Takeover, Cross Border","CFR Pharmaceuticals SA announced the acquisition of Adcock Ingram Holdings Ltd for ZAR 14062.18M. The transaction was announced on 07/03/2013 and is currently pending. PIC, the largest shareholder of the target, said on 11/06/13 it would not support the proposal because it wasn’t in the inv...",ZAR,,Cash and Stock,,2013/12/13,,2014/2/7,,,,0.000000,100.000000,,,No,Health Care,Health Care,N,Read Hope Philli,Bowman Gilfillan,,,Deutsche Bank,Credit Suisse,,Unsolicited,South Africa,Chile,AIP,CFR,Common Stock,Common Stock,9760.33,8735.68,13012.9,7961.59,2967.08,3011.76,214.008,,60.0069,38.8721,5242.02,5058.4,,5282.286,4599.249,1468.61,570.832,5282.286,FY-specific (point-in-time),1468.61,FY-specific (point-in-time),4599.249,FY-specific (point-in-time),570.832,FY-specific (point-in-time),,3,2009-04-01,2017-09-30,560,80,6600,190,57.5166666666667,5.75833333333333,3868630.2,4302291.2,89.920231340919,5.84411132453906,10626244.0,22773.23,9760.33,Large,Full (4/4),2013
79800729,M&A,2013/7/23,EMG SJ,SHB SJ,Completed,,Company Takeover,Sherbourne Capital Ltd acquired Emergent Properties Ltd for ZAR 0.50M. The transaction was completed on 7/23/2013.,ZAR,,Stock,,,,2013/7/23,,,,0.000000,100.000000,,,No,Real Estate,Technology,N,,,,,,,,Friendly,South Africa,South Africa,EMG,SHB,Unit,Common Stock,,10.4648,5.357,,,6.6684,0.626893,,99.9857,43.9985,10.4633,2.357,,,,,,10.4648,MA-screen (current/latest - NOT point-in-time),5.357,MA-screen (current/latest - NOT point-in-time),,Missing,,Missing,0.50,3,2009-04-01,2017-09-30,560,80,6600,190,57.5166666666667,5.75833333333333,3868630.2,4302291.2,89.920231340919,5.84411132453906,10626244.0,15.8218,10.4648,Small,Partial (2/4),2013
8009198,INV,2002/3/12,EXX SJ,AAL LN,Completed,,"Cross Border, Additional Stake Purchase",Anglo American PLC acquired Exxaro Resources Ltd. The transaction was announced on 3/12/2002 and completed on 4/18/2002. Financial terms of the transaction are undisclosed.,ZAR,,Undisclosed,,,,2002/4/18,,,,9.600000,10.500000,,,No,Materials,Materials,N,,,,,,,,Friendly,South Africa,United Kingdom,EXX,AAL,Common Stock,Common Stock,41771,103210,927647,331592,,1.16555e+06,641,,31.6471,32.3445,32663,300043,,7244,5404,25529,14786,7244.0,FY-specific (point-in-time),25529.0,FY-specific (point-in-time),5404.0,FY-specific (point-in-time),14786.0,FY-specific (point-in-time),,2,2001-02-01,2009-03-31,200,30,3500,100,31.8166666666667,9.15,1360679.3,3010473.1,45.1981882847583,12.5379611113752,1584151.0,1030857.0,103210.0,Large,Full (4/4),2002
8010768,M&A,2002/4/18,JCG SJ,JCD SJ,Completed,,"Company Takeover, Additional Stake Purchase",JCI Ltd acquired JCI Gold Ltd for ZAR 684.81M. The transaction was announced on 4/18/2002 and completed on 7/16/2002.,ZAR,,Cash and Stock,,,,2002/7/16,,,,67.500000,32.500000,,,No,Materials,Materials,N,,Taback & Assoc,,,KPMG Corp Fin,Corpcap Bank Ltd,,Friendly,South Africa,South Africa,JCG,JCD,Common Stock,Common Stock,33.356,,2507.77,227.79,,,,,,25.9318,,650.309,,,168.481995,1830.102051,86.128998,,Missing,1830.102051,FY-specific (point-in-time),168.481995,FY-specific (point-in-time),86.128998,FY-specific (point-in-time),684.81,2,2001-02-01,2009-03-31,200,30,3500,100,31.8166666666667,9.15,1360679.3,3010473.1,45.1981882847583,12.5379611113752,1584151.0,2541.126,33.356,Intermediate,Partial (3/4),2002
8018617,M&A,2002/4/22,BOE SJ,NED SJ,Completed,,"Company Takeover, Tender Offer",Nedbank Group Ltd acquired BOE Ltd for ZAR 7933.11M. The transaction was announced on 4/22/2002 and completed on 7/11/2002.,ZAR,,Cash and Stock,,2002/5/13,,2002/7/11,25.40,,,0.000000,100.000000,72,,No,Financials,Financials,N,Sonnenberg Hoff,Edward Nathan,,,Goldman Sachs/UBS,Nedcor Invest Bk,,Friendly,South Africa,South Africa,BOE,NED,Common Stock,Common Stock,9089,67236,1.55863e+06,164033,,,,589215,,,,,,67236,9089,197665,22240,67236.0,FY-specific (point-in-time),197665.0,FY-specific (point-in-time),9089.0,FY-specific (point-in-time),22240.0,FY-specific (point-in-time),7933.13,2,2001-02-01,2009-03-31,200,30,3500,100,31.8166666666667,9.15,1360679.3,3010473.1,45.1981882847583,12.5379611113752,1584151.0,1625866.0,67236.0,Large,Full (4/4),2002
8036283,M&A,2001/12/24,IPG SJ,IPL SJ,Completed,,"Company Takeover, Additional Stake Purchase, Tender Offer",Imperial Logistics Ltd acquired ImperiLog Ltd for ZAR 55.71M. The transaction was announced on 12/24/2001 and completed on 7/5/2002.,ZAR,,Cash,,,,2002/7/5,14.76,,,68.730003,31.270000,,,No,Industrials,Consumer Discretionary,N,,,,,,,,Friendly,South Africa,South Africa,IPG,IPL,Common Stock,Common Stock,56.884,173.919,30329,52208,38.893,12529,5.497,,16.2225,53.4703,28.214,16217,,214.795,33.333,14376,14913,214.795,FY-specific (point-in-time),14376.0,FY-specific (point-in-time),33.333,FY-specific (point-in-time),14913.0,FY-specific (point-in-time),55.71,2,2001-02-01,2009-03-31,200,30,3500,100,29.15,5.725,1165940.6,2903049.5,40.1626152085936,7.80047907381016,1770682.0,52381.919,173.919,Large,Full (4/4),2001
8092565,M&A,2002/3/1,MAP SJ,APK SJ,Completed,,Majority Purchase,Astrapak Ltd acquired Master Plastics Ltd for ZAR 123.75M. The transaction was completed on 3/1/2002.,ZAR,,Cash,,,,2002/3/1,,,,0.000000,75.000000,,,No,Materials,Materials,N,Fluxmans/Kallmeyer Strime,,,,,Deloitte Touche,,Friendly,South Africa,South Africa,MAP,APK,Common Stock,Unit,504.479,336.917,1840.51,1348.37,293.699,1515.18,34.565,,54.4324,51.8073,183.392,953.517,,,,461.001007,697.41803,336.917,MA-screen (current/latest - NOT point-in-time),461.001007,FY-specific (point-in-time),504.479,MA-screen (current/latest - NOT point-in-time),697.41803,FY-specific (point-in-time),123.75,2,2001-02-01,2009-03-31,200,30,3500,100,31.8166666666667,9.15,1360679.3,3010473.1,45.1981882847583,12.5379611113752,1584151.0,2344.989,504.479,Intermediate,Full (4/4),2002
8092791,BUY,2002/5/3,GNK SJ,GNK SJ,Completed,,,,ZAR,,,,,,2002/6/12,4.33,,,0.000000,0.000000,,,,Industrials,Industrials,N,,,,,,,,,South Africa,,GNK,GNK,Common Stock,Common Stock,1406.42,1226.67,1226.67,1406.42,251.375,251.375,52.465,,77.8026,77.8026,954.379,954.379,,1064.79296875,1189.47900390625,1064.79296875,1189.47900390625,1064.79296875,FY-specific (point-in-time),1064.79296875,FY-specific (point-in-time),1189.47900390625,FY-specific (point-in-time),1189.47900390625,FY-specific (point-in-time),60.06,2,2001-02-01,2009-03-31,200,30,3500,100,31.8166666666667,9.15,1360679.3,3010473.1,45.1981882847583,12.5379611113752,1584151.0,2812.84,1406.42,Intermediate,Full (4/4),2002
81052681,INV,2013/9/3,LHG SJ,PLB CN,Completed,,"Cross Border, Private Equity, Minority Purchase",Tiso Blackstar Group SE sold a minority stake in Litha Healthcare Group Ltd to Paladin Labs Inc. The transaction was completed on 9/3/2013.,ZAR,,Cash,,,,2013/9/3,,,,0.000000,13.169100,,,No,Health Care,Health Care,N,,,,,,,,Friendly,South Africa,Canada,LHG,PLB,Common Stock,Common Stock,1045.33,1944.3,5151.27,1726.99,99.704,93.6406,49.945,,33.2892,57.5947,647.241,2966.86,,1785,1434.46,604.517,210.2,1785.0,FY-specific (point-in-time),604.517,FY-specific (point-in-time),1434.46,FY-specific (point-in-time),210.2,FY-specific (point-in-time),196.92,3,2009-04-01,2017-09-30,560,80,6600,190,57.5166666666667,5.75833333333333,3868630.2,4302291.2,89.920231340919,5.84411132453906,10626244.0,7095.570000000001,1944.3,Large,Full (4/4),2013
8132803,AST,2002/5/16,1057Z SJ,BA/ LN,Terminated,,"Cross Border, Asset Sale, Minority Purchase, Government Privatization",Republic of South Africa announced the sale of a minority stake in Denel SOC Ltd to BAE Systems PLC. The transaction was announced on 5/16/2002 and terminated on 4/23/2003.,ZAR,,Undisclosed,,,,2003/4/23,,,,0.000000,30.000000,,,No,Industrials,Industrials,N,,,,,,Rothschild & Co,,Friendly,South Africa,United Kingdom,1057Z,BA/,Private Comp,Common Stock,2729,8525,839707,667760,3192,253880,551,,56.9501,32.2381,4855,270706,,,,17206,9041,8525.0,MA-screen (current/latest - NOT point-in-time),17206.0,FY-specific (point-in-time),2729.0,MA-screen (current/latest - NOT point-in-time),9041.0,FY-specific (point-in-time),375.00,2,2001-02-01,2009-03-31,200,30,3500,100,31.8166666666667,9.15,1360679.3,3010473.1,45.1981882847583,12.5379611113752,1584151.0,848232.0,8525.0,Large,Full (4/4),2002
82139991,M&A,2013/10/2,FPT SJ,RDF SJ,Completed,,"Majority Purchase, Additional Stake Purchase, Tender Offer",Redefine Properties Ltd acquired Fountainhead Property Trust for ZAR 1075.97M. The transaction was announced on 10/2/2013 and completed on 10/24/2013.,ZAR,,Stock,,2013/10/28,,2013/10/24,,,,50.000000,11.700000,,,No,Real Estate,Real Estate,N,,,,,,,,Unsolicited,South Africa,South Africa,FPT,RDF,REIT,REIT,1282.03,12601.5,106323,11007.4,,,,,,,1386.59,3018.73,,11249.604,1074.471,46756.255,3023.568,11249.604,FY-specific (point-in-time),46756.255,FY-specific (point-in-time),1074.471,FY-specific (point-in-time),3023.568,FY-specific (point-in-time),1075.98,3,2009-04-01,2017-09-30,560,80,6600,190,57.5166666666667,5.75833333333333,3868630.2,4302291.2,89.920231340919,5.84411132453906,10626244.0,118924.5,12601.5,Large,Full (4/4),2013
83150596,INV,2013/10/30,DCT SJ,9876567D US,Completed,,"Cross Border, Minority Purchase, Tender Offer",Pinnacle Entertainment Inc/Old acquired a minority stake in Datacentrix Holdings Ltd. The transaction was completed on 10/30/2013. Financial terms of the transaction are undisclosed.,ZAR,,Undisclosed,,,,2013/10/30,,,,3.600000,29.790001,,,No,Technology,Consumer Discretionary,N,,,,,,,,Hostile,South Africa,United States,DCT,9876567D,Common Stock,Common Stock,2609.26,1185.04,70169.8,29283.5,154.788,60312.4,26.253,,78.7973,5.1564,933.775,3618.24,,,1757.762,2108.994,1002.836,1185.04,MA-screen (current/latest - NOT point-in-time),2108.994,FY-specific (point-in-time),1757.762,FY-specific (point-in-time),1002.836,FY-specific (point-in-time),,3,2009-04-01,2017-09-30,560,80,6600,190,57.5166666666667,5.75833333333333,3868630.2,4302291.2,89.920231340919,5.84411132453906,10626244.0,72779.06,2609.26,Large,Full (4/4),2013
83296885,M&A,2013/5/28,MVS SJ,BVT SJ,Completed,,"Company Takeover, Additional Stake Purchase",Bidvest Group Ltd/The acquired Mvelaserve Ltd for ZAR 1124.78M. The transaction was announced on 5/28/2013 and completed on 11/12/2013.,ZAR,,Cash,,,,2013/11/12,10.50,,,34.750000,65.250000,,,No,Industrials,Consumer Staples,N,,,,,,,,Friendly,South Africa,South Africa,MVS,BVT,Common Stock,Common Stock,5408.07,2648.7,122623,130321,1075.63,40740.4,611.963,,56.8187,43.1532,1504.96,52915.8,,2357.396,4943.383,55895.146,133533.633,2357.396,FY-specific (point-in-time),55895.146,FY-specific (point-in-time),4943.383,FY-specific (point-in-time),133533.633,FY-specific (point-in-time),1124.77,3,2009-04-01,2017-09-30,560,80,6600,190,57.5166666666667,5.75833333333333,3868630.2,4302291.2,89.920231340919,5.84411132453906,10626244.0,135729.07,5408.07,Large,Full (4/4),2013
83584969,M&A,2014/1/29,6480Z LN,601398 CH,Completed,,"Cross Border, Majority Purchase",Standard Bank Group Ltd sold ICBC Standard Bank PLC to Industrial & Commercial Bank of China Ltd for USD 770.00M. The transaction was announced on 1/29/2014 and completed on 2/1/2015.,USD,Negotiation,Undisclosed,2013/11/8,,,2015/2/1,,,,0.000000,60.000000,,,No,Financials,Financials,N,,White & Case LLP,,,,Citi/ICBC,,Friendly,South Africa,China,6480Z,601398,Private Comp,Common Stock,22342.1,626240,1.26764e+08,3.76158e+06,,,,5.6471e+07,,,,,,18579,310.4,18917752,915094,18579.0,FY-specific (point-in-time),18917752.0,FY-specific (point-in-time),310.4,FY-specific (point-in-time),915094.0,FY-specific (point-in-time),8647.95,3,2009-04-01,2017-09-30,560,80,6600,190,61.0166666666667,6.05,4133873.0,4363118.1,94.7458424286063,5.36654656658044,11505020.0,127390240.0,626240.0,Large,Full (4/4),2014
8359633,M&A,2002/6/25,TOY SJ,7203 JP,Completed,,"Cross Border, Majority Purchase",Wesco Investments Ltd sold Toyota South Africa Pty Ltd to Toyota Motor Corp for ZAR 994.08M. The transaction was completed on 6/25/2002.,ZAR,,Undisclosed,,,,2002/6/25,,,,36.000000,39.000000,,,No,Consumer Discretionary,Consumer Discretionary,N,,,,,,KPMG Corp Fin,,Friendly,South Africa,Japan,TOY,7203,Common Stock,Common Stock,7718.39,3725.34,1.12909e+07,5.8511e+06,2133.35,4.00957e+06,194.398,,53.9881,40.583,2011.24,4.58218e+06,,,,17519427,13424423,3725.34,MA-screen (current/latest - NOT point-in-time),17519427.0,FY-specific (point-in-time),7718.39,MA-screen (current/latest - NOT point-in-time),13424423.0,FY-specific (point-in-time),994.08,2,2001-02-01,2009-03-31,200,30,3500,100,31.8166666666667,9.15,1360679.3,3010473.1,45.1981882847583,12.5379611113752,1584151.0,11298618.39,7718.39,Large,Full (4/4),2002
83669585,BUY,2013/10/16,CMH SJ,CMH SJ,Completed,,,,ZAR,,,,,,2014/1/31,,,,0.000000,0.000000,,,,Consumer Discretionary,Consumer Discretionary,N,,,,,,,,,South Africa,,CMH,CMH,Common Stock,Common Stock,15711.2,5908.41,5908.41,15711.2,889.98,889.98,107.508,,64.4336,64.4336,3807,3807,,2483.139,8293.728,2483.139,8293.728,2483.139,FY-specific (point-in-time),2483.139,FY-specific (point-in-time),8293.728,FY-specific (point-in-time),8293.728,FY-specific (point-in-time),200.20,3,2009-04-01,2017-09-30,560,80,6600,190,57.5166666666667,5.75833333333333,3868630.2,4302291.2,89.920231340919,5.84411132453906,10626244.0,31422.4,15711.2,Large,Full (4/4),2013
8383517,M&A,2002/6/27,PON SJ,JDG SJ,Completed,,Majority Purchase,FirstRand Ltd sold Profurn Ltd to JD Group Ltd/South Africa for ZAR 959.39M. The transaction was announced on 6/27/2002 and completed on 4/30/2003.,ZAR,,Stock,,,,2003/4/30,,,,0.000000,78.800003,,,No,Consumer Discretionary,Consumer Discretionary,N,,Feinsteins Attor,,,,Gensec Bank,,Friendly,South Africa,South Africa,PON,JDG,Common Stock,Common Stock,2719.63,3497.23,21035,30582,481.255,3478,104.592,,92.2243,67.4257,3225.3,14183,,3497.22998046875,2719.6259765625,4539,2030,3497.22998046875,FY-specific (point-in-time),4539.0,FY-specific (point-in-time),2719.6259765625,FY-specific (point-in-time),2030.0,FY-specific (point-in-time),959.40,2,2001-02-01,2009-03-31,200,30,3500,100,31.8166666666667,9.15,1360679.3,3010473.1,45.1981882847583,12.5379611113752,1584151.0,34079.23,3497.23,Large,Full (4/4),2002
8401276,INV,2002/6/28,GFI SJ,AAL LN,Completed,,"Cross Border, Additional Stake Purchase",Anglo American PLC acquired Gold Fields Ltd. The transaction was completed on 6/28/2002. Financial terms of the transaction are undisclosed.,ZAR,,Undisclosed,,,,2002/6/28,,,,16.100000,3.900000,,,No,Materials,Materials,N,,,,,,,,Friendly,South Africa,United Kingdom,GFI,AAL,Common Stock,Common Stock,156468,252234,927647,331592,345793,1.16555e+06,5674.16,,20.0221,32.3445,50502.5,300043,,1561.18512,1012.841266021191,25529,14786,1561.18512,FY-specific (point-in-time),25529.0,FY-specific (point-in-time),1012.841266021191,FY-specific (point-in-time),14786.0,FY-specific (point-in-time),,2,2001-02-01,2009-03-31,200,30,3500,100,31.8166666666667,9.15,1360679.3,3010473.1,45.1981882847583,12.5379611113752,1584151.0,1179881.0,252234.0,Large,Full (4/4),2002
84408558,M&A,2013/12/2,BWI SJ,ELR SJ,Completed,,Company Takeover,ELB Group Ltd acquired B&W Instrumentation and Electrical Ltd for ZAR 118.87M. The transaction was completed on 12/2/2013.,ZAR,,Stock,,,,2013/12/2,35.96,,,0.000000,100.000000,,,No,Industrials,Industrials,N,,,,,,,,Friendly,South Africa,South Africa,BWI,ELR,Common Stock,Common Stock,399.86,287.945,1084.66,835.433,51.271,,3.495,,79.9493,84.6934,230.21,918.632,,300.597,442.374,1413.809,1725.479,300.597,FY-specific (point-in-time),1413.809,FY-specific (point-in-time),442.374,FY-specific (point-in-time),1725.479,FY-specific (point-in-time),118.87,3,2009-04-01,2017-09-30,560,80,6600,190,57.5166666666667,5.75833333333333,3868630.2,4302291.2,89.920231340919,5.84411132453906,10626244.0,1484.52,399.86,Intermediate,Full (4/4),2013
84600187,INV,2013/12/5,FTA SJ,VKE SJ,Completed,,Minority Purchase,Liberty Holdings Ltd sold a minority stake in Fairvest Ltd to Vukile Property Fund Ltd. The transaction was announced on 12/5/2013 and completed on 12/13/2013.,ZAR,,Stock,,,,2013/12/13,,,,0.000000,34.000000,,,No,Real Estate,Real Estate,N,,,,,,,,Friendly,South Africa,South Africa,FTA,VKE,REIT,REIT,2182.11,15864,64436,5890,,,,,,,326.42,11086,,1184.277115,53.062853,6764.705,1046.136,1184.277115,FY-specific (point-in-time),6764.705,FY-specific (point-in-time),53.062853,FY-specific (point-in-time),1046.136,FY-specific (point-in-time),345.63,3,2009-04-01,2017-09-30,560,80,6600,190,57.5166666666667,5.75833333333333,3868630.2,4302291.2,89.920231340919,5.84411132453906,10626244.0,80300.0,15864.0,Large,Full (4/4),2013
84653570,INV,2013/12/6,VIF SJ,AWA SJ,Completed,,Minority Purchase,Coronation Fund Managers Ltd sold a minority stake in Vividend Income Fund Ltd to Arrowhead Properties Ltd/Old. The transaction was announced on 12/6/2013 and completed on 3/1/2014.,ZAR,,Stock,,,,2014/3/1,,,,0.000000,31.700001,,,No,Financials,Real Estate,N,,,,,,,,Friendly,South Africa,South Africa,VIF,AWA,REIT,REIT,198.702,2276.2,14434.1,2222.09,2011.36,,68.543,,10.5591,,240.346,605.902,,1455.926,134.599,2459.563801,270.225828,1455.926,FY-specific (point-in-time),2459.563801,FY-specific (point-in-time),134.599,FY-specific (point-in-time),270.225828,FY-specific (point-in-time),443.61,3,2009-04-01,2017-09-30,560,80,6600,190,57.5166666666667,5.75833333333333,3868630.2,4302291.2,89.920231340919,5.84411132453906,10626244.0,16710.3,2276.2,Large,Full (4/4),2013
8470084,M&A,2002/7/8,SRV SJ,AMB SJ,Completed,,"Company Takeover, Tender Offer",AMB Holdings Ltd acquired Servest Holdings Ltd for ZAR 252.73M. The transaction was announced on 7/8/2002 and completed on 9/20/2002.,ZAR,,Cash,,,,2002/9/20,35.24,,,0.000000,100.000000,,,No,Industrials,Financials,N,,,,,Nedcor Invest Bk,African Merchant/KPMG Corp Fin,,Friendly,South Africa,South Africa,SRV,AMB,Common Stock,Common Stock,950.781,,1849.95,269.386,,,,1273.04,,,,,,559.178,779.351,2401.325927734375,435.32000732421875,559.178,FY-specific (point-in-time),2401.325927734375,FY-specific (point-in-time),779.351,FY-specific (point-in-time),435.32000732421875,FY-specific (point-in-time),252.73,2,2001-02-01,2009-03-31,200,30,3500,100,31.8166666666667,9.15,1360679.3,3010473.1,45.1981882847583,12.5379611113752,1584151.0,2800.7309999999998,950.781,Intermediate,Partial (3/4),2002
84908332,INV,2013/12/12,CNL SJ,TOR SJ,Completed,,Minority Purchase,A consortium led by Private Investor sold a minority stake in Control Instruments Group Pty Ltd to Torre Industries Ltd. The transaction was completed on 12/12/2013.,USD,,Cash,,,,2013/12/12,,,,0.000000,34.259998,,,No,Industrials,Industrials,N,,,,,,,,Friendly,South Africa,South Africa,CNL,TOR,Common Stock,Common Stock,553.549,329.789,1161,1450,124.26,436,2.322,,61.8307,69.1645,203.911,803,,330.31,566.367,106.945,52.011,330.31,FY-specific (point-in-time),106.945,FY-specific (point-in-time),566.367,FY-specific (point-in-time),52.011,FY-specific (point-in-time),680.59,3,2009-04-01,2017-09-30,560,80,6600,190,57.5166666666667,5.75833333333333,3868630.2,4302291.2,89.920231340919,5.84411132453906,10626244.0,2003.549,553.549,Intermediate,Full (4/4),2013
8550377,M&A,2002/7/18,BNX SJ,JCD SJ,Completed,,Company Takeover,JCI Ltd acquired Barnato Exploration Ltd. The transaction was announced on 7/18/2002 and completed on 10/14/2003. Financial terms of the transaction are undisclosed.,ZAR,,Undisclosed,,,,2003/10/14,,,,0.000000,100.000000,,,No,Materials,Materials,N,,,,,,,,Friendly,South Africa,South Africa,BNX,JCD,Common Stock,Common Stock,16.053,111.304,2507.77,227.79,,,106.11,,100,25.9318,111.304,650.309,,76.9010009765625,3.052000045776367,1830.102051,86.128998,76.9010009765625,FY-specific (point-in-time),1830.102051,FY-specific (point-in-time),3.052000045776367,FY-specific (point-in-time),86.128998,FY-specific (point-in-time),,2,2001-02-01,2009-03-31,200,30,3500,100,31.8166666666667,9.15,1360679.3,3010473.1,45.1981882847583,12.5379611113752,1584151.0,2619.074,111.304,Intermediate,Full (4/4),2002
86906498,M&A,2014/2/3,CNL SJ,TOR SJ,Completed,,"Company Takeover, Additional Stake Purchase, Tender Offer",Torre Industries Ltd acquired Control Instruments Group Pty Ltd for ZAR 201.06M. The transaction was completed on 2/3/2014.,ZAR,,Cash,,,,2014/2/3,9.38,,,34.259998,65.739998,,,No,Industrials,Industrials,N,,Cliffe Dekker Ho,,,,PSG Capital Ltd,,Friendly,South Africa,South Africa,CNL,TOR,Common Stock,Common Stock,553.549,329.789,1161,1450,124.26,436,2.322,,61.8307,69.1645,203.911,803,,329.789,553.549,332.144,83.076,329.789,FY-specific (point-in-time),332.144,FY-specific (point-in-time),553.549,FY-specific (point-in-time),83.076,FY-specific (point-in-time),201.06,3,2009-04-01,2017-09-30,560,80,6600,190,61.0166666666667,6.05,4133873.0,4363118.1,94.7458424286063,5.36654656658044,11505020.0,2003.549,553.549,Intermediate,Full (4/4),2014
8700900,M&A,2002/8/6,PGH SJ,ABG SJ,Completed,,Company Takeover,Absa Group Ltd acquired Absa Trading & Investments Solutions Holdings Pty Ltd for ZAR 1006.65M. The transaction was announced on 8/6/2002 and completed on 4/1/2003.,ZAR,,Cash and Stock,,,,2003/4/1,41.88,,,0.000000,100.000000,,,No,Financials,Financials,N,,Cliffe Dekker,,,,ABSA Bk Ltd,,Friendly,South Africa,South Africa,PGH,ABG,Common Stock,Common Stock,449.268,3341.51,2.23948e+06,207703,,,,885775,,,,,,2968.9580078125,516.4030151367188,196514,28926,2968.9580078125,FY-specific (point-in-time),196514.0,FY-specific (point-in-time),516.4030151367188,FY-specific (point-in-time),28926.0,FY-specific (point-in-time),1006.64,2,2001-02-01,2009-03-31,200,30,3500,100,31.8166666666667,9.15,1360679.3,3010473.1,45.1981882847583,12.5379611113752,1584151.0,2242821.51,3341.51,Large,Full (4/4),2002
87070842,INV,2014/2/5,AIA SJ,DLT SJ,Pending,,Minority Purchase,Delta Property Fund Ltd announced the acquisition of a minority stake in Ascension Properties Ltd. The transaction was announced on 2/5/2014 and is currently pending.,ZAR,,Cash,,,,,,,,0.000000,17.750000,,,No,Real Estate,Real Estate,N,,,,,,,,Friendly,South Africa,South Africa,AIA,DLT,REIT,REIT,533.595,4331.78,6476.37,1166.6,,30.157,,,,,102.76,780.967,,2622.404,194.058,2241.546,139.959,2622.404,FY-specific (point-in-time),2241.546,FY-specific (point-in-time),194.058,FY-specific (point-in-time),139.959,FY-specific (point-in-time),397.00,3,2009-04-01,2017-09-30,560,80,6600,190,61.0166666666667,6.05,4133873.0,4363118.1,94.7458424286063,5.36654656658044,11505020.0,10808.15,4331.78,Large,Full (4/4),2014
87071928,INV,2014/2/5,AIA SJ,REB SJ,Completed,,Minority Purchase,Rebosis Property Fund Ltd acquired a minority stake in Ascension Properties Ltd. The transaction was announced on 2/5/2014 and completed on 2/3/2014.,ZAR,,Cash and Stock,,,,2014/2/3,,,,0.000000,15.960000,,,No,Real Estate,Real Estate,N,,,,,,,,Friendly,South Africa,South Africa,AIA,REB,REIT,REIT,533.595,4331.78,13512.2,1666.66,,,,,,,102.76,316.407,,2622.404,194.058,5474.837,582.672,2622.404,FY-specific (point-in-time),5474.837,FY-specific (point-in-time),194.058,FY-specific (point-in-time),582.672,FY-specific (point-in-time),297.14,3,2009-04-01,2017-09-30,560,80,6600,190,61.0166666666667,6.05,4133873.0,4363118.1,94.7458424286063,5.36654656658044,11505020.0,17843.98,4331.78,Large,Full (4/4),2014
8718849,M&A,2002/7/4,HLH SJ,REM SJ,Completed,,"Company Takeover, Additional Stake Purchase, Tender Offer",Remgro Ltd acquired Hunt Leuchars & Hepburn Holdings Ltd for ZAR 576.10M. The transaction was announced on 7/4/2002 and completed on 11/5/2002.,ZAR,,Cash,,2002/8/8,,2002/11/5,17.69,,,73.000000,27.000000,,,No,Consumer Staples,Financials,N,,,,,,,,Friendly,South Africa,South Africa,HLH,REM,Common Stock,Common Stock,3353.32,2864.38,142174,51506,2315.82,,68.464,,46.0377,21.0383,1318.69,29911,,2676.913086,2996.937012,21554,5735,2676.913086,FY-specific (point-in-time),21554.0,FY-specific (point-in-time),2996.937012,FY-specific (point-in-time),5735.0,FY-specific (point-in-time),576.09,2,2001-02-01,2009-03-31,200,30,3500,100,31.8166666666667,9.15,1360679.3,3010473.1,45.1981882847583,12.5379611113752,1584151.0,145527.32,3353.32,Large,Full (4/4),2002
8740429,M&A,2002/8/13,NIB SJ,NED SJ,Completed,,"Company Takeover, Additional Stake Purchase, Tender Offer",Nedbank Group Ltd acquired Nedcor Investment Bank Holdings Ltd for ZAR 934.66M. The transaction was announced on 8/13/2002 and completed on 10/22/2002.,ZAR,,Stock,,2002/9/27,,2002/10/22,-12.96,,,83.900002,16.100000,,,No,Financials,Financials,N,,Edward Nathan,,,Deutsche Bank,Ernst & Young,,Friendly,South Africa,South Africa,NIB,NED,Common Stock,Common Stock,3587.33,30242.4,1.55863e+06,164033,,,,589215,,,,,,30242.373047,3587.326904,197665,22240,30242.373047,FY-specific (point-in-time),197665.0,FY-specific (point-in-time),3587.326904,FY-specific (point-in-time),22240.0,FY-specific (point-in-time),934.67,2,2001-02-01,2009-03-31,200,30,3500,100,31.8166666666667,9.15,1360679.3,3010473.1,45.1981882847583,12.5379611113752,1584151.0,1588872.4,30242.4,Large,Full (4/4),2002
8763097,INV,2002/8/15,EEL SJ,MCM AU,Completed,,"Cross Border, Minority Purchase",Deepgreen Minerals Corp Pty Ltd sold a minority stake in Efora Energy Ltd to MC Mining Ltd. The transaction was announced on 8/15/2002 and completed on 10/31/2002.,AUD,,Cash or Stock,,,,2002/10/31,,,,0.000000,15.000000,,,No,Materials,Materials,N,,,,,,,,Friendly,South Africa,Australia,EEL,MCM,Common Stock,Common Stock,41.944,41.266,2037.15,317.112,3.3,1739.29,7.4,,96.0282,9.69751,39.627,197.553,,17.479999542236328,8.772000312805176,0.7806569092392921,,17.479999542236328,FY-specific (point-in-time),0.7806569092392921,FY-specific (point-in-time),8.772000312805176,FY-specific (point-in-time),317.112,MA-screen (current/latest - NOT point-in-time),4.61,2,2001-02-01,2009-03-31,200,30,3500,100,31.8166666666667,9.15,1360679.3,3010473.1,45.1981882847583,12.5379611113752,1584151.0,2079.094,41.944,Intermediate,Full (4/4),2002
8763109,INV,2002/8/15,EEL SJ,MCM AU,Completed,,"Cross Border, Minority Purchase",Cambrian Mining Ltd sold a minority stake in Efora Energy Ltd to MC Mining Ltd. The transaction was announced on 8/15/2002 and completed on 10/31/2002.,GBP,,Cash or Stock,,,,2002/10/31,,,,0.000000,19.500000,,,No,Materials,Materials,N,,,,,,,,Friendly,South Africa,Australia,EEL,MCM,Common Stock,Common Stock,41.944,41.266,2037.15,317.112,3.3,1739.29,7.4,,96.0282,9.69751,39.627,197.553,,17.479999542236328,8.772000312805176,0.7806569092392921,,17.479999542236328,FY-specific (point-in-time),0.7806569092392921,FY-specific (point-in-time),8.772000312805176,FY-specific (point-in-time),317.112,MA-screen (current/latest - NOT point-in-time),5.99,2,2001-02-01,2009-03-31,200,30,3500,100,31.8166666666667,9.15,1360679.3,3010473.1,45.1981882847583,12.5379611113752,1584151.0,2079.094,41.944,Intermediate,Full (4/4),2002
88355654,M&A,2014/3/7,ANP SJ,RDF SJ,Completed,,Company Takeover,Redefine Properties Ltd acquired Annuity Properties Pty Ltd for ZAR 1254.23M. The transaction was announced on 3/7/2014 and completed on 6/24/2014.,ZAR,,Stock,,,,2014/6/24,2.30,,,0.000000,100.000000,,,No,Real Estate,Real Estate,N,ENS,Cliffe Dekker Ho,,,Investec Bank/Sasfin Bank,Java Capital,,Friendly,South Africa,South Africa,ANP,RDF,REIT,REIT,229.584,1940.51,106323,11007.4,,,20.3725,,1.85689,,36.0333,3018.73,,1455.910888,108.662367,48881.597,4195.36,1455.910888,FY-specific (point-in-time),48881.597,FY-specific (point-in-time),108.662367,FY-specific (point-in-time),4195.36,FY-specific (point-in-time),1254.23,3,2009-04-01,2017-09-30,560,80,6600,190,61.0166666666667,6.05,4133873.0,4363118.1,94.7458424286063,5.36654656658044,11505020.0,108263.51,1940.51,Large,Full (4/4),2014
8840745,M&A,2002/8/23,MAS SJ,MHM CN,Terminated,,"Company Takeover, Cross Border, Additional Stake Purchase",Masonite International Corp/Pre-May 2005 announced the acquisition of Masonite Africa Ltd for ZAR 21.55M. The transaction was announced on 8/23/2002 and terminated on 10/28/2002.,ZAR,,Cash,,,,2002/10/28,47.70,,,67.000000,33.000000,,,No,Consumer Discretionary,Consumer Discretionary,N,,,,,Ernst & Young,Nedcor Invest Bk,,Friendly,South Africa,Canada,MAS,MHM,Common Stock,Common Stock,618.166,604.362,27066.3,31447.8,603.623,15378.8,5.592,,39.7772,37.9046,240.398,10259.4,,180.54800415039062,282.489013671875,1442.286011,1421.602051,180.54800415039062,FY-specific (point-in-time),1442.286011,FY-specific (point-in-time),282.489013671875,FY-specific (point-in-time),1421.602051,FY-specific (point-in-time),21.55,2,2001-02-01,2009-03-31,200,30,3500,100,31.8166666666667,9.15,1360679.3,3010473.1,45.1981882847583,12.5379611113752,1584151.0,32065.966,618.166,Large,Full (4/4),2002
88579430,M&A,2014/3/13,MDM LN,FWLT US,Completed,,"Company Takeover, Cross Border",Foster Wheeler AG acquired MDM Engineering Group Ltd for GBP 44.43M. The transaction was announced on 3/13/2014 and completed on 10/23/2014.,GBP,,Cash,,,,2014/10/23,15.18,,,0.000000,100.000000,,,No,Industrials,Industrials,N,Carey Olsen/Memery Crystal,Conyers Dill/Latham & Watkins,,,GMP Securities,Barclays,,Friendly,South Africa,Switzerland,MDM,FWLT,Common Stock,Common Stock,1099.69,488.871,28829.3,31908.4,20.3049,7367.56,57.3185,,96.6323,57.795,472.407,16661.9,,61.379504,137.198843,2740.272,3306.45,61.379504,FY-specific (point-in-time),2740.272,FY-specific (point-in-time),137.198843,FY-specific (point-in-time),3306.45,FY-specific (point-in-time),797.30,3,2009-04-01,2017-09-30,560,80,6600,190,61.0166666666667,6.05,4133873.0,4363118.1,94.7458424286063,5.36654656658044,11505020.0,33008.090000000004,1099.69,Large,Full (4/4),2014
89180323,M&A,2014/3/27,SYC SJ,ACP SJ,Completed,,"Company Takeover, Additional Stake Purchase, Tender Offer",Acucap Properties Ltd acquired Sycom Property Fund for ZAR 3136.21M. The transaction was announced on 3/27/2014 and completed on 9/29/2014.,ZAR,,Stock,,,,2014/9/29,1.13,,,33.389999,50.009998,,,No,Real Estate,Real Estate,N,Bowman Gilfillan,Dla Piper Llp,,,,,,Friendly,South Africa,South Africa,SYC,ACP,REIT,REIT,915.74,9272.69,12572.8,679.829,,,,,,,442.324,,,8987.349,667.313,10348.663,650.79,8987.349,FY-specific (point-in-time),10348.663,FY-specific (point-in-time),667.313,FY-specific (point-in-time),650.79,FY-specific (point-in-time),3136.21,3,2009-04-01,2017-09-30,560,80,6600,190,61.0166666666667,6.05,4133873.0,4363118.1,94.7458424286063,5.36654656658044,11505020.0,21845.489999999998,9272.69,Large,Full (4/4),2014
8932743,INV,2002/9/5,ENR SJ,PET MK,Completed,,"Cross Border, Additional Stake Purchase",Petroliam Nasional Bhd acquired Energy Africa Pty Ltd for ZAR 392.48M. The transaction was announced on 9/5/2002 and completed on 11/15/2002.,ZAR,,Cash,,,,2002/11/15,24.67,,,56.700001,8.700000,,,No,Energy,Energy,N,Herbert Smith/Werksmans,Freshfields/Webber Wentzel,,,Merrill Lynch/Rothschild & Co,Lambert Energy/Morgan Stanley,,Hostile,South Africa,Malaysia,ENR,PET,Common Stock,Private Comp,1793.83,2357.54,3.16375e+06,1.11107e+06,4211.83,,26.993,,20.744,43.968,489.048,1.39103e+06,,194.73238285965002,138.99148536152202,139038.903,73357.18829999982,194.73238285965002,FY-specific (point-in-time),139038.903,FY-specific (point-in-time),138.99148536152202,FY-specific (point-in-time),73357.18829999982,FY-specific (point-in-time),392.48,2,2001-02-01,2009-03-31,200,30,3500,100,31.8166666666667,9.15,1360679.3,3010473.1,45.1981882847583,12.5379611113752,1584151.0,3166107.54,2357.54,Large,Full (4/4),2002
89443655,M&A,2014/4/1,VIF SJ,AWA SJ,Completed,,"Company Takeover, Additional Stake Purchase",Arrowhead Properties Ltd/Old acquired Vividend Income Fund Ltd for ZAR 465.48M. The transaction was announced on 4/1/2014 and completed on 8/5/2014.,ZAR,,Stock,,,,2014/8/5,-47.93,,,31.700001,68.300003,,,No,Financials,Real Estate,N,,,,,,,,Friendly,South Africa,South Africa,VIF,AWA,REIT,REIT,198.702,2276.2,14434.1,2222.09,2011.36,,68.543,,10.5591,,240.346,605.902,,2276.2,198.702,3218.077707,443.714036,2276.2,FY-specific (point-in-time),3218.077707,FY-specific (point-in-time),198.702,FY-specific (point-in-time),443.714036,FY-specific (point-in-time),465.48,3,2009-04-01,2017-09-30,560,80,6600,190,61.0166666666667,6.05,4133873.0,4363118.1,94.7458424286063,5.36654656658044,11505020.0,16710.3,2276.2,Large,Full (4/4),2014
89577577,M&A,2014/4/3,KEL SJ,ADR SJ,Completed,,"Company Takeover, Additional Stake Purchase",Adcorp Holdings Ltd acquired Kelly Group SA Pty Ltd for ZAR 120.65M. The transaction was announced on 4/3/2014 and completed on 11/25/2014.,ZAR,,Cash or Stock,,,,2014/11/25,29.60,,,29.000000,71.000000,,,No,Industrials,Industrials,N,,,,,,,,Friendly,South Africa,South Africa,KEL,ADR,Common Stock,Common Stock,1422.64,562.664,3026.54,12458,46.123,354.091,36.932,,71.781,66.9126,403.886,2025.13,,562.664,1422.637,4127.896,8616.842,562.664,FY-specific (point-in-time),4127.896,FY-specific (point-in-time),1422.637,FY-specific (point-in-time),8616.842,FY-specific (point-in-time),120.65,3,2009-04-01,2017-09-30,560,80,6600,190,61.0166666666667,6.05,4133873.0,4363118.1,94.7458424286063,5.36654656658044,11505020.0,13880.64,1422.64,Large,Full (4/4),2014
8982811,M&A,2001/10/23,FIN SJ,AEL SJ,Completed,,Company Takeover,Altron Ltd acquired Fintech Ltd for ZAR 1061.90M. The transaction was announced on 10/23/2001 and completed on 12/13/2001.,ZAR,,Undisclosed,,,,2001/12/13,,,,0.000000,100.000000,,,No,Technology,Communications,N,,,,,Merchant Bk (Ga),,,Friendly,South Africa,South Africa,FIN,AEL,Common Stock,Common Stock,177.253,1022.71,9648,9637,63.885,,,,16.3209,50.6219,166.915,4884,,1318.12,116.757,4915.05810546875,6741.64599609375,1318.12,FY-specific (point-in-time),4915.05810546875,FY-specific (point-in-time),116.757,FY-specific (point-in-time),6741.64599609375,FY-specific (point-in-time),1061.90,2,2001-02-01,2009-03-31,200,30,3500,100,29.15,5.725,1165940.6,2903049.5,40.1626152085936,7.80047907381016,1770682.0,10670.71,1022.71,Large,Full (4/4),2001
89832300,M&A,2014/7/4,FPT SJ,RDF SJ,Terminated,,"Company Takeover, Additional Stake Purchase",Redefine Properties Ltd announced the acquisition of Fountainhead Property Trust for ZAR 3100.76M. The transaction was announced on 7/4/2014 and terminated on 8/22/2014.,ZAR,Negotiation,Stock,2014/4/10,,,2014/8/22,2.15,,,65.870003,34.130001,,,No,Real Estate,Real Estate,N,,,,,,,,Friendly,South Africa,South Africa,FPT,RDF,REIT,REIT,1282.03,12601.5,106323,11007.4,,,,,,,1386.59,3018.73,,11598.64,,48881.597,4195.36,11598.64,FY-specific (point-in-time),48881.597,FY-specific (point-in-time),1282.03,MA-screen (current/latest - NOT point-in-time),4195.36,FY-specific (point-in-time),3100.75,3,2009-04-01,2017-09-30,560,80,6600,190,61.0166666666667,6.05,4133873.0,4363118.1,94.7458424286063,5.36654656658044,11505020.0,118924.5,12601.5,Large,Full (4/4),2014
89832318,M&A,2014/4/10,612326Z SJ,BNP FP,Completed,,"Company Takeover, Cross Border",A consortium led by Standard Bank Group Ltd sold BNP Paribas Personal Finance South Africa Ltd to BNP Paribas SA for ZAR 2650.00M. The transaction was announced on 4/10/2014 and completed on 8/6/2014.,ZAR,Negotiation,Cash,2014/4/10,,,2014/8/6,,,,0.000000,100.000000,,,No,Financials,Financials,N,,,,,,,,Friendly,South Africa,France,612326Z,BNP,Private Comp,Common Stock,4237.01,14945.1,5.43037e+07,2.17164e+06,,,,3.6718e+07,,,,,,,,1810522,59846,14945.1,MA-screen (current/latest - NOT point-in-time),1810522.0,FY-specific (point-in-time),4237.01,MA-screen (current/latest - NOT point-in-time),59846.0,FY-specific (point-in-time),2650.01,3,2009-04-01,2017-09-30,560,80,6600,190,61.0166666666667,6.05,4133873.0,4363118.1,94.7458424286063,5.36654656658044,11505020.0,54318645.1,14945.1,Large,Full (4/4),2014
89949754,INV,2014/4/14,ACP SJ,GRT SJ,Completed,,Minority Purchase,Growthpoint Properties Ltd acquired a minority stake in Acucap Properties Ltd. The transaction was announced on 4/14/2014 and completed on 5/15/2014.,ZAR,,Stock,,,,2014/5/15,14.23,,,0.000000,34.900002,,,No,Real Estate,Real Estate,N,,,,,,,,Friendly,South Africa,South Africa,ACP,GRT,REIT,REIT,679.829,12572.8,154425,12896,,,,,,,,,,10348.663,650.79,64154,5782,10348.663,FY-specific (point-in-time),64154.0,FY-specific (point-in-time),650.79,FY-specific (point-in-time),5782.0,FY-specific (point-in-time),2939.20,3,2009-04-01,2017-09-30,560,80,6600,190,61.0166666666667,6.05,4133873.0,4363118.1,94.7458424286063,5.36654656658044,11505020.0,166997.8,12572.8,Large,Full (4/4),2014
89949910,INV,2014/4/14,SYC SJ,GRT SJ,Completed,,Minority Purchase,Growthpoint Properties Ltd acquired a minority stake in Sycom Property Fund. The transaction was announced on 4/14/2014 and completed on 5/16/2014.,ZAR,,Stock,,,,2014/5/16,15.39,,,0.000000,31.494699,,,No,Real Estate,Real Estate,N,,,,,,,,Friendly,South Africa,South Africa,SYC,GRT,REIT,REIT,915.74,9272.69,154425,12896,,,,,,,442.324,,,8987.349,667.313,64154,5782,8987.349,FY-specific (point-in-time),64154.0,FY-specific (point-in-time),667.313,FY-specific (point-in-time),5782.0,FY-specific (point-in-time),1677.73,3,2009-04-01,2017-09-30,560,80,6600,190,61.0166666666667,6.05,4133873.0,4363118.1,94.7458424286063,5.36654656658044,11505020.0,163697.69,9272.69,Large,Full (4/4),2014
9017935,M&A,2002/9/18,SLU SJ,0861674D SJ,Completed,,"Company Takeover, Additional Stake Purchase, Tender Offer",Alexander Forbes Ltd acquired Investment Solutions Holdings Ltd for ZAR 711.71M. The transaction was announced on 9/18/2002 and completed on 12/18/2002.,ZAR,,Cash or Stock,,,,2002/12/18,26.15,,,59.599998,40.400002,,,No,Financials,Financials,N,,Edward Nathan,,,,Cazenove/Investec Bank,,Friendly,South Africa,South Africa,SLU,0861674D,Common Stock,Private Comp,428.173,,,411,,,,,,,,,,32950.21875,333.7030029296875,6633,3284,32950.21875,FY-specific (point-in-time),6633.0,FY-specific (point-in-time),333.7030029296875,FY-specific (point-in-time),3284.0,FY-specific (point-in-time),711.71,2,2001-02-01,2009-03-31,200,30,3500,100,31.8166666666667,9.15,1360679.3,3010473.1,45.1981882847583,12.5379611113752,1584151.0,839.173,428.173,Intermediate,Partial (2/4),2002
91126873,INV,2013/12/31,BAYP MP,2290645Z LN,Completed,,"Cross Border, Private Equity, Minority Purchase",Helios Investment Partners LLP acquired a minority stake in Bayport Management Ltd. The transaction was completed on 12/31/2013.,USD,,Cash,,,,2013/12/31,,,,0.000000,23.400000,,,No,Financials,Financials,N,,,,,,,,Friendly,South Africa,Kenya,BAYP,2290645Z,Common Stock,Private Comp,4996.71,22439.5,243.751,477.399,,,,,,98.9517,,241.196,,,,3.5692428821999997,7.6555470247054425,22439.5,MA-screen (current/latest - NOT point-in-time),3.5692428821999997,FY-specific (point-in-time),4996.71,MA-screen (current/latest - NOT point-in-time),7.6555470247054425,FY-specific (point-in-time),1052.06,3,2009-04-01,2017-09-30,560,80,6600,190,57.5166666666667,5.75833333333333,3868630.2,4302291.2,89.920231340919,5.84411132453906,10626244.0,22916.899,22439.5,Large,Full (4/4),2013
91573262,M&A,2014/5/22,BCX SJ,TKG SJ,Completed,,Company Takeover,Telkom SA SOC Ltd acquired Business Connexion Group Ltd for ZAR 2707.42M. The transaction was announced on 5/22/2014 and completed on 8/25/2015.,ZAR,,Cash,,,,2015/8/25,14.46,,,0.000000,100.000000,,,No,Technology,Communications,N,Edward Nathan,Edward Nathan,,,Investec,Barclays,,Friendly,South Africa,South Africa,BCX,TKG,Common Stock,Common Stock,6512.28,4001.55,64418,44477,1066.86,,691.36,,57.962,28.8211,2319.38,18566,,3939.29,6173.339,41575,32143,3939.29,FY-specific (point-in-time),41575.0,FY-specific (point-in-time),6173.339,FY-specific (point-in-time),32143.0,FY-specific (point-in-time),2707.42,3,2009-04-01,2017-09-30,560,80,6600,190,61.0166666666667,6.05,4133873.0,4363118.1,94.7458424286063,5.36654656658044,11505020.0,70930.28,6512.28,Large,Full (4/4),2014
92321790,M&A,2014/6/10,PMM SJ,OCT SJ,Completed,,"Company Takeover, Additional Stake Purchase",Octodec Investments Ltd acquired Premium Properties Ltd for ZAR 4435.42M. The transaction was announced on 6/10/2014 and completed on 9/22/2014.,ZAR,,Stock,,,,2014/9/22,-0.16,,,14.900000,85.099998,,,No,Real Estate,Real Estate,N,,,,,,,,Friendly,South Africa,South Africa,PMM,OCT,REIT,REIT,897.962,5536.63,11479.6,2172.6,,,0.772817,,1.79581,,99.4271,338.618,,4729.063,585.918,4022.844,537.924,4729.063,FY-specific (point-in-time),4022.844,FY-specific (point-in-time),585.918,FY-specific (point-in-time),537.924,FY-specific (point-in-time),4435.40,3,2009-04-01,2017-09-30,560,80,6600,190,61.0166666666667,6.05,4133873.0,4363118.1,94.7458424286063,5.36654656658044,11505020.0,17016.23,5536.63,Large,Full (4/4),2014
9263986,M&A,2002/10/16,MTX SJ,143166Z SM,Completed,,Cross Border,Grupo Minersa Minerales y Productos Derivados SA acquired Metorex Ltd for ZAR 19.60M. The transaction was completed on 10/16/2002.,ZAR,,Cash,,,,2002/10/16,-9.12,,,0.000000,5.037000,,,No,Materials,Materials,N,,,,,,,,Friendly,South Africa,Spain,MTX,143166Z,Common Stock,Private Comp,507.315,972.895,17823.7,9254.15,1248.31,13977.4,67.602,,21.9685,52.5854,213.73,9372.66,,766.846985,720.257996,,,766.846985,FY-specific (point-in-time),17823.7,MA-screen (current/latest - NOT point-in-time),720.257996,FY-specific (point-in-time),9254.15,MA-screen (current/latest - NOT point-in-time),19.60,2,2001-02-01,2009-03-31,200,30,3500,100,31.8166666666667,9.15,1360679.3,3010473.1,45.1981882847583,12.5379611113752,1584151.0,18796.595,972.895,Large,Full (4/4),2002
92792024,INV,2014/6/23,AFH SJ,MRSH US,Completed,,"Cross Border, Minority Purchase",Marsh & McLennan Cos Inc acquired a minority stake in Alexander Forbes Group Holdings Ltd. The transaction was announced on 6/23/2014 and completed on 10/31/2014. Financial terms of the transaction are undisclosed.,ZAR,,Undisclosed,,,,2014/10/31,,,,0.000000,34.000000,,,No,Financials,Financials,N,,Slaughter and Ma/Webber Wentzel,,,,BofA ML,,Friendly,South Africa,United States,AFH,MRSH,Common Stock,Common Stock,6518,567786,972643,482405,,65571.8,,,,39.5163,,384352,,278037,4388,16980,12261,278037.0,FY-specific (point-in-time),16980.0,FY-specific (point-in-time),4388.0,FY-specific (point-in-time),12261.0,FY-specific (point-in-time),,3,2009-04-01,2017-09-30,560,80,6600,190,61.0166666666667,6.05,4133873.0,4363118.1,94.7458424286063,5.36654656658044,11505020.0,1540429.0,567786.0,Large,Full (4/4),2014
93388347,INV,2014/7/7,TSG SJ,TSG SJ,Completed,,"Cross Border, Minority Purchase",Abi Sab Group Holding Ltd sold a minority stake in Tsogo Sun Limited to Tsogo Sun Limited. The transaction was announced on 7/7/2014 and completed on 8/29/2014.,ZAR,,Cash,,,,2014/8/29,,,,0.000000,11.000000,,,No,Consumer Discretionary,Consumer Discretionary,N,,,,,,,,Friendly,South Africa,South Africa,TSG,TSG,Common Stock,Common Stock,10841,14695,14695,10841,13335,13335,172,,7.92787,7.92787,1165,1165,,17430,9910,17430,9910,17430.0,FY-specific (point-in-time),17430.0,FY-specific (point-in-time),9910.0,FY-specific (point-in-time),9910.0,FY-specific (point-in-time),2799.99,3,2009-04-01,2017-09-30,560,80,6600,190,61.0166666666667,6.05,4133873.0,4363118.1,94.7458424286063,5.36654656658044,11505020.0,29390.0,14695.0,Large,Full (4/4),2014
93904219,INV,2014/7/21,GRL LN,ORR LN,Completed,,"Cross Border, Minority Purchase",Oriole Resources PLC acquired a minority stake in Goldstone Resources Ltd. The transaction was announced on 7/21/2014 and completed on 11/3/2014.,GBP,,Cash,,,,2014/11/3,-90.37,,,0.000000,33.430000,,,No,Materials,Materials,N,,,,,,,,Friendly,South Africa,United Kingdom,GRL,ORR,Common Stock,Common Stock,199.63,477.449,364.952,,463.536,4.65773,11.2613,,16.3176,17.0554,77.9084,62.2442,,0.827814,,24.370338,0,0.827814,FY-specific (point-in-time),24.370338,FY-specific (point-in-time),199.63,MA-screen (current/latest - NOT point-in-time),0.0,FY-specific (point-in-time),14.66,3,2009-04-01,2017-09-30,560,80,6600,190,61.0166666666667,6.05,4133873.0,4363118.1,94.7458424286063,5.36654656658044,11505020.0,842.4010000000001,477.449,Intermediate,Partial (3/4),2014
93904273,M&A,2014/7/21,GRL LN,ORR LN,Completed,,"Option Agreement, Cross Border, Majority Purchase, Additional Stake Purchase",Oriole Resources PLC acquired Goldstone Resources Ltd for GBP 0.47M. The transaction was announced on 7/21/2014 and completed on 11/3/2014.,GBP,,Cash,,,,2014/11/3,-88.76,,,33.430000,16.670000,,,No,Materials,Materials,N,,,,,,,,Friendly,South Africa,United Kingdom,GRL,ORR,Common Stock,Common Stock,199.63,477.449,364.952,,463.536,4.65773,11.2613,,16.3176,17.0554,77.9084,62.2442,,0.827814,,24.370338,0,0.827814,FY-specific (point-in-time),24.370338,FY-specific (point-in-time),199.63,MA-screen (current/latest - NOT point-in-time),0.0,FY-specific (point-in-time),8.53,3,2009-04-01,2017-09-30,560,80,6600,190,61.0166666666667,6.05,4133873.0,4363118.1,94.7458424286063,5.36654656658044,11505020.0,842.4010000000001,477.449,Intermediate,Partial (3/4),2014
94018445,INV,2013/3/4,IRA SJ,AFT SJ,Completed,,"Mandatory Offer, Additional Stake Purchase",Afrimat Ltd acquired Infrasors Holdings Ltd for ZAR 5.34M. The transaction was announced on 3/4/2013 and completed on 7/5/2013.,ZAR,,Cash,,2013/6/6,,2013/7/5,48.06,,,50.759998,4.430600,,,No,Materials,Materials,N,,,,,,,,Friendly,South Africa,South Africa,IRA,AFT,Common Stock,Common Stock,337.274,324.13,9900.95,10009,360.463,8944.64,3.844,,26.8278,35.7046,86.957,3535.1,,693.325,272.744,1000.377433,996.13747,693.325,FY-specific (point-in-time),1000.377433,FY-specific (point-in-time),272.744,FY-specific (point-in-time),996.13747,FY-specific (point-in-time),5.34,3,2009-04-01,2017-09-30,560,80,6600,190,57.5166666666667,5.75833333333333,3868630.2,4302291.2,89.920231340919,5.84411132453906,10626244.0,10346.274,337.274,Large,Full (4/4),2013
94360270,INV,2014/7/31,SUR SJ,GPL SJ,Pending,27.1600,"Private Placement, Minority Purchase",Grand Parade Investments Ltd announced the acquisition of a minority stake in Spur Corp Ltd. The transaction was announced on 7/31/2014 and is currently pending.,ZAR,,Cash,,,,,,,-36.0900,0.000000,10.000000,,,No,Consumer Discretionary,Financials,N,,,,,,,,Friendly,South Africa,South Africa,SUR,GPL,Common Stock,Common Stock,4190.71,1549.35,1142.11,0.292,,,62.403,,56.5301,11.1155,875.848,126.951,,696.213,671.552,2002.411,15.593,696.213,FY-specific (point-in-time),2002.411,FY-specific (point-in-time),671.552,FY-specific (point-in-time),15.593,FY-specific (point-in-time),294.70,3,2009-04-01,2017-09-30,560,80,6600,190,61.0166666666667,6.05,4133873.0,4363118.1,94.7458424286063,5.36654656658044,11505020.0,5332.82,4190.71,Intermediate,Full (4/4),2014
96387337,M&A,2014/3/3,MLE SJ,CPP SJ,Completed,,Company Takeover,Collins Property Group Ltd acquired Mettle Investments Ltd for ZAR 32.00M. The transaction was completed on 3/3/2014.,ZAR,,Stock,,,,2014/3/3,,,,0.000000,100.000000,,,Yes,Financials,Consumer Staples,N,,,,,,,,Friendly,South Africa,South Africa,MLE,CPP,Common Stock,Common Stock,307.041,1851.66,12209,1264.85,,,,,,2.56293,,312.909,,,,103.036,10.095,1851.66,MA-screen (current/latest - NOT point-in-time),103.036,FY-specific (point-in-time),307.041,MA-screen (current/latest - NOT point-in-time),10.095,FY-specific (point-in-time),32.00,3,2009-04-01,2017-09-30,560,80,6600,190,61.0166666666667,6.05,4133873.0,4363118.1,94.7458424286063,5.36654656658044,11505020.0,14060.66,1851.66,Large,Full (4/4),2014
96655904,INV,2014/9/26,TSX SJ,GRSP SJ,Completed,,Additional Stake Purchase,Goldrush Holdings Ltd acquired Trans Hex Group Ltd. The transaction was completed on 9/26/2014. Financial terms of the transaction are undisclosed.,ZAR,,Undisclosed,,,,2014/9/26,,,,12.250000,12.050000,,,No,Materials,Financials,N,,,,,,,,Friendly,South Africa,South Africa,TSX,GRSP,Common Stock,Preference,312.556,800.273,3012.47,1932.48,909.176,1923.11,33.608,,17.1065,11.2516,136.899,338.952,,990.427,751.304,606.024023,20.773118,990.427,FY-specific (point-in-time),606.024023,FY-specific (point-in-time),751.304,FY-specific (point-in-time),20.773118,FY-specific (point-in-time),,3,2009-04-01,2017-09-30,560,80,6600,190,61.0166666666667,6.05,4133873.0,4363118.1,94.7458424286063,5.36654656658044,11505020.0,3812.743,800.273,Intermediate,Full (4/4),2014
9738539,INV,2002/12/12,VOD SJ,VOD LN,Completed,,"Cross Border, Minority Purchase",Redwood Holding SA sold a minority stake in Vodacom Group Ltd to Vodafone Group PLC. The transaction was completed on 12/12/2002.,ZAR,,Cash,,,,2002/12/12,,,,31.500000,3.500000,,,No,Financials,Communications,N,,,,,,,,Friendly,South Africa,United Kingdom,VOD,VOD,Common Stock,Common Stock,167652,276433,2.5496e+06,813593,167971,1.59317e+06,11652,,31.2926,21.0071,86503,535597,,,,278099.548,24463.06982307693,276433.0,MA-screen (current/latest - NOT point-in-time),278099.548,FY-specific (point-in-time),167652.0,MA-screen (current/latest - NOT point-in-time),24463.06982307693,FY-specific (point-in-time),1050.00,2,2001-02-01,2009-03-31,200,30,3500,100,31.8166666666667,9.15,1360679.3,3010473.1,45.1981882847583,12.5379611113752,1584151.0,2826033.0,276433.0,Large,Full (4/4),2002
9741699,M&A,2002/12/12,FSH SJ,PEP SJ,Completed,,"Company Takeover, Bankruptcy/Liquidation",Pepkor Ltd acquired Fashion Africa Ltd. The transaction was announced on 12/12/2002 and completed on 12/31/2003. Financial terms of the transaction are undisclosed.,ZAR,,Undisclosed,,,,2003/12/31,,,,0.000000,100.000000,,,No,Consumer Discretionary,Consumer Discretionary,N,,,,,,,,Friendly,South Africa,South Africa,FSH,PEP,Common Stock,Common Stock,452.275,177.2,3211.55,7045.12,107.447,1193.68,,,73.3516,67.6637,129.979,2173.05,,131.432,291.325,2415.909912,4762.412109,131.432,FY-specific (point-in-time),2415.909912,FY-specific (point-in-time),291.325,FY-specific (point-in-time),4762.412109,FY-specific (point-in-time),,2,2001-02-01,2009-03-31,200,30,3500,100,31.8166666666667,9.15,1360679.3,3010473.1,45.1981882847583,12.5379611113752,1584151.0,7497.3949999999995,452.275,Large,Full (4/4),2002
97516770,INV,2015/7/1,VOD SJ,184023Z SJ,Completed,,"Private Equity, Minority Purchase, Government Privatization","On 07/01/2015, The Republic of South Africa sold its 13.91% holding in Vodacom Group Ltd to the Public Investment Corp Ltd. It was reported on 06/05/2015 and on 05/05/2015 that Public Investment Corp was considering acquiring a stake in Vodacom Ltd. On 02/02/2015, it was reported that South A...",ZAR,On the Block,Undisclosed,2014/10/15,,,2015/12/2,,,,0.000000,13.910000,,,No,Communications,Financials,N,,,,,,,,Friendly,South Africa,South Africa,VOD,184023Z,Common Stock,Private Comp,167652,276433,4617.25,1261.76,167971,185.389,11652,,31.2926,85.5959,86503,3952.18,,60741,75711,1206.976,808.88,60741.0,FY-specific (point-in-time),1206.976,FY-specific (point-in-time),75711.0,FY-specific (point-in-time),808.88,FY-specific (point-in-time),,3,2009-04-01,2017-09-30,560,80,6600,190,63.825,4.58333333333333,4420792.5,4420792.5,100.0,5.54552837012652,11727560.0,281050.25,276433.0,Large,Full (4/4),2015
97564370,M&A,2015/2/12,TKG SJ,MTN SJ,Withdrawn,,"Majority Purchase, Government Privatization","On 02/12/2015 it was reported that MTN Group Ltd are exploring a possible majority purchase of Telkom SA SOC Ltd, according to people familiar with the matter. On 10/16/2014, Business Day reported that Republic of South Africa may sell its about 39.8 percent stake in Telkom SA SOC Ltd.",ZAR,Negotiation,Undisclosed,2014/10/16,,,2015/2/12,,,,0.000000,0.000000,,,No,Communications,Communications,N,,,,,,,,Friendly,South Africa,South Africa,TKG,MTN,Common Stock,Common Stock,44477,64418,498712,226707,,,2478,,28.8211,37.2786,18566,185913,,39405,31288,253685,146930,39405.0,FY-specific (point-in-time),253685.0,FY-specific (point-in-time),31288.0,FY-specific (point-in-time),146930.0,FY-specific (point-in-time),,3,2009-04-01,2017-09-30,560,80,6600,190,63.825,4.58333333333333,4420792.5,4420792.5,100.0,5.54552837012652,11727560.0,563130.0,64418.0,Large,Full (4/4),2015
97634415,M&A,2005/6/2,SMA SJ,8078 JP,Completed,,Cross Border,Hanwa Co Ltd acquired Samancor Chrome Ltd for ZAR 245.03M. The transaction was completed on 6/2/2005.,ZAR,,Undisclosed,,,,2005/6/2,,,,0.000000,0.000000,,,No,Materials,Materials,N,,,,,,Daiwa Secs Cap,,Friendly,South Africa,Japan,SMA,8078,Common Stock,Common Stock,4082.13,6260.85,129755,307380,2825.33,18010.7,248.852,,44.1168,76.5839,2762.08,99371.3,,,,293527,751964,6260.85,MA-screen (current/latest - NOT point-in-time),293527.0,FY-specific (point-in-time),4082.13,MA-screen (current/latest - NOT point-in-time),751964.0,FY-specific (point-in-time),245.03,2,2001-02-01,2009-03-31,200,30,3500,100,35.275,3.4,1837001.4,3411409.9,53.8487444736559,5.5970108718677,3586112.0,313640.85,6260.85,Large,Full (4/4),2005
9763907,M&A,2002/12/3,ALE SJ,PSG SJ,Completed,,"Company Takeover, Tender Offer",PSG Group Ltd acquired Appleton Ltd for ZAR 69.07M. The transaction was announced on 12/3/2002 and completed on 4/15/2003.,ZAR,,Cash,,,,2003/4/15,24.14,,,0.000000,100.000000,,,No,Financials,Financials,N,Sonnenberg Hoff,Hofmeyr Herbstei,,,Ernst & Young,Corpcap Bank Ltd,,Friendly,South Africa,South Africa,ALE,PSG,Common Stock,Common Stock,166.73,,26793,7453,,,,,,,,,,170.6479949951172,148.28500366210938,3415.56,721.759,170.6479949951172,FY-specific (point-in-time),3415.56,FY-specific (point-in-time),148.28500366210938,FY-specific (point-in-time),721.759,FY-specific (point-in-time),69.07,2,2001-02-01,2009-03-31,200,30,3500,100,31.8166666666667,9.15,1360679.3,3010473.1,45.1981882847583,12.5379611113752,1584151.0,26959.73,166.73,Large,Partial (3/4),2002
9780270,BUY,2002/3/20,TSG SJ,TSG SJ,Completed,,,,ZAR,,,,,,2003/1/31,17.92,,,0.000000,0.000000,,,,Consumer Discretionary,Consumer Discretionary,N,,,,,,,,,South Africa,,TSG,TSG,Common Stock,Common Stock,10841,14695,14695,10841,13335,13335,172,,7.92787,7.92787,1165,1165,,564.3159790039062,,564.3159790039062,,564.3159790039062,FY-specific (point-in-time),564.3159790039062,FY-specific (point-in-time),10841.0,MA-screen (current/latest - NOT point-in-time),10841.0,MA-screen (current/latest - NOT point-in-time),42.71,2,2001-02-01,2009-03-31,200,30,3500,100,31.8166666666667,9.15,1360679.3,3010473.1,45.1981882847583,12.5379611113752,1584151.0,29390.0,14695.0,Large,Full (4/4),2002
98360358,INV,2014/11/5,FTA SJ,VKE SJ,Completed,,"Private Equity, Additional Stake Purchase",A consortium led by Liberty Holdings Ltd sold Fairvest Ltd to Vukile Property Fund Ltd for ZAR 158.81M. The transaction was announced on 11/5/2014 and completed on 10/28/2014.,ZAR,,Stock,,,,2014/10/28,,,,34.000000,5.965000,,,No,Real Estate,Real Estate,N,,,,,,,,Friendly,South Africa,South Africa,FTA,VKE,REIT,REIT,2182.11,15864,64436,5890,,,,,,,326.42,11086,,1906.747288,253.366497,9445.172,1275.358,1906.747288,FY-specific (point-in-time),9445.172,FY-specific (point-in-time),253.366497,FY-specific (point-in-time),1275.358,FY-specific (point-in-time),158.81,3,2009-04-01,2017-09-30,560,80,6600,190,61.0166666666667,6.05,4133873.0,4363118.1,94.7458424286063,5.36654656658044,11505020.0,80300.0,15864.0,Large,Full (4/4),2014
98360856,M&A,2014/11/5,FTA SJ,VKE SJ,Completed,,"Mandatory Offer, Company Takeover, Additional Stake Purchase",Vukile Property Fund Ltd acquired Fairvest Ltd for ZAR 899.54M. The transaction was announced on 11/5/2014 and completed on 2/2/2015.,ZAR,,Stock,,,,2015/2/2,,,,39.965000,60.035000,,,No,Real Estate,Real Estate,N,,,,,,,,Hostile,South Africa,South Africa,FTA,VKE,REIT,REIT,2182.11,15864,64436,5890,,,,,,,326.42,11086,,1906.747288,253.366497,9445.172,1275.358,1906.747288,FY-specific (point-in-time),9445.172,FY-specific (point-in-time),253.366497,FY-specific (point-in-time),1275.358,FY-specific (point-in-time),899.55,3,2009-04-01,2017-09-30,560,80,6600,190,61.0166666666667,6.05,4133873.0,4363118.1,94.7458424286063,5.36654656658044,11505020.0,80300.0,15864.0,Large,Full (4/4),2014
98642381,M&A,2014/11/12,ACP SJ,GRT SJ,Completed,,"Company Takeover, Additional Stake Purchase","Growthpoint Properties Ltd announced the acquisition of Acucap Properties Ltd for ZAR 14,485.57M. The transaction was announced on 11/12/2014 and is expected to be completed by 04/01/2015. As of the announcement date, this is the second largest deal involving South African companies year to d...",ZAR,,Stock,,,,2015/4/29,4.25,,,34.599998,65.400002,,,No,Real Estate,Real Estate,N,Baker McKenzie/Cliffe Dekker Ho,Jowell Glyn Mara,,,QuestCo Pty Ltd,Investec,,Friendly,South Africa,South Africa,ACP,GRT,REIT,REIT,679.829,12572.8,154425,12896,,,,,,,,,,10348.663,650.79,64154,5782,10348.663,FY-specific (point-in-time),64154.0,FY-specific (point-in-time),650.79,FY-specific (point-in-time),5782.0,FY-specific (point-in-time),14485.62,3,2009-04-01,2017-09-30,560,80,6600,190,61.0166666666667,6.05,4133873.0,4363118.1,94.7458424286063,5.36654656658044,11505020.0,166997.8,12572.8,Large,Full (4/4),2014
9938435,INV,2002/11/29,VTR SJ,CPA SJ,Completed,,Minority Purchase,Absa Trading & Investments Solutions Holdings Pty Ltd sold a minority stake in Vestacor Ltd to Corpcapital Ltd. The transaction was completed on 11/29/2002.,ZAR,,Cash and Debt,,,,2002/11/29,,,,0.000000,47.095001,,,No,Financials,Financials,N,,,,,,,,Friendly,South Africa,South Africa,VTR,CPA,Common Stock,Common Stock,82.317,354.755,1030.7,339.4,,,,992.2,,,,,,294.3609924316406,109.73500061035156,4960.5888671875,682.1929931640625,294.3609924316406,FY-specific (point-in-time),4960.5888671875,FY-specific (point-in-time),109.73500061035156,FY-specific (point-in-time),682.1929931640625,FY-specific (point-in-time),79.10,2,2001-02-01,2009-03-31,200,30,3500,100,31.8166666666667,9.15,1360679.3,3010473.1,45.1981882847583,12.5379611113752,1584151.0,1385.455,354.755,Intermediate,Full (4/4),2002
9938463,M&A,2003/1/6,VTR SJ,CPA SJ,Completed,,"Company Takeover, Additional Stake Purchase",Corpcapital Ltd acquired Vestacor Ltd for ZAR 59.83M. The transaction was announced on 1/6/2003 and completed on 4/3/2003.,ZAR,,Cash,,,,2003/4/3,0.46,,,47.099998,52.900002,,,No,Financials,Financials,N,,,,,,,,Friendly,South Africa,South Africa,VTR,CPA,Common Stock,Common Stock,82.317,354.755,1030.7,339.4,,,,992.2,,,,,,354.7550048828125,82.31700134277344,2982.48388671875,510.8240051269531,354.7550048828125,FY-specific (point-in-time),2982.48388671875,FY-specific (point-in-time),82.31700134277344,FY-specific (point-in-time),510.8240051269531,FY-specific (point-in-time),59.83,2,2001-02-01,2009-03-31,200,30,3500,100,33.675,5.96666666666667,1490399.0,3099254.3,48.0889548172927,6.39575753417796,1787194.0,1385.455,354.755,Intermediate,Full (4/4),2003
99441011,INV,2014/12/2,WVR SJ,3227535Z LN,Pending,,"Cross Border, Private Equity, Minority Purchase",Development Partners International LLP announced the acquisition of a minority stake in Weaver Fintech Ltd. The transaction was announced on 12/2/2014 and is expected to be completed by 12/3/2014. Financial terms of the transaction are undisclosed.,ZAR,,Cash,,,,2014/12/3,,,,0.000000,0.000000,,,No,Consumer Discretionary,Financials,N,,,,,,,,Friendly,South Africa,United Kingdom,WVR,3227535Z,Common Stock,Private Comp,5455,9320,252.272,329.88,841,,220,,89.4421,99.5766,8336,251.203,,1767.996,1661.952,2.9406399384,3.4552804731111535,1767.996,FY-specific (point-in-time),2.9406399384,FY-specific (point-in-time),1661.952,FY-specific (point-in-time),3.4552804731111535,FY-specific (point-in-time),,3,2009-04-01,2017-09-30,560,80,6600,190,61.0166666666667,6.05,4133873.0,4363118.1,94.7458424286063,5.36654656658044,11505020.0,9649.88,9320.0,Large,Full (4/4),2014
99672827,M&A,2015/2/18,TMG SJ,TBG SJ,Completed,,"PE Buyout, Company Takeover, Cross Border, Private Equity, Additional Stake Purchase","On 06/08/2015, Blackstar Group SE completed the acquisition of Times Media Group Ltd by paying ZAR 500.00M with 90,794,113 ordinary shares being issued.  In a joint announcement of 02/18/2015, Blackstar Group SE and Times Media Group  Ltd announced that Blackstar Group SE will acquire the rem...",ZAR,Preliminary Offer,Cash or Stock,2014/12/8,,,2015/6/9,7.99,,,32.500000,67.500000,,,No,Communications,Financials,N,Webber Wentzel,ENS,,,PSG Capital Ltd,One Capital,,Friendly,South Africa,United Kingdom,TMG,TBG,Common Stock,Common Stock,3995,3121,3837.64,2209.25,992,963.062,179,,40.0192,17.8318,1249,684.322,,3121,3995,85.856,0,3121.0,FY-specific (point-in-time),85.856,FY-specific (point-in-time),3995.0,FY-specific (point-in-time),0.0,FY-specific (point-in-time),2321.10,3,2009-04-01,2017-09-30,560,80,6600,190,63.825,4.58333333333333,4420792.5,4420792.5,100.0,5.54552837012652,11727560.0,7832.639999999999,3995.0,Large,Full (4/4),2015
