Action ID,Deal Type,Announce Date,Deal Status,Deal Attributes,Deal Description,Currency of Deal,Payment Type,Completion/Termination Date,Announced Premium,Percent Owned,Percent Sought,Has Contingency Payment,Target Industry Sector,Acquirer Industry Sector,Adviser Fees Disclosed,Acquirer Legal Adviser,Acquirer Financial Adviser,Nature of Bid,Target Country/Region,Acquirer Country/Region,Target Total Assets Source,Acquirer Total Assets Source,Target Revenue Source,Acquirer Revenue Source,Target Total Assets,Target Revenue,Acquirer Total Assets,Acquirer Revenue,Regime No.,Regime Start,Regime End,Intermediate Combined (R'm),Intermediate Target (R'm),Large Combined (R'm),Large Target (R'm),CPI Index (Dec 2024=100),CPI YoY %,Nominal GDP (R million),"Real GDP (R million, 2015 prices)","GDP Deflator (Index, 2015=100)",GDP Deflator YoY %,Market Capitalisation (R million),Classification,Year,Data Completeness,"Combined Limb Value (best of 4 routes, R'm)","Target Limb Value (max of assets/turnover, R'm)",Ownership Type,Attr: Company Takeover,Attr: Additional Stake Purchase,Attr: Cross Border,Attr: Minority Purchase,Attr: Tender Offer,Attr: Majority Purchase,Attr: Private Equity,Attr: Mandatory Offer,Attr: Private Placement,Attr: Squeeze Out,Attr: PE Buyout,Attr: Competing Bid,Attr: PE Seller,Attr: Option Agreement,Attr: Going Private,Attr: PE Exit,Attr: Government Privatization,Attr: Reverse Merger,Attr: Recapitalization,Attr: Asset Sale,Attr: Bankruptcy/Liquidation,Attr: Private Equity Related,Attr: Any Stake-Change Type Tagged,Attr: Formal Offer Process (Tender/Mandatory/Squeeze Out)
100026324,INV,2014/12/15,Completed,Minority Purchase,Ukhamba Holdings Pty Ltd sold a minority stake in Distribution and Warehousing Network Ltd to Distribution and Warehousing Network Ltd. The transaction was completed on 12/15/2014.,ZAR,Cash,2014/12/15,,0.000000,32.250000,No,Consumer Discretionary,Consumer Discretionary,N,Webber Wentzel,PwC,Friendly,South Africa,South Africa,Point-in-time,Point-in-time,Point-in-time,Point-in-time,3017.595,3763.476,3017.595,3763.476,3,2009-04-01,2017-09-30,560,80,6600,190,61.0166666666667,6.05,4133873.0,4363118.1,94.7458424286063,5.36654656658044,11505020.0,Large,2014,Full (4/4),7526.952,3763.476,Public,False,False,False,True,False,False,False,False,False,False,False,False,False,False,False,False,False,False,False,False,False,False,True,False
100560439,INV,2014/12/24,Completed,Additional Stake Purchase,Goldrush Holdings Ltd acquired Trans Hex Group Ltd. The transaction was completed on 12/24/2014. Financial terms of the transaction are undisclosed.,ZAR,Undisclosed,2014/12/24,,24.299999,0.700100,No,Materials,Financials,N,,,Friendly,South Africa,South Africa,Point-in-time,Point-in-time,Point-in-time,Point-in-time,990.427,751.304,606.024023,20.773118,3,2009-04-01,2017-09-30,560,80,6600,190,61.0166666666667,6.05,4133873.0,4363118.1,94.7458424286063,5.36654656658044,11505020.0,Intermediate,2014,Full (4/4),1596.451023,990.427,Public,False,True,False,False,False,False,False,False,False,False,False,False,False,False,False,False,False,False,False,False,False,False,True,False
10075015,M&A,2003/1/24,Terminated,Company Takeover,Fairvest Property Holdings Ltd announced the acquisition of Bonatla Property Holdings Ltd for ZAR 177.30M. The transaction was announced on 1/24/2003 and terminated on 5/2/2003.,ZAR,Stock,2003/5/2,,0.000000,100.000000,No,Real Estate,Real Estate,N,,,Friendly,South Africa,South Africa,Point-in-time,MA-screen (current/latest),Point-in-time,MA-screen (current/latest),649.8189697265625,116.39700317382812,3822.85,579.566,2,2001-02-01,2009-03-31,200,30,3500,100,33.675,5.96666666666667,1490399.0,3099254.3,48.0889548172927,6.39575753417796,1787194.0,Large,2003,Full (4/4),4472.668969726563,649.8189697265625,Public,True,False,False,False,False,False,False,False,False,False,False,False,False,False,False,False,False,False,False,False,False,False,False,False
10082587,M&A,2003/1/27,Completed,"Company Takeover, Additional Stake Purchase",JD Group Ltd/South Africa acquired Profurn Ltd for ZAR 240.67M. The transaction was announced on 1/27/2003 and completed on 4/23/2003.,ZAR,Stock,2003/4/23,5.15,78.800003,21.200001,No,Consumer Discretionary,Consumer Discretionary,N,Feinsteins Attor,Gensec Bank,Friendly,South Africa,South Africa,MA-screen (current/latest),Point-in-time,MA-screen (current/latest),Point-in-time,3497.23,2719.63,4253.0,4083.0,2,2001-02-01,2009-03-31,200,30,3500,100,33.675,5.96666666666667,1490399.0,3099254.3,48.0889548172927,6.39575753417796,1787194.0,Large,2003,Full (4/4),7750.23,3497.23,Public,True,True,False,False,False,False,False,False,False,False,False,False,False,False,False,False,False,False,False,False,False,False,True,False
101568253,M&A,2014/10/15,Completed,"Company Takeover, Cross Border, Additional Stake Purchase",Endo International PLC acquired Litha Healthcare Group Ltd for ZAR 461.70M. The transaction was announced on 10/15/2014 and completed on 2/10/2015.,ZAR,Cash,2015/2/10,11.36,70.000000,30.000000,No,Health Care,Health Care,N,,Nedbank Capital,Friendly,South Africa,United States,Point-in-time,Point-in-time,Point-in-time,Point-in-time,1944.3,1045.332,6571.856,2124.681,3,2009-04-01,2017-09-30,560,80,6600,190,61.0166666666667,6.05,4133873.0,4363118.1,94.7458424286063,5.36654656658044,11505020.0,Large,2014,Full (4/4),8516.155999999999,1944.3,Public,True,True,True,False,False,False,False,False,False,False,False,False,False,False,False,False,False,False,False,False,False,False,True,False
101824608,INV,2015/1/26,Completed,"Private Equity, Minority Purchase",Public Investment Corp Ltd acquired a minority stake in SPAR Group Ltd/The. The transaction was completed on 1/26/2015. Financial terms of the transaction are undisclosed.,ZAR,Undisclosed,2015/1/26,,0.000000,20.002001,No,Consumer Staples,Financials,N,,,Friendly,South Africa,South Africa,Point-in-time,Point-in-time,Point-in-time,Point-in-time,17122.6,54483.0,1206.976,808.88,3,2009-04-01,2017-09-30,560,80,6600,190,63.825,4.58333333333333,4420792.5,4420792.5,100.0,5.54552837012652,11727560.0,Large,2015,Full (4/4),55689.976,54483.0,Public,False,False,False,True,False,False,True,False,False,False,False,False,False,False,False,False,False,False,False,False,False,True,True,False
101825286,INV,2015/1/26,Completed,"Cross Border, Minority Purchase",Somerset Capital Management LLP acquired a minority stake in Nampak Ltd. The transaction was completed on 1/26/2015. Financial terms of the transaction are undisclosed.,ZAR,Undisclosed,2015/1/26,,0.000000,5.030000,No,Materials,Financials,N,,,Friendly,South Africa,United Kingdom,Point-in-time,Point-in-time,Point-in-time,Point-in-time,21891.1,15305.6,6.61405014235,12.479166883651953,3,2009-04-01,2017-09-30,560,80,6600,190,63.825,4.58333333333333,4420792.5,4420792.5,100.0,5.54552837012652,11727560.0,Large,2015,Full (4/4),21903.57916688365,21891.1,Public,False,False,True,True,False,False,False,False,False,False,False,False,False,False,False,False,False,False,False,False,False,False,True,False
102634716,INV,2015/2/12,Completed,Minority Purchase,Public Investment Corp Ltd acquired a minority stake in Sappi Ltd. The transaction was completed on 2/12/2015. Financial terms of the transaction are undisclosed.,ZAR,Undisclosed,2015/2/12,,0.000000,15.573000,No,Materials,Financials,N,,,Friendly,South Africa,South Africa,Point-in-time,Point-in-time,Point-in-time,Point-in-time,5465.0,6061.0,1206.976,808.88,3,2009-04-01,2017-09-30,560,80,6600,190,63.825,4.58333333333333,4420792.5,4420792.5,100.0,5.54552837012652,11727560.0,Large,2015,Full (4/4),7267.976000000001,6061.0,Public,False,False,False,True,False,False,False,False,False,False,False,False,False,False,False,False,False,False,False,False,False,False,True,False
10263927,M&A,2003/2/11,Completed,"Cross Border, Majority Purchase, Tender Offer",Russell Hobbs Inc acquired Home of Living Brands Holdings Ltd. The transaction was announced on 2/11/2003 and completed on 3/25/2003. Financial terms of the transaction are undisclosed.,ZAR,Cash,2003/3/25,13.90,30.799999,21.200001,No,Consumer Discretionary,Consumer Discretionary,N,,,Friendly,South Africa,United States,Point-in-time,Point-in-time,Point-in-time,Point-in-time,480.7330017089844,862.3380126953125,823.927,922.479,2,2001-02-01,2009-03-31,200,30,3500,100,33.675,5.96666666666667,1490399.0,3099254.3,48.0889548172927,6.39575753417796,1787194.0,Intermediate,2003,Full (4/4),1784.8170126953125,862.3380126953125,Public,False,False,True,False,True,True,False,False,False,False,False,False,False,False,False,False,False,False,False,False,False,False,True,True
102768640,M&A,2015/2/16,Completed,Company Takeover,A consortium led by Private Investor sold Set Point Group Ltd to Torre Industries Ltd for ZAR 354.46M. The transaction was announced on 2/16/2015 and completed on 5/1/2015.,ZAR,Stock,2015/5/1,,0.000000,100.000000,No,Industrials,Industrials,N,,,Friendly,South Africa,South Africa,MA-screen (current/latest),Point-in-time,MA-screen (current/latest),Point-in-time,235.593,359.376,956.831,433.13,3,2009-04-01,2017-09-30,560,80,6600,190,63.825,4.58333333333333,4420792.5,4420792.5,100.0,5.54552837012652,11727560.0,Intermediate,2015,Full (4/4),1316.2069999999999,359.376,Public,True,False,False,False,False,False,False,False,False,False,False,False,False,False,False,False,False,False,False,False,False,False,False,False
102805375,M&A,2015/2/17,Withdrawn,"Company Takeover, Cross Border","On 11/19/2015 Telkom withdrew their interest in Cell C. On 11/09/2015, Telkom SA announced that the companies were still in discussions. On 10/29/2015 it was reported that shareholders of Cell C rejected the ZAR 14,000.00M offer from Telkom SA. On 09/23/2015, the CEO of Cell C Pty Ltd stated ...",ZAR,Undisclosed,2015/11/19,,0.000000,100.000000,No,Communications,Communications,N,,,Friendly,South Africa,South Africa,Point-in-time,Point-in-time,Point-in-time,Point-in-time,15475.813,11634.148,39405.0,31288.0,3,2009-04-01,2017-09-30,560,80,6600,190,63.825,4.58333333333333,4420792.5,4420792.5,100.0,5.54552837012652,11727560.0,Large,2015,Full (4/4),54880.813,15475.813,Private,True,False,True,False,False,False,False,False,False,False,False,False,False,False,False,False,False,False,False,False,False,False,False,False
103008079,INV,2015/2/23,Completed,Additional Stake Purchase,Bidvest Group Ltd/The acquired Adcock Ingram Holdings Ltd for ZAR 299.74M. The transaction was announced on 2/23/2015 and completed on 5/18/2015.,ZAR,Cash,2015/5/18,,33.720001,3.280000,No,Health Care,Consumer Staples,N,Edward Nathan,Investec,Friendly,South Africa,South Africa,Point-in-time,Point-in-time,MA-screen (current/latest),Point-in-time,5405.842,9760.33,80975.47,161612.418,3,2009-04-01,2017-09-30,560,80,6600,190,63.825,4.58333333333333,4420792.5,4420792.5,100.0,5.54552837012652,11727560.0,Large,2015,Full (4/4),171372.748,9760.33,Public,False,True,False,False,False,False,False,False,False,False,False,False,False,False,False,False,False,False,False,False,False,False,True,False
103063244,M&A,2015/2/24,Completed,"Company Takeover, Additional Stake Purchase",Rebosis Property Fund Ltd acquired Ascension Properties Ltd for ZAR 2487.52M. The transaction was announced on 2/24/2015 and completed on 4/25/2017.,ZAR,Stock,2017/4/25,,33.869999,66.129997,No,Real Estate,Real Estate,N,Cliffe Dekker Ho,,Friendly,South Africa,South Africa,Point-in-time,Point-in-time,Point-in-time,Point-in-time,3823.853,353.101,7852.361,884.378,3,2009-04-01,2017-09-30,560,80,6600,190,63.825,4.58333333333333,4420792.5,4420792.5,100.0,5.54552837012652,11727560.0,Large,2015,Full (4/4),11676.214,3823.853,Public,True,True,False,False,False,False,False,False,False,False,False,False,False,False,False,False,False,False,False,False,False,False,True,False
104477899,INV,2015/3/18,Completed,"Cross Border, Additional Stake Purchase",Invesco Ltd acquired Alviva Holdings Ltd. The transaction was completed on 3/18/2015. Financial terms of the transaction are undisclosed.,ZAR,Undisclosed,2015/3/18,,14.440000,0.810000,No,Consumer Discretionary,Financials,N,,,Friendly,South Africa,United States,Point-in-time,Point-in-time,Point-in-time,Point-in-time,3346.679,7152.444,20450.0,5147.1,3,2009-04-01,2017-09-30,560,80,6600,190,63.825,4.58333333333333,4420792.5,4420792.5,100.0,5.54552837012652,11727560.0,Large,2015,Full (4/4),27602.444,7152.444,Public,False,True,True,False,False,False,False,False,False,False,False,False,False,False,False,False,False,False,False,False,False,False,True,False
104685922,M&A,2014/12/10,Terminated,Company Takeover,AfriSam South Africa Pty Ltd announced the acquisition of PPC Ltd. The transaction was announced on 12/10/2014 and terminated on 3/27/2015. Financial terms of the transaction are undisclosed.,ZAR,Undisclosed,2015/3/27,,0.000000,100.000000,No,Materials,Materials,N,,,Friendly,South Africa,South Africa,Point-in-time,MA-screen (current/latest),Point-in-time,MA-screen (current/latest),8876.0,8316.0,17859.6,6843.75,3,2009-04-01,2017-09-30,560,80,6600,190,61.0166666666667,6.05,4133873.0,4363118.1,94.7458424286063,5.36654656658044,11505020.0,Large,2014,Full (4/4),26735.6,8876.0,Public,True,False,False,False,False,False,False,False,False,False,False,False,False,False,False,False,False,False,False,False,False,False,False,False
105216684,INV,2015/4/8,Completed,"Cross Border, Minority Purchase",Stellar Capital Partners Ltd acquired a minority stake in Cadiz Holdings Ltd. The transaction was announced on 4/8/2015 and completed on 4/7/2015.,ZAR,Cash,2015/4/7,,0.000000,16.450001,No,Financials,Financials,N,,,Friendly,South Africa,United Kingdom,Point-in-time,MA-screen (current/latest),Point-in-time,MA-screen (current/latest),6149.936,212.902,1151.61,75.586,3,2009-04-01,2017-09-30,560,80,6600,190,63.825,4.58333333333333,4420792.5,4420792.5,100.0,5.54552837012652,11727560.0,Large,2015,Full (4/4),7301.545999999999,6149.936,Public,False,False,True,True,False,False,False,False,False,False,False,False,False,False,False,False,False,False,False,False,False,False,True,False
106151682,INV,2015/4/29,Completed,"Cross Border, Minority Purchase",Royal Bafokeng Platinum Ltd sold a minority stake in Merafe Resources Ltd to Glencore PLC. The transaction was completed on 4/29/2015. Financial terms of the transaction are undisclosed.,ZAR,Undisclosed,2015/4/29,,0.000000,28.680000,No,Materials,Materials,N,,,Friendly,South Africa,Switzerland,Point-in-time,Point-in-time,Point-in-time,Point-in-time,5401.147,3609.066,152205.0,221073.0,3,2009-04-01,2017-09-30,560,80,6600,190,63.825,4.58333333333333,4420792.5,4420792.5,100.0,5.54552837012652,11727560.0,Large,2015,Full (4/4),226474.147,5401.147,Public,False,False,True,True,False,False,False,False,False,False,False,False,False,False,False,False,False,False,False,False,False,False,True,False
106890033,INV,2015/5/13,Pending,Minority Purchase,Central Plaza Investments 112 Pty Ltd announced the sale of a minority stake in Santam Ltd to Santam Ltd. The transaction was announced on 5/13/2015 and is currently pending.,ZAR,Cash,,,0.000000,3.530000,No,Financials,Financials,N,,,Friendly,South Africa,South Africa,Point-in-time,Point-in-time,Point-in-time,Point-in-time,25184.0,19434.0,25184.0,19434.0,3,2009-04-01,2017-09-30,560,80,6600,190,63.825,4.58333333333333,4420792.5,4420792.5,100.0,5.54552837012652,11727560.0,Large,2015,Full (4/4),50368.0,25184.0,Public,False,False,False,True,False,False,False,False,False,False,False,False,False,False,False,False,False,False,False,False,False,False,True,False
107941646,INV,2015/6/8,Completed,Additional Stake Purchase,Public Investment Corp Ltd acquired RMB Holdings Ltd. The transaction was completed on 6/8/2015. Financial terms of the transaction are undisclosed.,ZAR,Undisclosed,2015/6/8,,9.987000,0.044000,No,Financials,Financials,N,,,Friendly,South Africa,South Africa,Point-in-time,Point-in-time,Point-in-time,Point-in-time,33566.0,0.0,1206.976,808.88,3,2009-04-01,2017-09-30,560,80,6600,190,63.825,4.58333333333333,4420792.5,4420792.5,100.0,5.54552837012652,11727560.0,Large,2015,Full (4/4),34772.976,33566.0,Public,False,True,False,False,False,False,False,False,False,False,False,False,False,False,False,False,False,False,False,False,False,False,True,False
108021185,INV,2015/6/9,Completed,"Cross Border, Minority Purchase",Lazard Inc acquired a minority stake in Nampak Ltd. The transaction was completed on 6/9/2015. Financial terms of the transaction are undisclosed.,ZAR,Undisclosed,2015/6/9,,0.000000,10.040000,No,Materials,Financials,N,,,Friendly,South Africa,United States,Point-in-time,Point-in-time,Point-in-time,Point-in-time,21891.1,15305.6,3332.236,2363.017,3,2009-04-01,2017-09-30,560,80,6600,190,63.825,4.58333333333333,4420792.5,4420792.5,100.0,5.54552837012652,11727560.0,Large,2015,Full (4/4),25223.336,21891.1,Public,False,False,True,True,False,False,False,False,False,False,False,False,False,False,False,False,False,False,False,False,False,False,True,False
108135892,M&A,2015/6/11,Completed,"Company Takeover, Additional Stake Purchase",Afrimat Ltd acquired Infrasors Holdings Ltd for ZAR 19.22M. The transaction was announced on 6/11/2015 and completed on 10/13/2015.,ZAR,Cash,2015/10/13,15.88,91.279999,8.720000,No,Materials,Materials,N,,,Friendly,South Africa,South Africa,Point-in-time,Point-in-time,Point-in-time,Point-in-time,326.506,327.51,1479.417249,1901.187222,3,2009-04-01,2017-09-30,560,80,6600,190,63.825,4.58333333333333,4420792.5,4420792.5,100.0,5.54552837012652,11727560.0,Intermediate,2015,Full (4/4),2228.697222,327.51,Public,True,True,False,False,False,False,False,False,False,False,False,False,False,False,False,False,False,False,False,False,False,False,True,False
10823834,M&A,2003/3/3,Completed,"Company Takeover, Additional Stake Purchase, Tender Offer",Coronation Holdings Ltd acquired African Harvest Ltd for ZAR 137.81M. The transaction was announced on 3/3/2003 and completed on 7/8/2003.,ZAR,Cash,2003/7/8,8.38,75.000000,25.000000,No,Financials,Financials,N,,,Friendly,South Africa,South Africa,Point-in-time,Point-in-time,Point-in-time,Point-in-time,680.291015625,38.35699844360352,7026.0,1383.0,2,2001-02-01,2009-03-31,200,30,3500,100,33.675,5.96666666666667,1490399.0,3099254.3,48.0889548172927,6.39575753417796,1787194.0,Large,2003,Full (4/4),7706.291015625,680.291015625,Public,True,True,False,False,True,False,False,False,False,False,False,False,False,False,False,False,False,False,False,False,False,False,True,True
108247445,BUY,2015/6/15,Completed,,,ZAr,,2015/7/3,,0.000000,0.000000,,Consumer Discretionary,Consumer Discretionary,N,,,,South Africa,,Point-in-time,Point-in-time,Point-in-time,Point-in-time,2574.11,10703.616,2574.11,10703.616,3,2009-04-01,2017-09-30,560,80,6600,190,63.825,4.58333333333333,4420792.5,4420792.5,100.0,5.54552837012652,11727560.0,Large,2015,Full (4/4),21407.232,10703.616,Public,False,False,False,False,False,False,False,False,False,False,False,False,False,False,False,False,False,False,False,False,False,False,False,False
108682908,M&A,2015/6/24,Completed,"Company Takeover, Cross Border, Additional Stake Purchase",WiseTech Global Ltd acquired Compu-Clearing Outsourcing Ltd for ZAR 176.97M. The transaction was announced on 6/24/2015 and completed on 9/22/2015.,ZAR,Cash,2015/9/22,3.00,23.500000,76.500000,No,Technology,Technology,N,,,Friendly,South Africa,Australia,Point-in-time,MA-screen (current/latest),Point-in-time,Point-in-time,66.281,71.968,79861.8,60.60752183908047,3,2009-04-01,2017-09-30,560,80,6600,190,63.825,4.58333333333333,4420792.5,4420792.5,100.0,5.54552837012652,11727560.0,Small,2015,Full (4/4),79933.768,71.968,Public,True,True,True,False,False,False,False,False,False,False,False,False,False,False,False,False,False,False,False,False,False,False,True,False
108732382,M&A,2015/6/25,Terminated,Company Takeover,Curro Holdings Ltd announced the acquisition of Advtech Ltd for ZAR 6712.98M. The transaction was announced on 6/25/2015 and terminated on 7/29/2015.,ZAR,Cash or Stock,2015/7/29,28.75,0.000000,100.000000,No,Consumer Discretionary,Consumer Discretionary,N,,,Unsolicited,South Africa,South Africa,Point-in-time,Point-in-time,Point-in-time,Point-in-time,1960.2,1931.8,4144.001,1000.701,3,2009-04-01,2017-09-30,560,80,6600,190,63.825,4.58333333333333,4420792.5,4420792.5,100.0,5.54552837012652,11727560.0,Intermediate,2015,Full (4/4),6104.201,1960.2,Public,True,False,False,False,False,False,False,False,False,False,False,False,False,False,False,False,False,False,False,False,False,False,False,False
108842109,M&A,2015/6/26,Completed,"Company Takeover, Additional Stake Purchase",Redefine Properties Ltd acquired Fountainhead Property Trust for ZAR 3452.13M. The transaction was announced on 6/26/2015 and completed on 8/11/2015.,ZAR,Stock,2015/8/11,1.23,66.000000,34.000000,No,Real Estate,Real Estate,N,,,Friendly,South Africa,South Africa,Point-in-time,Point-in-time,Point-in-time,Point-in-time,12601.452,1282.033,57490.164,5594.127,3,2009-04-01,2017-09-30,560,80,6600,190,63.825,4.58333333333333,4420792.5,4420792.5,100.0,5.54552837012652,11727560.0,Large,2015,Full (4/4),70091.616,12601.452,Public,True,True,False,False,False,False,False,False,False,False,False,False,False,False,False,False,False,False,False,False,False,False,True,False
108970285,M&A,2015/6/30,Completed,Company Takeover,Zurich Insurance Group AG acquired Zurich Insurance Co South Africa Ltd for ZAR 2405.11M. The transaction was announced on 6/30/2015 and completed on 9/22/2015.,ZAR,Cash,2015/9/22,,0.000000,100.000000,No,Financials,Financials,N,,,Friendly,South Africa,Switzerland,Point-in-time,Point-in-time,Point-in-time,Point-in-time,4757.682,3392.387,406529.0,72781.0,3,2009-04-01,2017-09-30,560,80,6600,190,63.825,4.58333333333333,4420792.5,4420792.5,100.0,5.54552837012652,11727560.0,Large,2015,Full (4/4),411286.682,4757.682,Public,True,False,False,False,False,False,False,False,False,False,False,False,False,False,False,False,False,False,False,False,False,False,False,False
109062983,M&A,2015/6/19,Completed,"Company Takeover, Cross Border, Additional Stake Purchase",Stellar Capital Partners Ltd acquired Cadiz Holdings Ltd for ZAR 4748.99M. The transaction was announced on 6/19/2015 and completed on 11/3/2015.,ZAR,Stock,2015/11/3,21.28,16.450001,83.550003,No,Financials,Financials,N,,,Friendly,South Africa,United Kingdom,Point-in-time,MA-screen (current/latest),Point-in-time,MA-screen (current/latest),6149.936,212.902,1151.61,75.586,3,2009-04-01,2017-09-30,560,80,6600,190,63.825,4.58333333333333,4420792.5,4420792.5,100.0,5.54552837012652,11727560.0,Large,2015,Full (4/4),7301.545999999999,6149.936,Public,True,True,True,False,False,False,False,False,False,False,False,False,False,False,False,False,False,False,False,False,False,False,True,False
109260627,INV,2015/7/6,Completed,"Cross Border, Minority Purchase",Stellar Capital Partners Ltd acquired a minority stake in Torre Industries Ltd. The transaction was announced on 7/6/2015 and completed on 2/25/2016.,ZAR,Cash and Stock,2016/2/25,,0.000000,26.250000,No,Industrials,Financials,N,,,Friendly,South Africa,United Kingdom,Point-in-time,MA-screen (current/latest),Point-in-time,MA-screen (current/latest),956.831,433.13,1151.61,75.586,3,2009-04-01,2017-09-30,560,80,6600,190,63.825,4.58333333333333,4420792.5,4420792.5,100.0,5.54552837012652,11727560.0,Intermediate,2015,Full (4/4),2108.441,956.831,Public,False,False,True,True,False,False,False,False,False,False,False,False,False,False,False,False,False,False,False,False,False,False,True,False
109260705,INV,2015/7/6,Completed,"Cross Border, Additional Stake Purchase",Stellar Capital Partners Ltd acquired Torre Industries Ltd for ZAR 108.64M. The transaction was announced on 7/6/2015 and completed on 2/25/2016.,ZAR,Cash,2016/2/25,-43.58,26.250000,8.250000,No,Industrials,Financials,N,,,Friendly,South Africa,United Kingdom,Point-in-time,MA-screen (current/latest),Point-in-time,MA-screen (current/latest),956.831,433.13,1151.61,75.586,3,2009-04-01,2017-09-30,560,80,6600,190,63.825,4.58333333333333,4420792.5,4420792.5,100.0,5.54552837012652,11727560.0,Intermediate,2015,Full (4/4),2108.441,956.831,Public,False,True,True,False,False,False,False,False,False,False,False,False,False,False,False,False,False,False,False,False,False,False,True,False
110252034,M&A,2015/7/29,Completed,"Company Takeover, Cross Border, Additional Stake Purchase, Tender Offer",Baiyin Nonferrous Group Co Ltd acquired Goliath Gold Mining Ltd for ZAR 41.26M. The transaction was announced on 7/29/2015 and completed on 12/8/2015.,ZAR,Cash,2015/12/8,-31.60,72.000000,28.000000,No,Materials,Materials,N,,,Friendly,South Africa,China,Point-in-time,Point-in-time,Point-in-time,Point-in-time,168.204,0.0,34031.79185955,46193.35742672,3,2009-04-01,2017-09-30,560,80,6600,190,63.825,4.58333333333333,4420792.5,4420792.5,100.0,5.54552837012652,11727560.0,Intermediate,2015,Full (4/4),46361.56142672,168.204,Public,True,True,True,False,True,False,False,False,False,False,False,False,False,False,False,False,False,False,False,False,False,False,True,True
110768195,INV,2015/8/5,Completed,Minority Purchase,Sanlam Ltd acquired a minority stake in Iliad Africa Ltd. The transaction was completed on 8/5/2015. Financial terms of the transaction are undisclosed.,ZAR,Undisclosed,2015/8/5,,0.000000,10.000000,No,Consumer Discretionary,Financials,N,,,Friendly,South Africa,South Africa,Point-in-time,Point-in-time,Point-in-time,Point-in-time,1640.62,4365.448,611253.0,92165.0,3,2009-04-01,2017-09-30,560,80,6600,190,63.825,4.58333333333333,4420792.5,4420792.5,100.0,5.54552837012652,11727560.0,Large,2015,Full (4/4),615618.448,4365.448,Public,False,False,False,True,False,False,False,False,False,False,False,False,False,False,False,False,False,False,False,False,False,False,True,False
111337505,INV,2015/8/19,Completed,Minority Purchase,Coronation Fund Managers Ltd acquired a minority stake in Impala Platinum Holdings Ltd. The transaction was completed on 8/19/2015. Financial terms of the transaction are undisclosed.,ZAR,Undisclosed,2015/8/19,,0.000000,20.020000,No,Materials,Financials,N,,,Friendly,South Africa,South Africa,Point-in-time,Point-in-time,Point-in-time,Point-in-time,79867.0,29028.0,76861.0,4830.0,3,2009-04-01,2017-09-30,560,80,6600,190,63.825,4.58333333333333,4420792.5,4420792.5,100.0,5.54552837012652,11727560.0,Large,2015,Full (4/4),156728.0,79867.0,Public,False,False,False,True,False,False,False,False,False,False,False,False,False,False,False,False,False,False,False,False,False,False,True,False
11145294,INV,2003/5/2,Completed,"Cross Border, Minority Purchase",Anglo American PLC sold a minority stake in African Rainbow Minerals Ltd to Harmony Gold Mining Co Ltd. The transaction was completed on 5/2/2003.,GBP,Cash,2003/5/2,,0.000000,34.900002,No,Materials,N.A.,N,,,Friendly,South Africa,South Africa,Point-in-time,Point-in-time,Point-in-time,Point-in-time,8786.0,3499.0,14368.0,7806.0,2,2001-02-01,2009-03-31,200,30,3500,100,33.675,5.96666666666667,1490399.0,3099254.3,48.0889548172927,6.39575753417796,1787194.0,Large,2003,Full (4/4),23154.0,8786.0,Public,False,False,True,True,False,False,False,False,False,False,False,False,False,False,False,False,False,False,False,False,False,False,True,False
11146050,M&A,2003/5/2,Completed,Company Takeover,Harmony Gold Mining Co Ltd acquired African Rainbow Minerals Gold Ltd for ZAR 5752.92M. The transaction was announced on 5/2/2003 and completed on 9/23/2003.,ZAR,Stock,2003/9/23,-2.00,0.000000,100.000000,No,Materials,Materials,N,Bowman Gilfill/Cliffe Dekker,JP Morgan/Merchant Bk (Ga),Friendly,South Africa,South Africa,Missing,Point-in-time,Point-in-time,Point-in-time,,3537.800048828125,14368.0,7806.0,2,2001-02-01,2009-03-31,200,30,3500,100,33.675,5.96666666666667,1490399.0,3099254.3,48.0889548172927,6.39575753417796,1787194.0,Large,2003,Partial (3/4),17905.800048828125,3537.800048828125,Public,True,False,False,False,False,False,False,False,False,False,False,False,False,False,False,False,False,False,False,False,False,False,False,False
11205459,M&A,2003/5/9,Completed,"Majority Purchase, Additional Stake Purchase",Sun International Ltd/South Africa acquired Sun International South Africa Ltd for ZAR 547.00M. The transaction was completed on 5/9/2003.,ZAR,Cash,2003/5/9,,43.599998,18.600000,No,Consumer Discretionary,Consumer Discretionary,N,,,Friendly,South Africa,South Africa,Point-in-time,Point-in-time,Point-in-time,Point-in-time,3510.305908203125,1732.31103515625,8488.814453125,3719.387939453125,2,2001-02-01,2009-03-31,200,30,3500,100,33.675,5.96666666666667,1490399.0,3099254.3,48.0889548172927,6.39575753417796,1787194.0,Large,2003,Full (4/4),11999.120361328125,3510.305908203125,Public,False,True,False,False,False,True,False,False,False,False,False,False,False,False,False,False,False,False,False,False,False,False,True,False
113022356,INV,2015/9/25,Completed,Additional Stake Purchase,Investec Ltd acquired Peregrine Holdings Ltd. The transaction was completed on 9/25/2015. Financial terms of the transaction are undisclosed.,ZAR,Undisclosed,2015/9/25,,6.360000,3.910000,No,Financials,Financials,N,,,Friendly,South Africa,South Africa,Point-in-time,Point-in-time,Point-in-time,Point-in-time,21520.042,2172.119,47141.907,3336.322,3,2009-04-01,2017-09-30,560,80,6600,190,63.825,4.58333333333333,4420792.5,4420792.5,100.0,5.54552837012652,11727560.0,Large,2015,Full (4/4),68661.949,21520.042,Public,False,True,False,False,False,False,False,False,False,False,False,False,False,False,False,False,False,False,False,False,False,False,True,False
113666572,INV,2015/10/5,Completed,"Cross Border, Minority Purchase",Om Residual UK Ltd acquired a minority stake in Hudaco Industries Ltd. The transaction was completed on 10/5/2015. Financial terms of the transaction are undisclosed.,ZAR,Undisclosed,2015/10/5,,0.000000,8.920000,No,Industrials,Financials,N,,,Friendly,South Africa,United Kingdom,Point-in-time,Point-in-time,Point-in-time,Point-in-time,3068.364,4479.794,142516.0,13806.0,3,2009-04-01,2017-09-30,560,80,6600,190,63.825,4.58333333333333,4420792.5,4420792.5,100.0,5.54552837012652,11727560.0,Large,2015,Full (4/4),146995.794,4479.794,Public,False,False,True,True,False,False,False,False,False,False,False,False,False,False,False,False,False,False,False,False,False,False,True,False
113667184,M&A,2015/10/14,Completed,"Reverse Merger, Company Takeover, Cross Border","Al Noor Hospitals Group PLC announced the acquisition of Mediclinic International Ltd for GBP 6,574.97M. The transaction was announced on 10/14/2015 and is currently pending. This is the second largest deal ever in the medical-hospital industry at the time of announcement. On 10/05/2015, Medi...",GBP,Stock,2016/2/15,2.44,0.000000,100.000000,No,Health Care,Health Care,N,Linklaters/Webber Wentzel,Goldman Sachs/Jefferies/Rothschild & Co,Friendly,South Africa,United Arab Emirates,Point-in-time,Point-in-time,Point-in-time,Point-in-time,70534.0,30495.0,210.6085954,272.7913689256705,3,2009-04-01,2017-09-30,560,80,6600,190,63.825,4.58333333333333,4420792.5,4420792.5,100.0,5.54552837012652,11727560.0,Large,2015,Full (4/4),70806.79136892567,70534.0,Public,True,False,True,False,False,False,False,False,False,False,False,False,False,False,False,False,False,True,False,False,False,False,False,False
11367918,INV,2003/5/27,Completed,Minority Purchase,AMB Holdings Ltd acquired a minority stake in AMB Private Equity Partners Ltd. The transaction was announced on 5/27/2003 and completed on 7/22/2003.,ZAR,Cash,2003/7/22,,0.000000,40.000000,No,Financials,Financials,N,,Webber Wentzel,Friendly,South Africa,South Africa,Point-in-time,Point-in-time,Point-in-time,Point-in-time,1431.3399658203125,744.072021484375,1849.948974609375,269.385986328125,2,2001-02-01,2009-03-31,200,30,3500,100,33.675,5.96666666666667,1490399.0,3099254.3,48.0889548172927,6.39575753417796,1787194.0,Intermediate,2003,Full (4/4),3281.2889404296875,1431.3399658203125,Public,False,False,False,True,False,False,False,False,False,False,False,False,False,False,False,False,False,False,False,False,False,False,True,False
11386530,M&A,2003/5/29,Completed,Company Takeover,Growthpoint Properties Ltd acquired Primegro Properties Ltd for ZAR 2477.75M. The transaction was announced on 5/29/2003 and completed on 8/13/2003.,ZAR,Cash and Stock,2003/8/13,,0.000000,100.000000,No,Real Estate,Real Estate,N,Fluxmans,,Friendly,South Africa,South Africa,Point-in-time,MA-screen (current/latest),Point-in-time,MA-screen (current/latest),2465.73193359375,339.9389953613281,154425.0,12896.0,2,2001-02-01,2009-03-31,200,30,3500,100,33.675,5.96666666666667,1490399.0,3099254.3,48.0889548172927,6.39575753417796,1787194.0,Large,2003,Full (4/4),156890.73193359375,2465.73193359375,Public,True,False,False,False,False,False,False,False,False,False,False,False,False,False,False,False,False,False,False,False,False,False,False,False
114163848,INV,2015/10/15,Completed,Additional Stake Purchase,Anchor Capital Pty Ltd announced the sale of a minority stake in Datacentrix Holdings Ltd to Pinnacle Holdings Ltd for ZAR 100.36M. The transaction was announced on 10/15/2015 and completed on 10/02/2015.,ZAR,Stock,2015/10/2,,34.994999,10.000000,No,Technology,Consumer Discretionary,N,,,Friendly,South Africa,South Africa,Point-in-time,Point-in-time,Point-in-time,Point-in-time,962.531,2279.512,3346.679,7152.444,3,2009-04-01,2017-09-30,560,80,6600,190,63.825,4.58333333333333,4420792.5,4420792.5,100.0,5.54552837012652,11727560.0,Large,2015,Full (4/4),9431.956,2279.512,Public,False,True,False,False,False,False,False,False,False,False,False,False,False,False,False,False,False,False,False,False,False,False,True,False
114163914,M&A,2015/10/15,Completed,"Mandatory Offer, Majority Purchase, Additional Stake Purchase, Tender Offer",Alviva Holdings Ltd acquired Datacentrix Holdings Ltd for ZAR 99.33M. The transaction was announced on 10/15/2015 and completed on 1/11/2016.,ZAR,Stock,2016/1/11,6.80,45.000000,9.641861,No,Technology,Consumer Discretionary,N,Tugendhaft Wapni,Deloitte Touche/Investec Bank,Friendly,South Africa,South Africa,Point-in-time,Point-in-time,Point-in-time,Point-in-time,962.531,2279.512,3346.679,7152.444,3,2009-04-01,2017-09-30,560,80,6600,190,63.825,4.58333333333333,4420792.5,4420792.5,100.0,5.54552837012652,11727560.0,Large,2015,Full (4/4),9431.956,2279.512,Public,False,True,False,False,True,True,False,True,False,False,False,False,False,False,False,False,False,False,False,False,False,False,True,True
114513044,M&A,2015/7/16,Completed,"Company Takeover, Additional Stake Purchase",Fortress Real Estate Investmen acquired Capital Property Fund Ltd for ZAR 35781.75M. The transaction was announced on 7/16/2015 and completed on 11/30/2015.,ZAR,Stock,2015/11/30,15.55,3.710000,96.290001,No,Real Estate,Real Estate,N,,,Friendly,South Africa,South Africa,Missing,Point-in-time,Point-in-time,Point-in-time,,2038.247,13465.169,961.851,3,2009-04-01,2017-09-30,560,80,6600,190,63.825,4.58333333333333,4420792.5,4420792.5,100.0,5.54552837012652,11727560.0,Large,2015,Partial (3/4),15503.416,2038.247,Public,True,True,False,False,False,False,False,False,False,False,False,False,False,False,False,False,False,False,False,False,False,False,True,False
11590910,INV,2003/6/19,Completed,"Cross Border, Minority Purchase",Exact Holding BV acquired a minority stake in Softline Ltd/South Africa. The transaction was completed on 6/19/2003.,ZAR,Cash,2003/6/19,11.54,0.000000,15.100000,No,Technology,Technology,N,,,Friendly,South Africa,Netherlands,Point-in-time,Point-in-time,Point-in-time,Point-in-time,666.0540161132812,486.8290100097656,0.0,0.0,2,2001-02-01,2009-03-31,200,30,3500,100,33.675,5.96666666666667,1490399.0,3099254.3,48.0889548172927,6.39575753417796,1787194.0,Intermediate,2003,Full (4/4),666.0540161132812,666.0540161132812,Public,False,False,True,True,False,False,False,False,False,False,False,False,False,False,False,False,False,False,False,False,False,False,True,False
116565120,BUY,2015/10/11,Pending,,,EUR,,2015/11/24,,0.000000,0.000000,,Industrials,Industrials,N,,,,South Africa,,Point-in-time,Point-in-time,Point-in-time,Point-in-time,1694.721,1048.065,1694.721,1048.065,3,2009-04-01,2017-09-30,560,80,6600,190,63.825,4.58333333333333,4420792.5,4420792.5,100.0,5.54552837012652,11727560.0,Intermediate,2015,Full (4/4),3389.442,1694.721,Public,False,False,False,False,False,False,False,False,False,False,False,False,False,False,False,False,False,False,False,False,False,False,False,False
117368927,M&A,2015/12/16,Withdrawn,"Cross Border, Majority Purchase","Abraaj CEO Arif Naqvi announced on 01/17/2017 that the company is interested in acquiring Barclay's Africa business. On 11/07/2016 it was reported that Public Investment Corp has sought approval from the Reserve Bank to increase its stake in Barclays Africa Group Ltd, citing people familiar w...",USD,Undisclosed,2016/6/16,,6.500000,31.000000,No,Financials,Financials,N,,,Friendly,South Africa,South Africa,Point-in-time,Point-in-time,Point-in-time,Point-in-time,991414.0,96081.0,1206.976,808.88,3,2009-04-01,2017-09-30,560,80,6600,190,63.825,4.58333333333333,4420792.5,4420792.5,100.0,5.54552837012652,11727560.0,Large,2015,Full (4/4),992620.976,991414.0,Public,False,False,True,False,False,True,False,False,False,False,False,False,False,False,False,False,False,False,False,False,False,False,True,False
11835695,INV,2003/7/15,Completed,"Cross Border, Minority Purchase",Anglo American PLC sold a minority stake in Avgold Ltd to Harmony Gold Mining Co Ltd. The transaction was announced on 7/15/2003 and completed on 7/21/2003. Financial terms of the transaction are undisclosed.,GBP,Undisclosed,2003/7/21,,0.000000,11.500000,No,Materials,Materials,N,,JP Morgan,Friendly,South Africa,South Africa,Point-in-time,Point-in-time,Point-in-time,Point-in-time,3139.948975,363.802002,14368.0,7806.0,2,2001-02-01,2009-03-31,200,30,3500,100,33.675,5.96666666666667,1490399.0,3099254.3,48.0889548172927,6.39575753417796,1787194.0,Large,2003,Full (4/4),17507.948975,3139.948975,Public,False,False,True,True,False,False,False,False,False,False,False,False,False,False,False,False,False,False,False,False,False,False,True,False
12007815,M&A,2003/8/1,Completed,"Company Takeover, Cross Border",Sage Group PLC/The acquired Softline Ltd/South Africa for ZAR 677.31M. The transaction was announced on 8/1/2003 and completed on 11/25/2003.,ZAR,Cash,2003/11/25,12.89,0.000000,100.000000,No,Technology,Technology,N,Skadden Arps,Deutsche Bank,Friendly,South Africa,United Kingdom,Point-in-time,Point-in-time,Point-in-time,Point-in-time,666.0540161132812,486.8290100097656,1083.074951171875,551.7310180664062,2,2001-02-01,2009-03-31,200,30,3500,100,33.675,5.96666666666667,1490399.0,3099254.3,48.0889548172927,6.39575753417796,1787194.0,Intermediate,2003,Full (4/4),1749.1289672851562,666.0540161132812,Public,True,False,True,False,False,False,False,False,False,False,False,False,False,False,False,False,False,False,False,False,False,False,False,False
120301109,M&A,2016/2/8,Completed,"Company Takeover, Cross Border, Additional Stake Purchase",Associated British Foods PLC acquired Illovo Sugar Pty Ltd for ZAR 5603.64M. The transaction was announced on 2/8/2016 and completed on 6/28/2016.,ZAR,Cash,2016/6/28,42.92,51.349998,48.650002,No,Consumer Staples,Consumer Staples,N,Herbert Smith Fr,JP Morgan/Rothschild & Co,Unsolicited,South Africa,United Kingdom,Point-in-time,Point-in-time,Point-in-time,Point-in-time,14826.5,13266.5,10219.0,12800.0,3,2009-04-01,2017-09-30,560,80,6600,190,67.8333333333333,6.325,4759554.5,4450171.0,106.952171051405,6.95217105140453,13580619.0,Large,2016,Full (4/4),27626.5,14826.5,Public,True,True,True,False,False,False,False,False,False,False,False,False,False,False,False,False,False,False,False,False,False,False,True,False
12054839,M&A,2003/8/6,Completed,"Company Takeover, Tender Offer",Ellerine Holdings Ltd acquired Wetherlys Investment Holdings Ltd for ZAR 486.53M. The transaction was announced on 8/6/2003 and completed on 10/28/2003.,ZAR,Cash,2003/10/28,16.33,0.000000,100.000000,No,Consumer Discretionary,Consumer Discretionary,N,,,Friendly,South Africa,South Africa,Point-in-time,Point-in-time,Point-in-time,Point-in-time,254.70399475097656,269.7879943847656,2159.885986328125,1151.1700439453125,2,2001-02-01,2009-03-31,200,30,3500,100,33.675,5.96666666666667,1490399.0,3099254.3,48.0889548172927,6.39575753417796,1787194.0,Intermediate,2003,Full (4/4),2429.6739807128906,269.7879943847656,Public,True,False,False,False,True,False,False,False,False,False,False,False,False,False,False,False,False,False,False,False,False,False,False,True
12054903,M&A,2003/8/6,Completed,Company Takeover,Hosken Consolidated Investments Ltd acquired New Africa Investments Ltd. The transaction was completed on 8/6/2003. Financial terms of the transaction are undisclosed.,ZAR,Undisclosed,2003/8/6,,0.000000,100.000000,No,Financials,Consumer Discretionary,N,,,Friendly,South Africa,South Africa,Point-in-time,Point-in-time,Point-in-time,Point-in-time,1683.625,0.0,3281.6689453125,390.2659912109375,2,2001-02-01,2009-03-31,200,30,3500,100,33.675,5.96666666666667,1490399.0,3099254.3,48.0889548172927,6.39575753417796,1787194.0,Large,2003,Full (4/4),4965.2939453125,1683.625,Public,True,False,False,False,False,False,False,False,False,False,False,False,False,False,False,False,False,False,False,False,False,False,False,False
12154778,M&A,2003/8/21,Completed,Majority Purchase,Randgold & Exploration Co Ltd acquired Free State Development & Investment Corp Ltd for ZAR 46.14M. The transaction was announced on 8/21/2003 and completed on 11/25/2003.,ZAR,Stock,2003/11/25,60.00,0.000000,55.099998,No,Materials,Materials,N,,,Friendly,South Africa,South Africa,Point-in-time,Point-in-time,Missing,Point-in-time,57.749000549316406,,688.9199829101562,404.0639953613281,2,2001-02-01,2009-03-31,200,30,3500,100,33.675,5.96666666666667,1490399.0,3099254.3,48.0889548172927,6.39575753417796,1787194.0,Intermediate,2003,Partial (3/4),746.6689834594727,57.749000549316406,Public,False,False,False,False,False,True,False,False,False,False,False,False,False,False,False,False,False,False,False,False,False,False,True,False
122042491,INV,2016/3/7,Completed,Minority Purchase,m Cubed Holdings Ltd acquired a minority stake in Trans Hex Group Ltd. The transaction was completed on 3/7/2016. Financial terms of the transaction are undisclosed.,ZAR,Undisclosed,2016/3/7,,0.000000,26.180000,No,Materials,Financials,N,,,Friendly,South Africa,South Africa,Point-in-time,MA-screen (current/latest),Point-in-time,MA-screen (current/latest),1019.685,939.685,76.433,23.316,3,2009-04-01,2017-09-30,560,80,6600,190,67.8333333333333,6.325,4759554.5,4450171.0,106.952171051405,6.95217105140453,13580619.0,Intermediate,2016,Full (4/4),1096.118,1019.685,Public,False,False,False,True,False,False,False,False,False,False,False,False,False,False,False,False,False,False,False,False,False,False,True,False
122105447,INV,2016/3/8,Completed,Minority Purchase,Arrowhead Properties Ltd/Old acquired a minority stake in Rebosis Property Fund Ltd. The transaction was announced on 3/8/2016 and completed on 3/4/2016. Financial terms of the transaction are undisclosed.,ZAR,Cash and Stock,2016/3/4,,0.000000,9.757885,No,Real Estate,Real Estate,N,,,Friendly,South Africa,South Africa,Point-in-time,Point-in-time,Point-in-time,Point-in-time,15242.551,1051.529,9906.502916,1256.369389,3,2009-04-01,2017-09-30,560,80,6600,190,67.8333333333333,6.325,4759554.5,4450171.0,106.952171051405,6.95217105140453,13580619.0,Large,2016,Full (4/4),25149.053915999997,15242.551,Public,False,False,False,True,False,False,False,False,False,False,False,False,False,False,False,False,False,False,False,False,False,False,True,False
122479049,INV,2015/1/16,Completed,"Cross Border, Minority Purchase",Stellar Capital Partners Ltd acquired a minority stake in Mantengu Ltd. The transaction was completed on 1/16/2015.,ZAR,Cash,2015/1/16,,0.000000,33.580002,No,Technology,Financials,N,,,Friendly,South Africa,United Kingdom,Point-in-time,MA-screen (current/latest),Point-in-time,MA-screen (current/latest),72.499,0.0,1151.61,75.586,3,2009-04-01,2017-09-30,560,80,6600,190,63.825,4.58333333333333,4420792.5,4420792.5,100.0,5.54552837012652,11727560.0,Small,2015,Full (4/4),1224.109,72.499,Public,False,False,True,True,False,False,False,False,False,False,False,False,False,False,False,False,False,False,False,False,False,False,True,False
12301775,M&A,2003/9/4,Completed,"Company Takeover, Additional Stake Purchase, Tender Offer",AECI Ltd acquired Chemical Services Ltd for ZAR 530.78M. The transaction was announced on 9/4/2003 and completed on 12/17/2003.,ZAR,Cash and Stock,2003/12/17,17.82,74.000000,26.000000,No,Materials,Materials,N,,JP Morgan,Friendly,South Africa,South Africa,Point-in-time,Point-in-time,Point-in-time,Point-in-time,1699.800048828125,3036.5,5854.0,7818.0,2,2001-02-01,2009-03-31,200,30,3500,100,33.675,5.96666666666667,1490399.0,3099254.3,48.0889548172927,6.39575753417796,1787194.0,Large,2003,Full (4/4),10854.5,3036.5,Public,True,True,False,False,True,False,False,False,False,False,False,False,False,False,False,False,False,False,False,False,False,False,True,True
123861594,INV,2016/4/11,Pending,"Private Placement, Cross Border, Minority Purchase",International Finance Corp announced the acquisition of a minority stake in Lesaka Technologies Inc. The transaction was announced on 4/11/2016 and is expected to be completed by 4/30/2016.,USD,Cash,2016/4/30,,0.000000,18.000000,No,Financials,Government,N,,,Friendly,South Africa,United States,Point-in-time,Point-in-time,Point-in-time,Point-in-time,1316.956,625.979,87548.0,2707.0,3,2009-04-01,2017-09-30,560,80,6600,190,67.8333333333333,6.325,4759554.5,4450171.0,106.952171051405,6.95217105140453,13580619.0,Large,2016,Full (4/4),88864.956,1316.956,Public,False,False,True,True,False,False,False,False,True,False,False,False,False,False,False,False,False,False,False,False,False,False,True,False
12645258,INV,2003/10/16,Completed,"Cross Border, Minority Purchase",Getronics BV sold a minority stake in CS Computer Services Holdings Ltd to Reunert Ltd. The transaction was completed on 10/16/2003.,ZAR,Cash,2003/10/16,,0.000000,16.290001,No,Technology,Industrials,N,,,Friendly,South Africa,South Africa,Point-in-time,Point-in-time,Point-in-time,Point-in-time,300.1849975585937,403.1610107421875,3304.699951171875,5062.89990234375,2,2001-02-01,2009-03-31,200,30,3500,100,33.675,5.96666666666667,1490399.0,3099254.3,48.0889548172927,6.39575753417796,1787194.0,Large,2003,Full (4/4),5466.0609130859375,403.1610107421875,Public,False,False,True,True,False,False,False,False,False,False,False,False,False,False,False,False,False,False,False,False,False,False,True,False
12645614,INV,2003/10/16,Completed,Minority Purchase,Sanlam Ltd sold a minority stake in CS Computer Services Holdings Ltd to Reunert Ltd. The transaction was completed on 10/16/2003.,ZAR,Cash,2003/10/16,,0.000000,15.360000,No,Technology,Industrials,N,,,Friendly,South Africa,South Africa,Point-in-time,Point-in-time,Point-in-time,Point-in-time,300.1849975585937,403.1610107421875,3304.699951171875,5062.89990234375,2,2001-02-01,2009-03-31,200,30,3500,100,33.675,5.96666666666667,1490399.0,3099254.3,48.0889548172927,6.39575753417796,1787194.0,Large,2003,Full (4/4),5466.0609130859375,403.1610107421875,Public,False,False,False,True,False,False,False,False,False,False,False,False,False,False,False,False,False,False,False,False,False,False,True,False
12709487,INV,2003/10/24,Completed,"Cross Border, Minority Purchase, Additional Stake Purchase",Anglo American PLC acquired a minority stake in Exxaro Resources Ltd. The transaction was completed on 10/24/2003. Financial terms of the transaction are undisclosed.,ZAR,Undisclosed,2003/10/24,,20.100000,4.200000,No,Materials,Materials,N,,,Friendly,South Africa,United Kingdom,Point-in-time,Point-in-time,Point-in-time,Point-in-time,10208.0,7182.0,33581.0,15145.0,2,2001-02-01,2009-03-31,200,30,3500,100,33.675,5.96666666666667,1490399.0,3099254.3,48.0889548172927,6.39575753417796,1787194.0,Large,2003,Full (4/4),43789.0,10208.0,Public,False,True,True,True,False,False,False,False,False,False,False,False,False,False,False,False,False,False,False,False,False,False,True,False
127657244,INV,2016/6/23,Completed,"Mandatory Offer, Cross Border, Additional Stake Purchase, Tender Offer",Stellar Capital Partners Ltd acquired Torre Industries Ltd for ZAR 200.74M. The transaction was announced on 6/23/2016 and completed on 10/14/2016.,ZAR,Stock,2016/10/14,-2.04,35.430000,19.950001,No,Industrials,Financials,N,Cliffe Dekker Ho,,Friendly,South Africa,United Kingdom,Point-in-time,Point-in-time,Point-in-time,Point-in-time,1972.0,1332.0,2473.277,0.0,3,2009-04-01,2017-09-30,560,80,6600,190,67.8333333333333,6.325,4759554.5,4450171.0,106.952171051405,6.95217105140453,13580619.0,Intermediate,2016,Full (4/4),4445.277,1972.0,Public,False,True,True,False,True,False,False,True,False,False,False,False,False,False,False,False,False,False,False,False,False,False,True,True
12774983,M&A,2003/10/31,Completed,"Cross Border, Majority Purchase, Additional Stake Purchase, Tender Offer",Anglo American PLC acquired Exxaro Resources Ltd for ZAR 5848.29M. The transaction was announced on 10/31/2003 and completed on 12/5/2003.,ZAR,Cash,2003/12/5,3.60,35.000000,31.620001,No,Materials,Materials,N,Linklaters/Webber Wentzel,Deutsche Bank,Friendly,South Africa,United Kingdom,Point-in-time,Point-in-time,Point-in-time,Point-in-time,10208.0,7182.0,33581.0,15145.0,2,2001-02-01,2009-03-31,200,30,3500,100,33.675,5.96666666666667,1490399.0,3099254.3,48.0889548172927,6.39575753417796,1787194.0,Large,2003,Full (4/4),43789.0,10208.0,Public,False,True,True,False,True,True,False,False,False,False,False,False,False,False,False,False,False,False,False,False,False,False,True,True
12797123,INV,2003/11/3,Completed,"Cross Border, Minority Purchase",British International Investment PLC sold a minority stake in Lenco Holdings Ltd to Brimstone Investment Corp Ltd. The transaction was completed on 11/3/2003.,GBP,Cash,2003/11/3,,0.000000,25.000000,No,Financials,Consumer Staples,N,,,Friendly,South Africa,South Africa,MA-screen (current/latest),Point-in-time,MA-screen (current/latest),Point-in-time,318.8,133.993,267.638,213.072006,2,2001-02-01,2009-03-31,200,30,3500,100,33.675,5.96666666666667,1490399.0,3099254.3,48.0889548172927,6.39575753417796,1787194.0,Intermediate,2003,Full (4/4),586.438,318.8,Public,False,False,True,True,False,False,False,False,False,False,False,False,False,False,False,False,False,False,False,False,False,False,True,False
12838282,M&A,2003/11/5,Completed,Company Takeover,Bidvest Group Ltd/The acquired McCarthy Pty Ltd for ZAR 715.52M. The transaction was announced on 11/5/2003 and completed on 4/13/2004.,ZAR,Cash,2004/4/13,-30.53,2.230000,97.769997,No,Consumer Discretionary,Consumer Staples,N,,Investec Bank,Friendly,South Africa,South Africa,Point-in-time,Point-in-time,Point-in-time,Point-in-time,2446.323975,8774.068359,15117.099609375,41950.390625,2,2001-02-01,2009-03-31,200,30,3500,100,33.675,5.96666666666667,1490399.0,3099254.3,48.0889548172927,6.39575753417796,1787194.0,Large,2003,Full (4/4),50724.458984,8774.068359,Public,True,False,False,False,False,False,False,False,False,False,False,False,False,False,False,False,False,False,False,False,False,False,False,False
128391776,M&A,2016/7/6,Withdrawn,"Company Takeover, Additional Stake Purchase, Tender Offer","On 08/22/2016, Business Day reported that Sovereign Food Investments Ltd rejected offer from Country Bird Holdings Ltd. Country Bird Holdings Ltd announced the acquisition of Sovereign Food Investments Ltd for ZAR 738.76M. The transaction was announced on 07/06/2016 and is currently pending.",ZAR,Cash,2016/11/8,19.96,1.410000,98.589996,No,Consumer Staples,Consumer Staples,N,,,Friendly,South Africa,South Africa,Point-in-time,MA-screen (current/latest),Point-in-time,MA-screen (current/latest),1206.695,1648.631,1841.06,3586.38,3,2009-04-01,2017-09-30,560,80,6600,190,67.8333333333333,6.325,4759554.5,4450171.0,106.952171051405,6.95217105140453,13580619.0,Intermediate,2016,Full (4/4),5235.011,1648.631,Public,True,True,False,False,True,False,False,False,False,False,False,False,False,False,False,False,False,False,False,False,False,False,True,True
12890463,M&A,2003/11/13,Completed,"Majority Purchase, Additional Stake Purchase",African Rainbow Minerals Ltd sold Avgold Ltd to Harmony Gold Mining Co Ltd for ZAR 3077.66M. The transaction was announced on 11/13/2003 and completed on 4/30/2004.,ZAR,Stock,2004/4/30,,11.500000,42.200001,No,Materials,Materials,N,Cliffe Dekker,JP Morgan,Friendly,South Africa,South Africa,Point-in-time,Point-in-time,Point-in-time,Point-in-time,3139.948975,363.802002,14368.0,7806.0,2,2001-02-01,2009-03-31,200,30,3500,100,33.675,5.96666666666667,1490399.0,3099254.3,48.0889548172927,6.39575753417796,1787194.0,Large,2003,Full (4/4),17507.948975,3139.948975,Public,False,True,False,False,False,True,False,False,False,False,False,False,False,False,False,False,False,False,False,False,False,False,True,False
12890475,INV,2003/11/13,Completed,Minority Purchase,African Rainbow Minerals & Exploration Ltd sold a minority stake in Harmony Gold Mining Co Ltd to African Rainbow Minerals Ltd. The transaction was announced on 11/13/2003 and completed on 12/31/2003.,ZAR,Stock,2003/12/31,,0.000000,13.600000,No,Materials,Materials,N,Deneys Reitz,Deutsche Bank,Friendly,South Africa,South Africa,Point-in-time,Point-in-time,Point-in-time,Point-in-time,14368.0,7806.0,8786.0,3499.0,2,2001-02-01,2009-03-31,200,30,3500,100,33.675,5.96666666666667,1490399.0,3099254.3,48.0889548172927,6.39575753417796,1787194.0,Large,2003,Full (4/4),23154.0,14368.0,Public,False,False,False,True,False,False,False,False,False,False,False,False,False,False,False,False,False,False,False,False,False,False,True,False
129252083,M&A,2016/7/25,Withdrawn,Company Takeover,"With no further information disclosed, this proposal has been withdrawn. On 07/25/2016, It was reported that Arrowhead Properties Ltd released an official statement expressing interest to acquire the entire issued share capital of Emira Property Fund Ltd. Arrowhead would acquire all of the sh...",ZAR,Stock,2016/7/25,-0.64,0.000000,100.000000,No,Real Estate,Real Estate,N,Cliffe Dekker Ho,Java Capital,Unsolicited,South Africa,South Africa,Point-in-time,Point-in-time,Point-in-time,Point-in-time,13841.064,2967.88,9906.502916,1256.369389,3,2009-04-01,2017-09-30,560,80,6600,190,67.8333333333333,6.325,4759554.5,4450171.0,106.952171051405,6.95217105140453,13580619.0,Large,2016,Full (4/4),23747.566916,13841.064,Public,True,False,False,False,False,False,False,False,False,False,False,False,False,False,False,False,False,False,False,False,False,False,False,False
12932891,M&A,2003/11/19,Completed,"Cross Border, Majority Purchase",Skanska AB sold Cementation Co Africa Ltd to Murray & Roberts Holdings Ltd for SEK 108.70M. The transaction was announced on 11/19/2003 and completed on 7/22/2004.,SEK,Undisclosed,2004/7/22,,0.000000,79.099998,No,Industrials,Industrials,N,Michael Krawitz,Bridge Cap Advis/Merrill Lynch,Friendly,South Africa,South Africa,Point-in-time,MA-screen (current/latest),Point-in-time,MA-screen (current/latest),365.83599853515625,1109.5579833984375,8160.3,13452.4,2,2001-02-01,2009-03-31,200,30,3500,100,33.675,5.96666666666667,1490399.0,3099254.3,48.0889548172927,6.39575753417796,1787194.0,Large,2003,Full (4/4),14561.957983398437,1109.5579833984375,Public,False,False,True,False,False,True,False,False,False,False,False,False,False,False,False,False,False,False,False,False,False,False,True,False
12944510,M&A,2003/11/20,Completed,"Company Takeover, Additional Stake Purchase",Barloworld Ltd acquired Avis Southern Africa Ltd for ZAR 1424.74M. The transaction was announced on 11/20/2003 and completed on 3/30/2004.,ZAR,Cash and Stock,2004/3/30,23.34,34.700001,65.300003,No,Consumer Discretionary,Industrials,N,Bowman Gilfill,Cazenove/Stand Corp&merch,Friendly,South Africa,South Africa,Point-in-time,Point-in-time,Point-in-time,Point-in-time,2805.669922,1236.723022,27097.0,35999.0,2,2001-02-01,2009-03-31,200,30,3500,100,33.675,5.96666666666667,1490399.0,3099254.3,48.0889548172927,6.39575753417796,1787194.0,Large,2003,Full (4/4),38804.669922,2805.669922,Public,True,True,False,False,False,False,False,False,False,False,False,False,False,False,False,False,False,False,False,False,False,False,True,False
13021774,M&A,2003/11/28,Completed,"Company Takeover, Cross Border",Alliance Pharma PLC acquired Alliance Pharmaceuticals Ltd/South Africa for ZAR 175.72M. The transaction was announced on 11/28/2003 and completed on 2/28/2004.,ZAR,Cash and Stock,2004/2/28,,0.000000,100.000000,No,Health Care,Health Care,N,Norton Rose Llp,Numis Secs,Friendly,South Africa,United Kingdom,Point-in-time,Point-in-time,Point-in-time,Point-in-time,100.83200073242188,190.7169952392578,8.82469,6.342421,2,2001-02-01,2009-03-31,200,30,3500,100,33.675,5.96666666666667,1490399.0,3099254.3,48.0889548172927,6.39575753417796,1787194.0,Small,2003,Full (4/4),199.54168523925782,190.7169952392578,Public,True,False,True,False,False,False,False,False,False,False,False,False,False,False,False,False,False,False,False,False,False,False,False,False
130303982,M&A,2016/8/10,Completed,"Company Takeover, Cross Border",Stellar Capital Partners Ltd acquired Amalgamated Electronic Corp Ltd for ZAR 285.67M. The transaction was announced on 8/10/2016 and completed on 11/1/2016.,ZAR,Cash or Stock,2016/11/1,3.62,0.000000,100.000000,No,Industrials,Financials,N,Cliffe Dekker Ho,Firstrand Ltd,Friendly,South Africa,United Kingdom,Point-in-time,Point-in-time,Point-in-time,Point-in-time,187.243,112.569,2473.277,0.0,3,2009-04-01,2017-09-30,560,80,6600,190,67.8333333333333,6.325,4759554.5,4450171.0,106.952171051405,6.95217105140453,13580619.0,Intermediate,2016,Full (4/4),2660.52,187.243,Public,True,False,True,False,False,False,False,False,False,False,False,False,False,False,False,False,False,False,False,False,False,False,False,False
130317212,M&A,2016/8/11,Completed,"Company Takeover, Tender Offer",Fortress Real Estate Investmen acquired Lodestone REIT Ltd for ZAR 1866.59M. The transaction was announced on 8/11/2016 and completed on 12/1/2016.,ZAR,Stock,2016/12/1,3.97,0.000000,100.000000,No,Real Estate,Real Estate,N,,,Unsolicited,South Africa,South Africa,Point-in-time,Point-in-time,MA-screen (current/latest),Point-in-time,1133.769,166.529,18396.6,1071.721,3,2009-04-01,2017-09-30,560,80,6600,190,67.8333333333333,6.325,4759554.5,4450171.0,106.952171051405,6.95217105140453,13580619.0,Large,2016,Full (4/4),19530.369,1133.769,Public,True,False,False,False,True,False,False,False,False,False,False,False,False,False,False,False,False,False,False,False,False,False,False,True
13106688,INV,2003/12/5,Completed,Additional Stake Purchase,Brimstone Investment Corp Ltd acquired Sea Harvest Corp Pty Ltd for ZAR 85.10M. The transaction was announced on 12/5/2003 and completed on 12/8/2003.,ZAR,Cash,2003/12/8,,10.760000,10.760000,No,Consumer Staples,Consumer Staples,N,,,Friendly,South Africa,South Africa,Missing,Point-in-time,MA-screen (current/latest),Point-in-time,,575.491,267.638,213.072006,2,2001-02-01,2009-03-31,200,30,3500,100,33.675,5.96666666666667,1490399.0,3099254.3,48.0889548172927,6.39575753417796,1787194.0,Intermediate,2003,Partial (3/4),843.1289999999999,575.491,Public,False,True,False,False,False,False,False,False,False,False,False,False,False,False,False,False,False,False,False,False,False,False,True,False
131216328,M&A,2016/7/12,Completed,"Company Takeover, Additional Stake Purchase, Going Private",Lion Match Co Pty Ltd/The acquired Beige Holdings Ltd for ZAR 12.99M. The transaction was announced on 7/12/2016 and completed on 9/27/2016.,ZAR,Cash,2016/9/27,,90.470001,9.530000,No,Consumer Staples,Consumer Staples,N,,,Friendly,South Africa,South Africa,Point-in-time,MA-screen (current/latest),Point-in-time,MA-screen (current/latest),288.112,478.074,435.004,245.982,3,2009-04-01,2017-09-30,560,80,6600,190,67.8333333333333,6.325,4759554.5,4450171.0,106.952171051405,6.95217105140453,13580619.0,Intermediate,2016,Full (4/4),913.078,478.074,Public,True,True,False,False,False,False,False,False,False,False,False,False,False,False,True,False,False,False,False,False,False,False,True,False
13159112,INV,2003/12/12,Completed,"Cross Border, Minority Purchase",Saab AB acquired a minority stake in Grintek Ltd. The transaction was announced on 12/12/2003 and completed on 1/15/2004.,ZAR,Cash,2004/1/15,29.35,0.000000,21.200001,No,Industrials,Industrials,N,,,Friendly,South Africa,Sweden,Point-in-time,Point-in-time,Point-in-time,Point-in-time,1239.3809814453125,1177.301025390625,28109.0,16538.0,2,2001-02-01,2009-03-31,200,30,3500,100,33.675,5.96666666666667,1490399.0,3099254.3,48.0889548172927,6.39575753417796,1787194.0,Large,2003,Full (4/4),29348.380981445312,1239.3809814453125,Public,False,False,True,True,False,False,False,False,False,False,False,False,False,False,False,False,False,False,False,False,False,False,True,False
132114531,M&A,2016/7/20,Pending,"Related Party Transaction, Majority Purchase, Additional Stake Purchase","On 07/16/2016, Italtile Ltd announced that the company had submitted a binding offer letter to Ceramic Industries Ltd for all outstanding shares. The purchase price was approximately ZAR 3,750.00M to be paid in equal parts cash and stock. On 04/26/2016, Italtile Ltd announced that it had subm...",ZAR,Cash and Stock,,,20.000000,75.000000,No,Consumer Discretionary,Consumer Discretionary,N,Hogan Lovells US,,Friendly,South Africa,South Africa,MA-screen (current/latest),Point-in-time,MA-screen (current/latest),Point-in-time,1564.47,1648.62,3102.0,3115.0,3,2009-04-01,2017-09-30,560,80,6600,190,67.8333333333333,6.325,4759554.5,4450171.0,106.952171051405,6.95217105140453,13580619.0,Intermediate,2016,Full (4/4),4763.62,1648.62,Public,False,True,False,False,False,True,False,False,False,False,False,False,False,False,False,False,False,False,False,False,False,False,True,False
133043574,INV,2016/10/5,Terminated,"Private Placement, Minority Purchase",Lesaka Technologies Inc announced the acquisition of a minority stake in Blu Label Unlimited Group Ltd. The transaction was announced on 10/5/2016 and terminated on 6/1/2017.,ZAR,Cash and Stock,2017/6/1,,0.000000,15.000000,No,Communications,Financials,N,,Firstrand Ltd,Friendly,South Africa,South Africa,Point-in-time,Point-in-time,Point-in-time,Point-in-time,7026.82,22044.222,1316.956,625.979,3,2009-04-01,2017-09-30,560,80,6600,190,67.8333333333333,6.325,4759554.5,4450171.0,106.952171051405,6.95217105140453,13580619.0,Large,2016,Full (4/4),23361.178,22044.222,Public,False,False,False,True,False,False,False,False,True,False,False,False,False,False,False,False,False,False,False,False,False,False,True,False
133047846,INV,2015/12/10,Completed,"Recapitalization, Minority Purchase",Blu Label Unlimited Group Ltd acquired a minority stake in Cell C Ltd. The transaction was announced on 12/10/2015 and completed on 8/7/2017.,ZAR,Cash,2017/8/7,,0.000000,45.000000,No,Communications,Communications,N,Bowman Gilfillan/Werksmans,Goldman Sachs/Houlihan Lokey/Investec,Friendly,South Africa,South Africa,Point-in-time,Point-in-time,Point-in-time,Point-in-time,15475.813,11634.148,6502.887,19401.666,3,2009-04-01,2017-09-30,560,80,6600,190,63.825,4.58333333333333,4420792.5,4420792.5,100.0,5.54552837012652,11727560.0,Large,2015,Full (4/4),34877.479,15475.813,Private,False,False,False,True,False,False,False,False,False,False,False,False,False,False,False,False,False,False,True,False,False,False,True,False
133375000,M&A,2016/10/12,Completed,"Company Takeover, Additional Stake Purchase",Alviva Holdings Ltd acquired Datacentrix Holdings Ltd for ZAR 571.07M. The transaction was announced on 10/12/2016 and completed on 2/14/2017.,ZAR,Cash,2017/2/14,8.59,57.099998,42.900002,No,Technology,Consumer Discretionary,N,Tugendhaft Wapni,Deloitte Touche,Friendly,South Africa,South Africa,Point-in-time,Point-in-time,Point-in-time,Point-in-time,980.918,2249.661,3566.858,7987.636,3,2009-04-01,2017-09-30,560,80,6600,190,67.8333333333333,6.325,4759554.5,4450171.0,106.952171051405,6.95217105140453,13580619.0,Large,2016,Full (4/4),10237.297,2249.661,Public,True,True,False,False,False,False,False,False,False,False,False,False,False,False,False,False,False,False,False,False,False,False,True,False
134277588,INV,2016/10/31,Pending,"Minority Purchase, Additional Stake Purchase",Grand Parade Investments Ltd announced the acquisition of a minority stake in Spur Corp Ltd. The transaction was announced on 10/31/2016 and is currently pending.,ZAR,Cash,,20.92,10.000000,18.000000,No,Consumer Discretionary,Financials,N,,,Friendly,South Africa,South Africa,Point-in-time,Point-in-time,Point-in-time,Point-in-time,1106.284,612.402,3323.103,502.012,3,2009-04-01,2017-09-30,560,80,6600,190,67.8333333333333,6.325,4759554.5,4450171.0,106.952171051405,6.95217105140453,13580619.0,Intermediate,2016,Full (4/4),4429.387000000001,1106.284,Public,False,True,False,True,False,False,False,False,False,False,False,False,False,False,False,False,False,False,False,False,False,False,True,False
134714328,INV,2016/11/4,Completed,Minority Purchase,Arrowhead Properties Ltd/Old acquired a minority stake in Rebosis Property Fund Ltd. The transaction was completed on 11/4/2016. Financial terms of the transaction are undisclosed.,ZAR,Undisclosed,2016/11/4,,0.000000,20.200001,No,Real Estate,Real Estate,N,,,Friendly,South Africa,South Africa,Point-in-time,Point-in-time,Point-in-time,Point-in-time,15242.551,1051.529,9906.502916,1256.369389,3,2009-04-01,2017-09-30,560,80,6600,190,67.8333333333333,6.325,4759554.5,4450171.0,106.952171051405,6.95217105140453,13580619.0,Large,2016,Full (4/4),25149.053915999997,15242.551,Public,False,False,False,True,False,False,False,False,False,False,False,False,False,False,False,False,False,False,False,False,False,False,True,False
13477471,M&A,2004/1/20,Completed,"Company Takeover, Cross Border, Additional Stake Purchase",Om Residual UK Ltd acquired Old Mutual Insure Ltd for ZAR 1570.67M. The transaction was announced on 1/20/2004 and completed on 4/30/2004.,ZAR,Cash,2004/4/30,0.77,50.500000,37.599998,No,Financials,Financials,N,Slaughter and Ma/Werksmans,,Hostile,South Africa,United Kingdom,Point-in-time,Point-in-time,Point-in-time,Point-in-time,7203.0,6078.0,57715.0,9552.0,2,2001-02-01,2009-03-31,200,30,3500,100,34.15,1.39166666666667,1652434.1,3240411.7,50.994572695809,6.04217307187445,2566352.0,Large,2004,Full (4/4),64918.0,7203.0,Public,True,True,True,False,False,False,False,False,False,False,False,False,False,False,False,False,False,False,False,False,False,False,True,False
135108765,M&A,2016/11/14,Withdrawn,Company Takeover,"On 02/13/2017, PPC Ltd announced that it has entered into formal discussions with AfriSam South Africa Pty Ltd about a potential merger. On 11/14/2016, it was reported that South African cement makers PPC Ltd and AfriSam South Africa Pty Ltd  have revived merger talks. A previous merger plan ...",ZAR,Undisclosed,2017/8/13,,0.000000,100.000000,No,Materials,Materials,N,,,Friendly,South Africa,South Africa,Point-in-time,MA-screen (current/latest),Point-in-time,MA-screen (current/latest),15257.0,9227.0,17859.6,6843.75,3,2009-04-01,2017-09-30,560,80,6600,190,67.8333333333333,6.325,4759554.5,4450171.0,106.952171051405,6.95217105140453,13580619.0,Large,2016,Full (4/4),33116.6,15257.0,Public,True,False,False,False,False,False,False,False,False,False,False,False,False,False,False,False,False,False,False,False,False,False,False,False
135803352,M&A,2017/2/2,Completed,Company Takeover,"On 02/02/2017, the respective boards of directors of Wescoal Holdings Ltd and Keaton Energy Holdings Corp announced that Wescoal Holdings Ltd has made an offer to Keaton Energy Holdings Corp to acquire 100% of the issued ordinary share capital of Keaton Energy in a combination of stock and ca...",ZAR,Cash and Stock,2017/7/4,41.14,0.000000,100.000000,No,Materials,Materials,N,,Nedbank Ltd,Friendly,South Africa,South Africa,Point-in-time,Point-in-time,Point-in-time,Point-in-time,1494.811387,1032.079534,1019.969,1589.87,3,2009-04-01,2017-09-30,560,80,6600,190,71.4416666666667,5.28333333333333,5078189.9,4501701.6,112.806008732343,5.4733229100365,15467873.0,Intermediate,2017,Full (4/4),3084.6813869999996,1494.811387,Public,True,False,False,False,False,False,False,False,False,False,False,False,False,False,False,False,False,False,False,False,False,False,False,False
136967688,INV,2016/12/15,Completed,"Cross Border, Private Equity, Minority Purchase",Anheuser-Busch InBev SA/NV sold a minority stake in Distell Group Holdings Ltd to Public Investment Corp Ltd. The transaction was announced on 12/15/2016 and completed on 4/12/2017. Financial terms of the transaction are undisclosed.,EUR,Cash,2017/4/12,,0.970000,26.400000,No,Consumer Staples,Financials,N,,,Friendly,South Africa,South Africa,Point-in-time,Point-in-time,Point-in-time,Point-in-time,17807.768,19588.97,1640.94,955.232,3,2009-04-01,2017-09-30,560,80,6600,190,67.8333333333333,6.325,4759554.5,4450171.0,106.952171051405,6.95217105140453,13580619.0,Large,2016,Full (4/4),21229.91,19588.97,Public,False,False,True,True,False,False,True,False,False,False,False,False,False,False,False,False,False,False,False,False,False,True,True,False
136987404,M&A,2016/12/15,Completed,"Company Takeover, Cross Border",RPC Group Ltd acquired Astrapak Ltd for ZAR 1164.61M. The transaction was announced on 12/15/2016 and completed on 6/20/2017.,ZAR,Cash,2017/6/20,58.99,0.000000,100.000000,No,Materials,Materials,N,Werksmans,Rothschild & Co,Friendly,South Africa,United Kingdom,Point-in-time,Point-in-time,Point-in-time,Point-in-time,2094.539,1388.606,1867.0,1222.4,3,2009-04-01,2017-09-30,560,80,6600,190,67.8333333333333,6.325,4759554.5,4450171.0,106.952171051405,6.95217105140453,13580619.0,Intermediate,2016,Full (4/4),3961.539,2094.539,Public,True,False,True,False,False,False,False,False,False,False,False,False,False,False,False,False,False,False,False,False,False,False,False,False
13787794,M&A,2004/2/12,Completed,"Company Takeover, Tender Offer",Naspers Ltd acquired SuperSport International Holdings Pty Ltd for ZAR 2531.18M. The transaction was announced on 2/12/2004 and completed on 4/15/2004.,ZAR,Cash or Stock,2004/4/15,2.15,0.000000,100.000000,No,Communications,Communications,N,Jan S de Villier,Investec Bank,Friendly,South Africa,South Africa,Point-in-time,Point-in-time,Point-in-time,Point-in-time,635.265991,960.877014,1693.869851076068,1268.2725422929402,2,2001-02-01,2009-03-31,200,30,3500,100,34.15,1.39166666666667,1652434.1,3240411.7,50.994572695809,6.04217307187445,2566352.0,Intermediate,2004,Full (4/4),2654.746865076068,960.877014,Public,True,False,False,False,True,False,False,False,False,False,False,False,False,False,False,False,False,False,False,False,False,False,False,True
13850932,INV,2004/3/1,Completed,Additional Stake Purchase,VenFin Pty Ltd acquired Intervid Ltd for ZAR 306.29M. The transaction was announced on 3/1/2004 and completed on 6/8/2004.,ZAR,Cash,2004/6/8,-26.80,32.400002,32.525002,No,Industrials,Financials,N,Hofmeyr Herbstei,Cazenove,Friendly,South Africa,South Africa,Point-in-time,Point-in-time,Point-in-time,Point-in-time,401.1159973144531,446.1809997558594,8255.0,5.0,2,2001-02-01,2009-03-31,200,30,3500,100,34.15,1.39166666666667,1652434.1,3240411.7,50.994572695809,6.04217307187445,2566352.0,Large,2004,Full (4/4),8701.18099975586,446.1809997558594,Public,False,True,False,False,False,False,False,False,False,False,False,False,False,False,False,False,False,False,False,False,False,False,True,False
13920922,BUY,2004/3/5,Completed,,,ZAR,,2004/5/7,-7.69,0.000000,0.000000,,Technology,Technology,N,,PSG Invt Bank,,South Africa,,Point-in-time,Point-in-time,Point-in-time,Point-in-time,136.472,172.160995,136.472,172.160995,2,2001-02-01,2009-03-31,200,30,3500,100,34.15,1.39166666666667,1652434.1,3240411.7,50.994572695809,6.04217307187445,2566352.0,Intermediate,2004,Full (4/4),344.32199,172.160995,Public,False,False,False,False,False,False,False,False,False,False,False,False,False,False,False,False,False,False,False,False,False,False,False,False
14019195,INV,2003/11/17,Completed,Additional Stake Purchase,Cycad Financial Holdings Ltd sold EC-Hold Ltd to Metrofile Holdings Ltd for ZAR 14.76M. The transaction was completed on 11/17/2003.,ZAR,Cash,2003/11/17,,47.000000,4.800000,No,Technology,Technology,N,,Standard Bank of,Friendly,South Africa,South Africa,Point-in-time,Point-in-time,Point-in-time,Point-in-time,62.641998,173.865005,1373.97900390625,1500.43798828125,2,2001-02-01,2009-03-31,200,30,3500,100,33.675,5.96666666666667,1490399.0,3099254.3,48.0889548172927,6.39575753417796,1787194.0,Intermediate,2003,Full (4/4),1674.30299328125,173.865005,Public,False,True,False,False,False,False,False,False,False,False,False,False,False,False,False,False,False,False,False,False,False,False,True,False
140726076,M&A,2017/2/22,Withdrawn,Majority Purchase,"With no further information the deal has been withdrawn. On 12/06/2018, it was reported that Telkom SA SOC Ltd is considering to make an offer to buy a majority stake in Cell C Pty Ltd. On 02/28/2017, it was reported that Cell C Pty Ltd fended off a potential rival bid from Telkom SA SOC Ltd....",USD,Undisclosed,2019/6/4,,0.000000,0.000000,No,Communications,Communications,N,,,Friendly,South Africa,South Africa,Point-in-time,Point-in-time,Point-in-time,Point-in-time,15762.461,14646.123,46553.0,37325.0,3,2009-04-01,2017-09-30,560,80,6600,190,71.4416666666667,5.28333333333333,5078189.9,4501701.6,112.806008732343,5.4733229100365,15467873.0,Large,2017,Full (4/4),62315.460999999996,15762.461,Private,False,False,False,False,False,True,False,False,False,False,False,False,False,False,False,False,False,False,False,False,False,False,True,False
14128671,INV,2004/3/29,Completed,"Cross Border, Minority Purchase",Anglo American PLC sold a minority stake in Gold Fields Ltd to MMC Norilsk Nickel PJSC. The transaction was completed on 3/29/2004.,GBP,Cash,2004/3/29,,0.000000,20.000000,No,Materials,Materials,N,White & Case LLP,BMO Nesbitt,Friendly,South Africa,Russia,Point-in-time,Point-in-time,Point-in-time,Point-in-time,2567.9342860462016,1561.1072995288373,11335.6413,5200.73281829382,2,2001-02-01,2009-03-31,200,30,3500,100,34.15,1.39166666666667,1652434.1,3240411.7,50.994572695809,6.04217307187445,2566352.0,Large,2004,Full (4/4),13903.575586046201,2567.9342860462016,Public,False,False,True,True,False,False,False,False,False,False,False,False,False,False,False,False,False,False,False,False,False,False,True,False
14216278,BUY,2004/4/2,Completed,,,ZAR,,2004/7/9,6.78,0.000000,0.000000,,Industrials,Industrials,N,,Fisher Hoffman,,South Africa,,Point-in-time,Point-in-time,Point-in-time,Point-in-time,87.21700286865234,6.729000091552734,87.21700286865234,6.729000091552734,2,2001-02-01,2009-03-31,200,30,3500,100,34.15,1.39166666666667,1652434.1,3240411.7,50.994572695809,6.04217307187445,2566352.0,Small,2004,Full (4/4),174.4340057373047,87.21700286865234,Public,False,False,False,False,False,False,False,False,False,False,False,False,False,False,False,False,False,False,False,False,False,False,False,False
14260519,M&A,2004/4/6,Completed,"Company Takeover, Additional Stake Purchase",Sun International Ltd/South Africa acquired Sun International South Africa Ltd for ZAR 1330.14M. The transaction was announced on 4/6/2004 and completed on 10/21/2004.,ZAR,Cash or Stock,2004/10/21,6.79,62.200001,37.799999,No,Consumer Discretionary,Consumer Discretionary,N,Hofmeyr Herbstei/Knowles Husain,Investec Bank,Friendly,South Africa,South Africa,Point-in-time,Point-in-time,Point-in-time,Point-in-time,3534.280029,1869.02002,7290.82177734375,4213.55615234375,2,2001-02-01,2009-03-31,200,30,3500,100,34.15,1.39166666666667,1652434.1,3240411.7,50.994572695809,6.04217307187445,2566352.0,Large,2004,Full (4/4),10825.10180634375,3534.280029,Public,True,True,False,False,False,False,False,False,False,False,False,False,False,False,False,False,False,False,False,False,False,False,True,False
142701806,M&A,2017/2/27,Completed,"Company Takeover, Cross Border",Endo International PLC sold Litha Healthcare Group Ltd to Acino International AG. The transaction was announced on 2/27/2017 and completed on 7/3/2017. Financial terms of the transaction are undisclosed.,USD,Undisclosed,2017/7/3,,0.000000,100.000000,No,Health Care,Health Care,N,Hogan Lovells US,Ernst & Young/HSBC Securities,Friendly,South Africa,Switzerland,MA-screen (current/latest),MA-screen (current/latest),MA-screen (current/latest),MA-screen (current/latest),1944.3,1045.33,6644.9,3365.79,3,2009-04-01,2017-09-30,560,80,6600,190,71.4416666666667,5.28333333333333,5078189.9,4501701.6,112.806008732343,5.4733229100365,15467873.0,Large,2017,Full (4/4),8589.199999999999,1944.3,Public,True,False,True,False,False,False,False,False,False,False,False,False,False,False,False,False,False,False,False,False,False,False,False,False
14303899,BUY,2003/11/4,Completed,,,ZAR,,2004/4/13,,0.000000,0.000000,,Financials,Financials,N,,,,South Africa,,Point-in-time,Point-in-time,Point-in-time,Point-in-time,32399.0,8362.0,32399.0,8362.0,2,2001-02-01,2009-03-31,200,30,3500,100,33.675,5.96666666666667,1490399.0,3099254.3,48.0889548172927,6.39575753417796,1787194.0,Large,2003,Full (4/4),64798.0,32399.0,Public,False,False,False,False,False,False,False,False,False,False,False,False,False,False,False,False,False,False,False,False,False,False,False,False
14397695,INV,2004/4/15,Completed,Additional Stake Purchase,Naspers Ltd sold SuperSport International Holdings Pty Ltd to ElementOne Ltd for ZAR 286.33M. The transaction was announced on 4/15/2004 and completed on 4/21/2004.,ZAR,Cash,2004/4/21,,26.030001,12.530000,No,Communications,Communications,N,,,Friendly,South Africa,South Africa,Point-in-time,Point-in-time,Point-in-time,Point-in-time,635.265991,960.877014,2699.0,2541.300049,2,2001-02-01,2009-03-31,200,30,3500,100,34.15,1.39166666666667,1652434.1,3240411.7,50.994572695809,6.04217307187445,2566352.0,Large,2004,Full (4/4),3659.877014,960.877014,Public,False,True,False,False,False,False,False,False,False,False,False,False,False,False,False,False,False,False,False,False,False,False,True,False
145248611,M&A,2017/5/10,Completed,"Company Takeover, Cross Border",Sinch AB acquired Dialogue Group Holdings Ltd for GBP 32.00M. The transaction was completed on 5/10/2017.,GBP,Cash,2017/5/10,,0.000000,100.000000,No,Technology,Technology,N,K&L Gates LLP,,Friendly,South Africa,Sweden,MA-screen (current/latest),Point-in-time,MA-screen (current/latest),Point-in-time,184.685,343.988,2322.579,2333.937,3,2009-04-01,2017-09-30,560,80,6600,190,71.4416666666667,5.28333333333333,5078189.9,4501701.6,112.806008732343,5.4733229100365,15467873.0,Intermediate,2017,Full (4/4),2677.9249999999997,343.988,Public,True,False,True,False,False,False,False,False,False,False,False,False,False,False,False,False,False,False,False,False,False,False,False,False
14531185,M&A,2004/5/4,Completed,"Company Takeover, Cross Border",Tullow Oil PLC acquired Energy Africa Pty Ltd for USD 450.45M. The transaction was announced on 5/4/2004 and completed on 8/2/2004.,USD,Cash,2004/8/2,1.90,0.000000,100.000000,No,Energy,Energy,N,Deneys Reitz/Dickson Minto Ws/Norton Rose Llp,ABN AMRO Bank NV/Davy Corp Fin,Friendly,South Africa,United Kingdom,Point-in-time,Point-in-time,Point-in-time,Point-in-time,298.612,184.526001,286.501,132.364,2,2001-02-01,2009-03-31,200,30,3500,100,34.15,1.39166666666667,1652434.1,3240411.7,50.994572695809,6.04217307187445,2566352.0,Intermediate,2004,Full (4/4),585.113,298.612,Public,True,False,True,False,False,False,False,False,False,False,False,False,False,False,False,False,False,False,False,False,False,False,False,False
145568980,M&A,2017/5/16,Completed,"Company Takeover, Additional Stake Purchase","African Media Entertainment Ltd acquired Moneyweb Holdings Ltd for ZAR 14.18M. The transaction was announced on 05/16/2017 and completed on 08/22/2017. On 12/01/2016, African Media Entertainment Ltd reported that the company may purchase Cognition Holdings Ltd and/or Moneyweb Holdings Ltd.",ZAR,Cash or Stock,2017/8/22,57.10,0.930000,99.070000,No,Communications,Communications,N,,,Friendly,South Africa,South Africa,Point-in-time,Point-in-time,Point-in-time,Point-in-time,22.084,28.304,299.79,238.303,3,2009-04-01,2017-09-30,560,80,6600,190,71.4416666666667,5.28333333333333,5078189.9,4501701.6,112.806008732343,5.4733229100365,15467873.0,Small,2017,Full (4/4),328.094,28.304,Public,True,True,False,False,False,False,False,False,False,False,False,False,False,False,False,False,False,False,False,False,False,False,True,False
14603471,M&A,2004/5/11,Completed,"Company Takeover, Additional Stake Purchase",Harmony Gold Mining Co Ltd acquired Avgold Ltd for ZAR 2546.12M. The transaction was announced on 5/11/2004 and completed on 5/25/2004.,ZAR,Stock,2004/5/25,-0.13,54.000000,46.000000,No,Materials,Materials,N,Cliffe Dekker,JP Morgan,Friendly,South Africa,South Africa,Point-in-time,Point-in-time,Point-in-time,Point-in-time,2654.177002,999.47998,15185.0,8995.0,2,2001-02-01,2009-03-31,200,30,3500,100,34.15,1.39166666666667,1652434.1,3240411.7,50.994572695809,6.04217307187445,2566352.0,Large,2004,Full (4/4),17839.177002,2654.177002,Public,True,True,False,False,False,False,False,False,False,False,False,False,False,False,False,False,False,False,False,False,False,False,True,False
14634134,INV,2004/5/14,Completed,"Cross Border, Additional Stake Purchase",Datamirror Corp sold Idion Technology Holdings Ltd to VenFin Pty Ltd for CAD 20.45M. The transaction was completed on 5/14/2004.,CAD,Cash,2004/5/14,,6.000000,42.580002,No,Technology,Financials,N,,Rand Merchant Bk,Friendly,South Africa,South Africa,Point-in-time,Point-in-time,Point-in-time,Point-in-time,32.816624534973144,32.126318645071215,8255.0,5.0,2,2001-02-01,2009-03-31,200,30,3500,100,34.15,1.39166666666667,1652434.1,3240411.7,50.994572695809,6.04217307187445,2566352.0,Intermediate,2004,Full (4/4),8287.816624534973,32.816624534973144,Public,False,True,True,False,False,False,False,False,False,False,False,False,False,False,False,False,False,False,False,False,False,False,True,False
14652750,INV,2004/5/17,Completed,"Cross Border, Additional Stake Purchase",SouthernEra Diamonds Inc acquired Messina Ltd for ZAR 209.36M. The transaction was announced on 5/17/2004 and completed on 6/28/2004.,ZAR,Stock,2004/6/28,,73.099998,18.400000,No,Materials,Materials,N,,,Friendly,South Africa,Canada,Point-in-time,Point-in-time,Point-in-time,Point-in-time,1198.238037109375,65.74700164794922,292.35,3.179,2,2001-02-01,2009-03-31,200,30,3500,100,34.15,1.39166666666667,1652434.1,3240411.7,50.994572695809,6.04217307187445,2566352.0,Intermediate,2004,Full (4/4),1490.588037109375,1198.238037109375,Public,False,True,True,False,False,False,False,False,False,False,False,False,False,False,False,False,False,False,False,False,False,False,True,False
14691455,INV,2004/5/20,Completed,"Minority Purchase, Additional Stake Purchase",Altron Ltd acquired a minority stake in Allied Technologies Ltd. The transaction was completed on 5/20/2004.,ZAR,Cash,2004/5/20,,53.400002,7.600000,No,Communications,Communications,N,,,Friendly,South Africa,South Africa,Point-in-time,Point-in-time,Point-in-time,Point-in-time,2129.700928,3749.910889,6176.0,11034.0,2,2001-02-01,2009-03-31,200,30,3500,100,34.15,1.39166666666667,1652434.1,3240411.7,50.994572695809,6.04217307187445,2566352.0,Large,2004,Full (4/4),14783.910889,3749.910889,Public,False,True,False,True,False,False,False,False,False,False,False,False,False,False,False,False,False,False,False,False,False,False,True,False
147798167,M&A,2017/6/22,Completed,"Private Placement, Majority Purchase, Additional Stake Purchase","The restructuring was approved by Capevin shareholders on 10/27/2017. On 06/22/2017, Remgro Ltd announced its proposed restructuring of Distell's multi-tiered ownership restructure. Remgro will exchange its 50% share holding in Remgro-Capevin Investments Pty Ltd for additional ordinary shares...",ZAR,Stock,2018/5/21,,19.000000,40.500000,No,Consumer Staples,Financials,N,,Nomura,Friendly,South Africa,South Africa,Point-in-time,Point-in-time,Point-in-time,Point-in-time,2868.314,0.0,109100.0,27697.0,3,2009-04-01,2017-09-30,560,80,6600,190,71.4416666666667,5.28333333333333,5078189.9,4501701.6,112.806008732343,5.4733229100365,15467873.0,Large,2017,Full (4/4),111968.314,2868.314,Public,False,True,False,False,False,True,False,False,True,False,False,False,False,False,False,False,False,False,False,False,False,False,True,False
147798191,M&A,2017/6/22,Withdrawn,"Mandatory Offer, Company Takeover, Additional Stake Purchase, Tender Offer","On 11/09/2017 the South Africa Takeover Regulation Panel granted a waiver of the mandatory offer for Capevin Holdings Ltd. On 06/22/2017, Remgro Ltd announced its proposed restructuring of Distell's multi-tiered ownership structure.",ZAR,Undisclosed,2017/11/9,,59.500000,40.500000,No,Consumer Staples,Financials,N,,Nomura,Friendly,South Africa,South Africa,Point-in-time,Point-in-time,Point-in-time,Point-in-time,2868.314,0.0,109100.0,27697.0,3,2009-04-01,2017-09-30,560,80,6600,190,71.4416666666667,5.28333333333333,5078189.9,4501701.6,112.806008732343,5.4733229100365,15467873.0,Large,2017,Full (4/4),111968.314,2868.314,Public,True,True,False,False,True,False,False,True,False,False,False,False,False,False,False,False,False,False,False,False,False,False,True,True
148186234,M&A,2017/7/25,Completed,Company Takeover,"On 07/25/2017 Holdsport Ltd announced that it had reached an agreement with Long4Life Ltd regarding the takeover, for about ZAR 3,384.12M. The transaction was completed on 11/09/2017. On 07/03/2017, it is announced that Long4life has submitted a non--binding expression of interest to acquire ...",ZAR,Cash and Stock,2017/11/9,25.99,0.000000,100.000000,No,Consumer Discretionary,Consumer Discretionary,N,Edward Nathan,Investec,Friendly,South Africa,South Africa,Point-in-time,MA-screen (current/latest),Point-in-time,MA-screen (current/latest),1318.113,1727.436,5721.8,3582.54,3,2009-04-01,2017-09-30,560,80,6600,190,71.4416666666667,5.28333333333333,5078189.9,4501701.6,112.806008732343,5.4733229100365,15467873.0,Large,2017,Full (4/4),7449.236,1727.436,Public,True,False,False,False,False,False,False,False,False,False,False,False,False,False,False,False,False,False,False,False,False,False,False,False
148337501,INV,2017/7/4,Completed,"Private Placement, Minority Purchase",SA Corporate Real Estate Ltd acquired a minority stake in Safari Investments RSA Ltd. The transaction was announced on 7/4/2017 and completed on 12/31/2017.,ZAR,Cash,2017/12/31,,0.000000,9.470000,No,Consumer Discretionary,Real Estate,N,,,Friendly,South Africa,South Africa,Point-in-time,Point-in-time,Point-in-time,Point-in-time,2219.36843,173.280586,16989.211,1833.133,3,2009-04-01,2017-09-30,560,80,6600,190,71.4416666666667,5.28333333333333,5078189.9,4501701.6,112.806008732343,5.4733229100365,15467873.0,Large,2017,Full (4/4),19208.579429999998,2219.36843,Public,False,False,False,True,False,False,False,False,True,False,False,False,False,False,False,False,False,False,False,False,False,False,True,False
14873054,M&A,2004/6/8,Completed,"Company Takeover, Additional Stake Purchase, Tender Offer",VenFin Pty Ltd acquired Intervid Ltd for ZAR 11.09M. The transaction was announced on 6/8/2004 and completed on 8/24/2004.,ZAR,Cash or Stock,2004/8/24,-11.46,64.919998,35.080002,No,Industrials,Financials,N,,Cazenove,Friendly,South Africa,South Africa,Point-in-time,Point-in-time,Point-in-time,Point-in-time,401.1159973144531,446.1809997558594,8255.0,5.0,2,2001-02-01,2009-03-31,200,30,3500,100,34.15,1.39166666666667,1652434.1,3240411.7,50.994572695809,6.04217307187445,2566352.0,Large,2004,Full (4/4),8701.18099975586,446.1809997558594,Public,True,True,False,False,True,False,False,False,False,False,False,False,False,False,False,False,False,False,False,False,False,False,True,True
15034041,BUY,2004/6/29,Completed,,,ZAR,,2004/9/27,-23.13,0.000000,0.000000,,Industrials,Industrials,N,Bowman Gilfill,Investec Bank,,South Africa,,Point-in-time,Point-in-time,Point-in-time,Point-in-time,3637.800048828125,6103.89990234375,3637.800048828125,6103.89990234375,2,2001-02-01,2009-03-31,200,30,3500,100,34.15,1.39166666666667,1652434.1,3240411.7,50.994572695809,6.04217307187445,2566352.0,Large,2004,Full (4/4),12207.7998046875,6103.89990234375,Public,False,False,False,False,False,False,False,False,False,False,False,False,False,False,False,False,False,False,False,False,False,False,False,False
151546247,M&A,2017/9/4,Withdrawn,"Company Takeover, Cross Border","On 10/06/2017, it was reported that PPC Ltd received formal notification that Dangote Cement Plc withdrew its previously made offer. On 09/21/2017, it was reported that Dangote Cement Plc is offering PPC Ltd a cash and stock takeover offer. On 09/14/2017, it was reported that Dangote Cement P...",ZAR,Cash and Stock,2017/9/4,,0.000000,100.000000,No,Materials,Materials,N,,,Friendly,South Africa,Nigeria,MA-screen (current/latest),Point-in-time,MA-screen (current/latest),Point-in-time,10106.0,10255.0,1529104.0,615103.0,3,2009-04-01,2017-09-30,560,80,6600,190,71.4416666666667,5.28333333333333,5078189.9,4501701.6,112.806008732343,5.4733229100365,15467873.0,Large,2017,Full (4/4),1539359.0,10255.0,Public,True,False,True,False,False,False,False,False,False,False,False,False,False,False,False,False,False,False,False,False,False,False,False,False
15188060,BUY,2004/7/15,Completed,,,ZAR,,2004/10/4,-16.75,0.000000,0.000000,,Financials,Financials,N,,JP Morgan,,South Africa,,Point-in-time,Point-in-time,Point-in-time,Point-in-time,540566.0,49965.0,540566.0,49965.0,2,2001-02-01,2009-03-31,200,30,3500,100,34.15,1.39166666666667,1652434.1,3240411.7,50.994572695809,6.04217307187445,2566352.0,Large,2004,Full (4/4),1081132.0,540566.0,Public,False,False,False,False,False,False,False,False,False,False,False,False,False,False,False,False,False,False,False,False,False,False,False,False
15188268,BUY,2004/7/15,Completed,,,ZAR,,2004/11/8,-15.64,0.000000,0.000000,,Financials,Financials,N,,JP Morgan,,South Africa,,Point-in-time,Point-in-time,Point-in-time,Point-in-time,96557.898438,17239.0,96557.898438,17239.0,2,2001-02-01,2009-03-31,200,30,3500,100,34.15,1.39166666666667,1652434.1,3240411.7,50.994572695809,6.04217307187445,2566352.0,Large,2004,Full (4/4),193115.796876,96557.898438,Public,False,False,False,False,False,False,False,False,False,False,False,False,False,False,False,False,False,False,False,False,False,False,False,False
15238167,M&A,2004/7/22,Completed,"Company Takeover, Additional Stake Purchase, Tender Offer",Murray & Roberts Holdings Ltd acquired Cementation Co Africa Ltd for ZAR 30.05M. The transaction was announced on 7/22/2004 and completed on 10/19/2004.,ZAR,Cash,2004/10/19,-17.88,79.129997,20.870001,No,Industrials,Industrials,N,Bowman Gilfill,Bridge Cap Advis,Friendly,South Africa,South Africa,Point-in-time,Point-in-time,Point-in-time,Point-in-time,359.4519958496094,1296.2919921875,6302.8,9769.5,2,2001-02-01,2009-03-31,200,30,3500,100,34.15,1.39166666666667,1652434.1,3240411.7,50.994572695809,6.04217307187445,2566352.0,Large,2004,Full (4/4),11065.7919921875,1296.2919921875,Public,True,True,False,False,True,False,False,False,False,False,False,False,False,False,False,False,False,False,False,False,False,False,True,True
15266617,M&A,2004/6/23,Completed,Company Takeover,Ellerine Holdings Ltd acquired Relyant Retail Ltd for ZAR 1888.25M. The transaction was announced on 6/23/2004 and completed on 6/17/2005.,ZAR,Stock,2005/6/17,,0.000000,100.000000,No,Consumer Discretionary,Consumer Discretionary,N,Cliffe Dekker,Andisa Cap LTD/Morgan Stanley,Friendly,South Africa,South Africa,Point-in-time,Point-in-time,Point-in-time,Point-in-time,2264.297119140625,1906.0460205078125,2301.93408203125,1235.6419677734375,2,2001-02-01,2009-03-31,200,30,3500,100,34.15,1.39166666666667,1652434.1,3240411.7,50.994572695809,6.04217307187445,2566352.0,Large,2004,Full (4/4),4566.231201171875,2264.297119140625,Public,True,False,False,False,False,False,False,False,False,False,False,False,False,False,False,False,False,False,False,False,False,False,False,False
152855124,M&A,2017/9/28,Completed,"Company Takeover, Cross Border, Private Equity, PE Exit, PE Seller",Apax Partners LLP sold General Healthcare Group Ltd to Netcare Ltd. The transaction was completed on 9/28/2017. Financial terms of the transaction are undisclosed.,GBP,Cash,2017/9/28,,0.000000,100.000000,No,Health Care,Health Care,N,,,Friendly,South Africa,South Africa,MA-screen (current/latest),Point-in-time,Missing,Point-in-time,6807.63,,30659.0,37796.0,3,2009-04-01,2017-09-30,560,80,6600,190,71.4416666666667,5.28333333333333,5078189.9,4501701.6,112.806008732343,5.4733229100365,15467873.0,Large,2017,Partial (3/4),44603.63,6807.63,Private,True,False,True,False,False,False,True,False,False,False,False,False,True,False,False,True,False,False,False,False,False,True,False,False
155416283,M&A,2017/11/13,Withdrawn,"Cross Border, Majority Purchase","On 11/13/2017, PPC Ltd announced it has received a non-binding expression of interest from CRH Plc for a controlling stake in the company, according to Stock Exchange filling.",ZAR,Cash,2017/12/4,,0.000000,0.000000,No,Materials,Materials,N,,,Friendly,South Africa,Ireland,MA-screen (current/latest),Point-in-time,MA-screen (current/latest),Point-in-time,10106.0,10255.0,33322.1918,27437.28200229888,4,2017-10-01,2026-04-30,600,100,6600,190,71.4416666666667,5.28333333333333,5078189.9,4501701.6,112.806008732343,5.4733229100365,15467873.0,Large,2017,Full (4/4),43577.1918,10255.0,Public,False,False,True,False,False,True,False,False,False,False,False,False,False,False,False,False,False,False,False,False,False,False,True,False
15777596,M&A,2004/9/8,Terminated,"Company Takeover, Tender Offer",Andulela Investment Holdings Ltd announced the acquisition of IFA Hotels & Resorts Ltd for ZAR 6.25M. The transaction was announced on 9/8/2004 and terminated on 12/10/2004.,ZAR,Cash,2004/12/10,16.07,0.000000,100.000000,No,Consumer Discretionary,Financials,N,,Java Capital,Friendly,South Africa,South Africa,Point-in-time,MA-screen (current/latest),Point-in-time,MA-screen (current/latest),12.722000122070312,1.125,714.472,1539.39,2,2001-02-01,2009-03-31,200,30,3500,100,34.15,1.39166666666667,1652434.1,3240411.7,50.994572695809,6.04217307187445,2566352.0,Small,2004,Full (4/4),1552.1120001220704,12.722000122070312,Public,True,False,False,False,True,False,False,False,False,False,False,False,False,False,False,False,False,False,False,False,False,False,False,True
15787861,M&A,2004/9/22,Completed,"Company Takeover, Cross Border, Additional Stake Purchase",Abi Sab Group Holding Ltd acquired Amalgamated Beverage Industries Ltd for ZAR 3684.51M. The transaction was announced on 9/22/2004 and completed on 12/13/2004.,ZAR,Cash,2004/12/13,8.86,73.500000,26.500000,No,Consumer Staples,Consumer Staples,N,Hogan Lovells In/Webber Wentzel/Werksmans,Nedbank Invest,Friendly,South Africa,United Kingdom,Point-in-time,Point-in-time,Point-in-time,Point-in-time,4354.0,4933.0,12250.0,6695.0,2,2001-02-01,2009-03-31,200,30,3500,100,34.15,1.39166666666667,1652434.1,3240411.7,50.994572695809,6.04217307187445,2566352.0,Large,2004,Full (4/4),17183.0,4933.0,Public,True,True,True,False,False,False,False,False,False,False,False,False,False,False,False,False,False,False,False,False,False,False,True,False
15896996,M&A,2004/8/16,Completed,"Company Takeover, Tender Offer",Bytes Technology Group Ltd/South Africa acquired CS Computer Services Holdings Ltd for ZAR 63.28M. The transaction was announced on 8/16/2004 and completed on 12/3/2004.,ZAR,Stock,2004/12/3,,0.000000,100.000000,No,Technology,Technology,N,Werksmans,Cazenove,Friendly,South Africa,South Africa,Point-in-time,Point-in-time,Point-in-time,Point-in-time,319.00299072265625,430.4849853515625,1592.744995,2995.533936,2,2001-02-01,2009-03-31,200,30,3500,100,34.15,1.39166666666667,1652434.1,3240411.7,50.994572695809,6.04217307187445,2566352.0,Intermediate,2004,Full (4/4),3426.0189213515623,430.4849853515625,Public,True,False,False,False,True,False,False,False,False,False,False,False,False,False,False,False,False,False,False,False,False,False,False,True
15933651,INV,2004/8/2,Completed,Minority Purchase,Randgold & Exploration Co Ltd acquired a minority stake in Aflease Gold and Uranium Resources Ltd. The transaction was announced on 8/2/2004 and completed on 9/23/2004.,ZAR,Stock,2004/9/23,,0.000000,29.995001,No,Materials,Materials,N,,,Friendly,South Africa,South Africa,Point-in-time,Point-in-time,Point-in-time,Point-in-time,263.2479858398437,100.96399688720705,1158.219970703125,0.0,2,2001-02-01,2009-03-31,200,30,3500,100,34.15,1.39166666666667,1652434.1,3240411.7,50.994572695809,6.04217307187445,2566352.0,Intermediate,2004,Full (4/4),1421.4679565429688,263.2479858398437,Public,False,False,False,True,False,False,False,False,False,False,False,False,False,False,False,False,False,False,False,False,False,False,True,False
16002862,M&A,2004/10/18,Terminated,"Company Takeover, Tender Offer",Harmony Gold Mining Co Ltd announced the acquisition of Gold Fields Ltd for ZAR 51461.19M. The transaction was announced on 10/18/2004 and terminated on 12/18/2004.,ZAR,Stock,2004/12/18,43.44,0.000000,100.000000,No,Materials,Materials,N,Ashurst LLP/Hogan & Hartson/Osler Hoskin Har/Simpson Thacher/Stikeman Elliott,HSBC Bank PLC/Investec Bank/Merrill Lynch/Morgan Stanley,Hostile,South Africa,South Africa,Point-in-time,Point-in-time,Point-in-time,Point-in-time,2567.9342860462016,1561.1072995288373,15185.0,8995.0,2,2001-02-01,2009-03-31,200,30,3500,100,34.15,1.39166666666667,1652434.1,3240411.7,50.994572695809,6.04217307187445,2566352.0,Large,2004,Full (4/4),17752.934286046202,2567.9342860462016,Public,True,False,False,False,True,False,False,False,False,False,False,False,False,False,False,False,False,False,False,False,False,False,False,True
160144072,BUY,2018/1/24,Completed,,,ZAr,,2018/3/16,-2.91,0.000000,0.000000,,Consumer Staples,Consumer Staples,N,,,,South Africa,,Point-in-time,Point-in-time,Point-in-time,Point-in-time,2254.655,4051.89,2254.655,4051.89,4,2017-10-01,2026-04-30,600,100,6600,190,74.725,4.61666666666667,5363190.4,4571783.4,117.310684491308,3.99329416011343,12701949.0,Large,2018,Full (4/4),8103.78,4051.89,Public,False,False,False,False,False,False,False,False,False,False,False,False,False,False,False,False,False,False,False,False,False,False,False,False
161091834,INV,2018/2/15,Completed,Minority Purchase,Investec Ltd acquired a minority stake in Redefine Properties Ltd. The transaction was completed on 2/15/2018. Financial terms of the transaction are undisclosed.,ZAR,Undisclosed,2018/2/15,,0.000000,5.023800,No,Real Estate,Financials,N,,,Friendly,South Africa,South Africa,Point-in-time,Point-in-time,Point-in-time,Point-in-time,91492.611,7887.034,53534.832,3976.258,4,2017-10-01,2026-04-30,600,100,6600,190,74.725,4.61666666666667,5363190.4,4571783.4,117.310684491308,3.99329416011343,12701949.0,Large,2018,Full (4/4),145027.443,91492.611,Public,False,False,False,True,False,False,False,False,False,False,False,False,False,False,False,False,False,False,False,False,False,False,True,False
161652376,INV,2018/2/28,Completed,"Private Equity, Minority Purchase, Additional Stake Purchase",Public Investment Corp Ltd acquired a minority stake in Tongaat Hulett Pvt Ltd. The transaction was completed on 2/28/2018. Financial terms of the transaction are undisclosed.,ZAR,Undisclosed,2018/2/28,,0.550000,14.467000,No,Consumer Staples,Financials,N,,,Friendly,South Africa,South Africa,Point-in-time,Point-in-time,Point-in-time,Point-in-time,27954.0,17915.0,2665.717,1112.864,4,2017-10-01,2026-04-30,600,100,6600,190,74.725,4.61666666666667,5363190.4,4571783.4,117.310684491308,3.99329416011343,12701949.0,Large,2018,Full (4/4),30619.717,27954.0,Public,False,True,False,True,False,False,True,False,False,False,False,False,False,False,False,False,False,False,False,False,False,True,True,False
16206940,M&A,2004/10/21,Terminated,Company Takeover,Hosken Consolidated Investments Ltd announced the acquisition of Putco Ltd for ZAR 178.10M. The transaction was announced on 10/21/2004 and terminated on 11/3/2004.,ZAR,Cash,2004/11/3,1.51,0.000000,38.000000,No,Industrials,Consumer Discretionary,N,,,Friendly,South Africa,South Africa,Point-in-time,MA-screen (current/latest),Point-in-time,MA-screen (current/latest),482.0079956054688,894.0670166015625,64182.0,24172.5,2,2001-02-01,2009-03-31,200,30,3500,100,34.15,1.39166666666667,1652434.1,3240411.7,50.994572695809,6.04217307187445,2566352.0,Large,2004,Full (4/4),65076.06701660156,894.0670166015625,Public,True,False,False,False,False,False,False,False,False,False,False,False,False,False,False,False,False,False,False,False,False,False,False,False
16259352,BUY,2004/11/15,Pending,,,ZAR,,2005/3/29,-4.85,0.000000,0.000000,,Consumer Discretionary,Consumer Discretionary,N,Taback & Assoc,Standard Bank of,,South Africa,,Point-in-time,Point-in-time,Point-in-time,Point-in-time,4792.10009765625,9500.2998046875,4792.10009765625,9500.2998046875,2,2001-02-01,2009-03-31,200,30,3500,100,34.15,1.39166666666667,1652434.1,3240411.7,50.994572695809,6.04217307187445,2566352.0,Large,2004,Full (4/4),19000.599609375,9500.2998046875,Public,False,False,False,False,False,False,False,False,False,False,False,False,False,False,False,False,False,False,False,False,False,False,False,False
16380606,INV,2004/11/30,Completed,Minority Purchase,African Oxygen Ltd acquired a minority stake in Afrox Healthcare Ltd. The transaction was announced on 11/30/2004 and completed on 3/24/2005.,ZAR,Undisclosed,2005/3/24,,0.000000,25.000000,No,Health Care,Materials,N,Edward Nathan/Hofmeyr Herbstei,Rothschild & Co,Friendly,South Africa,South Africa,Point-in-time,Point-in-time,Point-in-time,Point-in-time,2827.614013671875,4474.8291015625,5212.32421875,2851.06591796875,2,2001-02-01,2009-03-31,200,30,3500,100,34.15,1.39166666666667,1652434.1,3240411.7,50.994572695809,6.04217307187445,2566352.0,Large,2004,Full (4/4),9687.1533203125,4474.8291015625,Public,False,False,False,True,False,False,False,False,False,False,False,False,False,False,False,False,False,False,False,False,False,False,True,False
16411063,M&A,2004/12/1,Completed,Company Takeover,Liberty Group Ltd acquired Capital Alliance Holdings Ltd for ZAR 3434.49M. The transaction was announced on 12/1/2004 and completed on 4/26/2005.,ZAR,Cash,2005/4/26,17.20,0.000000,100.000000,No,Financials,Financials,N,Werksmans,Standard Bank of,Friendly,South Africa,South Africa,Point-in-time,Point-in-time,Point-in-time,Point-in-time,18621.251953125,5976.24609375,96557.898438,17239.0,2,2001-02-01,2009-03-31,200,30,3500,100,34.15,1.39166666666667,1652434.1,3240411.7,50.994572695809,6.04217307187445,2566352.0,Large,2004,Full (4/4),115179.150391125,18621.251953125,Public,True,False,False,False,False,False,False,False,False,False,False,False,False,False,False,False,False,False,False,False,False,False,False,False
16469488,M&A,2004/8/20,Completed,Company Takeover,KAP Ltd acquired Glodina Holdings Ltd for ZAR 78.42M. The transaction was announced on 8/20/2004 and completed on 11/30/2004.,ZAR,Stock,2004/11/30,,0.000000,100.000000,No,Consumer Discretionary,Consumer Discretionary,N,Hofmeyr Herbstei,PSG Invt Bank,Friendly,South Africa,South Africa,Point-in-time,Point-in-time,Point-in-time,Point-in-time,146.53700256347656,166.70399475097656,404.122009,1158.366943,2,2001-02-01,2009-03-31,200,30,3500,100,34.15,1.39166666666667,1652434.1,3240411.7,50.994572695809,6.04217307187445,2566352.0,Intermediate,2004,Full (4/4),1325.0709377509766,166.70399475097656,Public,True,False,False,False,False,False,False,False,False,False,False,False,False,False,False,False,False,False,False,False,False,False,False,False
16587289,M&A,2004/12/17,Completed,"Private Equity, Majority Purchase, Additional Stake Purchase",Fabvest Investment Holdings Ltd sold Tsogo Sun Limited to Hosken Consolidated Investments Ltd for ZAR 412.12M. The transaction was completed on 12/17/2004.,ZAR,Cash,2004/12/17,,32.000000,19.000000,No,Consumer Discretionary,Consumer Discretionary,N,,,Friendly,South Africa,South Africa,Point-in-time,MA-screen (current/latest),Point-in-time,MA-screen (current/latest),1239.60302734375,903.9030151367188,64182.0,24172.5,2,2001-02-01,2009-03-31,200,30,3500,100,34.15,1.39166666666667,1652434.1,3240411.7,50.994572695809,6.04217307187445,2566352.0,Large,2004,Full (4/4),65421.60302734375,1239.60302734375,Public,False,True,False,False,False,True,True,False,False,False,False,False,False,False,False,False,False,False,False,False,False,True,True,False
168302916,M&A,2018/5/18,Withdrawn,Company Takeover,"On 08/08/2018, following the acquisition by ATON GmbH of an approximately 25% shareholding in Aveng, Murray & Roberts Holdings announced the withdrawal of the deal. On 05/18/2018, Murray & Roberts Holdings Ltd announced their intention to  make a takeover offer to Aveng Ltd for ZAR 1,000.00M.",ZAR,Undisclosed,2018/8/8,,0.000000,100.000000,No,Industrials,Materials,N,,,Friendly,South Africa,South Africa,Point-in-time,Point-in-time,Point-in-time,Point-in-time,17687.0,23456.0,14203.0,21397.3,4,2017-10-01,2026-04-30,600,100,6600,190,74.725,4.61666666666667,5363190.4,4571783.4,117.310684491308,3.99329416011343,12701949.0,Large,2018,Full (4/4),44853.3,23456.0,Public,True,False,False,False,False,False,False,False,False,False,False,False,False,False,False,False,False,False,False,False,False,False,False,False
168665742,INV,2017/6/22,Completed,"Private Placement, Minority Purchase","On 06/22/2017, Remgro Ltd announced that New Distell (Business Venture Investments No 1997 Pty Ltd) will issue unlisted voting shares (B Shares) to Remgro. The B Shares and accompanying Stapled Ordinary Shares will provide Remgro with a 52.8% voting interest in New Distell.",ZAR,Cash,2018/5/21,,0.000000,31.400000,No,Consumer Staples,Financials,N,,HSBC,Friendly,South Africa,South Africa,Point-in-time,Point-in-time,Point-in-time,Point-in-time,19941.891,21470.12,109100.0,27697.0,3,2009-04-01,2017-09-30,560,80,6600,190,71.4416666666667,5.28333333333333,5078189.9,4501701.6,112.806008732343,5.4733229100365,15467873.0,Large,2017,Full (4/4),130570.12,21470.12,Public,False,False,False,True,False,False,False,False,True,False,False,False,False,False,False,False,False,False,False,False,False,False,True,False
168842872,M&A,2017/6/22,Completed,Company Takeover,Distell Group Holdings Ltd acquired Capevin Holdings Ltd for ZAR 7615.50M. The transaction was announced on 6/22/2017 and completed on 6/5/2018.,ZAR,Stock,2018/6/5,-1.00,0.000000,100.000000,No,Consumer Staples,Consumer Staples,N,,,Friendly,South Africa,South Africa,Point-in-time,Point-in-time,Point-in-time,Point-in-time,2868.314,0.0,19941.891,21470.12,3,2009-04-01,2017-09-30,560,80,6600,190,71.4416666666667,5.28333333333333,5078189.9,4501701.6,112.806008732343,5.4733229100365,15467873.0,Large,2017,Full (4/4),24338.433999999997,2868.314,Public,True,False,False,False,False,False,False,False,False,False,False,False,False,False,False,False,False,False,False,False,False,False,False,False
16913340,INV,2005/1/21,Completed,Minority Purchase,Bidvest Group Ltd/The acquired a minority stake in Tiger Wheels Ltd. The transaction was completed on 1/21/2005.,ZAR,Cash,2005/1/21,-10.28,0.000000,17.000000,No,Consumer Discretionary,Consumer Staples,N,,Investec Bank,Friendly,South Africa,South Africa,Point-in-time,Point-in-time,Point-in-time,Point-in-time,1962.447,3181.58,17949.024,51262.212,2,2001-02-01,2009-03-31,200,30,3500,100,35.275,3.4,1837001.4,3411409.9,53.8487444736559,5.5970108718677,3586112.0,Large,2005,Full (4/4),54443.792,3181.58,Public,False,False,False,True,False,False,False,False,False,False,False,False,False,False,False,False,False,False,False,False,False,False,True,False
16913376,BUY,2005/1/20,Pending,,,ZAR,,,,0.000000,0.000000,,Consumer Discretionary,Consumer Discretionary,N,,Sasfin Frankel,,South Africa,,Point-in-time,Point-in-time,Point-in-time,Point-in-time,369.4089965820313,600.7119750976562,369.4089965820313,600.7119750976562,2,2001-02-01,2009-03-31,200,30,3500,100,35.275,3.4,1837001.4,3411409.9,53.8487444736559,5.5970108718677,3586112.0,Intermediate,2005,Full (4/4),1201.4239501953125,600.7119750976562,Public,False,False,False,False,False,False,False,False,False,False,False,False,False,False,False,False,False,False,False,False,False,False,False,False
16913392,BUY,2005/1/20,Pending,,,ZAR,,,,0.000000,0.000000,,Consumer Discretionary,Consumer Discretionary,N,,Sasfin Frankel,,South Africa,,Point-in-time,Point-in-time,Point-in-time,Point-in-time,369.4089965820313,600.7119750976562,369.4089965820313,600.7119750976562,2,2001-02-01,2009-03-31,200,30,3500,100,35.275,3.4,1837001.4,3411409.9,53.8487444736559,5.5970108718677,3586112.0,Intermediate,2005,Full (4/4),1201.4239501953125,600.7119750976562,Public,False,False,False,False,False,False,False,False,False,False,False,False,False,False,False,False,False,False,False,False,False,False,False,False
16913680,BUY,2005/1/19,Pending,,,ZAR,,2005/4/11,3.85,0.000000,0.000000,,Industrials,Industrials,N,Werksmans,Deloitte Touche/Ernst & Young/Investec Bank,,South Africa,,Point-in-time,Point-in-time,Point-in-time,Point-in-time,533.0999755859375,916.8150024414062,533.0999755859375,916.8150024414062,2,2001-02-01,2009-03-31,200,30,3500,100,35.275,3.4,1837001.4,3411409.9,53.8487444736559,5.5970108718677,3586112.0,Intermediate,2005,Full (4/4),1833.6300048828125,916.8150024414062,Public,False,False,False,False,False,False,False,False,False,False,False,False,False,False,False,False,False,False,False,False,False,False,False,False
169568203,M&A,2017/12/20,Completed,"Company Takeover, Cross Border",Distell Group Holdings Ltd sold Bisquit Dubouche ET Cie to Davide Campari-Milano NV for EUR 52.50M. The transaction was announced on 12/20/2017 and completed on 3/31/2018.,EUR,Undisclosed,2018/3/31,,0.000000,100.000000,No,Consumer Staples,Consumer Staples,N,,,Friendly,South Africa,Italy,Point-in-time,Point-in-time,Point-in-time,Point-in-time,79.757739,19.338537,4549.9,1726.5,4,2017-10-01,2026-04-30,600,100,6600,190,71.4416666666667,5.28333333333333,5078189.9,4501701.6,112.806008732343,5.4733229100365,15467873.0,Small,2017,Full (4/4),4629.657738999999,79.757739,Private,True,False,True,False,False,False,False,False,False,False,False,False,False,False,False,False,False,False,False,False,False,False,False,False
170403689,M&A,2018/11/23,Completed,"Company Takeover, Cross Border","Capitec Bank Holdings Ltd announced the acquisition of Mercantile Bank Holdings Ltd. The deal was announced on 11/22/2018 and is currently pending. On 06/19/2018, it was reported that the government made public the names of four parties including Grindrod Bank Ltd and Arise B.V as potential b...",ZAR,Cash,2019/11/7,,0.000000,100.000000,No,Financials,Financials,N,,,Friendly,South Africa,South Africa,MA-screen (current/latest),Point-in-time,MA-screen (current/latest),Point-in-time,6215.27,804.09,73357.897,20928.76,4,2017-10-01,2026-04-30,600,100,6600,190,74.725,4.61666666666667,5363190.4,4571783.4,117.310684491308,3.99329416011343,12701949.0,Large,2018,Full (4/4),79573.167,6215.27,Public,True,False,True,False,False,False,False,False,False,False,False,False,False,False,False,False,False,False,False,False,False,False,False,False
17127611,M&A,2004/12/6,Completed,"Company Takeover, Cross Border",Metcash Ltd acquired Metoz Holdings Ltd for ZAR 5886.36M. The transaction was announced on 12/6/2004 and completed on 4/19/2005.,ZAR,Cash,2005/4/19,40.64,0.000000,100.000000,No,Consumer Staples,Consumer Staples,N,Webber Wentzel,Deutsche Bank,Friendly,South Africa,Australia,Point-in-time,Point-in-time,Point-in-time,Point-in-time,9337.501953125,51763.640625,1391.520996,6695.519043,2,2001-02-01,2009-03-31,200,30,3500,100,34.15,1.39166666666667,1652434.1,3240411.7,50.994572695809,6.04217307187445,2566352.0,Large,2004,Full (4/4),58459.159668,51763.640625,Public,True,False,True,False,False,False,False,False,False,False,False,False,False,False,False,False,False,False,False,False,False,False,False,False
17161643,M&A,2005/2/15,Completed,"Company Takeover, Additional Stake Purchase",Winhold Ltd acquired Inmins Ltd for ZAR 52.71M. The transaction was announced on 2/15/2005 and completed on 5/16/2005.,ZAR,Stock,2005/5/16,-9.07,60.000000,40.000000,No,Industrials,Materials,N,Fluxmans,,Friendly,South Africa,South Africa,Missing,Point-in-time,Point-in-time,Point-in-time,,440.5299987792969,299.4150085449219,734.8809814453125,2,2001-02-01,2009-03-31,200,30,3500,100,35.275,3.4,1837001.4,3411409.9,53.8487444736559,5.5970108718677,3586112.0,Intermediate,2005,Partial (3/4),1175.4109802246094,440.5299987792969,Public,True,True,False,False,False,False,False,False,False,False,False,False,False,False,False,False,False,False,False,False,False,False,True,False
17203439,M&A,2005/2/21,Completed,"Cross Border, Majority Purchase, Additional Stake Purchase",Saab AB acquired Grintek Ltd for ZAR 178.47M. The transaction was announced on 2/21/2005 and completed on 5/16/2005.,ZAR,Cash,2005/5/16,14.16,21.200001,48.799999,No,Industrials,Industrials,N,Edward Nathan,Nedbank Capital,Friendly,South Africa,Sweden,Point-in-time,Point-in-time,Point-in-time,Point-in-time,1226.66796875,1406.4189453125,27509.0,17848.0,2,2001-02-01,2009-03-31,200,30,3500,100,35.275,3.4,1837001.4,3411409.9,53.8487444736559,5.5970108718677,3586112.0,Large,2005,Full (4/4),28915.4189453125,1406.4189453125,Public,False,True,True,False,False,True,False,False,False,False,False,False,False,False,False,False,False,False,False,False,False,False,True,False
17708145,BUY,2005/4/7,Pending,,,ZAR,,2005/6/27,-3.65,0.000000,0.000000,,Consumer Discretionary,Consumer Discretionary,N,,,,South Africa,,Point-in-time,Point-in-time,Point-in-time,Point-in-time,23225.0,35150.0,23225.0,35150.0,2,2001-02-01,2009-03-31,200,30,3500,100,35.275,3.4,1837001.4,3411409.9,53.8487444736559,5.5970108718677,3586112.0,Large,2005,Full (4/4),70300.0,35150.0,Public,False,False,False,False,False,False,False,False,False,False,False,False,False,False,False,False,False,False,False,False,False,False,False,False
177868363,INV,2018/9/18,Pending,Minority Purchase,Naspers Ltd announced the acquisition of a minority stake in WBC Holdings Pty Ltd. The transaction was announced on 9/18/2018 and is currently pending.,ZAR,Undisclosed,,,0.000000,0.000000,No,Financials,Communications,N,,,Friendly,South Africa,South Africa,MA-screen (current/latest),Point-in-time,MA-screen (current/latest),Point-in-time,5352.69,26656.2,21930.0,6098.0,4,2017-10-01,2026-04-30,600,100,6600,190,74.725,4.61666666666667,5363190.4,4571783.4,117.310684491308,3.99329416011343,12701949.0,Large,2018,Full (4/4),48586.2,26656.2,Public,False,False,False,True,False,False,False,False,False,False,False,False,False,False,False,False,False,False,False,False,False,False,True,False
17859440,M&A,2005/4/26,Completed,Majority Purchase,Massmart Holdings Ltd acquired Moresport Holdings Ltd for ZAR 403.80M. The transaction was announced on 4/26/2005 and completed on 7/26/2005.,ZAR,Cash,2005/7/26,,0.000000,84.099998,No,Consumer Discretionary,Consumer Staples,N,,,Friendly,South Africa,South Africa,MA-screen (current/latest),Point-in-time,MA-screen (current/latest),Point-in-time,302.782,520.01,7040.4,23943.9,2,2001-02-01,2009-03-31,200,30,3500,100,35.275,3.4,1837001.4,3411409.9,53.8487444736559,5.5970108718677,3586112.0,Large,2005,Full (4/4),24463.91,520.01,Public,False,False,False,False,False,True,False,False,False,False,False,False,False,False,False,False,False,False,False,False,False,False,True,False
17929477,BUY,2005/4/29,Pending,,,ZAR,,2005/7/4,-13.00,0.000000,0.000000,,Materials,Materials,N,Bowman Gilfill,Standard Bank of,,South Africa,,Point-in-time,Point-in-time,Point-in-time,Point-in-time,5631.35400390625,2921.362060546875,5631.35400390625,2921.362060546875,2,2001-02-01,2009-03-31,200,30,3500,100,35.275,3.4,1837001.4,3411409.9,53.8487444736559,5.5970108718677,3586112.0,Large,2005,Full (4/4),11262.7080078125,5631.35400390625,Public,False,False,False,False,False,False,False,False,False,False,False,False,False,False,False,False,False,False,False,False,False,False,False,False
18007045,M&A,2005/5/9,Completed,"Cross Border, Majority Purchase, Tender Offer",Barclays PLC acquired Absa Group Ltd for ZAR 29472.71M. The transaction was announced on 5/9/2005 and completed on 7/25/2005.,ZAR,Cash,2005/7/25,7.00,0.000000,53.959999,No,Financials,Financials,N,Clifford Chance/Deneys Reitz,Barclays Capital/JP Morgan,Friendly,South Africa,United Kingdom,Point-in-time,Point-in-time,Point-in-time,Point-in-time,306848.0,39654.0,538181.0,21817.0,2,2001-02-01,2009-03-31,200,30,3500,100,35.275,3.4,1837001.4,3411409.9,53.8487444736559,5.5970108718677,3586112.0,Large,2005,Full (4/4),845029.0,306848.0,Public,False,False,True,False,True,True,False,False,False,False,False,False,False,False,False,False,False,False,False,False,False,False,True,True
18024920,BUY,2004/11/4,Completed,,,ZAR,,2005/5/9,-8.73,0.000000,0.000000,,Financials,Financials,N,Deneys Reitz/MJ King Inc,Firstrand Bank/Rothschild & Co,,South Africa,,Point-in-time,Point-in-time,Point-in-time,Point-in-time,393674.0,34830.0,393674.0,34830.0,2,2001-02-01,2009-03-31,200,30,3500,100,34.15,1.39166666666667,1652434.1,3240411.7,50.994572695809,6.04217307187445,2566352.0,Large,2004,Full (4/4),787348.0,393674.0,Public,False,False,False,False,False,False,False,False,False,False,False,False,False,False,False,False,False,False,False,False,False,False,False,False
180627567,M&A,2018/11/2,Completed,"Company Takeover, Cross Border",Seche Environnement SA acquired Interwaste Holdings Ltd for ZAR 674.97M. The transaction was announced on 11/2/2018 and completed on 3/5/2019.,ZAR,Cash,2019/3/5,31.15,0.000000,100.000000,No,Industrials,Industrials,N,,,Friendly,South Africa,France,Point-in-time,Point-in-time,Point-in-time,Point-in-time,1082.084,1033.085,877.262,534.464,4,2017-10-01,2026-04-30,600,100,6600,190,74.725,4.61666666666667,5363190.4,4571783.4,117.310684491308,3.99329416011343,12701949.0,Intermediate,2018,Full (4/4),1959.346,1082.084,Public,True,False,True,False,False,False,False,False,False,False,False,False,False,False,False,False,False,False,False,False,False,False,False,False
18135461,M&A,2005/5/20,Completed,Company Takeover,FirstRand Ltd acquired Sage Group Ltd for ZAR 642.40M. The transaction was announced on 5/20/2005 and completed on 9/13/2005.,ZAR,Cash,2005/9/13,-2.91,0.000000,100.000000,No,Financials,Financials,N,Hofmeyr Herbstei,Firstrand Bank,Friendly,South Africa,South Africa,Point-in-time,Point-in-time,Point-in-time,Point-in-time,8970.200195,2790.0,424867.0,31752.0,2,2001-02-01,2009-03-31,200,30,3500,100,35.275,3.4,1837001.4,3411409.9,53.8487444736559,5.5970108718677,3586112.0,Large,2005,Full (4/4),433837.200195,8970.200195,Public,True,False,False,False,False,False,False,False,False,False,False,False,False,False,False,False,False,False,False,False,False,False,False,False
18161831,INV,2005/5/23,Completed,Minority Purchase,Absa Group Ltd acquired a minority stake in Vunani Ltd. The transaction was completed on 5/23/2005. Financial terms of the transaction are undisclosed.,ZAR,Undisclosed,2005/5/23,,0.000000,20.000000,No,Financials,Financials,N,,,Friendly,South Africa,South Africa,MA-screen (current/latest),Point-in-time,MA-screen (current/latest),Point-in-time,1989.22,808.796,306848.0,39654.0,2,2001-02-01,2009-03-31,200,30,3500,100,35.275,3.4,1837001.4,3411409.9,53.8487444736559,5.5970108718677,3586112.0,Large,2005,Full (4/4),308837.22,1989.22,Public,False,False,False,True,False,False,False,False,False,False,False,False,False,False,False,False,False,False,False,False,False,False,True,False
181766307,INV,2018/11/23,Completed,Minority Purchase,Old Mutual Ltd acquired a minority stake in Quantum Foods Holdings Ltd. The transaction was completed on 11/23/2018. Financial terms of the transaction are undisclosed.,ZAR,Undisclosed,2018/11/23,,0.000000,5.410000,No,Consumer Staples,Financials,N,,,Friendly,South Africa,South Africa,Point-in-time,Point-in-time,Point-in-time,Point-in-time,2254.655,4051.89,3046886.0,174210.0,4,2017-10-01,2026-04-30,600,100,6600,190,74.725,4.61666666666667,5363190.4,4571783.4,117.310684491308,3.99329416011343,12701949.0,Large,2018,Full (4/4),3050937.89,4051.89,Public,False,False,False,True,False,False,False,False,False,False,False,False,False,False,False,False,False,False,False,False,False,False,True,False
182094098,INV,2018/11/29,Completed,Additional Stake Purchase,Public Investment Corp Ltd acquired MTN Group Ltd. The transaction was completed on 11/29/2018. Financial terms of the transaction are undisclosed.,ZAR,Undisclosed,2018/11/29,,0.220000,24.738001,No,Communications,Financials,N,,,Friendly,South Africa,South Africa,Point-in-time,Point-in-time,Point-in-time,Point-in-time,244282.0,132869.0,2665.717,1112.864,4,2017-10-01,2026-04-30,600,100,6600,190,74.725,4.61666666666667,5363190.4,4571783.4,117.310684491308,3.99329416011343,12701949.0,Large,2018,Full (4/4),246947.717,244282.0,Public,False,True,False,False,False,False,False,False,False,False,False,False,False,False,False,False,False,False,False,False,False,False,True,False
182480482,INV,2018/12/4,Completed,Minority Purchase,Investec Ltd acquired a minority stake in Truworths International Ltd. The transaction was completed on 12/4/2018. Financial terms of the transaction are undisclosed.,ZAR,Undisclosed,2018/12/4,,0.000000,5.345000,No,Consumer Discretionary,Financials,N,,,Friendly,South Africa,South Africa,Point-in-time,Point-in-time,Point-in-time,Point-in-time,16139.0,18065.0,53534.832,3976.258,4,2017-10-01,2026-04-30,600,100,6600,190,74.725,4.61666666666667,5363190.4,4571783.4,117.310684491308,3.99329416011343,12701949.0,Large,2018,Full (4/4),71599.832,18065.0,Public,False,False,False,True,False,False,False,False,False,False,False,False,False,False,False,False,False,False,False,False,False,False,True,False
183132885,M&A,2018/12/14,Completed,"PE Buyout, Company Takeover, Cross Border, Private Equity",Stellar Capital Partners Ltd sold Amalgamated Electronic Corp Ltd to Carlyle Group Inc/The for ZAR 413.00M. The transaction was announced on 12/14/2018 and completed on 6/24/2019.,ZAR,Cash,2019/6/24,,0.000000,100.000000,No,Industrials,Financials,N,Latham & Watkins,,Friendly,South Africa,United States,MA-screen (current/latest),Point-in-time,MA-screen (current/latest),Point-in-time,164.709,131.28,12280.6,3764.6,4,2017-10-01,2026-04-30,600,100,6600,190,74.725,4.61666666666667,5363190.4,4571783.4,117.310684491308,3.99329416011343,12701949.0,Intermediate,2018,Full (4/4),12445.309000000001,164.709,Public,True,False,True,False,False,False,True,False,False,False,True,False,False,False,False,False,False,False,False,False,False,True,False,False
183632132,INV,2018/12/20,Completed,Additional Stake Purchase,Public Investment Corp Ltd acquired Pick n Pay Stores Ltd. The transaction was completed on 12/20/2018. Financial terms of the transaction are undisclosed.,ZAR,Undisclosed,2018/12/20,,0.640000,9.503000,No,Consumer Staples,Financials,N,,,Friendly,South Africa,South Africa,Point-in-time,Point-in-time,Point-in-time,Point-in-time,17791.8,77486.1,2665.717,1112.864,4,2017-10-01,2026-04-30,600,100,6600,190,74.725,4.61666666666667,5363190.4,4571783.4,117.310684491308,3.99329416011343,12701949.0,Large,2018,Full (4/4),80151.81700000001,77486.1,Public,False,True,False,False,False,False,False,False,False,False,False,False,False,False,False,False,False,False,False,False,False,False,True,False
18380116,M&A,2005/6/2,Completed,"Company Takeover, Additional Stake Purchase, Tender Offer",Invicta Holdings Ltd acquired Bearing Man Ltd/South Africa for ZAR 333.95M. The transaction was announced on 6/2/2005 and completed on 9/2/2005.,ZAR,Cash or Stock,2005/9/2,2.33,60.650002,39.349998,No,Consumer Discretionary,Consumer Discretionary,N,,,Friendly,South Africa,South Africa,Point-in-time,Point-in-time,Point-in-time,Point-in-time,535.025,1009.305,967.8460083007812,2069.1630859375,2,2001-02-01,2009-03-31,200,30,3500,100,35.275,3.4,1837001.4,3411409.9,53.8487444736559,5.5970108718677,3586112.0,Intermediate,2005,Full (4/4),3078.4680859375,1009.305,Public,True,True,False,False,True,False,False,False,False,False,False,False,False,False,False,False,False,False,False,False,False,False,True,True
18453570,BUY,2005/3/17,Pending,,,ZAR,,2005/6/27,-1.02,0.000000,0.000000,,Health Care,Health Care,N,Werksmans,Investec Bank,,South Africa,,Point-in-time,Point-in-time,Point-in-time,Point-in-time,2109.656,2201.721,2109.656,2201.721,2,2001-02-01,2009-03-31,200,30,3500,100,35.275,3.4,1837001.4,3411409.9,53.8487444736559,5.5970108718677,3586112.0,Large,2005,Full (4/4),4403.442,2201.721,Public,False,False,False,False,False,False,False,False,False,False,False,False,False,False,False,False,False,False,False,False,False,False,False,False
184682235,M&A,2019/1/4,Completed,"Cross Border, Majority Purchase",Helios Fairfax Partners Corp acquired Consolidated Infrastructure Group Ltd for ZAR 2293.45M. The transaction was announced on 1/4/2019 and completed on 3/18/2020.,ZAR,Cash,2020/3/18,16.62,0.000000,50.450001,No,Industrials,Financials,N,,,Friendly,South Africa,Canada,Point-in-time,Point-in-time,Point-in-time,Point-in-time,5331.929,3136.518,643.83,-42.108,4,2017-10-01,2026-04-30,600,100,6600,190,77.8,4.14166666666667,5625206.5,4583667.1,122.722841281384,4.61352417603231,17459094.0,Intermediate,2019,Full (4/4),5975.759,5331.929,Public,False,False,True,False,False,True,False,False,False,False,False,False,False,False,False,False,False,False,False,False,False,False,True,False
185660916,INV,2019/1/24,Completed,Additional Stake Purchase,Tiger Brands Ltd sold Oceana Group Ltd to Brimstone Investment Corp Ltd for ZAR 581.44M. The transaction was announced on 1/24/2019 and completed on 3/20/2019.,ZAR,Cash,2019/3/20,,16.980000,5.900000,No,Consumer Staples,Consumer Staples,N,Cliffe Dekker Ho,Nedbank Ltd,Friendly,South Africa,South Africa,Point-in-time,Point-in-time,Point-in-time,Point-in-time,10699.481,7657.311,10896.551,3376.655,4,2017-10-01,2026-04-30,600,100,6600,190,77.8,4.14166666666667,5625206.5,4583667.1,122.722841281384,4.61352417603231,17459094.0,Large,2019,Full (4/4),21596.032,10699.481,Public,False,True,False,False,False,False,False,False,False,False,False,False,False,False,False,False,False,False,False,False,False,False,True,False
18587964,M&A,2005/7/1,Terminated,"Company Takeover, Additional Stake Purchase, Tender Offer",Hosken Consolidated Investments Ltd announced the acquisition of Johnnic Holdings Ltd for ZAR 1781.23M. The transaction was announced on 7/1/2005 and terminated on 10/21/2005.,ZAR,Cash or Stock,2005/10/21,14.80,39.799999,60.200001,No,Real Estate,Consumer Discretionary,N,Hogan & Hartson,,Hostile,South Africa,South Africa,Point-in-time,Point-in-time,Point-in-time,Point-in-time,4445.9,2788.8,2320.958,877.969,2,2001-02-01,2009-03-31,200,30,3500,100,35.275,3.4,1837001.4,3411409.9,53.8487444736559,5.5970108718677,3586112.0,Large,2005,Full (4/4),6766.858,4445.9,Private,True,True,False,False,True,False,False,False,False,False,False,False,False,False,False,False,False,False,False,False,False,False,True,True
18604639,M&A,2005/7/5,Completed,"Company Takeover, Cross Border",Uranium One Inc acquired Aflease Gold and Uranium Resources Ltd for ZAR 1604.47M. The transaction was announced on 7/5/2005 and completed on 12/16/2005.,ZAR,Stock,2005/12/16,5.87,0.000000,100.000000,No,Materials,Materials,N,,RBC Capital Mkts,Friendly,South Africa,Canada,Point-in-time,MA-screen (current/latest),Point-in-time,Missing,337.25799560546875,16.128000259399414,80.894,,2,2001-02-01,2009-03-31,200,30,3500,100,35.275,3.4,1837001.4,3411409.9,53.8487444736559,5.5970108718677,3586112.0,Intermediate,2005,Partial (3/4),418.15199560546876,337.25799560546875,Public,True,False,True,False,False,False,False,False,False,False,False,False,False,False,False,False,False,False,False,False,False,False,False,False
186612286,INV,2019/1/31,Completed,"Cross Border, Minority Purchase",Volcan Investments Ltd sold a minority stake in Anglo American PLC to Vedanta Ltd. The transaction was announced on 1/31/2019 and completed on 12/31/2018.,USD,Cash,2018/12/31,,0.000000,0.000000,No,Materials,Materials,N,,,Friendly,South Africa,India,Point-in-time,Point-in-time,Point-in-time,Point-in-time,52196.0,27610.0,1845850.0,909540.0,4,2017-10-01,2026-04-30,600,100,6600,190,77.8,4.14166666666667,5625206.5,4583667.1,122.722841281384,4.61352417603231,17459094.0,Large,2019,Full (4/4),1898046.0,52196.0,Public,False,False,True,True,False,False,False,False,False,False,False,False,False,False,False,False,False,False,False,False,False,False,True,False
187259078,INV,2019/2/14,Completed,Minority Purchase,Investec Ltd acquired a minority stake in Impala Platinum Holdings Ltd. The transaction was completed on 2/14/2019. Financial terms of the transaction are undisclosed.,ZAR,Undisclosed,2019/2/14,,0.000000,15.083800,No,Materials,Financials,N,,,Friendly,South Africa,South Africa,Point-in-time,Point-in-time,Point-in-time,Point-in-time,66168.0,35854.0,57616.844,4309.538,4,2017-10-01,2026-04-30,600,100,6600,190,77.8,4.14166666666667,5625206.5,4583667.1,122.722841281384,4.61352417603231,17459094.0,Large,2019,Full (4/4),123784.844,66168.0,Public,False,False,False,True,False,False,False,False,False,False,False,False,False,False,False,False,False,False,False,False,False,False,True,False
18761262,M&A,2005/7/21,Completed,Company Takeover,ApexHi Properties Ltd acquired Prima Property Trust for ZAR 1157.68M. The transaction was announced on 7/21/2005 and completed on 2/27/2006.,ZAR,Cash and Stock,2006/2/27,,0.000000,100.000000,No,N.A.,Real Estate,N,Java Capital,Ernst & Young,Friendly,South Africa,South Africa,Point-in-time,Point-in-time,Point-in-time,Point-in-time,535.260986328125,56.39099884033203,3158.727051,684.197998,2,2001-02-01,2009-03-31,200,30,3500,100,35.275,3.4,1837001.4,3411409.9,53.8487444736559,5.5970108718677,3586112.0,Large,2005,Full (4/4),3693.988037328125,535.260986328125,Public,True,False,False,False,False,False,False,False,False,False,False,False,False,False,False,False,False,False,False,False,False,False,False,False
187906618,INV,2019/2/26,Withdrawn,Minority Purchase,Thibault Square Financial Services Pty Ltd announced the sale of a minority stake in Shoprite Holdings Ltd to Shoprite Holdings Ltd. Financial terms of the transaction are undisclosed.,ZAR,Cash,2019/8/26,,0.000000,32.299999,No,Consumer Staples,Consumer Staples,N,,,Friendly,South Africa,South Africa,Point-in-time,Point-in-time,Point-in-time,Point-in-time,78190.0,145104.0,78190.0,145104.0,4,2017-10-01,2026-04-30,600,100,6600,190,77.8,4.14166666666667,5625206.5,4583667.1,122.722841281384,4.61352417603231,17459094.0,Large,2019,Full (4/4),290208.0,145104.0,Public,False,False,False,True,False,False,False,False,False,False,False,False,False,False,False,False,False,False,False,False,False,False,True,False
18857460,M&A,2005/8/1,Completed,"Company Takeover, Tender Offer",JD Group Ltd/South Africa acquired Connection Group Holdings Ltd for ZAR 489.63M. The transaction was announced on 8/1/2005 and completed on 12/9/2005.,ZAR,Cash,2005/12/9,21.03,0.000000,100.000000,No,Consumer Discretionary,Consumer Discretionary,N,Feinsteins Attor,ABSA Corp Merch,Friendly,South Africa,South Africa,Point-in-time,Point-in-time,Point-in-time,Point-in-time,258.7950134277344,790.927001953125,7739.0,9056.0,2,2001-02-01,2009-03-31,200,30,3500,100,35.275,3.4,1837001.4,3411409.9,53.8487444736559,5.5970108718677,3586112.0,Large,2005,Full (4/4),9846.927001953125,790.927001953125,Public,True,False,False,False,True,False,False,False,False,False,False,False,False,False,False,False,False,False,False,False,False,False,False,True
18958812,M&A,2005/8/10,Completed,"Company Takeover, Additional Stake Purchase",Sanlam Ltd acquired African Life Assurance Co Ltd for ZAR 2101.01M. The transaction was announced on 8/10/2005 and completed on 2/17/2006.,ZAR,Cash,2006/2/17,3.18,20.500000,79.500000,No,Financials,Financials,N,Jowell Glyn Mara,ABSA Bk Ltd,Friendly,South Africa,South Africa,Point-in-time,Point-in-time,Point-in-time,Point-in-time,14266.2,2851.2,225280.0,67622.0,2,2001-02-01,2009-03-31,200,30,3500,100,35.275,3.4,1837001.4,3411409.9,53.8487444736559,5.5970108718677,3586112.0,Large,2005,Full (4/4),239546.2,14266.2,Public,True,True,False,False,False,False,False,False,False,False,False,False,False,False,False,False,False,False,False,False,False,False,True,False
189995785,M&A,2019/3/28,Completed,"Cross Border, Majority Purchase",Steinhoff International Holdings NV sold Unitrans Ltd/South Africa to Toyota Tsusho Corp. The transaction was announced on 3/28/2019 and completed on 11/27/2019. Financial terms of the transaction are undisclosed.,EUR,Undisclosed,2019/11/27,,0.000000,74.900002,No,Industrials,Materials,N,,,Friendly,South Africa,Japan,MA-screen (current/latest),Point-in-time,MA-screen (current/latest),Point-in-time,5078.01,13401.2,4310043.0,6491035.0,4,2017-10-01,2026-04-30,600,100,6600,190,77.8,4.14166666666667,5625206.5,4583667.1,122.722841281384,4.61352417603231,17459094.0,Large,2019,Full (4/4),6504436.2,13401.2,Public,False,False,True,False,False,True,False,False,False,False,False,False,False,False,False,False,False,False,False,False,False,False,True,False
190868005,M&A,2019/7/8,Completed,"Company Takeover, Additional Stake Purchase",Fairvest Ltd acquired Arrowhead Properties Ltd/Old for ZAR 1958.62M. The transaction was announced on 7/8/2019 and completed on 9/25/2019.,ZAR,Stock,2019/9/25,,53.299999,46.700001,No,Real Estate,Real Estate,N,Cliffe Dekker Ho,Nedbank Ltd,Friendly,South Africa,South Africa,Point-in-time,Point-in-time,Point-in-time,Point-in-time,17076.566894,2509.642212,17076.566894,2509.642212,4,2017-10-01,2026-04-30,600,100,6600,190,77.8,4.14166666666667,5625206.5,4583667.1,122.722841281384,4.61352417603231,17459094.0,Large,2019,Full (4/4),34153.133788,17076.566894,Public,True,True,False,False,False,False,False,False,False,False,False,False,False,False,False,False,False,False,False,False,False,False,True,False
19109766,INV,2005/8/29,Completed,Minority Purchase,Foschini Group Ltd/The sold a minority stake in BNP Paribas Personal Finance South Africa Ltd to Standard Bank Group Ltd. The transaction was announced on 8/29/2005 and completed on 11/30/2005.,ZAR,Undisclosed,2005/11/30,,0.000000,25.000000,No,Financials,Financials,N,,,Friendly,South Africa,South Africa,MA-screen (current/latest),Point-in-time,MA-screen (current/latest),Point-in-time,14945.1,4237.01,620173.0,57793.0,2,2001-02-01,2009-03-31,200,30,3500,100,35.275,3.4,1837001.4,3411409.9,53.8487444736559,5.5970108718677,3586112.0,Large,2005,Full (4/4),635118.1,14945.1,Private,False,False,False,True,False,False,False,False,False,False,False,False,False,False,False,False,False,False,False,False,False,False,True,False
19162722,M&A,2005/9/2,Completed,Bankruptcy/Liquidation,DRDGOLD Ltd sold Buffelsfontein Gold Mines Ltd to Simmer & Jack Mines Pty Ltd. The transaction was announced on 9/2/2005 and completed on 12/31/2005. Financial terms of the transaction are undisclosed.,ZAR,Undisclosed,2005/12/31,,0.000000,0.000000,No,Materials,Materials,N,,,Friendly,South Africa,South Africa,MA-screen (current/latest),Point-in-time,MA-screen (current/latest),Point-in-time,1658.81,1043.73,68.769,38.381001,2,2001-02-01,2009-03-31,200,30,3500,100,35.275,3.4,1837001.4,3411409.9,53.8487444736559,5.5970108718677,3586112.0,Intermediate,2005,Full (4/4),1727.579,1658.81,Public,False,False,False,False,False,False,False,False,False,False,False,False,False,False,False,False,False,False,False,False,True,False,False,False
19166486,INV,2005/9/2,Completed,"Cross Border, Minority Purchase",HOCHTIEF AG sold a minority stake in Concor Ltd to Murray & Roberts Holdings Ltd. The transaction was announced on 9/2/2005 and completed on 7/4/2006.,ZAR,Cash,2006/7/4,,0.000000,49.990002,No,Industrials,Industrials,N,,,Friendly,South Africa,South Africa,MA-screen (current/latest),Point-in-time,MA-screen (current/latest),Point-in-time,814.995,1624.1,6131.5,7803.4,2,2001-02-01,2009-03-31,200,30,3500,100,35.275,3.4,1837001.4,3411409.9,53.8487444736559,5.5970108718677,3586112.0,Large,2005,Full (4/4),9427.5,1624.1,Public,False,False,True,True,False,False,False,False,False,False,False,False,False,False,False,False,False,False,False,False,False,False,True,False
192525216,M&A,2019/2/23,Completed,"Cross Border, Majority Purchase",Bounty Brands Pty Ltd sold Sonko Sp zoo to Oshee Polska SP ZOO. The transaction was announced on 2/23/2019 and completed on 8/19/2024. Financial terms of the transaction are undisclosed.,ZAR,Undisclosed,2024/8/19,,0.000000,0.000000,No,Consumer Staples,Consumer Staples,N,A&O Shearman LLP,,Friendly,South Africa,Poland,Point-in-time,Point-in-time,Point-in-time,Point-in-time,242.14616395,144.76287327,116.82881773,214.16615353,4,2017-10-01,2026-04-30,600,100,6600,190,77.8,4.14166666666667,5625206.5,4583667.1,122.722841281384,4.61352417603231,17459094.0,Small,2019,Full (4/4),456.31231748,242.14616395,Private,False,False,True,False,False,True,False,False,False,False,False,False,False,False,False,False,False,False,False,False,False,False,True,False
19291374,M&A,2005/9/16,Completed,"Company Takeover, Squeeze Out, Cross Border, Additional Stake Purchase",Lonmin Ltd acquired Messina Ltd for ZAR 76.77M. The transaction was announced on 9/16/2005 and completed on 2/7/2006.,ZAR,Cash,2006/2/7,7.69,91.500000,8.500000,No,Materials,Materials,N,Cliffe Dekker,Nedbank Capital,Friendly,South Africa,United Kingdom,Point-in-time,Point-in-time,Point-in-time,Point-in-time,1159.882,276.131,1733.0,1030.0,2,2001-02-01,2009-03-31,200,30,3500,100,35.275,3.4,1837001.4,3411409.9,53.8487444736559,5.5970108718677,3586112.0,Intermediate,2005,Full (4/4),2892.882,1159.882,Public,True,True,True,False,False,False,False,False,False,True,False,False,False,False,False,False,False,False,False,False,False,False,True,True
19338275,INV,2005/9/22,Completed,"Cross Border, Minority Purchase",Aeroporti di Roma SpA/Old sold a minority stake in Airports Co South Africa SOC Ltd to Public Investment Corp Ltd. The transaction was announced on 9/22/2005 and completed on 12/21/2005.,EUR,Cash,2005/12/21,,0.000000,20.000000,No,Real Estate,Financials,N,,Merrill Lynch,Friendly,South Africa,South Africa,Point-in-time,MA-screen (current/latest),Point-in-time,MA-screen (current/latest),4081.323974609375,1864.883056640625,4617.25,1261.76,2,2001-02-01,2009-03-31,200,30,3500,100,35.275,3.4,1837001.4,3411409.9,53.8487444736559,5.5970108718677,3586112.0,Large,2005,Full (4/4),8698.573974609375,4081.323974609375,Private,False,False,True,True,False,False,False,False,False,False,False,False,False,False,False,False,False,False,False,False,False,False,True,False
194567973,INV,2019/6/3,Withdrawn,Minority Purchase,Grand Parade Investments Ltd announced the acquisition of a minority stake in Spur Corp Ltd. Financial terms of the transaction are undisclosed.,ZAR,Undisclosed,2019/12/3,,0.000000,0.000000,No,Consumer Discretionary,Financials,N,,,Friendly,South Africa,South Africa,Point-in-time,Point-in-time,Point-in-time,Point-in-time,1019.729,891.797,2783.751,1101.707,4,2017-10-01,2026-04-30,600,100,6600,190,77.8,4.14166666666667,5625206.5,4583667.1,122.722841281384,4.61352417603231,17459094.0,Intermediate,2019,Full (4/4),3803.4800000000005,1019.729,Public,False,False,False,True,False,False,False,False,False,False,False,False,False,False,False,False,False,False,False,False,False,False,True,False
196141996,INV,2019/6/27,Pending,Minority Purchase,Grand Parade Investments Ltd announced the sale of a minority stake in Spur Corp Ltd to Spur Corp Ltd. The transaction was announced on 6/27/2019 and is currently pending.,ZAR,Cash,,,0.000000,0.000000,No,Consumer Discretionary,Consumer Discretionary,N,,,Friendly,South Africa,South Africa,Point-in-time,Point-in-time,Point-in-time,Point-in-time,1019.729,891.797,1019.729,891.797,4,2017-10-01,2026-04-30,600,100,6600,190,77.8,4.14166666666667,5625206.5,4583667.1,122.722841281384,4.61352417603231,17459094.0,Intermediate,2019,Full (4/4),2039.458,1019.729,Public,False,False,False,True,False,False,False,False,False,False,False,False,False,False,False,False,False,False,False,False,False,False,True,False
196236653,INV,2019/6/28,Pending,Additional Stake Purchase,Tiger Brands Ltd announced the sale of Oceana Group Ltd to Brimstone Investment Corp Ltd. The transaction was announced on 6/28/2019 and is currently pending. Financial terms of the transaction are undisclosed.,ZAR,Undisclosed,,,22.879999,1.110000,No,Consumer Staples,Consumer Staples,N,,,Friendly,South Africa,South Africa,Point-in-time,Point-in-time,Point-in-time,Point-in-time,10699.481,7657.311,10896.551,3376.655,4,2017-10-01,2026-04-30,600,100,6600,190,77.8,4.14166666666667,5625206.5,4583667.1,122.722841281384,4.61352417603231,17459094.0,Large,2019,Full (4/4),21596.032,10699.481,Public,False,True,False,False,False,False,False,False,False,False,False,False,False,False,False,False,False,False,False,False,False,False,True,False
196585326,M&A,2019/7/2,Withdrawn,Company Takeover,"On 08/14/2019, it was announced that Safari withdrew it's proposed offer to acquire Fairvest Investments. On 07/02/2019, it was reported that Safari Investments RSA Ltd proposed a merge agreement with Fairvest Property Holdings Ltd to acquire all shares of the company.",ZAR,Stock,2019/8/14,4.36,0.000000,100.000000,No,Real Estate,Consumer Discretionary,N,Webber Wentzel,Nedbank Ltd,Friendly,South Africa,South Africa,Point-in-time,Point-in-time,Point-in-time,Point-in-time,3324.972,435.212,2939.779,257.838,4,2017-10-01,2026-04-30,600,100,6600,190,77.8,4.14166666666667,5625206.5,4583667.1,122.722841281384,4.61352417603231,17459094.0,Intermediate,2019,Full (4/4),6264.751,3324.972,Public,True,False,False,False,False,False,False,False,False,False,False,False,False,False,False,False,False,False,False,False,False,False,False,False
19658552,BUY,2005/8/18,Completed,,,ZAR,,2005/10/31,-1.75,0.000000,0.000000,,Materials,Materials,N,Edward Nathan,Rand Merchant Bk,,South Africa,,Point-in-time,Point-in-time,Point-in-time,Point-in-time,11185.6,17494.6,11185.6,17494.6,2,2001-02-01,2009-03-31,200,30,3500,100,35.275,3.4,1837001.4,3411409.9,53.8487444736559,5.5970108718677,3586112.0,Large,2005,Full (4/4),34989.2,17494.6,Public,False,False,False,False,False,False,False,False,False,False,False,False,False,False,False,False,False,False,False,False,False,False,False,False
196763086,INV,2019/7/4,Pending,"Cross Border, Additional Stake Purchase",Prudential Financial Inc announced the acquisition of SA Corporate Real Estate Ltd. The transaction was announced on 7/4/2019 and is currently pending. Financial terms of the transaction are undisclosed.,ZAR,Undisclosed,,,8.370000,6.690000,No,Real Estate,Financials,N,,,Friendly,South Africa,United States,Point-in-time,Point-in-time,Point-in-time,Point-in-time,20396.007,2309.524,815078.0,62992.0,4,2017-10-01,2026-04-30,600,100,6600,190,77.8,4.14166666666667,5625206.5,4583667.1,122.722841281384,4.61352417603231,17459094.0,Large,2019,Full (4/4),835474.007,20396.007,Public,False,True,True,False,False,False,False,False,False,False,False,False,False,False,False,False,False,False,False,False,False,False,True,False
197058673,M&A,2019/7/10,Withdrawn,Company Takeover,Emira Property Fund Ltd announced the acquisition of SA Corporate Real Estate Ltd for ZAR 13443.93M.,ZAR,Stock,2019/8/6,19.35,0.000000,100.000000,No,Real Estate,Real Estate,N,,,Friendly,South Africa,South Africa,Point-in-time,Point-in-time,Point-in-time,Point-in-time,20396.007,2309.524,15170.678,1828.871,4,2017-10-01,2026-04-30,600,100,6600,190,77.8,4.14166666666667,5625206.5,4583667.1,122.722841281384,4.61352417603231,17459094.0,Large,2019,Full (4/4),35566.685,20396.007,Public,True,False,False,False,False,False,False,False,False,False,False,False,False,False,False,False,False,False,False,False,False,False,False,False
197508784,M&A,2019/2/28,Completed,"Cross Border, Majority Purchase",One August Holdings Pty Ltd sold Cartrack Holdings Ltd to Karooooo Ltd for ZAR 2748.48M. The transaction was announced on 2/28/2019 and completed on 7/17/2019.,ZAR,Cash,2019/7/17,,0.000000,68.169998,No,Technology,Technology,N,,,Friendly,South Africa,Singapore,Point-in-time,Point-in-time,Point-in-time,Point-in-time,1077.75,1324.245,1077.75,1324.245,4,2017-10-01,2026-04-30,600,100,6600,190,77.8,4.14166666666667,5625206.5,4583667.1,122.722841281384,4.61352417603231,17459094.0,Intermediate,2019,Full (4/4),2648.49,1324.245,Public,False,False,True,False,False,True,False,False,False,False,False,False,False,False,False,False,False,False,False,False,False,False,True,False
197510548,M&A,2019/7/18,Completed,"Mandatory Offer, Company Takeover, Cross Border, Additional Stake Purchase, Tender Offer",Karooooo Ltd acquired Cartrack Holdings Ltd for ZAR 0.40M. The transaction was announced on 7/18/2019 and completed on 10/7/2019.,ZAR,Cash,2019/10/7,-25.46,68.169998,0.010000,No,Technology,Technology,N,,,Friendly,South Africa,Singapore,Point-in-time,Point-in-time,Point-in-time,Point-in-time,1077.75,1324.245,1077.75,1324.245,4,2017-10-01,2026-04-30,600,100,6600,190,77.8,4.14166666666667,5625206.5,4583667.1,122.722841281384,4.61352417603231,17459094.0,Intermediate,2019,Full (4/4),2648.49,1324.245,Public,True,True,True,False,True,False,False,True,False,False,False,False,False,False,False,False,False,False,False,False,False,False,True,True
197529088,M&A,2019/7/19,Completed,"Company Takeover, Cross Border",PepsiCo Inc acquired Pioneer Foods Group Ltd for ZAR 25951.62M. The transaction was announced on 7/19/2019 and completed on 3/24/2020.,ZAR,Cash,2020/3/24,56.78,0.000000,100.000000,No,Consumer Staples,Consumer Staples,N,Bowman Gilfillan/Davis Polk/Freshfields,Centerview/JP Morgan/UBS,Friendly,South Africa,United States,Point-in-time,Point-in-time,Point-in-time,Point-in-time,14541.072,20151.853,77648.0,64661.0,4,2017-10-01,2026-04-30,600,100,6600,190,77.8,4.14166666666667,5625206.5,4583667.1,122.722841281384,4.61352417603231,17459094.0,Large,2019,Full (4/4),97799.853,20151.853,Public,True,False,True,False,False,False,False,False,False,False,False,False,False,False,False,False,False,False,False,False,False,False,False,False
19783297,M&A,2005/11/3,Completed,"Company Takeover, Cross Border",Vodafone Group PLC acquired VenFin Pty Ltd for ZAR 20830.38M. The transaction was announced on 11/3/2005 and completed on 4/18/2006.,ZAR,Cash,2006/4/18,41.69,0.000000,100.000000,No,Financials,Communications,N,Linklaters,UBS,Friendly,South Africa,United Kingdom,Point-in-time,Point-in-time,Point-in-time,Point-in-time,7194.0,0.0,220252.11300000004,47129.80723702293,2,2001-02-01,2009-03-31,200,30,3500,100,35.275,3.4,1837001.4,3411409.9,53.8487444736559,5.5970108718677,3586112.0,Large,2005,Full (4/4),227446.11300000004,7194.0,Public,True,False,True,False,False,False,False,False,False,False,False,False,False,False,False,False,False,False,False,False,False,False,False,False
197997722,M&A,2019/7/26,Terminated,Company Takeover,Dipula Properties Ltd announced the acquisition of SA Corporate Real Estate Ltd for ZAR 15113.00M. The transaction was announced on 7/26/2019 and terminated on 8/5/2019.,ZAR,Stock,2019/8/5,,0.000000,100.000000,No,Real Estate,Real Estate,N,Werksmans,,Friendly,South Africa,South Africa,Point-in-time,Point-in-time,Point-in-time,Point-in-time,20396.007,2309.524,9273.384,1102.598,4,2017-10-01,2026-04-30,600,100,6600,190,77.8,4.14166666666667,5625206.5,4583667.1,122.722841281384,4.61352417603231,17459094.0,Large,2019,Full (4/4),29669.391000000003,20396.007,Public,True,False,False,False,False,False,False,False,False,False,False,False,False,False,False,False,False,False,False,False,False,False,False,False
198715135,M&A,2019/8/6,Withdrawn,Company Takeover,Delta Property Fund Ltd announced the acquisition of Rebosis Property Fund Ltd for ZAR 9921.07M.,ZAR,Undisclosed,2020/2/6,,0.000000,100.000000,No,Real Estate,Real Estate,N,,PSG Group Ltd,Friendly,South Africa,South Africa,Point-in-time,Point-in-time,Point-in-time,Point-in-time,21654.693,2261.439,12435.281,1584.34,4,2017-10-01,2026-04-30,600,100,6600,190,77.8,4.14166666666667,5625206.5,4583667.1,122.722841281384,4.61352417603231,17459094.0,Large,2019,Full (4/4),34089.974,21654.693,Public,True,False,False,False,False,False,False,False,False,False,False,False,False,False,False,False,False,False,False,False,False,False,False,False
198733327,INV,2019/8/6,Completed,"Cross Border, Minority Purchase",A consortium led by Coronation Fund Managers Ltd sold a minority stake in African Phoenix Investments Ltd to Zarclear Holdings Ltd. The transaction was completed on 8/6/2019.,ZAR,Cash,2019/8/6,,0.000000,21.469999,No,Financials,Financials,N,,,Friendly,South Africa,South Africa,Point-in-time,Point-in-time,Point-in-time,Point-in-time,2070.692,230.862,1223.105,-37.18,4,2017-10-01,2026-04-30,600,100,6600,190,77.8,4.14166666666667,5625206.5,4583667.1,122.722841281384,4.61352417603231,17459094.0,Intermediate,2019,Full (4/4),3293.797,2070.692,Public,False,False,True,True,False,False,False,False,False,False,False,False,False,False,False,False,False,False,False,False,False,False,True,False
198817799,INV,2019/8/7,Completed,Minority Purchase,Investec Ltd acquired a minority stake in SA Corporate Real Estate Ltd. The transaction was completed on 8/7/2019. Financial terms of the transaction are undisclosed.,ZAR,Undisclosed,2019/8/7,,0.000000,5.077600,No,Real Estate,Financials,N,,,Friendly,South Africa,South Africa,Point-in-time,Point-in-time,Point-in-time,Point-in-time,20396.007,2309.524,57616.844,4309.538,4,2017-10-01,2026-04-30,600,100,6600,190,77.8,4.14166666666667,5625206.5,4583667.1,122.722841281384,4.61352417603231,17459094.0,Large,2019,Full (4/4),78012.851,20396.007,Public,False,False,False,True,False,False,False,False,False,False,False,False,False,False,False,False,False,False,False,False,False,False,True,False
199890169,INV,2019/8/27,Completed,"Cross Border, Minority Purchase",Silchester International Investors LLP acquired a minority stake in Barloworld Ltd. The transaction was completed on 8/27/2019. Financial terms of the transaction are undisclosed.,ZAR,Undisclosed,2019/8/27,,0.000000,10.090000,No,Consumer Discretionary,Financials,N,,,Friendly,South Africa,United Kingdom,Point-in-time,Point-in-time,Point-in-time,Point-in-time,49259.0,60094.0,100.638483833,224.9717369260925,4,2017-10-01,2026-04-30,600,100,6600,190,77.8,4.14166666666667,5625206.5,4583667.1,122.722841281384,4.61352417603231,17459094.0,Large,2019,Full (4/4),60318.97173692609,60094.0,Public,False,False,True,True,False,False,False,False,False,False,False,False,False,False,False,False,False,False,False,False,False,False,True,False
20092031,INV,2005/11/9,Completed,"Additional Stake Purchase, Tender Offer",Assore Ltd acquired Assmang Ltd for ZAR 369.01M. The transaction was announced on 11/9/2005 and completed on 8/31/2006.,ZAR,Cash,2006/8/31,3.58,46.000000,4.000000,No,Materials,Materials,N,,,Friendly,South Africa,South Africa,Point-in-time,Point-in-time,Point-in-time,Point-in-time,4226.59716796875,3323.89404296875,2557.914,2228.091,2,2001-02-01,2009-03-31,200,30,3500,100,35.275,3.4,1837001.4,3411409.9,53.8487444736559,5.5970108718677,3586112.0,Large,2005,Full (4/4),6784.511167968751,4226.59716796875,Public,False,True,False,False,True,False,False,False,False,False,False,False,False,False,False,False,False,False,False,False,False,False,True,True
20119569,INV,2005/12/8,Completed,Minority Purchase,Vunani Ltd acquired a minority stake in Peregrine Holdings Ltd. The transaction was completed on 12/8/2005.,ZAR,Cash,2005/12/8,,0.000000,13.000000,No,Financials,Financials,N,,,Friendly,South Africa,South Africa,Point-in-time,MA-screen (current/latest),Point-in-time,MA-screen (current/latest),1897.465,390.549,1989.22,808.796,2,2001-02-01,2009-03-31,200,30,3500,100,35.275,3.4,1837001.4,3411409.9,53.8487444736559,5.5970108718677,3586112.0,Large,2005,Full (4/4),3886.685,1897.465,Public,False,False,False,True,False,False,False,False,False,False,False,False,False,False,False,False,False,False,False,False,False,False,True,False
202763261,M&A,2019/10/8,Withdrawn,"Company Takeover, Cross Border, Minority Purchase",Telkom SA SOC Ltd announced the acquisition of a minority stake in Cell C Ltd. Financial terms of the transaction are undisclosed.,ZAR,Undisclosed,2019/11/29,,0.000000,0.000000,No,Communications,Communications,N,,,Friendly,South Africa,South Africa,Point-in-time,Point-in-time,Point-in-time,Point-in-time,1556.6024544,1008.8388963383144,50341.0,39661.0,4,2017-10-01,2026-04-30,600,100,6600,190,77.8,4.14166666666667,5625206.5,4583667.1,122.722841281384,4.61352417603231,17459094.0,Large,2019,Full (4/4),51897.6024544,1556.6024544,Private,True,False,True,True,False,False,False,False,False,False,False,False,False,False,False,False,False,False,False,False,False,False,True,False
203953951,INV,2019/10/28,Completed,"Cross Border, Minority Purchase",Absa Group Ltd sold a minority stake in Edcon Holdings Ltd to BNP Paribas SA. The transaction was announced on 10/28/2019 and completed on 2/1/2020. Financial terms of the transaction are undisclosed.,ZAR,Undisclosed,2020/2/1,,0.000000,0.000000,No,Consumer Discretionary,Financials,N,,,Friendly,South Africa,France,MA-screen (current/latest),Point-in-time,MA-screen (current/latest),Point-in-time,20809.0,25343.0,2040836.0,60895.0,4,2017-10-01,2026-04-30,600,100,6600,190,77.8,4.14166666666667,5625206.5,4583667.1,122.722841281384,4.61352417603231,17459094.0,Large,2019,Full (4/4),2066179.0,25343.0,Private,False,False,True,True,False,False,False,False,False,False,False,False,False,False,False,False,False,False,False,False,False,False,True,False
205954792,INV,2019/11/28,Completed,"Cross Border, Minority Purchase",Steinhoff International Holdings NV sold a minority stake in Unitrans Ltd/South Africa to Marsh & McLennan Cos Inc. The transaction was announced on 11/28/2019 and completed on 6/30/2020. Financial terms of the transaction are undisclosed.,EUR,Undisclosed,2020/6/30,,0.000000,25.100000,No,Industrials,Financials,N,,,Friendly,South Africa,United States,MA-screen (current/latest),Point-in-time,MA-screen (current/latest),Point-in-time,5078.01,13401.2,21578.0,14950.0,4,2017-10-01,2026-04-30,600,100,6600,190,77.8,4.14166666666667,5625206.5,4583667.1,122.722841281384,4.61352417603231,17459094.0,Large,2019,Full (4/4),34979.2,13401.2,Public,False,False,True,True,False,False,False,False,False,False,False,False,False,False,False,False,False,False,False,False,False,False,True,False
206268370,M&A,2019/12/3,Withdrawn,Company Takeover,African Phoenix Investments Ltd announced the acquisition of Zarclear Holdings Ltd for ZAR 994.69M.,ZAR,Cash,2019/12/3,,0.000000,100.000000,No,Financials,Financials,N,,,Friendly,South Africa,South Africa,Point-in-time,Point-in-time,Point-in-time,Point-in-time,1223.105,-37.18,2070.692,230.862,4,2017-10-01,2026-04-30,600,100,6600,190,77.8,4.14166666666667,5625206.5,4583667.1,122.722841281384,4.61352417603231,17459094.0,Intermediate,2019,Full (4/4),3293.797,1223.105,Public,True,False,False,False,False,False,False,False,False,False,False,False,False,False,False,False,False,False,False,False,False,False,False,False
20648054,M&A,2006/1/31,Completed,Company Takeover,Astrapak Ltd acquired Alex White Holdings Ltd for ZAR 98.52M. The transaction was completed on 1/31/2006.,ZAR,Cash,2006/1/31,35.02,0.000000,100.000000,No,Industrials,Materials,N,,,Friendly,South Africa,South Africa,Point-in-time,Point-in-time,Point-in-time,Point-in-time,105.84500122070312,125.75399780273438,1112.528,1650.227,2,2001-02-01,2009-03-31,200,30,3500,100,36.9166666666667,4.64166666666667,2057593.9,3602578.7,57.114474695584,6.06463577535368,5041515.0,Intermediate,2006,Full (4/4),1775.9809978027345,125.75399780273438,Public,True,False,False,False,False,False,False,False,False,False,False,False,False,False,False,False,False,False,False,False,False,False,False,False
20665891,M&A,2006/2/1,Completed,"Company Takeover, Additional Stake Purchase",Speciality Glass Holdings Pty Ltd sold Consol Glass Pty Ltd to Consol Ltd for ZAR 71.20M. The transaction was completed on 2/1/2006.,ZAR,Cash,2006/2/1,,73.400002,26.600000,No,Materials,Materials,N,Taback & Assoc,Standard Bank of,Friendly,South Africa,South Africa,MA-screen (current/latest),Point-in-time,MA-screen (current/latest),Point-in-time,8889.5,4188.7,2041.9000244140625,2245.699951171875,2,2001-02-01,2009-03-31,200,30,3500,100,36.9166666666667,4.64166666666667,2057593.9,3602578.7,57.114474695584,6.06463577535368,5041515.0,Large,2006,Full (4/4),11135.199951171875,8889.5,Private,True,True,False,False,False,False,False,False,False,False,False,False,False,False,False,False,False,False,False,False,False,False,True,False
20756662,M&A,2006/2/9,Completed,Company Takeover,Lesaka Technologies Inc acquired Prism Holdings Ltd/South Africa for ZAR 613.65M. The transaction was announced on 2/9/2006 and completed on 7/4/2006.,ZAR,Cash,2006/7/4,20.30,0.000000,100.000000,No,Technology,Financials,N,,Morgan Stanley,Friendly,South Africa,South Africa,Point-in-time,Point-in-time,Point-in-time,Point-in-time,186.350998,301.06601,181.754,176.29,2,2001-02-01,2009-03-31,200,30,3500,100,36.9166666666667,4.64166666666667,2057593.9,3602578.7,57.114474695584,6.06463577535368,5041515.0,Intermediate,2006,Full (4/4),482.82001,301.06601,Public,True,False,False,False,False,False,False,False,False,False,False,False,False,False,False,False,False,False,False,False,False,False,False,False
20787807,M&A,2006/2/14,Completed,Company Takeover,PSG Group Ltd acquired Arch Equity Ltd for ZAR 897.80M. The transaction was announced on 2/14/2006 and completed on 8/15/2006.,ZAR,Stock,2006/8/15,16.57,0.000000,100.000000,No,Financials,Financials,N,,,Friendly,South Africa,South Africa,Point-in-time,Point-in-time,Point-in-time,Point-in-time,313.3349914550781,84.43399810791016,2793.832,468.459,2,2001-02-01,2009-03-31,200,30,3500,100,36.9166666666667,4.64166666666667,2057593.9,3602578.7,57.114474695584,6.06463577535368,5041515.0,Intermediate,2006,Full (4/4),3107.166991455078,313.3349914550781,Public,True,False,False,False,False,False,False,False,False,False,False,False,False,False,False,False,False,False,False,False,False,False,False,False
20799112,M&A,2006/2/15,Completed,"Cross Border, Majority Purchase",Eastern Platinum Ltd acquired Barplats Investments Pty Ltd for CAD 509.19M. The transaction was announced on 2/15/2006 and completed on 5/2/2006.,CAD,Cash and Stock,2006/5/2,,0.000000,69.900002,No,Materials,Materials,N,,Canaccord Adams,Friendly,South Africa,Canada,Point-in-time,Point-in-time,Point-in-time,Point-in-time,438.3410034179688,40.17699813842773,70.6325643408,0.0,2,2001-02-01,2009-03-31,200,30,3500,100,36.9166666666667,4.64166666666667,2057593.9,3602578.7,57.114474695584,6.06463577535368,5041515.0,Intermediate,2006,Full (4/4),508.9735677587688,438.3410034179688,Public,False,False,True,False,False,True,False,False,False,False,False,False,False,False,False,False,False,False,False,False,False,False,True,False
20824306,M&A,2005/12/9,Completed,"Company Takeover, Additional Stake Purchase, Tender Offer",Vukile Property Fund Ltd acquired MICC Property Income Fund Ltd for ZAR 148.07M. The transaction was announced on 12/9/2005 and completed on 4/3/2007.,ZAR,Cash,2007/4/3,-1.74,75.000000,25.000000,No,Real Estate,Real Estate,N,,Bridge Cap Advis,Friendly,South Africa,South Africa,Point-in-time,MA-screen (current/latest),Point-in-time,MA-screen (current/latest),969.135986,165.384003,64436.0,5890.0,2,2001-02-01,2009-03-31,200,30,3500,100,35.275,3.4,1837001.4,3411409.9,53.8487444736559,5.5970108718677,3586112.0,Large,2005,Full (4/4),65405.135986,969.135986,Public,True,True,False,False,True,False,False,False,False,False,False,False,False,False,False,False,False,False,False,False,False,False,True,True
20838988,BUY,2005/11/8,Terminated,,,ZAR,,2005/12/15,-14.08,0.000000,0.000000,,Consumer Discretionary,Consumer Discretionary,N,MJ King Inc,Java Capital,,South Africa,,MA-screen (current/latest),MA-screen (current/latest),MA-screen (current/latest),MA-screen (current/latest),111.512,402.753,111.512,402.753,2,2001-02-01,2009-03-31,200,30,3500,100,35.275,3.4,1837001.4,3411409.9,53.8487444736559,5.5970108718677,3586112.0,Intermediate,2005,Full (4/4),805.506,402.753,Public,False,False,False,False,False,False,False,False,False,False,False,False,False,False,False,False,False,False,False,False,False,False,False,False
20839044,INV,2005/12/15,Completed,"Additional Stake Purchase, Tender Offer",Mineworkers Investment Co acquired Mathomo Group Ltd for ZAR 2.40M. The transaction was announced on 12/15/2005 and completed on 2/17/2006.,ZAR,Cash,2006/2/17,45.98,58.500000,8.600000,No,Consumer Discretionary,Financials,N,,,Friendly,South Africa,South Africa,MA-screen (current/latest),MA-screen (current/latest),MA-screen (current/latest),MA-screen (current/latest),111.512,402.753,9932.2,2540.4,2,2001-02-01,2009-03-31,200,30,3500,100,35.275,3.4,1837001.4,3411409.9,53.8487444736559,5.5970108718677,3586112.0,Large,2005,Full (4/4),10334.953000000001,402.753,Public,False,True,False,False,True,False,False,False,False,False,False,False,False,False,False,False,False,False,False,False,False,False,True,True
20889032,M&A,2006/2/24,Terminated,"Competing Bid, Company Takeover",Allied Technologies Ltd announced the acquisition of Prism Holdings Ltd/South Africa for ZAR 633.97M. The transaction was announced on 2/24/2006 and terminated on 3/10/2006.,ZAR,Cash,2006/3/10,22.11,0.000000,100.000000,No,Technology,Communications,N,,Investec Bank/Merchantec Int,Hostile,South Africa,South Africa,Point-in-time,Point-in-time,Point-in-time,Point-in-time,186.350998,301.06601,2781.0,5552.0,2,2001-02-01,2009-03-31,200,30,3500,100,36.9166666666667,4.64166666666667,2057593.9,3602578.7,57.114474695584,6.06463577535368,5041515.0,Large,2006,Full (4/4),5853.0660100000005,301.06601,Public,True,False,False,False,False,False,False,False,False,False,False,True,False,False,False,False,False,False,False,False,False,False,False,False
20906102,M&A,2006/2/27,Completed,"Company Takeover, Additional Stake Purchase",Growthpoint Properties Ltd acquired Metboard Properties Ltd for ZAR 2225.14M. The transaction was announced on 2/27/2006 and completed on 8/21/2006.,ZAR,Stock,2006/8/21,10.69,17.600000,82.400002,No,Real Estate,Real Estate,N,Jowell Glyn Mara,Investec Bank,Friendly,South Africa,South Africa,Point-in-time,MA-screen (current/latest),Point-in-time,MA-screen (current/latest),1887.2490234375,240.97999572753903,154425.0,12896.0,2,2001-02-01,2009-03-31,200,30,3500,100,36.9166666666667,4.64166666666667,2057593.9,3602578.7,57.114474695584,6.06463577535368,5041515.0,Large,2006,Full (4/4),156312.2490234375,1887.2490234375,Public,True,True,False,False,False,False,False,False,False,False,False,False,False,False,False,False,False,False,False,False,False,False,True,False
21033051,M&A,2006/3/8,Completed,"Majority Purchase, Bankruptcy/Liquidation",Trematon Capital Investments Ltd acquired Ingenuity Property Investments Ltd for ZAR 4.20M. The transaction was completed on 03/08/2006.,ZAR,Cash,2006/3/8,,0.000000,55.599998,No,Real Estate,Financials,N,,,Friendly,South Africa,South Africa,MA-screen (current/latest),Point-in-time,MA-screen (current/latest),Point-in-time,3969.21,468.379,116.415919,-0.905447,2,2001-02-01,2009-03-31,200,30,3500,100,36.9166666666667,4.64166666666667,2057593.9,3602578.7,57.114474695584,6.06463577535368,5041515.0,Large,2006,Full (4/4),4085.625919,3969.21,Public,False,False,False,False,False,True,False,False,False,False,False,False,False,False,False,False,False,False,False,False,True,False,True,False
21033163,INV,2006/3/8,Completed,"Additional Stake Purchase, Bankruptcy/Liquidation, Tender Offer, Minority Purchase",Trematon Capital Investments Ltd acquired minority stake in Ingenuity Property Investments Ltd. The transaction was announced on 03/08/2006 and completed on 12/31/2006.,ZAR,Cash,2006/12/31,,55.599998,20.200001,No,Real Estate,Financials,N,,,Friendly,South Africa,South Africa,MA-screen (current/latest),Point-in-time,MA-screen (current/latest),Point-in-time,3969.21,468.379,116.415919,-0.905447,2,2001-02-01,2009-03-31,200,30,3500,100,36.9166666666667,4.64166666666667,2057593.9,3602578.7,57.114474695584,6.06463577535368,5041515.0,Large,2006,Full (4/4),4085.625919,3969.21,Public,False,True,False,True,True,False,False,False,False,False,False,False,False,False,False,False,False,False,False,False,True,False,True,True
21046168,INV,2006/3/9,Completed,"Minority Purchase, Additional Stake Purchase",Harmony Gold Mining Co Ltd acquired a minority stake in Gold Fields Operations Ltd. The transaction was completed on 3/9/2006.,ZAR,Cash,2006/3/9,12.71,4.700000,24.500000,No,Materials,Materials,N,,Rand Merchant Bk,Friendly,South Africa,South Africa,Point-in-time,Point-in-time,Point-in-time,Point-in-time,5438.8,660.9,33815.0,7822.0,2,2001-02-01,2009-03-31,200,30,3500,100,36.9166666666667,4.64166666666667,2057593.9,3602578.7,57.114474695584,6.06463577535368,5041515.0,Large,2006,Full (4/4),39253.8,5438.8,Public,False,True,False,True,False,False,False,False,False,False,False,False,False,False,False,False,False,False,False,False,False,False,True,False
211393870,M&A,2020/3/4,Completed,"Company Takeover, Additional Stake Purchase",Hosken Consolidated Investments Ltd acquired Niveus Investments Ltd for ZAR 134.04M. The transaction was announced on 3/4/2020 and completed on 5/26/2020.,ZAR,Cash,2020/5/26,-0.64,51.660000,46.869999,No,Consumer Discretionary,Consumer Discretionary,N,Edward Nathan,Investec,Friendly,South Africa,South Africa,Point-in-time,Point-in-time,Point-in-time,Point-in-time,571.165,18.398,72586.906,24066.093,4,2017-10-01,2026-04-30,600,100,6600,190,80.3583333333333,3.28333333333333,5562760.3,4300904.4,129.339315237977,5.3913956746017,17874362.0,Large,2020,Full (4/4),73158.071,571.165,Public,True,True,False,False,False,False,False,False,False,False,False,False,False,False,False,False,False,False,False,False,False,False,True,False
21160651,M&A,2006/3/22,Terminated,Company Takeover,Telkom SA SOC Ltd announced the acquisition of Business Connexion Group Ltd for ZAR 1763.29M. The transaction was announced on 3/22/2006 and terminated on 6/28/2007.,ZAR,Cash,2007/6/28,18.28,0.000000,100.000000,No,Technology,Communications,N,Werksmans,UBS,Unsolicited,South Africa,South Africa,Point-in-time,Point-in-time,Point-in-time,Point-in-time,2388.595,2816.132,57583.0,43117.0,2,2001-02-01,2009-03-31,200,30,3500,100,36.9166666666667,4.64166666666667,2057593.9,3602578.7,57.114474695584,6.06463577535368,5041515.0,Large,2006,Full (4/4),60399.132,2816.132,Public,True,False,False,False,False,False,False,False,False,False,False,False,False,False,False,False,False,False,False,False,False,False,False,False
211703503,BUY,2020/3/9,Completed,,,ZAr,,2020/3/20,3.94,0.000000,0.000000,,Technology,Technology,N,,,,South Africa,,Point-in-time,Point-in-time,Point-in-time,Point-in-time,321.348463,588.414409,321.348463,588.414409,4,2017-10-01,2026-04-30,600,100,6600,190,80.3583333333333,3.28333333333333,5562760.3,4300904.4,129.339315237977,5.3913956746017,17874362.0,Intermediate,2020,Full (4/4),1176.828818,588.414409,Public,False,False,False,False,False,False,False,False,False,False,False,False,False,False,False,False,False,False,False,False,False,False,False,False
21230909,M&A,2006/3/27,Completed,Majority Purchase,Sun International Ltd/South Africa acquired Real Africa Holdings Ltd for ZAR 1108.04M. The transaction was announced on 3/27/2006 and completed on 9/19/2006.,ZAR,Cash,2006/9/19,9.28,2.200000,58.099998,No,Consumer Discretionary,Consumer Discretionary,N,,,Friendly,South Africa,South Africa,Point-in-time,Point-in-time,Point-in-time,Point-in-time,2067.968994140625,123.95500183105467,7557.589,5139.552,2,2001-02-01,2009-03-31,200,30,3500,100,36.9166666666667,4.64166666666667,2057593.9,3602578.7,57.114474695584,6.06463577535368,5041515.0,Large,2006,Full (4/4),9625.557994140625,2067.968994140625,Public,False,False,False,False,False,True,False,False,False,False,False,False,False,False,False,False,False,False,False,False,False,False,True,False
212614820,INV,2020/3/26,Completed,Additional Stake Purchase,Zarclear Holdings Ltd acquired African Phoenix Investments Ltd for ZAR 11.39M. The transaction was completed on 3/26/2020.,ZAR,Cash,2020/3/26,1.20,21.400000,2.100000,No,Financials,Financials,N,,,Friendly,South Africa,South Africa,Point-in-time,Point-in-time,Point-in-time,Point-in-time,1400.323,102.993,1275.221,142.079,4,2017-10-01,2026-04-30,600,100,6600,190,80.3583333333333,3.28333333333333,5562760.3,4300904.4,129.339315237977,5.3913956746017,17874362.0,Intermediate,2020,Full (4/4),2675.544,1400.323,Public,False,True,False,False,False,False,False,False,False,False,False,False,False,False,False,False,False,False,False,False,False,False,True,False
21390231,INV,2006/4/11,Completed,"Cross Border, Minority Purchase",Lonrho Ltd acquired a minority stake in Lucapa Diamond Co Ltd. The transaction was announced on 4/11/2006 and completed on 6/30/2006.,GBP,Cash,2006/6/30,,0.000000,17.000000,No,Materials,Consumer Staples,N,,,Friendly,South Africa,United Kingdom,MA-screen (current/latest),Point-in-time,MA-screen (current/latest),Point-in-time,790.82,127.839,25.0,1.0,2,2001-02-01,2009-03-31,200,30,3500,100,36.9166666666667,4.64166666666667,2057593.9,3602578.7,57.114474695584,6.06463577535368,5041515.0,Intermediate,2006,Full (4/4),815.82,790.82,Public,False,False,True,True,False,False,False,False,False,False,False,False,False,False,False,False,False,False,False,False,False,False,True,False
215811483,M&A,2020/8/4,Completed,"Company Takeover, Tender Offer",Afrimat Ltd acquired Unicorn Capital Partners Ltd for ZAR 418.91M. The transaction was announced on 8/4/2020 and completed on 12/15/2020.,ZAR,Stock,2020/12/15,4.40,0.000000,100.000000,No,Materials,Materials,N,,,Friendly,South Africa,South Africa,Point-in-time,Point-in-time,Point-in-time,Point-in-time,1346.566,1001.445,2687.012,2966.399,4,2017-10-01,2026-04-30,600,100,6600,190,80.3583333333333,3.28333333333333,5562760.3,4300904.4,129.339315237977,5.3913956746017,17874362.0,Intermediate,2020,Full (4/4),4312.965,1346.566,Public,True,False,False,False,True,False,False,False,False,False,False,False,False,False,False,False,False,False,False,False,False,False,False,True
216874046,INV,2020/6/15,Pending,"Cross Border, Private Equity, Minority Purchase",Zeder Investments Ltd announced the sale of a minority stake in Quantum Foods Holdings Ltd to Country Bird Holdings Ltd. The transaction was announced on 6/15/2020 and is expected to be completed by 6/18/2020. Financial terms of the transaction are undisclosed.,ZAR,Cash,2020/6/18,,0.000000,32.099998,No,Consumer Staples,Consumer Staples,N,,,Friendly,South Africa,British Virgin Islands,Point-in-time,MA-screen (current/latest),Point-in-time,MA-screen (current/latest),2514.329,4417.674,1841.06,3586.38,4,2017-10-01,2026-04-30,600,100,6600,190,80.3583333333333,3.28333333333333,5562760.3,4300904.4,129.339315237977,5.3913956746017,17874362.0,Large,2020,Full (4/4),8004.054,4417.674,Public,False,False,True,True,False,False,True,False,False,False,False,False,False,False,False,False,False,False,False,False,False,True,True,False
216946093,M&A,2020/2/5,Pending,"Company Takeover, Cross Border",Arla Foods amba announced the acquisition of PCL Transport 24/7 Ltd. The transaction was announced on 2/5/2020 and is currently pending. Financial terms of the transaction are undisclosed.,GBP,Undisclosed,,,0.000000,100.000000,No,Industrials,Consumer Staples,N,,Ernst & Young,Friendly,South Africa,Denmark,Point-in-time,Point-in-time,Point-in-time,Point-in-time,9.33036978825,52.74181032014615,7106.0,10527.0,4,2017-10-01,2026-04-30,600,100,6600,190,80.3583333333333,3.28333333333333,5562760.3,4300904.4,129.339315237977,5.3913956746017,17874362.0,Small,2020,Full (4/4),10579.741810320145,52.74181032014615,Private,True,False,True,False,False,False,False,False,False,False,False,False,False,False,False,False,False,False,False,False,False,False,False,False
21830683,M&A,2006/5/19,Completed,"Cross Border, Majority Purchase",Associated British Foods PLC acquired Illovo Sugar Pty Ltd for ZAR 5109.51M. The transaction was announced on 5/19/2006 and completed on 9/4/2006.,ZAR,Cash,2006/9/4,15.63,0.000000,51.000000,No,Consumer Staples,Consumer Staples,N,,Rothschild & Co,Friendly,South Africa,United Kingdom,Point-in-time,Point-in-time,Point-in-time,Point-in-time,4407.7,5143.0,6072.0,5622.0,2,2001-02-01,2009-03-31,200,30,3500,100,36.9166666666667,4.64166666666667,2057593.9,3602578.7,57.114474695584,6.06463577535368,5041515.0,Large,2006,Full (4/4),11215.0,5143.0,Public,False,False,True,False,False,True,False,False,False,False,False,False,False,False,False,False,False,False,False,False,False,False,True,False
21831159,INV,2006/5/18,Completed,Additional Stake Purchase,Gold Fields Ltd acquired Gold Fields Operations Ltd for ZAR 730.80M. The transaction was completed on 5/18/2006.,ZAR,Cash,2006/5/18,-3.35,3.324000,12.146000,No,Materials,Materials,N,,,Friendly,South Africa,South Africa,Point-in-time,Point-in-time,Point-in-time,Point-in-time,5438.8,660.9,3594.4265616,1897.526637495784,2,2001-02-01,2009-03-31,200,30,3500,100,36.9166666666667,4.64166666666667,2057593.9,3602578.7,57.114474695584,6.06463577535368,5041515.0,Large,2006,Full (4/4),9033.2265616,5438.8,Public,False,True,False,False,False,False,False,False,False,False,False,False,False,False,False,False,False,False,False,False,False,False,True,False
218332007,INV,2020/7/14,Pending,Minority Purchase,Astral Foods Ltd announced the acquisition of a minority stake in Quantum Foods Holdings Ltd. The transaction was announced on 7/14/2020 and is currently pending. Financial terms of the transaction are undisclosed.,ZAR,Undisclosed,,,0.000000,6.420000,No,Consumer Staples,Consumer Staples,N,,,Friendly,South Africa,South Africa,Point-in-time,Point-in-time,Point-in-time,Point-in-time,2514.329,4417.674,6239.119,13485.475,4,2017-10-01,2026-04-30,600,100,6600,190,80.3583333333333,3.28333333333333,5562760.3,4300904.4,129.339315237977,5.3913956746017,17874362.0,Large,2020,Full (4/4),17903.149,4417.674,Public,False,False,False,True,False,False,False,False,False,False,False,False,False,False,False,False,False,False,False,False,False,False,True,False
218562791,INV,2020/7/20,Completed,"Cross Border, Additional Stake Purchase",A consortium led by Prudential PLC sold Hospitality Property Fund Ltd to Southern Sun Ltd. The transaction was announced on 7/20/2020 and completed on 7/22/2020. Financial terms of the transaction are undisclosed.,USD,Stock,2020/7/22,,59.150002,7.980000,No,Real Estate,Real Estate,N,,,Friendly,South Africa,South Africa,Point-in-time,Point-in-time,Point-in-time,Point-in-time,12266.597,827.786,14586.0,4389.0,4,2017-10-01,2026-04-30,600,100,6600,190,80.3583333333333,3.28333333333333,5562760.3,4300904.4,129.339315237977,5.3913956746017,17874362.0,Large,2020,Full (4/4),26852.597,12266.597,Public,False,True,True,False,False,False,False,False,False,False,False,False,False,False,False,False,False,False,False,False,False,False,True,False
221037098,INV,2020/9/8,Pending,Minority Purchase,Nutun Ltd announced the acquisition of a minority stake in WBC Holdings Pty Ltd. The transaction was announced on 9/8/2020 and is currently pending.,ZAR,Cash and Stock,,,0.000000,49.900002,No,Financials,Financials,N,,,Friendly,South Africa,South Africa,MA-screen (current/latest),Point-in-time,MA-screen (current/latest),Point-in-time,5352.69,26656.2,18463.0,4955.0,4,2017-10-01,2026-04-30,600,100,6600,190,80.3583333333333,3.28333333333333,5562760.3,4300904.4,129.339315237977,5.3913956746017,17874362.0,Large,2020,Full (4/4),45119.2,26656.2,Public,False,False,False,True,False,False,False,False,False,False,False,False,False,False,False,False,False,False,False,False,False,False,True,False
22133500,M&A,2005/9/2,Completed,"Company Takeover, Additional Stake Purchase",Murray & Roberts Holdings Ltd acquired Concor Ltd. The transaction was announced on 9/2/2005 and completed on 7/4/2006. Financial terms of the transaction are undisclosed.,ZAR,Cash,2006/7/4,1.29,49.990002,50.009998,No,Industrials,Industrials,N,Michael Krawitz/Werksmans,Rand Merchant Bk,Friendly,South Africa,South Africa,MA-screen (current/latest),Point-in-time,MA-screen (current/latest),Point-in-time,814.995,1624.1,6131.5,7803.4,2,2001-02-01,2009-03-31,200,30,3500,100,35.275,3.4,1837001.4,3411409.9,53.8487444736559,5.5970108718677,3586112.0,Large,2005,Full (4/4),9427.5,1624.1,Public,True,True,False,False,False,False,False,False,False,False,False,False,False,False,False,False,False,False,False,False,False,False,True,False
22191987,INV,2006/6/21,Completed,Minority Purchase,Harmony Gold Mining Co Ltd acquired a minority stake in Village Main Reef Ltd. The transaction was completed on 6/21/2006.,ZAR,Cash,2006/6/21,-64.13,0.000000,37.799999,No,Materials,Materials,N,Cliffe Dekker,Merrill Lynch,Friendly,South Africa,South Africa,Point-in-time,Point-in-time,Point-in-time,Point-in-time,5.495999813079834,0.0,33815.0,7822.0,2,2001-02-01,2009-03-31,200,30,3500,100,36.9166666666667,4.64166666666667,2057593.9,3602578.7,57.114474695584,6.06463577535368,5041515.0,Small,2006,Full (4/4),33820.49599981308,5.495999813079834,Public,False,False,False,True,False,False,False,False,False,False,False,False,False,False,False,False,False,False,False,False,False,False,True,False
22192127,M&A,2006/6/21,Completed,"Company Takeover, Additional Stake Purchase, Tender Offer",Harmony Gold Mining Co Ltd acquired Village Main Reef Ltd. The transaction was completed on 6/21/2006. Financial terms of the transaction are undisclosed.,ZAR,Cash,2006/6/21,-64.13,37.799999,62.200001,No,Materials,Materials,N,Cliffe Dekker,Merrill Lynch,Friendly,South Africa,South Africa,Point-in-time,Point-in-time,Point-in-time,Point-in-time,5.495999813079834,0.0,33815.0,7822.0,2,2001-02-01,2009-03-31,200,30,3500,100,36.9166666666667,4.64166666666667,2057593.9,3602578.7,57.114474695584,6.06463577535368,5041515.0,Small,2006,Full (4/4),33820.49599981308,5.495999813079834,Public,True,True,False,False,True,False,False,False,False,False,False,False,False,False,False,False,False,False,False,False,False,False,True,True
22240791,INV,2006/6/26,Completed,"Private Equity, Minority Purchase",Brimstone Investment Corp Ltd acquired a minority stake in Oceana Group Ltd. The transaction was announced on 6/26/2006 and completed on 12/31/2006.,ZAR,Cash,2006/12/31,-1.27,0.000000,10.000000,No,Consumer Staples,Consumer Staples,N,,,Friendly,South Africa,South Africa,Point-in-time,Point-in-time,Point-in-time,Point-in-time,1469.755,2576.513,881.232,188.752,2,2001-02-01,2009-03-31,200,30,3500,100,36.9166666666667,4.64166666666667,2057593.9,3602578.7,57.114474695584,6.06463577535368,5041515.0,Intermediate,2006,Full (4/4),3457.745,2576.513,Public,False,False,False,True,False,False,True,False,False,False,False,False,False,False,False,False,False,False,False,False,False,True,True,False
22384092,INV,2006/7/6,Completed,"Cross Border, Minority Purchase",Overseas Telecom AB sold a minority stake in MTN Uganda Ltd to MTN Group Ltd. The transaction was completed on 7/6/2006.,SEK,Cash,2006/7/6,,0.000000,32.000000,No,Communications,Communications,N,,,Friendly,South Africa,South Africa,MA-screen (current/latest),Point-in-time,MA-screen (current/latest),Point-in-time,24556.6,17887.8,29364.0,28994.0,2,2001-02-01,2009-03-31,200,30,3500,100,36.9166666666667,4.64166666666667,2057593.9,3602578.7,57.114474695584,6.06463577535368,5041515.0,Large,2006,Full (4/4),53920.6,24556.6,Public,False,False,True,True,False,False,False,False,False,False,False,False,False,False,False,False,False,False,False,False,False,False,True,False
22445545,INV,2006/7/11,Completed,Additional Stake Purchase,Gold Fields Ltd acquired Gold Fields Operations Ltd. The transaction was completed on 7/11/2006. Financial terms of the transaction are undisclosed.,ZAR,Undisclosed,2006/7/11,,16.959999,1.940000,No,Materials,Materials,N,,,Friendly,South Africa,South Africa,Point-in-time,Point-in-time,Point-in-time,Point-in-time,5438.8,660.9,3594.4265616,1897.526637495784,2,2001-02-01,2009-03-31,200,30,3500,100,36.9166666666667,4.64166666666667,2057593.9,3602578.7,57.114474695584,6.06463577535368,5041515.0,Large,2006,Full (4/4),9033.2265616,5438.8,Public,False,True,False,False,False,False,False,False,False,False,False,False,False,False,False,False,False,False,False,False,False,False,True,False
22463647,INV,2006/7/14,Completed,"Cross Border, Private Equity, Minority Purchase",Anglo American PLC sold a minority stake in Evraz Highveld Steel & Vanadium Ltd to Credit Suisse Group AG. The transaction was completed on 7/14/2006.,ZAR,Cash,2006/7/14,,0.000000,24.900000,No,Materials,Financials,N,,Credit Suisse,Friendly,South Africa,Switzerland,Point-in-time,Point-in-time,Point-in-time,Point-in-time,3899.0,7155.0,1339052.0,59366.0,2,2001-02-01,2009-03-31,200,30,3500,100,36.9166666666667,4.64166666666667,2057593.9,3602578.7,57.114474695584,6.06463577535368,5041515.0,Large,2006,Full (4/4),1346207.0,7155.0,Public,False,False,True,True,False,False,True,False,False,False,False,False,False,False,False,False,False,False,False,False,False,True,True,False
224639753,INV,2020/11/20,Pending,Minority Purchase,Conduit Capital Ltd announced the sale of a minority stake in Calgro M3 Holdings Ltd to Calgro M3 Holdings Ltd. The transaction was announced on 11/20/2020 and is currently pending. Financial terms of the transaction are undisclosed.,ZAR,Undisclosed,,,0.000000,4.590400,No,Consumer Discretionary,Consumer Discretionary,N,,,Friendly,South Africa,South Africa,Point-in-time,Point-in-time,Point-in-time,Point-in-time,2911.274487,997.064528,2911.274487,997.064528,4,2017-10-01,2026-04-30,600,100,6600,190,80.3583333333333,3.28333333333333,5562760.3,4300904.4,129.339315237977,5.3913956746017,17874362.0,Intermediate,2020,Full (4/4),5822.548974,2911.274487,Public,False,False,False,True,False,False,False,False,False,False,False,False,False,False,False,False,False,False,False,False,False,False,True,False
224705298,M&A,2020/11/26,Completed,"PE Buyout, Company Takeover, Cross Border, Private Equity",Life Healthcare Group Holdings Ltd sold Scanmed SA to Abris Capital Partners Sp zoo for PLN 340.00M. The transaction was announced on 11/26/2020 and completed on 3/26/2021.,PLN,Cash,2021/3/26,,0.000000,100.000000,No,Health Care,Financials,N,,,Friendly,South Africa,Poland,Point-in-time,Point-in-time,Point-in-time,Point-in-time,556.903,359.166,2.59224646,5.9822479500000005,4,2017-10-01,2026-04-30,600,100,6600,190,80.3583333333333,3.28333333333333,5562760.3,4300904.4,129.339315237977,5.3913956746017,17874362.0,Small,2020,Full (4/4),562.88524795,556.903,Private,True,False,True,False,False,False,True,False,False,False,True,False,False,False,False,False,False,False,False,False,False,True,False,False
225029586,BUY,2020/11/19,Pending,,,ZAR,,,-98.96,0.000000,0.000000,,Financials,Financials,N,,,,South Africa,,Point-in-time,Point-in-time,Point-in-time,Point-in-time,63.918,66.589,63.918,66.589,4,2017-10-01,2026-04-30,600,100,6600,190,80.3583333333333,3.28333333333333,5562760.3,4300904.4,129.339315237977,5.3913956746017,17874362.0,Small,2020,Full (4/4),133.178,66.589,Public,False,False,False,False,False,False,False,False,False,False,False,False,False,False,False,False,False,False,False,False,False,False,False,False
22511076,INV,2006/7/19,Completed,Minority Purchase,Matemeku Property Acquisitions 104 Pty Ltd sold a minority stake in Monyetla Property Fund Ltd to Pangbourne Properties Ltd. The transaction was completed on 7/19/2006.,ZAR,Cash,2006/7/19,,0.000000,40.630001,No,Real Estate,Real Estate,N,,,Friendly,South Africa,South Africa,Point-in-time,Point-in-time,Point-in-time,Point-in-time,389.4129943847656,13.539999961853027,2901.748,365.173,2,2001-02-01,2009-03-31,200,30,3500,100,36.9166666666667,4.64166666666667,2057593.9,3602578.7,57.114474695584,6.06463577535368,5041515.0,Intermediate,2006,Full (4/4),3291.1609943847657,389.4129943847656,Public,False,False,False,True,False,False,False,False,False,False,False,False,False,False,False,False,False,False,False,False,False,False,True,False
225341539,M&A,2021/1/27,Pending,Company Takeover,Huge Group Ltd announced the acquisition of AdaptIT Holdings Ltd for ZAR 1787.02M. The transaction was announced on 1/27/2021 and is currently pending.,ZAR,Stock,,84.74,0.000000,100.000000,No,Technology,Communications,N,,,Friendly,South Africa,South Africa,Point-in-time,Point-in-time,Point-in-time,Point-in-time,1937.817764,1483.346995,1216.465,492.145,4,2017-10-01,2026-04-30,600,100,6600,190,84.0166666666667,4.55833333333333,6206842.1,4509870.3,137.627951296072,6.40844281790467,20520438.0,Intermediate,2021,Full (4/4),3154.2827639999996,1937.817764,Public,True,False,False,False,False,False,False,False,False,False,False,False,False,False,False,False,False,False,False,False,False,False,False,False
225410161,INV,2021/2/1,Pending,"Option Agreement, Cross Border, Minority Purchase",Orion Minerals Ltd announced the acquisition of a minority stake in Industrial Development Corp of South Africa Ltd. The transaction was announced on 2/1/2021 and is currently pending. Financial terms of the transaction are undisclosed.,ZAR,Undisclosed,,,0.000000,43.750000,No,Government,Materials,N,,,Friendly,South Africa,Australia,Point-in-time,Point-in-time,Point-in-time,Point-in-time,109631.0,16278.0,65.83,0.0,4,2017-10-01,2026-04-30,600,100,6600,190,84.0166666666667,4.55833333333333,6206842.1,4509870.3,137.627951296072,6.40844281790467,20520438.0,Large,2021,Full (4/4),109696.83,109631.0,Private,False,False,True,True,False,False,False,False,False,False,False,False,False,True,False,False,False,False,False,False,False,False,True,False
22546732,INV,2006/7/24,Completed,"Cross Border, Additional Stake Purchase",Tri-Star Investments Sarl sold MTN Uganda Ltd to MTN Group Ltd for USD 55.00M. The transaction was completed on 7/24/2006.,USD,Cash,2006/7/24,,84.449997,12.890000,No,Communications,Communications,N,,Merrill Lynch,Friendly,South Africa,South Africa,MA-screen (current/latest),Point-in-time,MA-screen (current/latest),Point-in-time,24556.6,17887.8,29364.0,28994.0,2,2001-02-01,2009-03-31,200,30,3500,100,36.9166666666667,4.64166666666667,2057593.9,3602578.7,57.114474695584,6.06463577535368,5041515.0,Large,2006,Full (4/4),53920.6,24556.6,Public,False,True,True,False,False,False,False,False,False,False,False,False,False,False,False,False,False,False,False,False,False,False,True,False
225486858,M&A,2021/1/7,Completed,"Company Takeover, Cross Border, Additional Stake Purchase, Tender Offer",Karooooo Ltd acquired Cartrack Holdings Ltd for ZAR 4009.32M. The transaction was announced on 1/7/2021 and completed on 4/22/2021.,ZAR,Cash,2021/4/22,-7.24,68.180000,31.820000,No,Technology,Technology,N,,Bofa Securities,Friendly,South Africa,Singapore,Point-in-time,Point-in-time,Point-in-time,Point-in-time,1844.453,1941.893,1845.257,1941.893,4,2017-10-01,2026-04-30,600,100,6600,190,84.0166666666667,4.55833333333333,6206842.1,4509870.3,137.627951296072,6.40844281790467,20520438.0,Intermediate,2021,Full (4/4),3883.786,1941.893,Public,True,True,True,False,True,False,False,False,False,False,False,False,False,False,False,False,False,False,False,False,False,False,True,True
226485224,INV,2021/5/12,Completed,"Cross Border, Additional Stake Purchase, Tender Offer",Prosus NV acquired Naspers Ltd for ZAR 696801.39M. The transaction was announced on 5/12/2021 and completed on 8/18/2021.,ZAR,Stock,2021/8/18,4.50,3.600000,45.400002,No,Communications,Communications,N,,Goldman Sachs/Morgan Stanley,Friendly,South Africa,China,Point-in-time,Point-in-time,Point-in-time,Point-in-time,36319.0,4001.0,35764.0,3330.0,4,2017-10-01,2026-04-30,600,100,6600,190,84.0166666666667,4.55833333333333,6206842.1,4509870.3,137.627951296072,6.40844281790467,20520438.0,Large,2021,Full (4/4),72083.0,36319.0,Public,False,True,True,False,True,False,False,False,False,False,False,False,False,False,False,False,False,False,False,False,False,False,True,True
226544935,M&A,2021/11/15,Completed,"Company Takeover, Cross Border",Heineken NV acquired Distell Group Holdings Ltd for ZAR 40072.03M. The transaction was announced on 11/15/2021 and completed on 4/28/2023.,ZAR,Cash,2023/4/28,-1.02,0.000000,100.000000,No,Consumer Staples,Consumer Staples,N,De Brauw Blackst,Nomura,Friendly,South Africa,Netherlands,Point-in-time,Point-in-time,Point-in-time,Point-in-time,25271.837,22370.224,42632.0,19715.0,4,2017-10-01,2026-04-30,600,100,6600,190,84.0166666666667,4.55833333333333,6206842.1,4509870.3,137.627951296072,6.40844281790467,20520438.0,Large,2021,Full (4/4),67903.837,25271.837,Public,True,False,True,False,False,False,False,False,False,False,False,False,False,False,False,False,False,False,False,False,False,False,False,False
226545328,M&A,2021/4/7,Pending,"Competing Bid, Company Takeover, Cross Border",Constellation Software Inc/Canada announced the acquisition of AdaptIT Holdings Ltd for ZAR 1598.45M. The transaction was announced on 4/7/2021 and is currently pending.,ZAR,Cash,,46.31,0.000000,100.000000,No,Technology,Technology,N,,,Friendly,South Africa,Canada,Point-in-time,Point-in-time,Point-in-time,Point-in-time,1937.817764,1483.346995,4375.0,3969.0,4,2017-10-01,2026-04-30,600,100,6600,190,84.0166666666667,4.55833333333333,6206842.1,4509870.3,137.627951296072,6.40844281790467,20520438.0,Intermediate,2021,Full (4/4),6312.817763999999,1937.817764,Public,True,False,True,False,False,False,False,False,False,False,False,True,False,False,False,False,False,False,False,False,False,False,False,False
226546984,M&A,2021/5/18,Withdrawn,Majority Purchase,Fairvest Property Holdings Ltd announced the acquisition of Fairvest Ltd for ZAR 5583.05M.,ZAR,Stock,2021/12/21,,0.000000,50.099998,No,Real Estate,Real Estate,N,,,Friendly,South Africa,South Africa,Point-in-time,Point-in-time,Point-in-time,Point-in-time,14434.107,2222.086,3891.373,578.612,4,2017-10-01,2026-04-30,600,100,6600,190,84.0166666666667,4.55833333333333,6206842.1,4509870.3,137.627951296072,6.40844281790467,20520438.0,Large,2021,Full (4/4),18325.48,14434.107,Public,False,False,False,False,False,True,False,False,False,False,False,False,False,False,False,False,False,False,False,False,False,False,True,False
226638353,M&A,2021/5/27,Completed,"Majority Purchase, Additional Stake Purchase",Nutun Ltd acquired WBC Holdings Pty Ltd for ZAR 1600.00M. The transaction was completed on 5/27/2021.,ZAR,Cash,2021/5/27,,49.900002,25.000000,No,Financials,Financials,N,,,Friendly,South Africa,South Africa,MA-screen (current/latest),Point-in-time,MA-screen (current/latest),Point-in-time,5352.69,26656.2,23557.0,5542.0,4,2017-10-01,2026-04-30,600,100,6600,190,84.0166666666667,4.55833333333333,6206842.1,4509870.3,137.627951296072,6.40844281790467,20520438.0,Large,2021,Full (4/4),50213.2,26656.2,Public,False,True,False,False,False,True,False,False,False,False,False,False,False,False,False,False,False,False,False,False,False,False,True,False
226641797,M&A,2021/5/27,Withdrawn,"Company Takeover, Cross Border","With no further information, the deal has been withdrawn on 11/30/2021. RDC Properties Ltd/Botswana proposed to acquire Tower Property Fund Ltd for BWP 2,773.79M. The transaction was proposed on 05/27/2021.",BWP,Cash,2021/11/30,,0.000000,100.000000,No,Real Estate,Real Estate,N,,,Friendly,South Africa,Botswana,Point-in-time,Point-in-time,Point-in-time,Point-in-time,5288.34,395.579,2518.95,133.507,4,2017-10-01,2026-04-30,600,100,6600,190,84.0166666666667,4.55833333333333,6206842.1,4509870.3,137.627951296072,6.40844281790467,20520438.0,Large,2021,Full (4/4),7807.29,5288.34,Public,True,False,True,False,False,False,False,False,False,False,False,False,False,False,False,False,False,False,False,False,False,False,False,False
227024741,M&A,2021/6/30,Pending,"Majority Purchase, Additional Stake Purchase",Caxton and CTP Publishers and Printers Ltd announced the acquisition of Mpact Ltd. The transaction was announced on 6/30/2021 and is currently pending. Financial terms of the transaction are undisclosed.,ZAR,Undisclosed,,,32.000000,0.000000,No,Materials,Communications,N,,,Friendly,South Africa,South Africa,Point-in-time,Point-in-time,Point-in-time,Point-in-time,8028.3,10257.9,6509.192,5572.359,4,2017-10-01,2026-04-30,600,100,6600,190,84.0166666666667,4.55833333333333,6206842.1,4509870.3,137.627951296072,6.40844281790467,20520438.0,Large,2021,Full (4/4),16767.092,10257.9,Public,False,True,False,False,False,True,False,False,False,False,False,False,False,False,False,False,False,False,False,False,False,False,True,False
227171034,M&A,2021/7/15,Completed,"Company Takeover, Additional Stake Purchase",Standard Bank Group Ltd acquired Liberty Holdings Ltd for ZAR 10369.14M. The transaction was announced on 7/15/2021 and completed on 3/1/2022.,ZAR,Cash and Stock,2022/3/1,24.46,53.619999,46.380001,No,Financials,Financials,N,Bowman Gilfillan,Bofa Securities,Friendly,South Africa,South Africa,Point-in-time,Point-in-time,Point-in-time,Point-in-time,475598.0,55115.0,2532940.0,159648.0,4,2017-10-01,2026-04-30,600,100,6600,190,84.0166666666667,4.55833333333333,6206842.1,4509870.3,137.627951296072,6.40844281790467,20520438.0,Large,2021,Full (4/4),3008538.0,475598.0,Public,True,True,False,False,False,False,False,False,False,False,False,False,False,False,False,False,False,False,False,False,False,False,True,False
227356973,INV,2021/8/2,Completed,"Cross Border, Minority Purchase, Additional Stake Purchase, Venture Capital, Financing Round, Private Equity",Prosus NV acquired a minority stake in Movile Internet Movel SA. The transaction was completed on 8/2/2021.,BRL,Cash,2021/8/2,,0.000000,0.000000,No,Industrials,Communications,N,Gomez Acebo,,Friendly,South Africa,China,MA-screen (current/latest),Point-in-time,MA-screen (current/latest),Point-in-time,2098.1,3051.5,35764.0,3330.0,4,2017-10-01,2026-04-30,600,100,6600,190,84.0166666666667,4.55833333333333,6206842.1,4509870.3,137.627951296072,6.40844281790467,20520438.0,Large,2021,Full (4/4),38815.5,3051.5,Private,False,True,True,True,False,False,True,False,False,False,False,False,False,False,False,False,False,False,False,False,False,True,True,False
227769993,M&A,2021/9/13,Completed,"Company Takeover, Cross Border",Sanlam Ltd sold Sanlam Life & Pensions UK Ltd to Chesnara PLC for GBP 39.00M. The transaction was announced on 9/13/2021 and completed on 4/28/2022.,GBP,Cash,2022/4/28,,0.000000,100.000000,No,Financials,Financials,N,Ashurst LLP,Lincoln Int LLC,Friendly,South Africa,United Kingdom,Point-in-time,Point-in-time,Point-in-time,Point-in-time,2965.6677326322497,209.98192846085968,9065.496,637.905,4,2017-10-01,2026-04-30,600,100,6600,190,84.0166666666667,4.55833333333333,6206842.1,4509870.3,137.627951296072,6.40844281790467,20520438.0,Large,2021,Full (4/4),12031.163732632249,2965.6677326322497,Private,True,False,True,False,False,False,False,False,False,False,False,False,False,False,False,False,False,False,False,False,False,False,False,False
227873285,M&A,2021/9/23,Pending,"Company Takeover, Additional Stake Purchase",Nutun Ltd announced the acquisition of WBC Holdings Pty Ltd. The transaction was announced on 9/23/2021 and is currently pending. Financial terms of the transaction are undisclosed.,ZAR,Cash and Stock,,,74.900002,25.100000,No,Financials,Financials,N,,,Friendly,South Africa,South Africa,MA-screen (current/latest),Point-in-time,MA-screen (current/latest),Point-in-time,5352.69,26656.2,23557.0,5542.0,4,2017-10-01,2026-04-30,600,100,6600,190,84.0166666666667,4.55833333333333,6206842.1,4509870.3,137.627951296072,6.40844281790467,20520438.0,Large,2021,Full (4/4),50213.2,26656.2,Public,True,True,False,False,False,False,False,False,False,False,False,False,False,False,False,False,False,False,False,False,False,False,True,False
228200844,M&A,2021/10/27,Completed,"Company Takeover, Tender Offer, Mandatory Offer, Squeeze Out, Going Private",Impala Platinum Holdings Ltd acquired Royal Bafokeng Platinum Ltd for ZAR 39175.61M. The transaction was announced on 10/27/2021 and completed on 9/18/2023.,ZAR,Cash and Stock,2023/9/18,71.86,0.000000,100.000000,No,Materials,Materials,N,Alchemy Partners/Davis Polk,JP Morgan/Macquarie Group/Nedbank Ltd/Standard Bank of,Unsolicited,South Africa,South Africa,Point-in-time,Point-in-time,Point-in-time,Point-in-time,31944.4,13379.4,95855.0,69851.0,4,2017-10-01,2026-04-30,600,100,6600,190,84.0166666666667,4.55833333333333,6206842.1,4509870.3,137.627951296072,6.40844281790467,20520438.0,Large,2021,Full (4/4),127799.4,31944.4,Public,True,False,False,False,True,False,False,True,False,True,False,False,False,False,True,False,False,False,False,False,False,False,False,True
228303895,M&A,2021/12/5,Withdrawn,Company Takeover,Old Mutual Ltd announced the acquisition of Long4Life Ltd for ZAR 4329.87M.,ZAR,Cash,2022/6/6,17.48,0.000000,100.000000,No,Consumer Discretionary,Financials,N,,,Hostile to Friendly,South Africa,South Africa,Point-in-time,Point-in-time,Point-in-time,Point-in-time,6263.253,4091.446,940682.0,142606.0,4,2017-10-01,2026-04-30,600,100,6600,190,84.0166666666667,4.55833333333333,6206842.1,4509870.3,137.627951296072,6.40844281790467,20520438.0,Large,2021,Full (4/4),946945.253,6263.253,Public,True,False,False,False,False,False,False,False,False,False,False,False,False,False,False,False,False,False,False,False,False,False,False,False
228327630,M&A,2021/11/8,Withdrawn,Company Takeover,MTN Group Ltd announced the acquisition of Telkom SA SOC Ltd for ZAR 41075.85M.,ZAR,Cash and Stock,2022/10/19,,0.000000,100.000000,No,Communications,Communications,N,,,Unsolicited,South Africa,South Africa,Point-in-time,Point-in-time,Point-in-time,Point-in-time,61386.0,43043.0,348942.0,179361.0,4,2017-10-01,2026-04-30,600,100,6600,190,84.0166666666667,4.55833333333333,6206842.1,4509870.3,137.627951296072,6.40844281790467,20520438.0,Large,2021,Full (4/4),410328.0,61386.0,Public,True,False,False,False,False,False,False,False,False,False,False,False,False,False,False,False,False,False,False,False,False,False,False,False
228340503,INV,2021/11/9,Completed,Minority Purchase,Royal Bafokeng Holdings Pty Ltd sold a minority stake in Royal Bafokeng Platinum Ltd to Northam Platinum Holdings Ltd. The transaction was announced on 11/9/2021 and completed on 12/22/2021.,ZAR,Cash and Stock,2021/12/22,,0.000000,32.799999,No,Materials,Materials,N,,,Friendly,South Africa,South Africa,Point-in-time,Point-in-time,Point-in-time,Point-in-time,31944.4,13379.4,30667.505,17811.971,4,2017-10-01,2026-04-30,600,100,6600,190,84.0166666666667,4.55833333333333,6206842.1,4509870.3,137.627951296072,6.40844281790467,20520438.0,Large,2021,Full (4/4),62611.905,31944.4,Public,False,False,False,True,False,False,False,False,False,False,False,False,False,False,False,False,False,False,False,False,False,False,True,False
228368383,M&A,2021/11/8,Completed,"Additional Stake Purchase, Company Takeover",African Rainbow Capital Investments Ltd acquired CSG Holdings Ltd/South Africa for ZAR 138.17M. The transaction was announced on 11/8/2021 and completed on 4/26/2022.,ZAR,Cash,2022/4/26,11.29,24.802246,75.197754,No,Industrials,Financials,N,Webber Wentzel,,Unsolicited,South Africa,South Africa,Point-in-time,Point-in-time,Point-in-time,Point-in-time,752.287,1751.275,10002.0,130.0,4,2017-10-01,2026-04-30,600,100,6600,190,84.0166666666667,4.55833333333333,6206842.1,4509870.3,137.627951296072,6.40844281790467,20520438.0,Large,2021,Full (4/4),11753.275,1751.275,Public,True,True,False,False,False,False,False,False,False,False,False,False,False,False,False,False,False,False,False,False,False,False,True,False
228422582,M&A,2021/11/17,Completed,"Company Takeover, Additional Stake Purchase",Tsogo Sun Limited acquired Hospitality Property Fund Ltd. The transaction was announced on 11/17/2021 and completed on 2/2/2021. Financial terms of the transaction are undisclosed.,ZAR,Undisclosed,2021/2/2,,67.129997,32.869999,No,Real Estate,Consumer Discretionary,N,,,Friendly,South Africa,South Africa,Point-in-time,Point-in-time,Point-in-time,Point-in-time,10343.024,767.644,19003.0,11428.0,4,2017-10-01,2026-04-30,600,100,6600,190,84.0166666666667,4.55833333333333,6206842.1,4509870.3,137.627951296072,6.40844281790467,20520438.0,Large,2021,Full (4/4),29346.023999999998,10343.024,Public,True,True,False,False,False,False,False,False,False,False,False,False,False,False,False,False,False,False,False,False,False,False,True,False
228447193,M&A,2021/11/19,Withdrawn,"Cross Border, Company Takeover",Mondelez International Inc announced the acquisition of AVI Ltd for ZAR 1724.60M.,ZAR,Undisclosed,2021/12/14,,0.000000,100.000000,No,Consumer Staples,Consumer Staples,N,,,Unsolicited,South Africa,United States,Point-in-time,Point-in-time,Point-in-time,Point-in-time,9768.7,13209.7,67810.0,26581.0,4,2017-10-01,2026-04-30,600,100,6600,190,84.0166666666667,4.55833333333333,6206842.1,4509870.3,137.627951296072,6.40844281790467,20520438.0,Large,2021,Full (4/4),81019.7,13209.7,Public,True,False,True,False,False,False,False,False,False,False,False,False,False,False,False,False,False,False,False,False,False,False,False,False
228562668,INV,2021/12/1,Completed,"Minority Purchase, Cross Border",Astoria Investments Ltd acquired a minority stake in Goldrush Holdings Ltd. The transaction was completed on 12/1/2021.,ZAR,Cash,2021/12/1,-4.18,0.000000,14.800000,No,Financials,Financials,N,,,Friendly,South Africa,Mauritius,Point-in-time,Point-in-time,Point-in-time,Point-in-time,1040.772295,1.572101,26.548199,3.904877,4,2017-10-01,2026-04-30,600,100,6600,190,84.0166666666667,4.55833333333333,6206842.1,4509870.3,137.627951296072,6.40844281790467,20520438.0,Intermediate,2021,Full (4/4),1067.320494,1040.772295,Public,False,False,True,True,False,False,False,False,False,False,False,False,False,False,False,False,False,False,False,False,False,False,True,False
228680540,INV,2021/12/7,Completed,"Cross Border, Minority Purchase",UK Climate Investments LLP acquired a minority stake in Revego Africa Energy Ltd. The transaction was completed on 12/7/2021.,USD,Cash,2021/12/7,,0.000000,0.000000,No,Financials,Financials,N,,,Friendly,South Africa,United Kingdom,Missing,Point-in-time,MA-screen (current/latest),Point-in-time,,28.8,70.06735146552,0.0924351447354961,4,2017-10-01,2026-04-30,600,100,6600,190,84.0166666666667,4.55833333333333,6206842.1,4509870.3,137.627951296072,6.40844281790467,20520438.0,Small,2021,Partial (3/4),98.86735146552,28.8,Private,False,False,True,True,False,False,False,False,False,False,False,False,False,False,False,False,False,False,False,False,False,False,True,False
228715193,M&A,2022/11/9,Terminated,"Additional Stake Purchase, Tender Offer, Mandatory Offer, Company Takeover",Northam Platinum Holdings Ltd announced the acquisition of Royal Bafokeng Platinum Ltd for ZAR 28283.27M. The transaction was announced on 11/9/2022 and terminated on 4/5/2023.,ZAR,Cash,2023/4/5,18.40,34.520000,65.480003,No,Materials,Materials,N,,,Unsolicited,South Africa,South Africa,Point-in-time,Point-in-time,Point-in-time,Point-in-time,35047.2,16428.7,37950.86,32626.918,4,2017-10-01,2026-04-30,600,100,6600,190,89.7833333333334,6.85,6666581.0,4602689.5,144.840989165139,5.24096871394282,21356714.0,Large,2022,Full (4/4),72998.06,35047.2,Public,True,True,False,False,True,False,False,True,False,False,False,False,False,False,False,False,False,False,False,False,False,False,True,True
229076854,BUY,2021/10/30,Completed,,,ZAR,,2022/1/11,-98.92,0.000000,0.000000,,Materials,Materials,N,,,,South Africa,,Point-in-time,Point-in-time,Point-in-time,Point-in-time,71.436,123.731,71.436,123.731,4,2017-10-01,2026-04-30,600,100,6600,190,84.0166666666667,4.55833333333333,6206842.1,4509870.3,137.627951296072,6.40844281790467,20520438.0,Small,2021,Full (4/4),247.462,123.731,Public,False,False,False,False,False,False,False,False,False,False,False,False,False,False,False,False,False,False,False,False,False,False,False,False
229276779,INV,2022/2/3,Completed,"Additional Stake Purchase, Mandatory Offer, Tender Offer",Raubex Group Ltd acquired Bauba Resources Ltd for ZAR 28.73M. The transaction was announced on 2/3/2022 and completed on 6/10/2022.,ZAR,Cash,2022/6/10,12.75,51.000000,10.680000,No,Materials,Industrials,N,,,Friendly,South Africa,South Africa,Point-in-time,Point-in-time,Point-in-time,Point-in-time,545.089,277.1,8486.556,8846.454,4,2017-10-01,2026-04-30,600,100,6600,190,89.7833333333334,6.85,6666581.0,4602689.5,144.840989165139,5.24096871394282,21356714.0,Large,2022,Full (4/4),9391.543,545.089,Public,False,True,False,False,True,False,False,True,False,False,False,False,False,False,False,False,False,False,False,False,False,False,True,True
229277377,INV,2022/2/3,Completed,"Additional Stake Purchase, Minority Purchase",Raubex Group Ltd acquired a minority stake in Bauba Resources Ltd. The transaction was completed on 2/3/2022.,ZAR,Cash,2022/2/3,-3.36,24.700001,26.299999,No,Materials,Industrials,N,,,Friendly,South Africa,South Africa,Point-in-time,Point-in-time,Point-in-time,Point-in-time,545.089,277.1,8486.556,8846.454,4,2017-10-01,2026-04-30,600,100,6600,190,89.7833333333334,6.85,6666581.0,4602689.5,144.840989165139,5.24096871394282,21356714.0,Large,2022,Full (4/4),9391.543,545.089,Public,False,True,False,True,False,False,False,False,False,False,False,False,False,False,False,False,False,False,False,False,False,False,True,False
229574983,M&A,2022/3/2,Completed,"Cross Border, Company Takeover",Sasol Ltd sold Hywax GmbH to AWAX SpA. The transaction was announced on 3/2/2022 and completed on 3/1/2022. Financial terms of the transaction are undisclosed.,EUR,Undisclosed,2022/3/1,,0.000000,100.000000,No,Energy,Consumer Staples,N,,,Friendly,South Africa,Italy,Point-in-time,Point-in-time,Point-in-time,Point-in-time,267.639958,359.775034,323.161898,245.591898,4,2017-10-01,2026-04-30,600,100,6600,190,89.7833333333334,6.85,6666581.0,4602689.5,144.840989165139,5.24096871394282,21356714.0,Intermediate,2022,Full (4/4),682.9369320000001,359.775034,Private,True,False,True,False,False,False,False,False,False,False,False,False,False,False,False,False,False,False,False,False,False,False,False,False
229700690,INV,2022/3/9,Completed,Minority Purchase,Investec Ltd acquired a minority stake in Life Healthcare Group Holdings Ltd. The transaction was completed on 3/9/2022. Financial terms of the transaction are undisclosed.,ZAR,Undisclosed,2022/3/9,,0.000000,9.400000,No,Health Care,Financials,N,,,Friendly,South Africa,South Africa,Point-in-time,Point-in-time,Point-in-time,Point-in-time,40781.0,26885.0,51450.473,2785.07,4,2017-10-01,2026-04-30,600,100,6600,190,89.7833333333334,6.85,6666581.0,4602689.5,144.840989165139,5.24096871394282,21356714.0,Large,2022,Full (4/4),92231.473,40781.0,Public,False,False,False,True,False,False,False,False,False,False,False,False,False,False,False,False,False,False,False,False,False,False,True,False
229727725,INV,2022/3/15,Completed,"Cross Border, Minority Purchase, Private Placement",Ivanhoe Mines Ltd acquired a minority stake in Renergen Ltd. The transaction was completed on 3/15/2022.,ZAr,Cash,2022/3/15,,0.000000,4.350000,No,Financials,Materials,N,,,Friendly,South Africa,Canada,Point-in-time,Point-in-time,Point-in-time,Point-in-time,780.362,1.925,3218.206,0.0,4,2017-10-01,2026-04-30,600,100,6600,190,89.7833333333334,6.85,6666581.0,4602689.5,144.840989165139,5.24096871394282,21356714.0,Intermediate,2022,Full (4/4),3998.568,780.362,Public,False,False,True,True,False,False,False,False,True,False,False,False,False,False,False,False,False,False,False,False,False,False,True,False
230511032,M&A,2022/5/24,Completed,"Company Takeover, Cross Border, Private Equity, PE Buyout",DataTec Ltd sold Analysys Mason Ltd to Bridgepoint Advisers II Ltd for GBP 210.00M. The transaction was announced on 05/24/2022 and completed on 09/27/2022.,GBP,Cash,2022/9/27,,0.000000,100.000000,No,Industrials,Financials,N,Hengeler Mueller,Rothschild & Co,Friendly,South Africa,United Kingdom,Point-in-time,Point-in-time,Point-in-time,Point-in-time,63.42034631625,58.49948698190756,65.62344135372,38.809834567005154,4,2017-10-01,2026-04-30,600,100,6600,190,89.7833333333334,6.85,6666581.0,4602689.5,144.840989165139,5.24096871394282,21356714.0,Small,2022,Full (4/4),129.04378766997,63.42034631625,Private,True,False,True,False,False,False,True,False,False,False,True,False,False,False,False,False,False,False,False,False,False,True,False,False
230791796,INV,2022/6/21,Completed,"Tender Offer, Additional Stake Purchase",Raubex Group Ltd acquired Bauba Resources Ltd for ZAR 35.75M. The transaction was announced on 6/21/2022 and completed on 8/23/2022.,ZAR,Cash,2022/8/23,1.82,61.680000,13.290000,No,Materials,Industrials,N,Dla Piper Llp,,Friendly,South Africa,South Africa,Point-in-time,Point-in-time,Point-in-time,Point-in-time,545.089,277.1,8486.556,8846.454,4,2017-10-01,2026-04-30,600,100,6600,190,89.7833333333334,6.85,6666581.0,4602689.5,144.840989165139,5.24096871394282,21356714.0,Large,2022,Full (4/4),9391.543,545.089,Public,False,True,False,False,True,False,False,False,False,False,False,False,False,False,False,False,False,False,False,False,False,False,True,True
231027846,M&A,2022/7/13,Completed,"Additional Stake Purchase, Company Takeover, Tender Offer",Emira Property Fund Ltd acquired Transcend Residential Property Fund Ltd for ZAR 1391.67M. The transaction was announced on 7/13/2022 and completed on 11/14/2023.,ZAR,Cash,2023/11/14,-6.39,40.689999,59.310001,No,Real Estate,Real Estate,N,White & Case LLP,,Friendly,South Africa,South Africa,Point-in-time,Point-in-time,Point-in-time,Point-in-time,2522.526,309.468,13281.37,1476.324,4,2017-10-01,2026-04-30,600,100,6600,190,89.7833333333334,6.85,6666581.0,4602689.5,144.840989165139,5.24096871394282,21356714.0,Large,2022,Full (4/4),15803.896,2522.526,Public,True,True,False,False,True,False,False,False,False,False,False,False,False,False,False,False,False,False,False,False,False,False,True,True
231488361,M&A,2022/9/1,Completed,"Cross Border, Additional Stake Purchase, Company Takeover",Walmart Inc acquired Massmart Holdings Ltd for ZAR 6415.60M. The transaction was announced on 9/1/2022 and completed on 11/22/2022.,ZAR,Cash,2022/11/22,47.64,52.779999,47.220001,No,Consumer Staples,Consumer Staples,N,Webber Wentzel,Goldman Sachs,Friendly,South Africa,United States,Point-in-time,Point-in-time,Point-in-time,Point-in-time,40144.7,77621.6,252496.0,559151.0,4,2017-10-01,2026-04-30,600,100,6600,190,89.7833333333334,6.85,6666581.0,4602689.5,144.840989165139,5.24096871394282,21356714.0,Large,2022,Full (4/4),636772.6,77621.6,Public,True,True,True,False,False,False,False,False,False,False,False,False,False,False,False,False,False,False,False,False,False,False,True,False
231703275,M&A,2022/9/19,Completed,"Majority Purchase, Cross Border",Sinosteel Corp acquired Samancor Chrome Ltd. The transaction was completed on 9/19/2022. Financial terms of the transaction are undisclosed.,USD,Undisclosed,2022/9/19,,0.000000,0.000000,No,Materials,Materials,N,Clifford Chance,,Friendly,South Africa,China,MA-screen (current/latest),MA-screen (current/latest),MA-screen (current/latest),MA-screen (current/latest),6260.85,4082.13,134580.0,201554.0,4,2017-10-01,2026-04-30,600,100,6600,190,89.7833333333334,6.85,6666581.0,4602689.5,144.840989165139,5.24096871394282,21356714.0,Large,2022,Full (4/4),207814.85,6260.85,Public,False,False,True,False,False,True,False,False,False,False,False,False,False,False,False,False,False,False,False,False,False,False,True,False
231924572,M&A,2022/10/11,Pending,"Private Placement, Tender Offer, Majority Purchase, Additional Stake Purchase",Sanlam Ltd announced the acquisition of AfroCentric Investment Corp Ltd for ZAR 2840.06M. The transaction was announced on 10/11/2022 and is currently pending.,ZAR,Cash,,50.11,16.100000,43.900002,No,Consumer Staples,Financials,N,,,Friendly,South Africa,South Africa,Point-in-time,Point-in-time,Point-in-time,Point-in-time,5114.366,8074.418,1056178.0,178056.0,4,2017-10-01,2026-04-30,600,100,6600,190,89.7833333333334,6.85,6666581.0,4602689.5,144.840989165139,5.24096871394282,21356714.0,Large,2022,Full (4/4),1064252.418,8074.418,Public,False,True,False,False,True,True,False,False,True,False,False,False,False,False,False,False,False,False,False,False,False,False,True,True
23197801,INV,2006/9/11,Completed,Additional Stake Purchase,JCI Ltd sold Gold Fields Operations Ltd to Gold Fields Ltd for ZAR 1354.09M. The transaction was completed on 9/11/2006.,ZAR,Stock,2006/9/11,,18.010000,16.690001,No,Materials,Materials,N,Edward Nathan/Linklaters,Citigroup Global/JP Morgan,Friendly,South Africa,South Africa,Point-in-time,Point-in-time,Point-in-time,Point-in-time,5438.8,660.9,3594.4265616,1897.526637495784,2,2001-02-01,2009-03-31,200,30,3500,100,36.9166666666667,4.64166666666667,2057593.9,3602578.7,57.114474695584,6.06463577535368,5041515.0,Large,2006,Full (4/4),9033.2265616,5438.8,Public,False,True,False,False,False,False,False,False,False,False,False,False,False,False,False,False,False,False,False,False,False,False,True,False
23197997,M&A,2006/9/11,Completed,"Company Takeover, Additional Stake Purchase, Tender Offer",Gold Fields Ltd acquired Gold Fields Operations Ltd for ZAR 9049.49M. The transaction was announced on 9/11/2006 and completed on 3/30/2007.,ZAR,Stock,2007/3/30,14.16,41.000000,59.000000,No,Materials,Materials,N,Edward Nathan/Linklaters,Citigroup Global/JP Morgan,Unsolicited to Friendly,South Africa,South Africa,Point-in-time,Point-in-time,Point-in-time,Point-in-time,5438.8,660.9,3594.4265616,1897.526637495784,2,2001-02-01,2009-03-31,200,30,3500,100,36.9166666666667,4.64166666666667,2057593.9,3602578.7,57.114474695584,6.06463577535368,5041515.0,Large,2006,Full (4/4),9033.2265616,5438.8,Public,True,True,False,False,True,False,False,False,False,False,False,False,False,False,False,False,False,False,False,False,False,False,True,True
232541872,INV,2022/12/12,Completed,Additional Stake Purchase,Heriot Reit Ltd acquired Safari Investments RSA Ltd for ZAR 132.29M. The transaction was announced on 12/12/2022 and completed on 12/9/2022.,ZAR,Cash,2022/12/9,-2.56,40.700001,7.600000,No,Consumer Discretionary,Real Estate,N,,,Friendly,South Africa,South Africa,Point-in-time,Point-in-time,Point-in-time,Point-in-time,3554.149,353.514,4948.137,514.184,4,2017-10-01,2026-04-30,600,100,6600,190,89.7833333333334,6.85,6666581.0,4602689.5,144.840989165139,5.24096871394282,21356714.0,Large,2022,Full (4/4),8502.286,3554.149,Public,False,True,False,False,False,False,False,False,False,False,False,False,False,False,False,False,False,False,False,False,False,False,True,False
233110789,INV,2023/2/6,Completed,Minority Purchase,Old Mutual Ltd acquired a minority stake in SPAR Group Ltd/The. The transaction was completed on 2/6/2023. Financial terms of the transaction are undisclosed.,ZAr,Undisclosed,2023/2/6,,0.000000,5.050000,No,Consumer Staples,Financials,N,,,Friendly,South Africa,South Africa,Point-in-time,Point-in-time,Point-in-time,Point-in-time,57118.2,135609.1,1064745.0,81550.0,4,2017-10-01,2026-04-30,600,100,6600,190,95.0833333333333,5.90833333333333,7037674.4,4639792.0,151.680816726267,4.72230105618063,19023628.0,Large,2023,Full (4/4),1200354.1,135609.1,Public,False,False,False,True,False,False,False,False,False,False,False,False,False,False,False,False,False,False,False,False,False,False,True,False
233519608,M&A,2023/3/14,Completed,Company Takeover,SA Corporate Real Estate Ltd acquired Indluplace Properties Ltd for ZAR 1086.25M. The transaction was announced on 3/14/2023 and completed on 7/26/2023.,ZAR,Cash,2023/7/26,14.06,0.000000,100.000000,No,Real Estate,Real Estate,N,,,Friendly,South Africa,South Africa,Point-in-time,Point-in-time,Point-in-time,Point-in-time,3524.455752,583.692659,17533.845,2042.494,4,2017-10-01,2026-04-30,600,100,6600,190,95.0833333333333,5.90833333333333,7037674.4,4639792.0,151.680816726267,4.72230105618063,19023628.0,Large,2023,Full (4/4),21058.300752000003,3524.455752,Public,True,False,False,False,False,False,False,False,False,False,False,False,False,False,False,False,False,False,False,False,False,False,False,False
233545205,INV,2023/3/16,Completed,"Cross Border, Minority Purchase",Equinor ASA acquired a minority stake in Scatec ASA. The transaction was completed on 3/16/2023.,NOK,Cash,2023/3/16,,0.000000,3.100000,No,Utilities,Energy,N,,,Friendly,South Africa,Norway,Point-in-time,Point-in-time,Point-in-time,Point-in-time,36730.0,3751.0,158021.0,149004.0,4,2017-10-01,2026-04-30,600,100,6600,190,95.0833333333333,5.90833333333333,7037674.4,4639792.0,151.680816726267,4.72230105618063,19023628.0,Large,2023,Full (4/4),194751.0,36730.0,Public,False,False,True,True,False,False,False,False,False,False,False,False,False,False,False,False,False,False,False,False,False,False,True,False
23401098,BUY,2006/9/27,Pending,,,ZAR,,2006/11/24,,0.000000,0.000000,,Materials,Materials,N,,Rand Merchant Bk,,South Africa,,Point-in-time,Point-in-time,Point-in-time,Point-in-time,14425.0,5308.0,14425.0,5308.0,2,2001-02-01,2009-03-31,200,30,3500,100,36.9166666666667,4.64166666666667,2057593.9,3602578.7,57.114474695584,6.06463577535368,5041515.0,Large,2006,Full (4/4),28850.0,14425.0,Public,False,False,False,False,False,False,False,False,False,False,False,False,False,False,False,False,False,False,False,False,False,False,False,False
234159417,INV,2023/5/11,Completed,"Tender Offer, Additional Stake Purchase, Mandatory Offer",African Phoenix Investments Ltd acquired enX Group Ltd for ZAR 3.16M. The transaction was announced on 5/11/2023 and completed on 9/18/2023.,ZAR,Cash,2023/9/18,-1.95,48.799999,0.270000,No,Industrials,Financials,N,,,Friendly,South Africa,South Africa,Point-in-time,MA-screen (current/latest),Point-in-time,MA-screen (current/latest),5888.657,3330.535,1400.32,102.993,4,2017-10-01,2026-04-30,600,100,6600,190,95.0833333333333,5.90833333333333,7037674.4,4639792.0,151.680816726267,4.72230105618063,19023628.0,Large,2023,Full (4/4),7288.977,5888.657,Public,False,True,False,False,True,False,False,True,False,False,False,False,False,False,False,False,False,False,False,False,False,False,True,True
234356811,M&A,2023/5/31,Completed,"Majority Purchase, Additional Stake Purchase",Public Investment Corp Ltd sold Royal Bafokeng Platinum Ltd to Impala Platinum Holdings Ltd. The transaction was completed on 5/31/2023. Financial terms of the transaction are undisclosed.,ZAR,Undisclosed,2023/5/31,,46.200001,9.260000,No,Materials,Materials,N,,,Friendly,South Africa,South Africa,Point-in-time,Point-in-time,Point-in-time,Point-in-time,36396.3,15911.3,156087.0,118332.0,4,2017-10-01,2026-04-30,600,100,6600,190,95.0833333333333,5.90833333333333,7037674.4,4639792.0,151.680816726267,4.72230105618063,19023628.0,Large,2023,Full (4/4),192483.3,36396.3,Public,False,True,False,False,False,True,False,False,False,False,False,False,False,False,False,False,False,False,False,False,False,False,True,False
234473181,INV,2023/6/9,Pending,Additional Stake Purchase,Impala Platinum Holdings Ltd announced the acquisition of Royal Bafokeng Platinum Ltd. The transaction was announced on 6/9/2023 and is currently pending. Financial terms of the transaction are undisclosed.,ZAR,Undisclosed,,,55.720001,0.298400,No,Materials,Materials,N,,,Friendly,South Africa,South Africa,Point-in-time,Point-in-time,Point-in-time,Point-in-time,36396.3,15911.3,156087.0,118332.0,4,2017-10-01,2026-04-30,600,100,6600,190,95.0833333333333,5.90833333333333,7037674.4,4639792.0,151.680816726267,4.72230105618063,19023628.0,Large,2023,Full (4/4),192483.3,36396.3,Public,False,True,False,False,False,False,False,False,False,False,False,False,False,False,False,False,False,False,False,False,False,False,True,False
234886690,M&A,2023/7/3,Completed,"Additional Stake Purchase, Mandatory Offer, Majority Purchase, Tender Offer, Squeeze Out",Northam Platinum Holdings Ltd sold Royal Bafokeng Platinum Ltd to Impala Platinum Holdings Ltd for ZAR 13381.18M. The transaction was announced on 7/3/2023 and completed on 9/18/2023.,ZAR,Cash and Stock,2023/9/18,1.01,56.430000,34.520000,No,Materials,Materials,N,,JP Morgan/Macquarie Group,Friendly,South Africa,South Africa,Point-in-time,Point-in-time,Point-in-time,Point-in-time,36396.3,15911.3,156087.0,118332.0,4,2017-10-01,2026-04-30,600,100,6600,190,95.0833333333333,5.90833333333333,7037674.4,4639792.0,151.680816726267,4.72230105618063,19023628.0,Large,2023,Full (4/4),192483.3,36396.3,Public,False,True,False,False,True,True,False,True,False,True,False,False,False,False,False,False,False,False,False,False,False,False,True,True
234968748,M&A,2023/7/27,Completed,"Additional Stake Purchase, Company Takeover",Standard Bank Group Ltd acquired Liberty Two Degrees Ltd for ZAR 1966.33M. The transaction was announced on 7/27/2023 and completed on 11/14/2024.,ZAR,Cash,2024/11/14,46.96,61.000000,39.000000,No,Real Estate,Financials,N,,,Friendly,South Africa,South Africa,Point-in-time,Point-in-time,Point-in-time,Point-in-time,8804.437,1029.588,2882397.0,213420.0,4,2017-10-01,2026-04-30,600,100,6600,190,95.0833333333333,5.90833333333333,7037674.4,4639792.0,151.680816726267,4.72230105618063,19023628.0,Large,2023,Full (4/4),2891201.437,8804.437,Public,True,True,False,False,False,False,False,False,False,False,False,False,False,False,False,False,False,False,False,False,False,False,True,False
235278150,INV,2023/8/24,Completed,Minority Purchase,Old Mutual Ltd acquired a minority stake in Northam Platinum Holdings Ltd. The transaction was completed on 8/24/2023. Financial terms of the transaction are undisclosed.,ZAr,Undisclosed,2023/8/24,,0.000000,5.000000,No,Materials,Financials,N,,,Friendly,South Africa,South Africa,Point-in-time,Point-in-time,Point-in-time,Point-in-time,57351.141,34064.27,1064745.0,81550.0,4,2017-10-01,2026-04-30,600,100,6600,190,95.0833333333333,5.90833333333333,7037674.4,4639792.0,151.680816726267,4.72230105618063,19023628.0,Large,2023,Full (4/4),1122096.141,57351.141,Public,False,False,False,True,False,False,False,False,False,False,False,False,False,False,False,False,False,False,False,False,False,False,True,False
235627394,INV,2023/9/26,Completed,"Cross Border, Minority Purchase",UBS Group AG acquired a minority stake in Sibanye Stillwater Ltd. The transaction was completed on 9/26/2023. Financial terms of the transaction are undisclosed.,ZAR,Undisclosed,2023/9/26,,0.000000,5.070000,No,Materials,Financials,N,,,Friendly,South Africa,Switzerland,Point-in-time,Point-in-time,Point-in-time,Point-in-time,166631.0,138288.0,1104364.0,42949.0,4,2017-10-01,2026-04-30,600,100,6600,190,95.0833333333333,5.90833333333333,7037674.4,4639792.0,151.680816726267,4.72230105618063,19023628.0,Large,2023,Full (4/4),1270995.0,166631.0,Public,False,False,True,True,False,False,False,False,False,False,False,False,False,False,False,False,False,False,False,False,False,False,True,False
235798354,M&A,2023/10/10,Completed,"Company Takeover, Cross Border",Powerfleet Inc acquired MiX Telematics Ltd for USD 303.19M. The transaction was announced on 10/10/2023 and completed on 3/26/2024.,USD,Stock,2024/3/26,9.01,0.000000,100.000000,No,Technology,Technology,N,Olshan Frome/Webber Wentzel,,Friendly,South Africa,United States,Point-in-time,Point-in-time,Point-in-time,Point-in-time,180.554,143.294,218.056,135.912,4,2017-10-01,2026-04-30,600,100,6600,190,95.0833333333333,5.90833333333333,7037674.4,4639792.0,151.680816726267,4.72230105618063,19023628.0,Small,2023,Full (4/4),398.61,180.554,Public,True,False,True,False,False,False,False,False,False,False,False,False,False,False,False,False,False,False,False,False,False,False,False,False
236576455,M&A,2023/12/18,Withdrawn,Company Takeover,"With no further information disclosed, this proposal has been withdrawn 06/19/2024.Sun International Ltd/South Africa proposed to acquire Peermont Global Pty Ltd. The transaction was proposed on 12/18/2023. Financial terms of the transaction are unknown.",ZAR,Cash,2024/6/19,,0.000000,100.000000,No,Consumer Discretionary,Consumer Discretionary,N,,,Friendly,South Africa,South Africa,MA-screen (current/latest),Point-in-time,MA-screen (current/latest),Point-in-time,8907.0,35255.0,13546.0,11302.0,4,2017-10-01,2026-04-30,600,100,6600,190,95.0833333333333,5.90833333333333,7037674.4,4639792.0,151.680816726267,4.72230105618063,19023628.0,Large,2023,Full (4/4),48801.0,35255.0,Private,True,False,False,False,False,False,False,False,False,False,False,False,False,False,False,False,False,False,False,False,False,False,False,False
236723211,INV,2009/2/4,Completed,Minority Purchase,Thebe Financial Services Ltd acquired a minority stake in Efficient Group Ltd. The transaction was completed on 2/4/2009. Financial terms of the transaction are undisclosed.,ZAR,Undisclosed,2009/2/4,,0.000000,25.100000,No,Financials,Financials,N,,,Friendly,South Africa,South Africa,MA-screen (current/latest),MA-screen (current/latest),MA-screen (current/latest),MA-screen (current/latest),673.756,1073.37,717.402,939.202,2,2001-02-01,2009-03-31,200,30,3500,100,47.0166666666667,7.14166666666667,2794228.4,3856572.1,72.4536797846979,8.66304177846167,5929063.0,Intermediate,2009,Full (4/4),2012.572,1073.37,Public,False,False,False,True,False,False,False,False,False,False,False,False,False,False,False,False,False,False,False,False,False,False,True,False
236973538,INV,2024/1/25,Completed,"Minority Purchase, Cross Border",Lazard Inc acquired a minority stake in Life Healthcare Funding Ltd. The transaction was completed on 1/25/2024. Financial terms of the transaction are undisclosed.,USD,Undisclosed,2024/1/25,,0.000000,10.100000,No,Health Care,Financials,N,,,Friendly,South Africa,United States,Point-in-time,Point-in-time,Point-in-time,Point-in-time,1027.540372,0.0,4635.781,2593.162,4,2017-10-01,2026-04-30,600,100,6600,190,99.2916666666667,4.43333333333333,7352449.5,4664607.7,157.622033252657,3.91692018451606,19239200.0,Intermediate,2024,Full (4/4),5663.321372,1027.540372,Private,False,False,True,True,False,False,False,False,False,False,False,False,False,False,False,False,False,False,False,False,False,False,True,False
237074426,M&A,2024/4/8,Completed,"Company Takeover, Cross Border, Additional Stake Purchase, Mandatory Offer, Squeeze Out, Tender Offer",Canal+ SA acquired MultiChoice Group for ZAR 52459.62M. The transaction was announced on 4/8/2024 and completed on 12/10/2025.,ZAR,Cash,2025/12/10,13.24,35.009998,64.989998,No,Communications,Communications,N,Bowmans/Mauritiu/Bryan Cave Leigh/Cleary Gottlieb,Bofa Securities/JP Morgan/Societe Generale,Friendly,South Africa,France,Point-in-time,Point-in-time,Point-in-time,Point-in-time,47610.0,58424.0,8912.0,6223.0,4,2017-10-01,2026-04-30,600,100,6600,190,99.2916666666667,4.43333333333333,7352449.5,4664607.7,157.622033252657,3.91692018451606,19239200.0,Large,2024,Full (4/4),67336.0,58424.0,Public,True,True,True,False,True,False,False,True,False,True,False,False,False,False,False,False,False,False,False,False,False,False,True,True
237243876,INV,2024/2/14,Completed,"Cross Border, Minority Purchase",JPMorgan Chase & Co acquired a minority stake in Sibanye Stillwater Ltd. The transaction was completed on 2/14/2024. Financial terms of the transaction are undisclosed.,ZAR,Undisclosed,2024/2/14,,0.000000,5.640000,No,Materials,Financials,N,,,Friendly,South Africa,United States,Point-in-time,Point-in-time,Point-in-time,Point-in-time,142941.0,113684.0,3875393.0,239425.0,4,2017-10-01,2026-04-30,600,100,6600,190,99.2916666666667,4.43333333333333,7352449.5,4664607.7,157.622033252657,3.91692018451606,19239200.0,Large,2024,Full (4/4),4018334.0,142941.0,Public,False,False,True,True,False,False,False,False,False,False,False,False,False,False,False,False,False,False,False,False,False,False,True,False
237327252,INV,2024/2/21,Completed,Minority Purchase,Public Investment Corp Ltd acquired a minority stake in Hyprop Investments Ltd. The transaction was completed on 2/21/2024. Financial terms of the transaction are undisclosed.,ZAR,Undisclosed,2024/2/21,,0.000000,20.180000,No,Real Estate,Financials,N,,,Friendly,South Africa,South Africa,Point-in-time,Point-in-time,Point-in-time,Point-in-time,39870.697,4373.94,4530.826,1220.432,4,2017-10-01,2026-04-30,600,100,6600,190,99.2916666666667,4.43333333333333,7352449.5,4664607.7,157.622033252657,3.91692018451606,19239200.0,Large,2024,Full (4/4),44401.523,39870.697,Public,False,False,False,True,False,False,False,False,False,False,False,False,False,False,False,False,False,False,False,False,False,False,True,False
237397927,INV,2024/2/27,Completed,Minority Purchase,Old Mutual Ltd acquired a minority stake in Octodec Investments Ltd. The transaction was completed on 2/27/2024. Financial terms of the transaction are undisclosed.,USD,Undisclosed,2024/2/27,,0.000000,5.160000,No,Real Estate,Financials,N,,,Friendly,South Africa,South Africa,Point-in-time,Point-in-time,Point-in-time,Point-in-time,11490.519,1982.537,1157026.0,105803.0,4,2017-10-01,2026-04-30,600,100,6600,190,99.2916666666667,4.43333333333333,7352449.5,4664607.7,157.622033252657,3.91692018451606,19239200.0,Large,2024,Full (4/4),1168516.519,11490.519,Public,False,False,False,True,False,False,False,False,False,False,False,False,False,False,False,False,False,False,False,False,False,False,True,False
237568685,INV,2024/3/8,Pending,"Additional Stake Purchase, Cross Border",Astoria Investments Ltd announced the acquisition of Leatt Corp for USD 3.65M. The transaction was announced on 3/8/2024 and is currently pending.,USD,Cash and Stock,,,2.300000,6.540000,No,Consumer Discretionary,Financials,N,,,Friendly,South Africa,Mauritius,Point-in-time,Point-in-time,Point-in-time,Point-in-time,47.607372,47.241187,44.70159,-0.858268,4,2017-10-01,2026-04-30,600,100,6600,190,99.2916666666667,4.43333333333333,7352449.5,4664607.7,157.622033252657,3.91692018451606,19239200.0,Small,2024,Full (4/4),92.30896200000001,47.607372,Public,False,True,True,False,False,False,False,False,False,False,False,False,False,False,False,False,False,False,False,False,False,False,True,False
237614359,M&A,2024/3/14,Completed,"Additional Stake Purchase, Company Takeover",Caxton and CTP Publishers and Printers Ltd acquired Cognition Holdings Ltd for ZAR 60.05M. The transaction was announced on 3/14/2024 and completed on 6/11/2024.,ZAR,Cash,2024/6/11,3.08,75.519997,24.480000,No,Industrials,Communications,N,,,Friendly,South Africa,South Africa,Point-in-time,Point-in-time,Point-in-time,Point-in-time,266.274763,79.204753,9176.015,6974.558,4,2017-10-01,2026-04-30,600,100,6600,190,99.2916666666667,4.43333333333333,7352449.5,4664607.7,157.622033252657,3.91692018451606,19239200.0,Large,2024,Full (4/4),9442.289762999999,266.274763,Public,True,True,False,False,False,False,False,False,False,False,False,False,False,False,False,False,False,False,False,False,False,False,True,False
238050860,INV,2024/4/23,Completed,Minority Purchase,Coronation Fund Managers Ltd acquired a minority stake in Lewis Group Ltd. The transaction was completed on 4/23/2024. Financial terms of the transaction are undisclosed.,ZAR,Undisclosed,2024/4/23,,0.000000,25.280001,No,Consumer Discretionary,Financials,N,,,Friendly,South Africa,South Africa,Point-in-time,Point-in-time,Point-in-time,Point-in-time,7047.3,7483.0,65337.0,3883.0,4,2017-10-01,2026-04-30,600,100,6600,190,99.2916666666667,4.43333333333333,7352449.5,4664607.7,157.622033252657,3.91692018451606,19239200.0,Large,2024,Full (4/4),72820.0,7483.0,Public,False,False,False,True,False,False,False,False,False,False,False,False,False,False,False,False,False,False,False,False,False,False,True,False
238068990,M&A,2024/4/24,Withdrawn,"Cross Border, Company Takeover, Tender Offer",BHP Group Ltd announced the acquisition of Anglo American PLC for GBP 33773.13M.,GBP,Stock,2024/5/29,,0.000000,100.000000,No,Materials,Materials,N,,Barclays/Lazard,Unsolicited,South Africa,Australia,Point-in-time,Point-in-time,Point-in-time,Point-in-time,66544.0,30652.0,101296.0,53817.0,4,2017-10-01,2026-04-30,600,100,6600,190,99.2916666666667,4.43333333333333,7352449.5,4664607.7,157.622033252657,3.91692018451606,19239200.0,Large,2024,Full (4/4),167840.0,66544.0,Public,True,False,True,False,True,False,False,False,False,False,False,False,False,False,False,False,False,False,False,False,False,False,False,True
238183413,M&A,2024/5/2,Withdrawn,"Cross Border, Company Takeover",With no further information the deal has been withdrawn on 11/03/2024. Glencore PLC proposed to acquire Anglo American PLC. The transaction was proposed on 5/2/2024. Financial terms of the transaction are unknown.,USD,Undisclosed,2024/11/3,,0.000000,100.000000,No,Materials,Materials,N,,,Friendly,South Africa,Australia,Point-in-time,Point-in-time,Point-in-time,Point-in-time,66544.0,30652.0,123869.0,217829.0,4,2017-10-01,2026-04-30,600,100,6600,190,99.2916666666667,4.43333333333333,7352449.5,4664607.7,157.622033252657,3.91692018451606,19239200.0,Large,2024,Full (4/4),284373.0,66544.0,Public,True,False,True,False,False,False,False,False,False,False,False,False,False,False,False,False,False,False,False,False,False,False,False,False
238300982,M&A,2024/5/13,Withdrawn,"Cross Border, Competing Bid, Company Takeover","With no further information, the deal has been withdrawn on 11/13/2024. Rio Tinto PLC proposed to acquire Anglo American PLC for GBP 8602.48M. The transaction was proposed on 5/13/2024.",GBP,Undisclosed,2024/11/13,,0.000000,100.000000,No,Materials,Materials,N,,,Friendly,South Africa,Australia,Point-in-time,Point-in-time,Point-in-time,Point-in-time,66544.0,30652.0,103549.0,54041.0,4,2017-10-01,2026-04-30,600,100,6600,190,99.2916666666667,4.43333333333333,7352449.5,4664607.7,157.622033252657,3.91692018451606,19239200.0,Large,2024,Full (4/4),170093.0,66544.0,Public,True,False,True,False,False,False,False,False,False,False,False,True,False,False,False,False,False,False,False,False,False,False,False,False
238772368,INV,2024/6/25,Completed,Minority Purchase,Public Investment Corp Ltd acquired a minority stake in Pepkor Holdings Ltd. The transaction was completed on 6/25/2024. Financial terms of the transaction are undisclosed.,ZAR,Undisclosed,2024/6/25,,0.000000,10.295000,No,Consumer Staples,Financials,N,,,Friendly,South Africa,South Africa,Point-in-time,Point-in-time,Point-in-time,Point-in-time,108740.0,78960.0,4530.826,1220.432,4,2017-10-01,2026-04-30,600,100,6600,190,99.2916666666667,4.43333333333333,7352449.5,4664607.7,157.622033252657,3.91692018451606,19239200.0,Large,2024,Full (4/4),113270.826,108740.0,Public,False,False,False,True,False,False,False,False,False,False,False,False,False,False,False,False,False,False,False,False,False,False,True,False
23914797,INV,2006/11/14,Completed,Additional Stake Purchase,ElementOne Ltd sold SuperSport International Holdings Pty Ltd to Naspers Ltd for ZAR 3032.52M. The transaction was announced on 11/14/2006 and completed on 2/27/2007.,ZAR,Cash and Stock,2007/2/27,,60.119999,38.560001,No,Communications,Communications,N,,,Friendly,South Africa,South Africa,MA-screen (current/latest),Point-in-time,MA-screen (current/latest),Point-in-time,635.266,960.877,2250.4044265,2168.1851776104336,2,2001-02-01,2009-03-31,200,30,3500,100,36.9166666666667,4.64166666666667,2057593.9,3602578.7,57.114474695584,6.06463577535368,5041515.0,Intermediate,2006,Full (4/4),3211.2814265,960.877,Public,False,True,False,False,False,False,False,False,False,False,False,False,False,False,False,False,False,False,False,False,False,False,True,False
239456269,M&A,2024/8/19,Pending,"Cross Border, Company Takeover",Oshee Polska SP ZOO announced the sale of Sonko Sp zoo to Euricom SpA. The transaction was announced on 8/19/2024 and is currently pending. Financial terms of the transaction are undisclosed.,PLN,Undisclosed,,,0.000000,100.000000,No,Consumer Staples,Consumer Staples,N,,Ernst & Young,Friendly,South Africa,Italy,MA-screen (current/latest),Point-in-time,MA-screen (current/latest),Point-in-time,757.196,719.993,718.576,874.346,4,2017-10-01,2026-04-30,600,100,6600,190,99.2916666666667,4.43333333333333,7352449.5,4664607.7,157.622033252657,3.91692018451606,19239200.0,Intermediate,2024,Full (4/4),1631.542,757.196,Private,True,False,True,False,False,False,False,False,False,False,False,False,False,False,False,False,False,False,False,False,False,False,False,False
23974062,INV,2006/11/17,Completed,Minority Purchase,Cape Empowerment Trust Ltd acquired a minority stake in Purple Group Ltd. The transaction was completed on 11/17/2006.,ZAR,Stock,2006/11/17,-0.26,0.000000,10.000000,No,Financials,Financials,N,Hofmeyr Herbstei,,Friendly,South Africa,South Africa,Point-in-time,Point-in-time,Point-in-time,Point-in-time,54.461,0.378,131.7760009765625,106.51300048828124,2,2001-02-01,2009-03-31,200,30,3500,100,36.9166666666667,4.64166666666667,2057593.9,3602578.7,57.114474695584,6.06463577535368,5041515.0,Small,2006,Full (4/4),186.2370009765625,54.461,Public,False,False,False,True,False,False,False,False,False,False,False,False,False,False,False,False,False,False,False,False,False,False,True,False
239761996,M&A,2024/9/17,Pending,"Cross Border, Company Takeover",A consortium led by International Finance Corp announced the sale of Assupol Holdings Ltd to Sanlam Ltd for ZAR 6571.17M. The transaction was announced on 9/17/2024 and is expected to be completed by 10/7/2024.,ZAR,Cash,2024/10/7,,0.000000,100.000000,No,Financials,Financials,N,,JP Morgan,Friendly,South Africa,South Africa,Point-in-time,Point-in-time,Point-in-time,Point-in-time,13036.217,3887.196,996720.0,184708.0,4,2017-10-01,2026-04-30,600,100,6600,190,99.2916666666667,4.43333333333333,7352449.5,4664607.7,157.622033252657,3.91692018451606,19239200.0,Large,2024,Full (4/4),1009756.217,13036.217,Private,True,False,True,False,False,False,False,False,False,False,False,False,False,False,False,False,False,False,False,False,False,False,False,False
239762031,INV,2024/9/17,Completed,"Minority Purchase, Cross Border",ODC Ltd sold a minority stake in Capevin Holdings Ltd to Davide Campari-Milano NV. The transaction was completed on 9/17/2024.,GBP,Cash,2024/9/17,,0.000000,14.600000,No,Consumer Staples,Consumer Staples,N,Eversheds Suther,,Friendly,South Africa,Italy,MA-screen (current/latest),Point-in-time,Missing,Point-in-time,2842.8,,6675.6,2918.6,4,2017-10-01,2026-04-30,600,100,6600,190,99.2916666666667,4.43333333333333,7352449.5,4664607.7,157.622033252657,3.91692018451606,19239200.0,Large,2024,Partial (3/4),9518.400000000001,2842.8,Public,False,False,True,True,False,False,False,False,False,False,False,False,False,False,False,False,False,False,False,False,False,False,True,False
239946254,INV,2024/10/2,Pending,Minority Purchase,Public Investment Corp Ltd announced the acquisition of a minority stake in Sibanye Stillwater Ltd. The transaction was announced on 10/2/2024 and is currently pending. Financial terms of the transaction are undisclosed.,ZAR,Undisclosed,,,0.000000,15.048000,No,Materials,Financials,N,,,Friendly,South Africa,South Africa,Point-in-time,Point-in-time,Point-in-time,Point-in-time,142941.0,113684.0,4530.826,1220.432,4,2017-10-01,2026-04-30,600,100,6600,190,99.2916666666667,4.43333333333333,7352449.5,4664607.7,157.622033252657,3.91692018451606,19239200.0,Large,2024,Full (4/4),147471.826,142941.0,Public,False,False,False,True,False,False,False,False,False,False,False,False,False,False,False,False,False,False,False,False,False,False,True,False
239956968,INV,2024/10/3,Pending,Minority Purchase,Public Investment Corp Ltd announced the acquisition of a minority stake in Momentum Group Limited. The transaction was announced on 10/3/2024 and is currently pending. Financial terms of the transaction are undisclosed.,ZAR,Undisclosed,,,0.000000,15.696000,No,Financials,Financials,N,,,Friendly,South Africa,South Africa,Point-in-time,Point-in-time,Point-in-time,Point-in-time,635975.0,76182.0,4530.826,1220.432,4,2017-10-01,2026-04-30,600,100,6600,190,99.2916666666667,4.43333333333333,7352449.5,4664607.7,157.622033252657,3.91692018451606,19239200.0,Large,2024,Full (4/4),640505.826,635975.0,Public,False,False,False,True,False,False,False,False,False,False,False,False,False,False,False,False,False,False,False,False,False,False,True,False
239957400,INV,2024/10/3,Completed,"Minority Purchase, Cross Border",Sanlam Ltd sold a minority stake in Sanlam Private Investments UK Ltd to Willis Towers Watson PLC. The transaction was completed on 10/3/2024. Financial terms of the transaction are undisclosed.,GBP,Undisclosed,2024/10/3,,0.000000,0.000000,No,Financials,Financials,N,Herbert Smith Fr/White & Case LLP,Houlihan Lokey,Friendly,South Africa,United States,MA-screen (current/latest),Point-in-time,MA-screen (current/latest),Point-in-time,559.46,509.773,29090.0,9483.0,4,2017-10-01,2026-04-30,600,100,6600,190,99.2916666666667,4.43333333333333,7352449.5,4664607.7,157.622033252657,3.91692018451606,19239200.0,Large,2024,Full (4/4),29649.46,559.46,Private,False,False,True,True,False,False,False,False,False,False,False,False,False,False,False,False,False,False,False,False,False,False,True,False
240102046,INV,2024/10/18,Completed,Minority Purchase,Public Investment Corp Ltd acquired a minority stake in Wilson Bayly Holmes-Ovcon Ltd. The transaction was completed on 10/18/2024. Financial terms of the transaction are undisclosed.,ZAR,Undisclosed,2024/10/18,,0.000000,20.455999,No,Industrials,Financials,N,,,Friendly,South Africa,South Africa,Point-in-time,Point-in-time,Point-in-time,Point-in-time,14646.421,23768.747,4530.826,1220.432,4,2017-10-01,2026-04-30,600,100,6600,190,99.2916666666667,4.43333333333333,7352449.5,4664607.7,157.622033252657,3.91692018451606,19239200.0,Large,2024,Full (4/4),28299.573,23768.747,Public,False,False,False,True,False,False,False,False,False,False,False,False,False,False,False,False,False,False,False,False,False,False,True,False
240411920,M&A,2024/11/15,Pending,"Company Takeover, Mandatory Offer, Additional Stake Purchase, Tender Offer",Novus Holdings Ltd announced the acquisition of Mustek Ltd for ZAR 975.78M. The transaction was announced on 11/15/2024 and is expected to be completed by 7/31/2025.,ZAR,Cash,2025/7/31,,35.000000,65.000000,No,Consumer Discretionary,Industrials,N,Edward Nathan,,Friendly,South Africa,South Africa,Point-in-time,Point-in-time,Point-in-time,Point-in-time,5723.381,10126.197,3397.072,3195.625,4,2017-10-01,2026-04-30,600,100,6600,190,99.2916666666667,4.43333333333333,7352449.5,4664607.7,157.622033252657,3.91692018451606,19239200.0,Large,2024,Full (4/4),13523.269,10126.197,Public,True,True,False,False,True,False,False,True,False,False,False,False,False,False,False,False,False,False,False,False,False,False,True,True
240456901,INV,2024/11/20,Proposed,Minority Purchase,Sanlam Ltd proposed the acquisition of a minority stake in Ninety One Ltd. The transaction was proposed on 11/20/2024.,ZAR,Undisclosed,,,0.000000,12.300000,No,Financials,Financials,N,A&O Shearman,,Friendly,South Africa,South Africa,Point-in-time,Point-in-time,Point-in-time,Point-in-time,10812.4,627.1,996720.0,184708.0,4,2017-10-01,2026-04-30,600,100,6600,190,99.2916666666667,4.43333333333333,7352449.5,4664607.7,157.622033252657,3.91692018451606,19239200.0,Large,2024,Full (4/4),1007532.4,10812.4,Public,False,False,False,True,False,False,False,False,False,False,False,False,False,False,False,False,False,False,False,False,False,False,True,False
240517873,M&A,2024/11/26,Completed,"Company Takeover, Cross Border, PE Seller, PE Exit",Old Mutual Private Equity sold Holdsport Ltd to Frasers Group PLC. The transaction was announced on 11/26/2024 and completed on 5/16/2025. Financial terms of the transaction are undisclosed.,ZAR,Cash,2025/5/16,,0.000000,100.000000,No,Consumer Discretionary,Consumer Discretionary,N,,,Friendly,South Africa,United Kingdom,MA-screen (current/latest),Point-in-time,MA-screen (current/latest),Point-in-time,1398.74,1828.6,4302.7,5586.0,4,2017-10-01,2026-04-30,600,100,6600,190,99.2916666666667,4.43333333333333,7352449.5,4664607.7,157.622033252657,3.91692018451606,19239200.0,Large,2024,Full (4/4),7414.6,1828.6,Public,True,False,True,False,False,False,False,False,False,False,False,False,True,False,False,True,False,False,False,False,False,True,False,False
240619643,INV,2024/12/4,Pending,"Minority Purchase, Cross Border",Ninety One PLC announced the acquisition of a minority stake in Hyprop Investments Ltd. The transaction was announced on 12/4/2024 and is currently pending. Financial terms of the transaction are undisclosed.,ZAR,Undisclosed,,,0.000000,10.004200,No,Real Estate,Financials,N,,,Friendly,South Africa,United Kingdom,Point-in-time,Point-in-time,Point-in-time,Point-in-time,39870.697,4373.94,10812.4,627.1,4,2017-10-01,2026-04-30,600,100,6600,190,99.2916666666667,4.43333333333333,7352449.5,4664607.7,157.622033252657,3.91692018451606,19239200.0,Large,2024,Full (4/4),50683.097,39870.697,Public,False,False,True,True,False,False,False,False,False,False,False,False,False,False,False,False,False,False,False,False,False,False,True,False
240656580,M&A,2024/12/6,Withdrawn,Company Takeover,BHP Group Ltd announced the acquisition of Anglo American PLC for GBP 45477.65M.,GBP,Cash,2025/11/18,43.04,0.000000,100.000000,No,Materials,Materials,N,,,Unsolicited,South Africa,Australia,Point-in-time,Point-in-time,Point-in-time,Point-in-time,66544.0,30652.0,101296.0,53817.0,4,2017-10-01,2026-04-30,600,100,6600,190,99.2916666666667,4.43333333333333,7352449.5,4664607.7,157.622033252657,3.91692018451606,19239200.0,Large,2024,Full (4/4),167840.0,66544.0,Public,True,False,False,False,False,False,False,False,False,False,False,False,False,False,False,False,False,False,False,False,False,False,False,False
24099926,INV,2006/10/24,Completed,"Cross Border, Minority Purchase",Hoanib Investment Holdings Proprietary Ltd sold a minority stake in Atlas Properties Ltd to Acucap Properties Ltd. The transaction was announced on 10/24/2006 and completed on 11/30/2006.,ZAR,Cash,2006/11/30,,0.000000,33.000000,No,Real Estate,Real Estate,N,,,Friendly,South Africa,South Africa,Point-in-time,Point-in-time,Point-in-time,Point-in-time,1174.7550048828125,179.51499938964844,1813.447,159.407,2,2001-02-01,2009-03-31,200,30,3500,100,36.9166666666667,4.64166666666667,2057593.9,3602578.7,57.114474695584,6.06463577535368,5041515.0,Intermediate,2006,Full (4/4),2988.2020048828126,1174.7550048828125,Public,False,False,True,True,False,False,False,False,False,False,False,False,False,False,False,False,False,False,False,False,False,False,True,False
241400619,INV,2025/4/2,Completed,"Minority Purchase, Cross Border",Van Eck Associates Corp sold a minority stake in Harmony Gold Mining Co Ltd to Blackrock Inc. The transaction was completed on 4/2/2025. Financial terms of the transaction are undisclosed.,ZAR,Undisclosed,2025/4/2,,0.000000,5.020000,No,Materials,Financials,N,,,Friendly,South Africa,United States,Point-in-time,Point-in-time,Point-in-time,Point-in-time,60460.0,61379.0,138615.0,20407.0,4,2017-10-01,2026-04-30,600,100,6600,190,102.491666666667,3.21666666666667,7641793.2,4716600.6,162.019086373351,2.78961832299549,24187552.0,Large,2025,Full (4/4),199994.0,61379.0,Public,False,False,True,True,False,False,False,False,False,False,False,False,False,False,False,False,False,False,False,False,False,False,True,False
241765436,INV,2025/3/13,Completed,Minority Purchase,Public Investment Corp Ltd acquired a minority stake in KAP Ltd. The transaction was completed on 3/13/2025. Financial terms of the transaction are undisclosed.,USD,Undisclosed,2025/3/13,,0.000000,20.173000,No,Industrials,Financials,N,,,Friendly,South Africa,South Africa,Point-in-time,Point-in-time,Point-in-time,Point-in-time,31098.0,29062.0,4617.254,1261.755,4,2017-10-01,2026-04-30,600,100,6600,190,102.491666666667,3.21666666666667,7641793.2,4716600.6,162.019086373351,2.78961832299549,24187552.0,Large,2025,Full (4/4),35715.254,31098.0,Public,False,False,False,True,False,False,False,False,False,False,False,False,False,False,False,False,False,False,False,False,False,False,True,False
242165608,M&A,2024/7/30,Completed,"Cross Border, Company Takeover",Scatec ASA sold SN Power AS to TotalEnergies SE. The transaction was announced on 7/30/2024 and completed on 4/2/2025. Financial terms of the transaction are undisclosed.,EUR,Undisclosed,2025/4/2,,0.000000,100.000000,No,Financials,Energy,N,Jones Day,,Friendly,South Africa,France,Point-in-time,Point-in-time,Point-in-time,Point-in-time,1356.31,0.0,283654.0,218945.0,4,2017-10-01,2026-04-30,600,100,6600,190,99.2916666666667,4.43333333333333,7352449.5,4664607.7,157.622033252657,3.91692018451606,19239200.0,Large,2024,Full (4/4),285010.31,1356.31,Private,True,False,True,False,False,False,False,False,False,False,False,False,False,False,False,False,False,False,False,False,False,False,False,False
242589645,M&A,2025/5/20,Completed,"Company Takeover, Cross Border",ASP Isotopes Inc acquired Renergen Ltd for USD 83.65M. The transaction was announced on 5/20/2025 and completed on 1/12/2026.,USD,Stock,2026/1/12,44.86,0.000000,100.000000,No,Energy,Energy,N,Dla Piper Llp,,Friendly,South Africa,United States,Point-in-time,Point-in-time,Point-in-time,Point-in-time,2709.127,28.952,94.347988,4.144226,4,2017-10-01,2026-04-30,600,100,6600,190,102.491666666667,3.21666666666667,7641793.2,4716600.6,162.019086373351,2.78961832299549,24187552.0,Intermediate,2025,Full (4/4),2803.474988,2709.127,Public,True,False,True,False,False,False,False,False,False,False,False,False,False,False,False,False,False,False,False,False,False,False,False,False
242946456,M&A,2025/6/20,Completed,"Cross Border, PE Buyout, Company Takeover, Private Equity",Super Group Ltd/South Africa sold IN tIME Express Logistik GmbH to Mutares SE & Co KGaA. The transaction was announced on 6/20/2025 and completed on 8/4/2025. Financial terms of the transaction are undisclosed.,EUR,Cash,2025/8/4,,0.000000,100.000000,No,Industrials,Financials,N,Cms Legal,,Friendly,South Africa,Germany,MA-screen (current/latest),Point-in-time,MA-screen (current/latest),Point-in-time,436.799,1988.34,4370.4,5261.6,4,2017-10-01,2026-04-30,600,100,6600,190,102.491666666667,3.21666666666667,7641793.2,4716600.6,162.019086373351,2.78961832299549,24187552.0,Large,2025,Full (4/4),7249.9400000000005,1988.34,Private,True,False,True,False,False,False,True,False,False,False,True,False,False,False,False,False,False,False,False,False,False,True,False,False
242946501,BUY,2025/6/3,Pending,,,ZAR,,,-0.46,0.000000,0.000000,,Financials,Financials,N,,,,South Africa,,Point-in-time,Point-in-time,Point-in-time,Point-in-time,1667809.0,172566.0,1667809.0,172566.0,4,2017-10-01,2026-04-30,600,100,6600,190,102.491666666667,3.21666666666667,7641793.2,4716600.6,162.019086373351,2.78961832299549,24187552.0,Large,2025,Full (4/4),3335618.0,1667809.0,Private,False,False,False,False,False,False,False,False,False,False,False,False,False,False,False,False,False,False,False,False,False,False,False,False
243328019,M&A,2025/7/23,Completed,"Minority Purchase, Cross Border, Tender Offer, Company Takeover",Natco Pharma Ltd acquired a minority stake in Adcock Ingram Holdings Ltd. The transaction was announced on 7/23/2025 and completed on 11/11/2025.,ZAR,Cash,2025/11/11,47.10,0.000000,35.750000,No,Health Care,Health Care,N,,,Friendly,South Africa,India,Point-in-time,Point-in-time,Point-in-time,Point-in-time,8354.883,9643.128,69063.0,39988.0,4,2017-10-01,2026-04-30,600,100,6600,190,102.491666666667,3.21666666666667,7641793.2,4716600.6,162.019086373351,2.78961832299549,24187552.0,Large,2025,Full (4/4),78706.128,9643.128,Public,True,False,True,True,True,False,False,False,False,False,False,False,False,False,False,False,False,False,False,False,False,False,True,True
24343033,INV,2006/12/8,Completed,"Cross Border, Minority Purchase",Wesco Investments Ltd sold a minority stake in Metair Investments Ltd to Coronation Capital Ltd. The transaction was completed on 12/8/2006.,ZAR,Cash,2006/12/8,,0.000000,32.340000,No,Consumer Discretionary,Financials,N,,,Friendly,South Africa,Cayman Islands,Point-in-time,MA-screen (current/latest),Point-in-time,MA-screen (current/latest),1369.026,2151.02,36.1545,32.3947,2,2001-02-01,2009-03-31,200,30,3500,100,36.9166666666667,4.64166666666667,2057593.9,3602578.7,57.114474695584,6.06463577535368,5041515.0,Intermediate,2006,Full (4/4),2187.1745,2151.02,Public,False,False,True,True,False,False,False,False,False,False,False,False,False,False,False,False,False,False,False,False,False,False,True,False
243951346,M&A,2025/9/4,Proposed,Company Takeover,MTN Group Ltd proposed to acquire Telkom SA SOC Ltd. The transaction was proposed on 9/4/2025. Financial terms of the transaction are unknown.,ZAR,Undisclosed,,,0.000000,100.000000,No,Communications,Communications,N,,,Friendly,South Africa,South Africa,Point-in-time,Point-in-time,Point-in-time,Point-in-time,61191.0,42463.0,431731.0,188001.0,4,2017-10-01,2026-04-30,600,100,6600,190,102.491666666667,3.21666666666667,7641793.2,4716600.6,162.019086373351,2.78961832299549,24187552.0,Large,2025,Full (4/4),492922.0,61191.0,Public,True,False,False,False,False,False,False,False,False,False,False,False,False,False,False,False,False,False,False,False,False,False,False,False
243951865,M&A,2025/9/4,Pending,"Additional Stake Purchase, Cross Border, Majority Purchase",3C Telecommunications Pty Ltd announced the sale of Cell C Ltd to Blu Label Unlimited Group Ltd. The transaction was announced on 9/4/2025 and is currently pending. Financial terms of the transaction are undisclosed.,EUR,Undisclosed,,,49.529999,4.040000,No,Communications,Communications,N,,,Friendly,South Africa,South Africa,MA-screen (current/latest),Point-in-time,MA-screen (current/latest),Point-in-time,25636.3,15749.1,15137.339,14598.444,4,2017-10-01,2026-04-30,600,100,6600,190,102.491666666667,3.21666666666667,7641793.2,4716600.6,162.019086373351,2.78961832299549,24187552.0,Large,2025,Full (4/4),40773.638999999996,25636.3,Private,False,True,True,False,False,True,False,False,False,False,False,False,False,False,False,False,False,False,False,False,False,False,True,False
244430074,M&A,2025/10/16,Completed,"Company Takeover, Tender Offer",Premier Group Ltd acquired RFG Holdings Ltd for ZAR 6555.27M. The transaction was announced on 10/16/2025 and completed on 3/31/2026.,ZAR,Stock,2026/3/31,33.30,0.000000,100.000000,No,Consumer Staples,Consumer Staples,N,Dla Piper Llp,,Friendly,South Africa,South Africa,Point-in-time,Point-in-time,Point-in-time,Point-in-time,6011.307,8006.341,10425.5,18587.224,4,2017-10-01,2026-04-30,600,100,6600,190,102.491666666667,3.21666666666667,7641793.2,4716600.6,162.019086373351,2.78961832299549,24187552.0,Large,2025,Full (4/4),26593.565,8006.341,Public,True,False,False,False,True,False,False,False,False,False,False,False,False,False,False,False,False,False,False,False,False,False,False,True
244534031,INV,2025/10/27,Pending,Minority Purchase,FirstRand Ltd announced the acquisition of a minority stake in Optasia Ltd. The transaction was announced on 10/27/2025 and is currently pending. Financial terms of the transaction are undisclosed.,ZAR,Cash,,,0.000000,20.100000,No,Technology,Financials,N,,,Friendly,South Africa,South Africa,Point-in-time,Point-in-time,Point-in-time,Point-in-time,141.786,151.191,2366815.0,147322.0,4,2017-10-01,2026-04-30,600,100,6600,190,102.491666666667,3.21666666666667,7641793.2,4716600.6,162.019086373351,2.78961832299549,24187552.0,Intermediate,2025,Full (4/4),2366966.191,151.191,Public,False,False,False,True,False,False,False,False,False,False,False,False,False,False,False,False,False,False,False,False,False,False,True,False
245288259,M&A,2025/12/24,Proposed,"Cross Border, Company Takeover",West China Cement Ltd proposed to acquire AfriSam South Africa Pty Ltd. The transaction was proposed on 12/24/2025. Financial terms of the transaction are unknown.,ZAR,Undisclosed,,,0.000000,100.000000,No,Materials,Materials,N,,,Friendly,South Africa,China,MA-screen (current/latest),Point-in-time,MA-screen (current/latest),Point-in-time,17859.6,6843.75,36289.921,8344.946,4,2017-10-01,2026-04-30,600,100,6600,190,102.491666666667,3.21666666666667,7641793.2,4716600.6,162.019086373351,2.78961832299549,24187552.0,Large,2025,Full (4/4),54149.521,17859.6,Private,True,False,True,False,False,False,False,False,False,False,False,False,False,False,False,False,False,False,False,False,False,False,False,False
245579387,INV,2025/12/17,Proposed,Additional Stake Purchase,Industrial Development Corp of South Africa Ltd proposed to acquire ArcelorMittal South Africa Ltd. The transaction was proposed on 12/17/2025. Financial terms of the transaction are unknown.,ZAR,Undisclosed,,,0.000000,0.000000,No,Materials,Government,N,,,Friendly,South Africa,South Africa,Point-in-time,MA-screen (current/latest),Point-in-time,MA-screen (current/latest),24941.0,38596.0,159323.0,25556.0,4,2017-10-01,2026-04-30,600,100,6600,190,102.491666666667,3.21666666666667,7641793.2,4716600.6,162.019086373351,2.78961832299549,24187552.0,Large,2025,Full (4/4),197919.0,38596.0,Public,False,True,False,False,False,False,False,False,False,False,False,False,False,False,False,False,False,False,False,False,False,False,True,False
246624547,INV,2026/4/13,Pending,"Minority Purchase, Cross Border",A consortium led by Abax Investments Pty Ltd announced the sale of a minority stake in Octodec Investments Ltd to Emira Property Fund Ltd. The transaction was announced on 4/13/2026 and is currently pending.,SAR,Cash,,,0.000000,20.170000,No,Real Estate,Real Estate,N,,,Friendly,South Africa,South Africa,Point-in-time,Point-in-time,Point-in-time,Point-in-time,11479.582,2172.603,16937.205,1691.3,4,2017-10-01,2026-04-30,600,100,6600,190,,,,,,,,Large,2026,Full (4/4),28416.787000000004,11479.582,Public,False,False,True,True,False,False,False,False,False,False,False,False,False,False,False,False,False,False,False,False,False,False,True,False
246624560,INV,2026/4/13,Pending,"Additional Stake Purchase, Tender Offer",Emira Property Fund Ltd announced the acquisition of Octodec Investments Ltd for ZAR 656.78M. The transaction was announced on 4/13/2026 and is currently pending.,ZAR,Cash,,7.90,20.170000,14.730000,No,Real Estate,Real Estate,N,,,Friendly,South Africa,South Africa,Point-in-time,Point-in-time,Point-in-time,Point-in-time,11479.582,2172.603,16937.205,1691.3,4,2017-10-01,2026-04-30,600,100,6600,190,,,,,,,,Large,2026,Full (4/4),28416.787000000004,11479.582,Public,False,True,False,False,True,False,False,False,False,False,False,False,False,False,False,False,False,False,False,False,False,False,True,True
247888293,M&A,2017/7/31,Completed,"Private Equity, Cross Border, Company Takeover, PE Seller",Alchemy Partners LLP sold Bidvest Noonan UK Ltd to Bidvest Group Ltd/The for EUR 172.88M. The transaction was announced on 7/31/2017 and completed on 8/7/2017.,EUR,Cash,2017/8/7,,0.000000,100.000000,No,Industrials,Consumer Discretionary,N,A&L Goodbody/Baker McKenzie,Investec Bank,Friendly,South Africa,South Africa,Point-in-time,Point-in-time,Point-in-time,Point-in-time,19.26833088752,58.67612502882179,45061.244,68241.101,3,2009-04-01,2017-09-30,560,80,6600,190,71.4416666666667,5.28333333333333,5078189.9,4501701.6,112.806008732343,5.4733229100365,15467873.0,Small,2017,Full (4/4),68299.77712502882,58.67612502882179,Private,True,False,True,False,False,False,True,False,False,False,False,False,True,False,False,False,False,False,False,False,False,True,False,False
248284889,M&A,2010/12/22,Completed,"PE Seller, Private Equity, PE Exit, Cross Border, Company Takeover",Risk Capital Ltd sold Bidfresh Ltd to Bidvest Group Ltd/The for GBP 66.09M. The transaction was completed on 12/22/2010.,GBP,Cash,2010/12/22,,0.000000,100.000000,No,Consumer Staples,Consumer Staples,N,,HSBC,Friendly,South Africa,South Africa,Point-in-time,Point-in-time,MA-screen (current/latest),Point-in-time,39.671313,4169.05,38484.384,112427.831,3,2009-04-01,2017-09-30,560,80,6600,190,49.0333333333333,4.28333333333333,3055613.2,3973801.6,76.8939546453452,6.12843250176096,6698700.0,Large,2010,Full (4/4),116596.88100000001,4169.05,Private,True,False,True,False,False,False,True,False,False,False,False,False,True,False,False,True,False,False,False,False,False,True,False,False
25362959,M&A,2007/3/1,Completed,"Company Takeover, Cross Border, Additional Stake Purchase",Eastern Platinum Ltd acquired Barplats Investments Pty Ltd for ZAR 1028.29M. The transaction was announced on 3/1/2007 and completed on 5/29/2007.,ZAR,Cash and Stock,2007/5/29,31.26,69.900002,30.100000,No,Materials,Materials,N,,PSG Invt Bank,Friendly,South Africa,Canada,Point-in-time,Point-in-time,Point-in-time,Point-in-time,685.4249877929688,385.6239929199219,689.7302016,12.116309266666669,2,2001-02-01,2009-03-31,200,30,3500,100,39.5583333333333,7.075,2346649.9,3795694.0,61.8240010917635,8.24576680654225,5696829.0,Intermediate,2007,Full (4/4),1375.1551893929686,685.4249877929688,Public,True,True,True,False,False,False,False,False,False,False,False,False,False,False,False,False,False,False,False,False,False,False,True,False
25641502,M&A,2007/3/22,Terminated,"Company Takeover, Additional Stake Purchase",Remgro Ltd announced the acquisition of RCL Foods Ltd/South Africa for ZAR 1718.39M. The transaction was announced on 3/22/2007 and terminated on 6/5/2007.,ZAR,Cash or Stock,2007/6/5,31.37,61.900002,38.000000,No,Consumer Staples,Financials,N,,,Friendly,South Africa,South Africa,Point-in-time,Point-in-time,Point-in-time,Point-in-time,2745.789,4101.454,41336.0,9802.0,2,2001-02-01,2009-03-31,200,30,3500,100,39.5583333333333,7.075,2346649.9,3795694.0,61.8240010917635,8.24576680654225,5696829.0,Large,2007,Full (4/4),45437.454,4101.454,Public,True,True,False,False,False,False,False,False,False,False,False,False,False,False,False,False,False,False,False,False,False,False,True,False
25642282,M&A,2007/3/22,Completed,"Company Takeover, Additional Stake Purchase, Tender Offer",Public Investment Corp Ltd acquired CBS Property Portfolio Ltd for ZAR 1564.95M. The transaction was announced on 3/22/2007 and completed on 10/25/2007.,ZAR,Cash,2007/10/25,16.95,13.100000,86.900002,No,Industrials,Financials,N,,Nedbank Capital,Friendly,South Africa,South Africa,Point-in-time,MA-screen (current/latest),Point-in-time,MA-screen (current/latest),2013.1290283203125,171.12600708007812,4617.25,1261.76,2,2001-02-01,2009-03-31,200,30,3500,100,39.5583333333333,7.075,2346649.9,3795694.0,61.8240010917635,8.24576680654225,5696829.0,Large,2007,Full (4/4),6630.3790283203125,2013.1290283203125,Public,True,True,False,False,True,False,False,False,False,False,False,False,False,False,False,False,False,False,False,False,False,False,True,True
25684734,INV,2007/2/27,Completed,Additional Stake Purchase,Sanlam Ltd acquired Santam Ltd for ZAR 708.96M. The transaction was announced on 2/27/2007 and completed on 4/30/2007.,ZAR,Cash,2007/4/30,7.52,52.000000,5.880000,No,Financials,Financials,N,,,Friendly,South Africa,South Africa,Point-in-time,Point-in-time,Point-in-time,Point-in-time,16816.0,11248.0,335482.0,70183.0,2,2001-02-01,2009-03-31,200,30,3500,100,39.5583333333333,7.075,2346649.9,3795694.0,61.8240010917635,8.24576680654225,5696829.0,Large,2007,Full (4/4),352298.0,16816.0,Public,False,True,False,False,False,False,False,False,False,False,False,False,False,False,False,False,False,False,False,False,False,False,True,False
25731530,M&A,2007/3/28,Completed,"Company Takeover, Cross Border, Private Equity, PE Exit, PE Seller",A consortium led by Brimstone Investment Corp Ltd sold Lenco Holdings Ltd to Anglo American PLC for ZAR 780.00M. The transaction was announced on 3/28/2007 and completed on 7/4/2007.,ZAR,Cash,2007/7/4,,0.000000,100.000000,No,Financials,Materials,N,,,Friendly,South Africa,United Kingdom,MA-screen (current/latest),Point-in-time,MA-screen (current/latest),Point-in-time,318.8,133.993,46483.0,24991.0,2,2001-02-01,2009-03-31,200,30,3500,100,39.5583333333333,7.075,2346649.9,3795694.0,61.8240010917635,8.24576680654225,5696829.0,Large,2007,Full (4/4),46801.8,318.8,Public,True,False,True,False,False,False,True,False,False,False,False,False,True,False,False,True,False,False,False,False,False,True,False,False
26001431,M&A,2006/10/20,Completed,"Company Takeover, Additional Stake Purchase, Tender Offer",Growthpoint Properties Ltd acquired Paramount Property Fund Ltd for ZAR 2319.08M. The transaction was announced on 10/20/2006 and completed on 4/18/2007.,ZAR,Cash or Stock,2007/4/18,6.07,41.900002,58.099998,No,Real Estate,Real Estate,N,Jowell Glyn Mara,,Friendly,South Africa,South Africa,Point-in-time,MA-screen (current/latest),Point-in-time,MA-screen (current/latest),1391.988037,205.447006,154425.0,12896.0,2,2001-02-01,2009-03-31,200,30,3500,100,36.9166666666667,4.64166666666667,2057593.9,3602578.7,57.114474695584,6.06463577535368,5041515.0,Large,2006,Full (4/4),155816.988037,1391.988037,Public,True,True,False,False,True,False,False,False,False,False,False,False,False,False,False,False,False,False,False,False,False,False,True,True
26233137,M&A,2007/5/3,Completed,"Company Takeover, Additional Stake Purchase",Acucap Properties Ltd acquired Atlas Properties Ltd for ZAR 1157.94M. The transaction was announced on 5/3/2007 and completed on 8/28/2007.,ZAR,Cash or Stock,2007/8/28,5.96,35.000000,65.000000,No,Real Estate,Real Estate,N,,Java Capital,Friendly,South Africa,South Africa,Point-in-time,Point-in-time,Point-in-time,Point-in-time,1391.512939453125,177.17599487304688,2481.86,213.045,2,2001-02-01,2009-03-31,200,30,3500,100,39.5583333333333,7.075,2346649.9,3795694.0,61.8240010917635,8.24576680654225,5696829.0,Large,2007,Full (4/4),3873.372939453125,1391.512939453125,Public,True,True,False,False,False,False,False,False,False,False,False,False,False,False,False,False,False,False,False,False,False,False,True,False
26305547,M&A,2007/5/9,Terminated,"Cross Border, Majority Purchase",Iron Mountain Inc announced the acquisition of Metrofile Holdings Ltd for ZAR 700.99M. The transaction was announced on 5/9/2007 and terminated on 7/18/2007.,ZAR,Cash,2007/7/18,2.90,0.000000,75.000000,No,Technology,Technology,N,,,Friendly,South Africa,United States,Point-in-time,Point-in-time,Point-in-time,Point-in-time,235.317,276.246,5209.521,2350.342,2,2001-02-01,2009-03-31,200,30,3500,100,39.5583333333333,7.075,2346649.9,3795694.0,61.8240010917635,8.24576680654225,5696829.0,Large,2007,Full (4/4),5485.767,276.246,Public,False,False,True,False,False,True,False,False,False,False,False,False,False,False,False,False,False,False,False,False,False,False,True,False
26358295,BUY,2007/5/14,Pending,,,ZAR,,2007/5/21,,0.000000,0.000000,,Financials,Financials,N,,,,South Africa,,Point-in-time,Point-in-time,Point-in-time,Point-in-time,335482.0,70183.0,335482.0,70183.0,2,2001-02-01,2009-03-31,200,30,3500,100,39.5583333333333,7.075,2346649.9,3795694.0,61.8240010917635,8.24576680654225,5696829.0,Large,2007,Full (4/4),670964.0,335482.0,Public,False,False,False,False,False,False,False,False,False,False,False,False,False,False,False,False,False,False,False,False,False,False,False,False
26479211,INV,2007/5/23,Completed,Minority Purchase,Absa Group Ltd acquired a minority stake in African Equity Empowerment Investments Ltd. The transaction was completed on 5/23/2007.,ZAR,Cash,2007/5/23,,0.000000,10.000000,No,Consumer Staples,Financials,N,,,Friendly,South Africa,South Africa,Point-in-time,Point-in-time,Point-in-time,Point-in-time,731.370972,422.417999,495112.0,54447.0,2,2001-02-01,2009-03-31,200,30,3500,100,39.5583333333333,7.075,2346649.9,3795694.0,61.8240010917635,8.24576680654225,5696829.0,Large,2007,Full (4/4),495843.370972,731.370972,Public,False,False,False,True,False,False,False,False,False,False,False,False,False,False,False,False,False,False,False,False,False,False,True,False
26680339,M&A,2006/12/18,Completed,Company Takeover,Emira Property Fund Ltd acquired Freestone Property Holdings Ltd for ZAR 2938.93M. The transaction was announced on 12/18/2006 and completed on 6/5/2007.,ZAR,Cash and Stock,2007/6/5,109.09,0.000000,100.000000,No,Real Estate,Real Estate,N,,KPMG Corp Fin,Friendly,South Africa,South Africa,Point-in-time,Point-in-time,Point-in-time,Point-in-time,1325.0,208.2259979248047,2300.783,410.642,2,2001-02-01,2009-03-31,200,30,3500,100,36.9166666666667,4.64166666666667,2057593.9,3602578.7,57.114474695584,6.06463577535368,5041515.0,Large,2006,Full (4/4),3625.783,1325.0,Public,True,False,False,False,False,False,False,False,False,False,False,False,False,False,False,False,False,False,False,False,False,False,False,False
26810893,M&A,2007/6/15,Completed,"Company Takeover, Cross Border, Additional Stake Purchase, Tender Offer",Areva SA acquired AREVA Resources Southern Africa Inc for USD 1896.89M. The transaction was announced on 6/15/2007 and completed on 9/4/2007.,USD,Cash,2007/9/4,18.23,5.500000,94.500000,No,Materials,Industrials,N,Blake Cassels/Weil Gotshal,Rothschild & Co,Friendly,South Africa,France,Point-in-time,Point-in-time,Point-in-time,Point-in-time,150.176061,0.0,25893.0,10863.0,2,2001-02-01,2009-03-31,200,30,3500,100,39.5583333333333,7.075,2346649.9,3795694.0,61.8240010917635,8.24576680654225,5696829.0,Large,2007,Full (4/4),26043.176061,150.176061,Public,True,True,True,False,True,False,False,False,False,False,False,False,False,False,False,False,False,False,False,False,False,False,True,True
26860017,INV,2007/4/26,Completed,"Additional Stake Purchase, Tender Offer",PSG Group Ltd acquired Capitec Limited for ZAR 545.40M. The transaction was announced on 4/26/2007 and completed on 6/18/2007.,ZAR,Stock,2007/6/18,,18.400000,16.500000,No,Financials,Financials,N,,,Friendly,South Africa,South Africa,Point-in-time,Point-in-time,Point-in-time,Point-in-time,1251.272,838.794,1833.33,1171.55,2,2001-02-01,2009-03-31,200,30,3500,100,39.5583333333333,7.075,2346649.9,3795694.0,61.8240010917635,8.24576680654225,5696829.0,Intermediate,2007,Full (4/4),3084.602,1251.272,Public,False,True,False,False,True,False,False,False,False,False,False,False,False,False,False,False,False,False,False,False,False,False,True,True
27127746,M&A,2007/7/5,Completed,"Company Takeover, Cross Border",Kuuhubb Inc acquired Diamond Core Resources Ltd for CAD 77.89M. The transaction was announced on 7/5/2007 and completed on 2/11/2008.,CAD,Stock,2008/2/11,-0.32,0.000000,100.000000,No,Materials,Communications,N,,RBC Capital Mkts,Friendly,South Africa,Canada,Point-in-time,Point-in-time,Point-in-time,Point-in-time,329.41082763671875,0.0,8.097741,0.0,2,2001-02-01,2009-03-31,200,30,3500,100,39.5583333333333,7.075,2346649.9,3795694.0,61.8240010917635,8.24576680654225,5696829.0,Intermediate,2007,Full (4/4),337.50856863671873,329.41082763671875,Public,True,False,True,False,False,False,False,False,False,False,False,False,False,False,False,False,False,False,False,False,False,False,False,False
27698764,M&A,2007/8/20,Completed,Company Takeover,African Phoenix Investments Ltd acquired Ellerine Holdings Ltd for ZAR 10445.05M. The transaction was announced on 8/20/2007 and completed on 1/22/2008.,ZAR,Stock,2008/1/22,31.54,0.000000,100.000000,No,Consumer Discretionary,Financials,N,Prinsloo Tindle,,Friendly,South Africa,South Africa,Point-in-time,Point-in-time,Point-in-time,Point-in-time,7571.107,4959.408,8163.0,3911.0,2,2001-02-01,2009-03-31,200,30,3500,100,39.5583333333333,7.075,2346649.9,3795694.0,61.8240010917635,8.24576680654225,5696829.0,Large,2007,Full (4/4),15734.107,7571.107,Public,True,False,False,False,False,False,False,False,False,False,False,False,False,False,False,False,False,False,False,False,False,False,False,False
28572976,M&A,2007/10/24,Completed,"Company Takeover, Additional Stake Purchase",Altron Ltd acquired Bytes Technology Group Ltd/South Africa for ZAR 1506.30M. The transaction was announced on 10/24/2007 and completed on 1/15/2008.,ZAR,Stock,2008/1/15,28.63,57.700001,42.299999,No,Technology,Communications,N,Edward Nathan,Investec Bank,Unsolicited to Friendly,South Africa,South Africa,Point-in-time,Point-in-time,Point-in-time,Point-in-time,1679.0,3441.0,7447.0,13969.0,2,2001-02-01,2009-03-31,200,30,3500,100,39.5583333333333,7.075,2346649.9,3795694.0,61.8240010917635,8.24576680654225,5696829.0,Large,2007,Full (4/4),17410.0,3441.0,Public,True,True,False,False,False,False,False,False,False,False,False,False,False,False,False,False,False,False,False,False,False,False,True,False
28573240,M&A,2007/10/24,Terminated,"Company Takeover, Additional Stake Purchase",Altron Ltd announced the acquisition of Allied Technologies Ltd for ZAR 3308.11M. The transaction was announced on 10/24/2007 and terminated on 12/3/2007.,ZAR,Stock,2007/12/3,22.81,61.799999,38.200001,No,Communications,Communications,N,Edward Nathan,Investec Bank,Unsolicited,South Africa,South Africa,Point-in-time,Point-in-time,Point-in-time,Point-in-time,2976.0,6041.0,7447.0,13969.0,2,2001-02-01,2009-03-31,200,30,3500,100,39.5583333333333,7.075,2346649.9,3795694.0,61.8240010917635,8.24576680654225,5696829.0,Large,2007,Full (4/4),20010.0,6041.0,Public,True,True,False,False,False,False,False,False,False,False,False,False,False,False,False,False,False,False,False,False,False,False,True,False
28573568,M&A,2007/10/24,Completed,"Company Takeover, Cross Border, Additional Stake Purchase",Kunene Technology Ltd sold Grintek Ltd to Saab AB for SEK 240.00M. The transaction was completed on 10/24/2007.,SEK,Cash,2007/10/24,,70.000000,30.000000,No,Industrials,Industrials,N,,,Friendly,South Africa,Sweden,MA-screen (current/latest),Point-in-time,MA-screen (current/latest),Point-in-time,1226.67,1406.42,32771.0,21063.0,2,2001-02-01,2009-03-31,200,30,3500,100,39.5583333333333,7.075,2346649.9,3795694.0,61.8240010917635,8.24576680654225,5696829.0,Large,2007,Full (4/4),34177.42,1406.42,Public,True,True,True,False,False,False,False,False,False,False,False,False,False,False,False,False,False,False,False,False,False,False,True,False
28586702,INV,2007/10/25,Completed,"Private Placement, Cross Border, Minority Purchase","Industrial & Commercial Bank of China Ltd acquired a minority stake in Standard Bank Group Ltd. The transaction was announced on 10/25/2007 and completed on 03/03/2008. At the time of completion, this was the largest deal on record that involved Industrial & Commercial Bank of China.",ZAR,Cash,2008/3/3,,0.000000,20.000000,No,Financials,Financials,N,Linklaters/Webber Wentzel,Goldman Sachs/ICEA Capital Ltd/Lehman Brothers,Friendly,South Africa,China,Point-in-time,Point-in-time,Point-in-time,Point-in-time,968991.0,82015.0,7508751.0,289755.0,2,2001-02-01,2009-03-31,200,30,3500,100,39.5583333333333,7.075,2346649.9,3795694.0,61.8240010917635,8.24576680654225,5696829.0,Large,2007,Full (4/4),8477742.0,968991.0,Public,False,False,True,True,False,False,False,False,True,False,False,False,False,False,False,False,False,False,False,False,False,False,True,False
28693040,M&A,2007/11/1,Completed,Company Takeover,Thistle Mining Inc sold President Steyn Gold Mines Ltd to Pamodzi Gold Ltd for ZAR 232.80M. The transaction was announced on 11/1/2007 and completed on 2/25/2008.,ZAR,Cash and Stock,2008/2/25,,0.000000,100.000000,No,Materials,Materials,N,,,Friendly,South Africa,South Africa,Missing,Point-in-time,MA-screen (current/latest),Point-in-time,,48.145,786.5269775390625,38.51499938964844,2,2001-02-01,2009-03-31,200,30,3500,100,39.5583333333333,7.075,2346649.9,3795694.0,61.8240010917635,8.24576680654225,5696829.0,Intermediate,2007,Partial (3/4),834.6719775390625,48.145,Public,True,False,False,False,False,False,False,False,False,False,False,False,False,False,False,False,False,False,False,False,False,False,False,False
28799354,INV,2007/11/8,Completed,Minority Purchase,New Bond Capital Ltd acquired a minority stake in Vox Telecom Ltd. The transaction was completed on 11/8/2007.,ZAR,Cash,2007/11/8,,0.000000,9.840000,No,Communications,Financials,N,,,Friendly,South Africa,South Africa,Point-in-time,Point-in-time,Point-in-time,Point-in-time,284.874,196.365,6309.651,3102.432,2,2001-02-01,2009-03-31,200,30,3500,100,39.5583333333333,7.075,2346649.9,3795694.0,61.8240010917635,8.24576680654225,5696829.0,Large,2007,Full (4/4),6594.525,284.874,Public,False,False,False,True,False,False,False,False,False,False,False,False,False,False,False,False,False,False,False,False,False,False,True,False
28799394,INV,2007/11/8,Completed,Additional Stake Purchase,Vantage Capital Pty Ltd sold Vox Telecom Ltd to New Bond Capital Ltd for ZAR 59.12M. The transaction was completed on 11/8/2007.,ZAR,Cash,2007/11/8,,9.840000,2.460000,No,Communications,Financials,N,,,Friendly,South Africa,South Africa,Point-in-time,Point-in-time,Point-in-time,Point-in-time,284.874,196.365,6309.651,3102.432,2,2001-02-01,2009-03-31,200,30,3500,100,39.5583333333333,7.075,2346649.9,3795694.0,61.8240010917635,8.24576680654225,5696829.0,Large,2007,Full (4/4),6594.525,284.874,Public,False,True,False,False,False,False,False,False,False,False,False,False,False,False,False,False,False,False,False,False,False,False,True,False
29572417,M&A,2007/1/16,Completed,"Company Takeover, Tender Offer",SA Corporate Real Estate Ltd acquired SA Retail Properties Ltd for ZAR 3591.35M. The transaction was announced on 1/16/2007 and completed on 6/29/2007.,ZAR,Stock,2007/6/29,-1.77,0.000000,100.000000,No,Real Estate,Real Estate,N,,KPMG Corp Fin,Friendly,South Africa,South Africa,Point-in-time,Point-in-time,Point-in-time,Point-in-time,1977.468994140625,229.8000030517578,3168.719,478.98,2,2001-02-01,2009-03-31,200,30,3500,100,39.5583333333333,7.075,2346649.9,3795694.0,61.8240010917635,8.24576680654225,5696829.0,Large,2007,Full (4/4),5146.187994140625,1977.468994140625,Public,True,False,False,False,True,False,False,False,False,False,False,False,False,False,False,False,False,False,False,False,False,False,False,True
29574873,INV,2007/9/13,Completed,Minority Purchase,FirstRand Ltd sold a minority stake in Discovery Ltd to RMB Holdings Ltd. The transaction was announced on 9/13/2007 and completed on 11/19/2007.,ZAR,Cash,2007/11/19,,0.000000,0.540000,No,Financials,Financials,N,,,Friendly,South Africa,South Africa,Point-in-time,MA-screen (current/latest),Point-in-time,MA-screen (current/latest),6792.0,5301.0,720.0,13.0,2,2001-02-01,2009-03-31,200,30,3500,100,39.5583333333333,7.075,2346649.9,3795694.0,61.8240010917635,8.24576680654225,5696829.0,Large,2007,Full (4/4),7512.0,6792.0,Public,False,False,False,True,False,False,False,False,False,False,False,False,False,False,False,False,False,False,False,False,False,False,True,False
29575013,INV,2007/9/13,Completed,Additional Stake Purchase,Remgro Ltd sold Discovery Ltd to RMB Holdings Ltd for ZAR 710.03M. The transaction was announced on 9/13/2007 and completed on 11/19/2007.,ZAR,Stock,2007/11/19,,20.450001,4.560000,No,Financials,Financials,N,,KPMG Corp Fin,Friendly,South Africa,South Africa,Point-in-time,MA-screen (current/latest),Point-in-time,MA-screen (current/latest),6792.0,5301.0,720.0,13.0,2,2001-02-01,2009-03-31,200,30,3500,100,39.5583333333333,7.075,2346649.9,3795694.0,61.8240010917635,8.24576680654225,5696829.0,Large,2007,Full (4/4),7512.0,6792.0,Public,False,True,False,False,False,False,False,False,False,False,False,False,False,False,False,False,False,False,False,False,False,False,True,False
30410575,M&A,2008/2/25,Completed,Company Takeover,Pangbourne Properties Ltd acquired iFour Properties Ltd for ZAR 3809.04M. The transaction was announced on 2/25/2008 and completed on 6/10/2008.,ZAR,Stock,2008/6/10,8.06,0.000000,100.000000,No,Real Estate,Real Estate,N,,Java Capital,Friendly,South Africa,South Africa,Point-in-time,Point-in-time,Point-in-time,Point-in-time,2938.822998,360.515991,6039.476,711.757,2,2001-02-01,2009-03-31,200,30,3500,100,44.1333333333334,11.525,2611630.8,3916816.2,66.6773896615317,7.85033075191064,4541938.0,Large,2008,Full (4/4),8978.298998,2938.822998,Public,True,False,False,False,False,False,False,False,False,False,False,False,False,False,False,False,False,False,False,False,False,False,False,False
30805255,INV,2007/6/5,Completed,"Additional Stake Purchase, Tender Offer",Remgro Ltd acquired RCL Foods Ltd/South Africa for ZAR 584.65M. The transaction was announced on 6/5/2007 and completed on 7/4/2007.,ZAR,Cash or Stock,2007/7/4,-3.95,61.500000,12.600000,No,Consumer Staples,Financials,N,,,Friendly,South Africa,South Africa,Point-in-time,Point-in-time,Point-in-time,Point-in-time,2745.789,4101.454,41336.0,9802.0,2,2001-02-01,2009-03-31,200,30,3500,100,39.5583333333333,7.075,2346649.9,3795694.0,61.8240010917635,8.24576680654225,5696829.0,Large,2007,Full (4/4),45437.454,4101.454,Public,False,True,False,False,True,False,False,False,False,False,False,False,False,False,False,False,False,False,False,False,False,False,True,True
31210679,M&A,2008/4/16,Completed,"Company Takeover, Cross Border, Private Equity, PE Exit, PE Seller",Ethos Private Equity Pty Ltd sold IST Group Ltd to BAE Systems PLC. The transaction was announced on 4/16/2008 and completed on 8/21/2008. Financial terms of the transaction are undisclosed.,ZAR,Undisclosed,2008/8/21,,0.000000,100.000000,No,"Financials, Industrials",Industrials,N,,,Friendly,South Africa,United Kingdom,MA-screen (current/latest),Point-in-time,MA-screen (current/latest),Point-in-time,235.739,320.207,20260.0,14309.0,2,2001-02-01,2009-03-31,200,30,3500,100,44.1333333333334,11.525,2611630.8,3916816.2,66.6773896615317,7.85033075191064,4541938.0,Large,2008,Full (4/4),20580.207,320.207,Public,True,False,True,False,False,False,True,False,False,False,False,False,True,False,False,True,False,False,False,False,False,True,False,False
32060126,INV,2008/6/9,Completed,"Cross Border, Minority Purchase",Wesco Investments Ltd sold a minority stake in Toyota South Africa Pty Ltd to Toyota Motor Corp. The transaction was announced on 6/9/2008 and completed on 8/5/2008.,ZAR,Cash,2008/8/5,,0.000000,25.000000,No,Consumer Discretionary,Consumer Discretionary,N,,,Friendly,South Africa,Japan,MA-screen (current/latest),Point-in-time,MA-screen (current/latest),Point-in-time,3725.34,7718.39,32574779.0,23948091.0,2,2001-02-01,2009-03-31,200,30,3500,100,44.1333333333334,11.525,2611630.8,3916816.2,66.6773896615317,7.85033075191064,4541938.0,Large,2008,Full (4/4),32582497.39,7718.39,Public,False,False,True,True,False,False,False,False,False,False,False,False,False,False,False,False,False,False,False,False,False,False,True,False
32340206,INV,2008/6/27,Completed,Additional Stake Purchase,Coronation Asset Management Pty Ltd sold Johnnic Holdings Ltd to Hosken Consolidated Investments Ltd for ZAR 783.46M. The transaction was completed on 6/27/2008.,ZAR,Cash and Stock,2008/6/27,,67.000000,28.600000,No,Real Estate,Consumer Discretionary,N,,,Friendly,South Africa,South Africa,Point-in-time,Point-in-time,Point-in-time,Point-in-time,2124.5,174.9,16371.096,4185.302,2,2001-02-01,2009-03-31,200,30,3500,100,44.1333333333334,11.525,2611630.8,3916816.2,66.6773896615317,7.85033075191064,4541938.0,Large,2008,Full (4/4),18495.595999999998,2124.5,Private,False,True,False,False,False,False,False,False,False,False,False,False,False,False,False,False,False,False,False,False,False,False,True,False
32451176,INV,2008/5/27,Completed,"Additional Stake Purchase, Tender Offer",Standard Bank Group Ltd acquired Liberty Holdings Ltd for ZAR 4080.31M. The transaction was announced on 5/27/2008 and completed on 7/21/2008.,ZAR,Cash,2008/7/21,19.99,59.169998,37.910000,No,Financials,Financials,N,Bowman Gilfill,Deutsche Bank/Goldman Sachs/Standard Bank of,Friendly,South Africa,South Africa,Point-in-time,Point-in-time,Point-in-time,Point-in-time,220647.0,29357.0,1182126.0,102996.0,2,2001-02-01,2009-03-31,200,30,3500,100,44.1333333333334,11.525,2611630.8,3916816.2,66.6773896615317,7.85033075191064,4541938.0,Large,2008,Full (4/4),1402773.0,220647.0,Public,False,True,False,False,True,False,False,False,False,False,False,False,False,False,False,False,False,False,False,False,False,False,True,True
32455076,M&A,2008/4/15,Completed,"Company Takeover, Tender Offer",Morvest Group Ltd acquired SAB&T Ubuntu Holdings Ltd for ZAR 111.59M. The transaction was announced on 4/15/2008 and completed on 7/7/2008.,ZAR,Stock,2008/7/7,5.90,0.000000,100.000000,No,Industrials,Technology,N,,Java Capital,Friendly,South Africa,South Africa,Point-in-time,Point-in-time,Point-in-time,Point-in-time,67.29845428466797,85.45862579345703,398.322998046875,393.9530029296875,2,2001-02-01,2009-03-31,200,30,3500,100,44.1333333333334,11.525,2611630.8,3916816.2,66.6773896615317,7.85033075191064,4541938.0,Intermediate,2008,Full (4/4),483.78162384033203,85.45862579345703,Public,True,False,False,False,True,False,False,False,False,False,False,False,False,False,False,False,False,False,False,False,False,False,False,True
32863480,M&A,2008/8/4,Completed,"Company Takeover, Additional Stake Purchase, Tender Offer",Hosken Consolidated Investments Ltd acquired Johnnic Holdings Ltd for ZAR 122.69M. The transaction was announced on 8/4/2008 and completed on 9/26/2008.,ZAR,Cash,2008/9/26,2.08,95.599998,4.400000,No,Real Estate,Consumer Discretionary,N,,Deloitte Touche,Friendly,South Africa,South Africa,Point-in-time,Point-in-time,Point-in-time,Point-in-time,2124.5,174.9,16371.096,4185.302,2,2001-02-01,2009-03-31,200,30,3500,100,44.1333333333334,11.525,2611630.8,3916816.2,66.6773896615317,7.85033075191064,4541938.0,Large,2008,Full (4/4),18495.595999999998,2124.5,Private,True,True,False,False,True,False,False,False,False,False,False,False,False,False,False,False,False,False,False,False,False,False,True,True
32922171,M&A,2008/8/7,Completed,Company Takeover,Blue Financial Services Ltd acquired Credit U Holdings Ltd for ZAR 317.00M. The transaction was announced on 8/7/2008 and completed on 12/17/2008.,ZAR,Stock,2008/12/17,33.09,0.000000,100.000000,No,Financials,Financials,N,,Psg Absolute,Friendly,South Africa,South Africa,Point-in-time,MA-screen (current/latest),Point-in-time,Point-in-time,182.5229949951172,204.5590057373047,1426.64,202.5201,2,2001-02-01,2009-03-31,200,30,3500,100,44.1333333333334,11.525,2611630.8,3916816.2,66.6773896615317,7.85033075191064,4541938.0,Intermediate,2008,Full (4/4),1631.1990057373048,204.5590057373047,Public,True,False,False,False,False,False,False,False,False,False,False,False,False,False,False,False,False,False,False,False,False,False,False,False
33045249,INV,2008/8/19,Completed,"Cross Border, Minority Purchase",Om Residual UK Ltd acquired a minority stake in Real People Finance Ltd. The transaction was completed on 08/19/2008. Financial terms of the transaction are undisclosed.,ZAR,Undisclosed,2008/8/19,,0.000000,25.000000,No,Financials,Financials,N,,,Friendly,South Africa,United Kingdom,Missing,Point-in-time,MA-screen (current/latest),Point-in-time,,177.185,142740.0,15618.0,2,2001-02-01,2009-03-31,200,30,3500,100,44.1333333333334,11.525,2611630.8,3916816.2,66.6773896615317,7.85033075191064,4541938.0,Large,2008,Partial (3/4),142917.185,177.185,Public,False,False,True,True,False,False,False,False,False,False,False,False,False,False,False,False,False,False,False,False,False,False,True,False
33271163,M&A,2008/9/4,Completed,"Company Takeover, Additional Stake Purchase",Liberty Holdings Ltd acquired Liberty Group Ltd for ZAR 29492.37M. The transaction was announced on 9/4/2008 and completed on 12/1/2008.,ZAR,Stock,2008/12/1,193.30,51.200001,48.799999,No,Financials,Financials,N,Werksmans,,Friendly,South Africa,South Africa,Point-in-time,Point-in-time,Point-in-time,Point-in-time,221255.0,50403.0,220647.0,29357.0,2,2001-02-01,2009-03-31,200,30,3500,100,44.1333333333334,11.525,2611630.8,3916816.2,66.6773896615317,7.85033075191064,4541938.0,Large,2008,Full (4/4),441902.0,221255.0,Public,True,True,False,False,False,False,False,False,False,False,False,False,False,False,False,False,False,False,False,False,False,False,True,False
33272375,INV,2008/9/4,Terminated,"Additional Stake Purchase, Tender Offer",Bidvest Group Ltd/The announced the acquisition of Nampak Ltd for ZAR 2356.01M. The transaction was announced on 9/4/2008 and terminated on 10/8/2008.,ZAR,Stock,2008/10/8,-1.59,5.000000,25.000000,No,Materials,Consumer Staples,N,Dla Piper Llp,,Friendly,South Africa,South Africa,Point-in-time,Point-in-time,Point-in-time,Point-in-time,13032.6,17014.4,32847.93,95655.509,2,2001-02-01,2009-03-31,200,30,3500,100,44.1333333333334,11.525,2611630.8,3916816.2,66.6773896615317,7.85033075191064,4541938.0,Large,2008,Full (4/4),112669.90900000001,17014.4,Public,False,True,False,False,True,False,False,False,False,False,False,False,False,False,False,False,False,False,False,False,False,False,True,True
33515744,INV,2008/7/31,Completed,Minority Purchase,Public Investment Corp Ltd acquired a minority stake in AfriSam South Africa Pty Ltd. The transaction was announced on 7/31/2008 and completed on 8/31/2008.,ZAR,Cash,2008/8/31,,0.000000,0.000000,No,Materials,Financials,N,,,Friendly,South Africa,South Africa,Point-in-time,Point-in-time,Point-in-time,Point-in-time,17020.060546875,6243.47509765625,128.304,111.956,2,2001-02-01,2009-03-31,200,30,3500,100,44.1333333333334,11.525,2611630.8,3916816.2,66.6773896615317,7.85033075191064,4541938.0,Large,2008,Full (4/4),17148.364546875,17020.060546875,Private,False,False,False,True,False,False,False,False,False,False,False,False,False,False,False,False,False,False,False,False,False,False,True,False
33630602,INV,2008/8/20,Completed,Minority Purchase,WDB Investment Holdings sold a minority stake in Paracon Holdings Ltd to Paracon Holdings Ltd. The transaction was announced on 8/20/2008 and completed on 9/30/2008.,ZAR,Cash,2008/9/30,,0.000000,9.730000,No,Technology,Technology,N,Werksmans,,Friendly,South Africa,South Africa,Point-in-time,Point-in-time,Point-in-time,Point-in-time,309.10699462890625,792.2650146484375,309.10699462890625,792.2650146484375,2,2001-02-01,2009-03-31,200,30,3500,100,44.1333333333334,11.525,2611630.8,3916816.2,66.6773896615317,7.85033075191064,4541938.0,Intermediate,2008,Full (4/4),1584.530029296875,792.2650146484375,Public,False,False,False,True,False,False,False,False,False,False,False,False,False,False,False,False,False,False,False,False,False,False,True,False
33759125,M&A,2008/10/2,Terminated,Company Takeover,Impala Platinum Holdings Ltd announced the acquisition of Mvelaphanda Resources Ltd for ZAR 89.00M. The transaction was announced on 10/2/2008 and terminated on 1/14/2009.,ZAR,Cash and Stock,2009/1/14,,0.000000,100.000000,No,Materials,Materials,N,,Goldman Sachs/Morgan Stanley,Friendly,South Africa,South Africa,Point-in-time,Point-in-time,Point-in-time,Point-in-time,8280.919,0.0,49958.2,31481.5,2,2001-02-01,2009-03-31,200,30,3500,100,44.1333333333334,11.525,2611630.8,3916816.2,66.6773896615317,7.85033075191064,4541938.0,Large,2008,Full (4/4),58239.119,8280.919,Public,True,False,False,False,False,False,False,False,False,False,False,False,False,False,False,False,False,False,False,False,False,False,False,False
33795939,M&A,2008/10/9,Completed,"Cross Border, Majority Purchase, Additional Stake Purchase",Telkom SA SOC Ltd sold Vodacom Group Ltd to Vodafone Group PLC for ZAR 22500.00M. The transaction was announced on 10/9/2008 and completed on 4/20/2009.,ZAR,Cash,2009/4/20,,50.000000,15.000000,No,Communications,Communications,N,Linklaters/Paul Hastings,UBS,Friendly,South Africa,United Kingdom,Point-in-time,Point-in-time,Point-in-time,Point-in-time,28470.2,41146.4,161400.0708,45894.26303999999,2,2001-02-01,2009-03-31,200,30,3500,100,44.1333333333334,11.525,2611630.8,3916816.2,66.6773896615317,7.85033075191064,4541938.0,Large,2008,Full (4/4),202546.47079999998,41146.4,Public,False,True,True,False,False,True,False,False,False,False,False,False,False,False,False,False,False,False,False,False,False,False,True,False
34053878,INV,2008/10/30,Completed,"Private Equity, Additional Stake Purchase",Brait PLC acquired Buildmax Ltd for ZAR 132.00M. The transaction was announced on 10/30/2008 and completed on 12/31/2008.,ZAR,Cash,2008/12/31,6.23,12.950000,11.650000,No,Materials,Financials,N,Read Hope Philli,,Friendly,South Africa,South Africa,Point-in-time,Point-in-time,Point-in-time,Point-in-time,66.81999969482422,114.85700225830078,2322.2,746.7,2,2001-02-01,2009-03-31,200,30,3500,100,44.1333333333334,11.525,2611630.8,3916816.2,66.6773896615317,7.85033075191064,4541938.0,Intermediate,2008,Full (4/4),2437.0570022583006,114.85700225830078,Public,False,True,False,False,False,False,True,False,False,False,False,False,False,False,False,False,False,False,False,False,False,True,True,False
34153411,M&A,2008/11/5,Completed,Company Takeover,Capital Property Fund Ltd acquired Monyetla Property Fund Ltd for ZAR 919.90M. The transaction was announced on 11/5/2008 and completed on 1/19/2009.,ZAR,Stock,2009/1/19,-11.24,0.000000,100.000000,No,Real Estate,Real Estate,N,,Java Capital,Friendly,South Africa,South Africa,Point-in-time,Point-in-time,Point-in-time,Point-in-time,1081.987060546875,81.19100189208984,3256.86,336.794,2,2001-02-01,2009-03-31,200,30,3500,100,44.1333333333334,11.525,2611630.8,3916816.2,66.6773896615317,7.85033075191064,4541938.0,Large,2008,Full (4/4),4338.847060546876,1081.987060546875,Public,True,False,False,False,False,False,False,False,False,False,False,False,False,False,False,False,False,False,False,False,False,False,False,False
34260687,INV,2008/11/12,Completed,Minority Purchase,A consortium led by Private Investor sold a minority stake in Ambit Properties Ltd to ApexHi Properties Ltd. The transaction was completed on 11/12/2008.,ZAR,Cash,2008/11/12,,0.000000,13.507000,No,Real Estate,Real Estate,N,,,Friendly,South Africa,South Africa,Point-in-time,Point-in-time,Point-in-time,Point-in-time,1386.4759521484375,142.7169952392578,9748.12890625,1210.072021484375,2,2001-02-01,2009-03-31,200,30,3500,100,44.1333333333334,11.525,2611630.8,3916816.2,66.6773896615317,7.85033075191064,4541938.0,Large,2008,Full (4/4),11134.604858398438,1386.4759521484375,Public,False,False,False,True,False,False,False,False,False,False,False,False,False,False,False,False,False,False,False,False,False,False,True,False
34365179,M&A,2008/11/20,Completed,"Company Takeover, Cross Border",Gold One International Ltd acquired One Africa Ltd. The transaction was announced on 11/20/2008 and completed on 5/25/2009. Financial terms of the transaction are undisclosed.,ZAR,Stock,2009/5/25,-96.50,0.000000,100.000000,No,Materials,Materials,N,Blake Dawson,,Friendly,South Africa,Australia,Point-in-time,Point-in-time,Point-in-time,Point-in-time,938.156,0.0,3.758449,3.67953,2,2001-02-01,2009-03-31,200,30,3500,100,44.1333333333334,11.525,2611630.8,3916816.2,66.6773896615317,7.85033075191064,4541938.0,Intermediate,2008,Full (4/4),941.914449,938.156,Public,True,False,True,False,False,False,False,False,False,False,False,False,False,False,False,False,False,False,False,False,False,False,False,False
34848999,M&A,2008/7/30,Completed,"Company Takeover, Cross Border, Additional Stake Purchase, Tender Offer",Agape Global Investments Ltd acquired Goliath Gold Mining Ltd. The transaction was completed on 7/30/2008. Financial terms of the transaction are undisclosed.,ZAR,Undisclosed,2008/7/30,,57.099998,42.900002,No,Materials,Financials,N,,,Friendly,South Africa,NORTHERN MARIANA ISLANDS,Point-in-time,Point-in-time,Point-in-time,Point-in-time,55.34600067138672,135.75999450683594,16.479127883911133,2.631629943847656,2,2001-02-01,2009-03-31,200,30,3500,100,44.1333333333334,11.525,2611630.8,3916816.2,66.6773896615317,7.85033075191064,4541938.0,Small,2008,Full (4/4),152.23912239074707,135.75999450683594,Public,True,True,True,False,True,False,False,False,False,False,False,False,False,False,False,False,False,False,False,False,False,False,True,True
35394308,M&A,2007/4/23,Terminated,"Company Takeover, Cross Border",Randgold & Exploration Co Ltd announced the acquisition of JCI Ltd for ZAR 21.38M. The transaction was announced on 4/23/2007 and terminated on 4/23/2007.,ZAR,Stock,2007/4/23,,0.000000,100.000000,No,Materials,Materials,N,,,Friendly,South Africa,South Africa,MA-screen (current/latest),MA-screen (current/latest),MA-screen (current/latest),Missing,2507.77,227.79,50.495,,2,2001-02-01,2009-03-31,200,30,3500,100,39.5583333333333,7.075,2346649.9,3795694.0,61.8240010917635,8.24576680654225,5696829.0,Intermediate,2007,Partial (3/4),2558.265,2507.77,Public,True,False,True,False,False,False,False,False,False,False,False,False,False,False,False,False,False,False,False,False,False,False,False,False
35845511,M&A,2009/1/15,Completed,Company Takeover,Redefine Properties Ltd acquired Madison Property Fund Managers Holdings Pty Ltd for ZAR 1152.89M. The transaction was announced on 1/15/2009 and completed on 8/18/2009.,ZAR,Stock,2009/8/18,-12.85,0.000000,100.000000,No,Financials,Real Estate,N,,,Friendly,South Africa,South Africa,Point-in-time,MA-screen (current/latest),Point-in-time,MA-screen (current/latest),451.155,195.893,106323.0,11007.4,2,2001-02-01,2009-03-31,200,30,3500,100,47.0166666666667,7.14166666666667,2794228.4,3856572.1,72.4536797846979,8.66304177846167,5929063.0,Large,2009,Full (4/4),106774.155,451.155,Public,True,False,False,False,False,False,False,False,False,False,False,False,False,False,False,False,False,False,False,False,False,False,False,False
35845535,M&A,2009/1/15,Completed,Company Takeover,Redefine Properties Ltd acquired ApexHi Properties Ltd for ZAR 8660.06M. The transaction was announced on 1/15/2009 and completed on 8/18/2009.,ZAR,Stock,2009/8/18,,0.000000,100.000000,No,Real Estate,Real Estate,N,,JP Morgan,Friendly,South Africa,South Africa,Point-in-time,MA-screen (current/latest),Point-in-time,MA-screen (current/latest),10197.6650390625,1321.1419677734375,106323.0,11007.4,2,2001-02-01,2009-03-31,200,30,3500,100,47.0166666666667,7.14166666666667,2794228.4,3856572.1,72.4536797846979,8.66304177846167,5929063.0,Large,2009,Full (4/4),116520.6650390625,10197.6650390625,Public,True,False,False,False,False,False,False,False,False,False,False,False,False,False,False,False,False,False,False,False,False,False,False,False
35918927,M&A,2009/2/20,Completed,Company Takeover,ApexHi Properties Ltd acquired Ambit Properties Ltd for ZAR 2383.67M. The transaction was announced on 2/20/2009 and completed on 7/14/2009.,ZAR,Cash or Stock,2009/7/14,8.98,0.000000,100.000000,No,Real Estate,Real Estate,N,,Deloitte Touche,Friendly,South Africa,South Africa,Point-in-time,Point-in-time,Point-in-time,Point-in-time,2757.6279296875,297.9010009765625,10197.6650390625,1321.1419677734375,2,2001-02-01,2009-03-31,200,30,3500,100,47.0166666666667,7.14166666666667,2794228.4,3856572.1,72.4536797846979,8.66304177846167,5929063.0,Large,2009,Full (4/4),12955.29296875,2757.6279296875,Public,True,False,False,False,False,False,False,False,False,False,False,False,False,False,False,False,False,False,False,False,False,False,False,False
36236416,BUY,2008/12/15,Pending,,,ZAR,,,46.84,0.000000,0.000000,,Technology,Technology,N,,,,South Africa,,Point-in-time,Point-in-time,Point-in-time,Point-in-time,152.46299743652344,694.0,152.46299743652344,694.0,2,2001-02-01,2009-03-31,200,30,3500,100,44.1333333333334,11.525,2611630.8,3916816.2,66.6773896615317,7.85033075191064,4541938.0,Intermediate,2008,Full (4/4),1388.0,694.0,Public,False,False,False,False,False,False,False,False,False,False,False,False,False,False,False,False,False,False,False,False,False,False,False,False
36718562,M&A,2009/4/9,Terminated,Company Takeover,Adcock Ingram Holdings Ltd announced the acquisition of Cipla Medpro South Africa Ltd for ZAR 2420.75M. The transaction was announced on 4/9/2009 and terminated on 6/2/2009.,ZAR,Cash,2009/6/2,33.88,0.000000,100.000000,No,Health Care,Health Care,N,Read Hope Philli,Deutsche Bank,Friendly,South Africa,South Africa,Point-in-time,Point-in-time,Point-in-time,Point-in-time,2155.295,994.892,2712.879,1758.808,3,2009-04-01,2017-09-30,560,80,6600,190,47.0166666666667,7.14166666666667,2794228.4,3856572.1,72.4536797846979,8.66304177846167,5929063.0,Intermediate,2009,Full (4/4),4868.174,2155.295,Public,True,False,False,False,False,False,False,False,False,False,False,False,False,False,False,False,False,False,False,False,False,False,False,False
37594888,BUY,2009/5/28,Pending,,,ZAR,,,8.57,0.000000,0.000000,,Industrials,Industrials,N,,Java Capital,,South Africa,,Point-in-time,Point-in-time,Point-in-time,Point-in-time,209.400629,440.446378,209.400629,440.446378,3,2009-04-01,2017-09-30,560,80,6600,190,47.0166666666667,7.14166666666667,2794228.4,3856572.1,72.4536797846979,8.66304177846167,5929063.0,Intermediate,2009,Full (4/4),880.892756,440.446378,Public,False,False,False,False,False,False,False,False,False,False,False,False,False,False,False,False,False,False,False,False,False,False,False,False
39211729,M&A,2009/8/14,Completed,"Company Takeover, Additional Stake Purchase",Imperial Logistics Ltd sold IBL Asset Finance & Services Pty Ltd to Nedbank Group Ltd for ZAR 1780.00M. The transaction was announced on 8/14/2009 and completed on 3/12/2010.,ZAR,Cash and Stock,2010/3/12,,50.099998,49.900002,No,Financials,Financials,N,,,Friendly,South Africa,South Africa,Point-in-time,Point-in-time,Point-in-time,Point-in-time,48768.09375,6519.34814453125,567023.0,68715.0,3,2009-04-01,2017-09-30,560,80,6600,190,47.0166666666667,7.14166666666667,2794228.4,3856572.1,72.4536797846979,8.66304177846167,5929063.0,Large,2009,Full (4/4),615791.09375,48768.09375,Public,True,True,False,False,False,False,False,False,False,False,False,False,False,False,False,False,False,False,False,False,False,False,True,False
39325814,M&A,2009/8/20,Completed,"Cross Border, Majority Purchase, Additional Stake Purchase",Tiso Blackstar Group SE acquired Litha Healthcare Group Ltd for ZAR 59.90M. The transaction was announced on 8/20/2009 and completed on 5/17/2010.,ZAR,Cash,2010/5/17,30.47,13.650000,37.349998,No,Health Care,Financials,N,,,Friendly,South Africa,United Kingdom,Point-in-time,MA-screen (current/latest),Point-in-time,MA-screen (current/latest),178.128,227.153,3837.64,2209.25,3,2009-04-01,2017-09-30,560,80,6600,190,47.0166666666667,7.14166666666667,2794228.4,3856572.1,72.4536797846979,8.66304177846167,5929063.0,Intermediate,2009,Full (4/4),4064.7929999999997,227.153,Public,False,True,True,False,False,True,False,False,False,False,False,False,False,False,False,False,False,False,False,False,False,False,True,False
40052443,INV,2009/8/11,Completed,Additional Stake Purchase,Zeder Investments Ltd acquired KAL Group Ltd for USD 2.50M. The transaction was announced on 8/11/2009 and completed on 8/31/2009.,USD,Cash,2009/8/31,,34.900002,1.300000,No,Consumer Staples,Consumer Staples,N,Werksmans,,Friendly,South Africa,South Africa,MA-screen (current/latest),Point-in-time,MA-screen (current/latest),Point-in-time,8229.85,20305.2,1604.525,168.882,3,2009-04-01,2017-09-30,560,80,6600,190,47.0166666666667,7.14166666666667,2794228.4,3856572.1,72.4536797846979,8.66304177846167,5929063.0,Large,2009,Full (4/4),21909.725000000002,20305.2,Public,False,True,False,False,False,False,False,False,False,False,False,False,False,False,False,False,False,False,False,False,False,False,True,False
40131082,M&A,2009/9/30,Completed,"Private Placement, Company Takeover",Basil Read Holdings Ltd acquired TWP Holdings Ltd for ZAR 718.97M. The transaction was announced on 9/30/2009 and completed on 12/21/2009.,ZAR,Cash and Stock,2009/12/21,-28.36,0.000000,100.000000,No,Materials,Industrials,N,Ramsaywebber,,Friendly,South Africa,South Africa,Point-in-time,Point-in-time,Point-in-time,Point-in-time,454.8413391113281,705.00634765625,2476.719,3474.831,3,2009-04-01,2017-09-30,560,80,6600,190,47.0166666666667,7.14166666666667,2794228.4,3856572.1,72.4536797846979,8.66304177846167,5929063.0,Intermediate,2009,Full (4/4),4179.83734765625,705.00634765625,Public,True,False,False,False,False,False,False,False,True,False,False,False,False,False,False,False,False,False,False,False,False,False,False,False
40414318,M&A,2009/10/14,Completed,"Company Takeover, Cross Border, Additional Stake Purchase",Om Residual UK Ltd acquired Old Mutual Insure Ltd for ZAR 1798.42M. The transaction was announced on 10/14/2009 and completed on 2/8/2010.,ZAR,Stock,2010/2/8,20.12,73.500000,26.500000,No,Financials,Financials,N,,BofA ML,Friendly,South Africa,United Kingdom,Point-in-time,Point-in-time,Point-in-time,Point-in-time,9310.0,7561.0,144283.0,-2806.0,3,2009-04-01,2017-09-30,560,80,6600,190,47.0166666666667,7.14166666666667,2794228.4,3856572.1,72.4536797846979,8.66304177846167,5929063.0,Large,2009,Full (4/4),153593.0,9310.0,Public,True,True,True,False,False,False,False,False,False,False,False,False,False,False,False,False,False,False,False,False,False,False,True,False
43736834,INV,2010/3/11,Completed,Minority Purchase,Imperial Logistics Ltd acquired a minority stake in MiX Telematics Ltd. The transaction was completed on 3/11/2010. Financial terms of the transaction are undisclosed.,ZAR,Cash,2010/3/11,,0.000000,25.400000,No,Technology,Consumer Discretionary,N,,,Friendly,South Africa,South Africa,Point-in-time,Point-in-time,Point-in-time,Point-in-time,115.94831738,110.01038124879312,33315.0,52219.0,3,2009-04-01,2017-09-30,560,80,6600,190,49.0333333333333,4.28333333333333,3055613.2,3973801.6,76.8939546453452,6.12843250176096,6698700.0,Intermediate,2010,Full (4/4),52334.94831738,115.94831738,Public,False,False,False,True,False,False,False,False,False,False,False,False,False,False,False,False,False,False,False,False,False,False,True,False
43785633,INV,2010/3/15,Completed,Minority Purchase,Hosken Consolidated Investments Ltd sold a minority stake in Clover Industries Ltd to Clover Industries Ltd. The transaction was announced on 3/15/2010 and completed on 6/3/2010.,ZAR,Cash,2010/6/3,,0.000000,34.990002,No,Consumer Staples,Consumer Staples,N,,,Friendly,South Africa,South Africa,Point-in-time,Point-in-time,Point-in-time,Point-in-time,3585.507,5475.846,3585.507,5475.846,3,2009-04-01,2017-09-30,560,80,6600,190,49.0333333333333,4.28333333333333,3055613.2,3973801.6,76.8939546453452,6.12843250176096,6698700.0,Large,2010,Full (4/4),10951.692,5475.846,Public,False,False,False,True,False,False,False,False,False,False,False,False,False,False,False,False,False,False,False,False,False,False,True,False
44038757,INV,2010/3/24,Completed,Additional Stake Purchase,Coronation Asset Management Pty Ltd sold Hyprop Investments Ltd to Redefine Properties Ltd for ZAR 984.33M. The transaction was announced on 3/24/2010 and completed on 8/13/2010.,ZAR,Cash,2010/8/13,,33.299999,11.900000,No,Real Estate,Real Estate,N,,,Friendly,South Africa,South Africa,MA-screen (current/latest),Point-in-time,MA-screen (current/latest),Point-in-time,42362.5,5111.66,25942.975,1131.759,3,2009-04-01,2017-09-30,560,80,6600,190,49.0333333333333,4.28333333333333,3055613.2,3973801.6,76.8939546453452,6.12843250176096,6698700.0,Large,2010,Full (4/4),68305.475,42362.5,Public,False,True,False,False,False,False,False,False,False,False,False,False,False,False,False,False,False,False,False,False,False,False,True,False
44245415,M&A,2010/3/31,Completed,Company Takeover,FirstRand Ltd sold Momentum Metropolitan Life Ltd to Momentum Group Limited. The transaction was completed on 3/31/2010. Financial terms of the transaction are undisclosed.,ZAR,Stock,2010/3/31,,0.000000,100.000000,No,Financials,Financials,N,Edward Nathan,Fidelis Parners/JP Morgan,Friendly,South Africa,South Africa,MA-screen (current/latest),Point-in-time,MA-screen (current/latest),Point-in-time,702491.0,103360.0,71571.0,18820.0,3,2009-04-01,2017-09-30,560,80,6600,190,49.0333333333333,4.28333333333333,3055613.2,3973801.6,76.8939546453452,6.12843250176096,6698700.0,Large,2010,Full (4/4),774062.0,702491.0,Public,True,False,False,False,False,False,False,False,False,False,False,False,False,False,False,False,False,False,False,False,False,False,False,False
46143935,M&A,2010/6/16,Completed,"Cross Border, Private Equity, Majority Purchase, PE Exit, PE Seller",A consortium led by Investec PLC sold Central African Gold Ltd to New Dawn Mining Corp for CAD 3.91M. The transaction was completed on 6/16/2010.,CAD,Stock,2010/6/16,,0.000000,89.000000,No,Materials,Materials,N,Borden Ladner,,Friendly,South Africa,Canada,Point-in-time,Point-in-time,Point-in-time,Point-in-time,10.742,0.921,19.238732,5.644977,3,2009-04-01,2017-09-30,560,80,6600,190,49.0333333333333,4.28333333333333,3055613.2,3973801.6,76.8939546453452,6.12843250176096,6698700.0,Small,2010,Full (4/4),29.980732,10.742,Public,False,False,True,False,False,True,True,False,False,False,False,False,True,False,False,True,False,False,False,False,False,True,True,False
46146607,M&A,2010/6/21,Completed,Company Takeover,FirstRand Ltd acquired Barnard Jacobs Mellet Holdings Ltd for ZAR 450.00M. The transaction was announced on 6/21/2010 and completed on 1/4/2011.,ZAR,Cash,2011/1/4,16.94,0.000000,100.000000,No,Financials,Financials,N,,,Friendly,South Africa,South Africa,Point-in-time,Point-in-time,Point-in-time,Point-in-time,6634.755,257.576,809851.0,71790.0,3,2009-04-01,2017-09-30,560,80,6600,190,49.0333333333333,4.28333333333333,3055613.2,3973801.6,76.8939546453452,6.12843250176096,6698700.0,Large,2010,Full (4/4),816485.755,6634.755,Public,True,False,False,False,False,False,False,False,False,False,False,False,False,False,False,False,False,False,False,False,False,False,False,False
47513650,M&A,2010/3/12,Completed,"Company Takeover, Additional Stake Purchase",Acucap Properties Ltd acquired Sycom Property Fund. The transaction was announced on 3/12/2010 and completed on 8/16/2010. Financial terms of the transaction are undisclosed.,ZAR,Undisclosed,2010/8/16,,50.000000,50.000000,No,Real Estate,Real Estate,N,,,Friendly,South Africa,South Africa,Point-in-time,Point-in-time,Point-in-time,Point-in-time,5169.172,437.666,6658.228,558.332,3,2009-04-01,2017-09-30,560,80,6600,190,49.0333333333333,4.28333333333333,3055613.2,3973801.6,76.8939546453452,6.12843250176096,6698700.0,Large,2010,Full (4/4),11827.4,5169.172,Public,True,True,False,False,False,False,False,False,False,False,False,False,False,False,False,False,False,False,False,False,False,False,True,False
47656728,M&A,2010/8/23,Terminated,"Cross Border, Majority Purchase",Om Residual UK Ltd announced the sale of Nedbank Group Ltd to HSBC Holdings PLC. The transaction was announced on 8/23/2010 and terminated on 10/15/2010. Financial terms of the transaction are undisclosed.,GBP,Undisclosed,2010/10/15,,0.000000,70.000000,No,Financials,Financials,N,Linklaters,HSBC,Friendly,South Africa,United Kingdom,Point-in-time,Point-in-time,Point-in-time,Point-in-time,570703.0,62443.0,2364452.0,91286.0,3,2009-04-01,2017-09-30,560,80,6600,190,49.0333333333333,4.28333333333333,3055613.2,3973801.6,76.8939546453452,6.12843250176096,6698700.0,Large,2010,Full (4/4),2935155.0,570703.0,Public,False,False,True,False,False,True,False,False,False,False,False,False,False,False,False,False,False,False,False,False,False,False,True,False
47987005,M&A,2010/9/3,Completed,Company Takeover,Jasco Electronics Holdings Ltd acquired Spescom Ltd for ZAR 37.03M. The transaction was announced on 9/3/2010 and completed on 1/25/2011.,ZAR,Cash and Stock,2011/1/25,-2.98,0.000000,100.000000,No,Technology,Industrials,N,,Grindrod Bank,Friendly,South Africa,South Africa,Point-in-time,Point-in-time,Point-in-time,Point-in-time,226.453781,358.563593,518.837,595.148,3,2009-04-01,2017-09-30,560,80,6600,190,49.0333333333333,4.28333333333333,3055613.2,3973801.6,76.8939546453452,6.12843250176096,6698700.0,Intermediate,2010,Full (4/4),953.711593,358.563593,Public,True,False,False,False,False,False,False,False,False,False,False,False,False,False,False,False,False,False,False,False,False,False,False,False
48240532,M&A,2010/1/19,Completed,"Majority Purchase, Additional Stake Purchase",Sabvest Ltd acquired Set Point Group Ltd for ZAR 172.45M. The transaction was announced on 1/19/2010 and completed on 5/25/2010.,ZAR,Cash,2010/5/25,8.70,32.509998,66.275002,No,Industrials,Financials,N,Edward Nathan,,Friendly,South Africa,South Africa,Point-in-time,Point-in-time,Point-in-time,Point-in-time,235.593,359.376,396.647,57.565,3,2009-04-01,2017-09-30,560,80,6600,190,49.0333333333333,4.28333333333333,3055613.2,3973801.6,76.8939546453452,6.12843250176096,6698700.0,Intermediate,2010,Full (4/4),756.0229999999999,359.376,Public,False,True,False,False,False,True,False,False,False,False,False,False,False,False,False,False,False,False,False,False,False,False,True,False
48464406,M&A,2010/9/27,Completed,"Cross Border, Majority Purchase",Walmart Inc acquired Massmart Holdings Ltd for ZAR 14600.53M. The transaction was announced on 9/27/2010 and completed on 6/20/2011.,ZAR,Cash,2011/6/20,15.30,0.000000,51.000000,No,Consumer Staples,Consumer Staples,N,Skadden Arps,JP Morgan/Rothschild & Co,Unsolicited to Friendly,South Africa,United States,Point-in-time,Point-in-time,Point-in-time,Point-in-time,12526.9,43128.7,163429.0,404254.0,3,2009-04-01,2017-09-30,560,80,6600,190,49.0333333333333,4.28333333333333,3055613.2,3973801.6,76.8939546453452,6.12843250176096,6698700.0,Large,2010,Full (4/4),447382.7,43128.7,Public,False,False,True,False,False,True,False,False,False,False,False,False,False,False,False,False,False,False,False,False,False,False,True,False
48568687,INV,2010/9/30,Completed,"Cross Border, Minority Purchase",Honeywell International Inc sold a minority stake in Sallies Ltd to Maghreb Minerals PLC/Old. The transaction was completed on 9/30/2010.,USD,Cash,2010/9/30,,0.000000,11.400000,No,Materials,Materials,N,,,Friendly,South Africa,United Kingdom,Point-in-time,Point-in-time,Point-in-time,Missing,218.83799743652344,251.9279937744141,0.429,,3,2009-04-01,2017-09-30,560,80,6600,190,49.0333333333333,4.28333333333333,3055613.2,3973801.6,76.8939546453452,6.12843250176096,6698700.0,Small,2010,Partial (3/4),252.3569937744141,251.9279937744141,Public,False,False,True,True,False,False,False,False,False,False,False,False,False,False,False,False,False,False,False,False,False,False,True,False
49597317,INV,2010/11/10,Completed,Minority Purchase,Harmony Gold Mining Co Ltd acquired a minority stake in Witwatersrand Consolidated Gold Resources Pty Ltd. The transaction was announced on 11/10/2010 and completed on 12/31/2010. Financial terms of the transaction are undisclosed.,ZAR,Undisclosed,2010/12/31,,0.000000,13.560000,No,Materials,Materials,N,,,Friendly,South Africa,South Africa,Point-in-time,Point-in-time,Point-in-time,Point-in-time,205.3234405517578,0.0,38025.0,11496.0,3,2009-04-01,2017-09-30,560,80,6600,190,49.0333333333333,4.28333333333333,3055613.2,3973801.6,76.8939546453452,6.12843250176096,6698700.0,Large,2010,Full (4/4),38230.32344055176,205.3234405517578,Public,False,False,False,True,False,False,False,False,False,False,False,False,False,False,False,False,False,False,False,False,False,False,True,False
50400673,M&A,2010/12/9,Completed,"Company Takeover, Cross Border",Aon PLC acquired Glenrand MIB Ltd for ZAR 596.05M. The transaction was announced on 12/9/2010 and completed on 4/28/2011.,ZAR,Cash,2011/4/28,15.74,0.000000,100.000000,No,Financials,Financials,N,,,Friendly,South Africa,United States,Point-in-time,Point-in-time,Point-in-time,Point-in-time,587.356,576.484,22958.0,7595.0,3,2009-04-01,2017-09-30,560,80,6600,190,49.0333333333333,4.28333333333333,3055613.2,3973801.6,76.8939546453452,6.12843250176096,6698700.0,Large,2010,Full (4/4),23545.356,587.356,Public,True,False,True,False,False,False,False,False,False,False,False,False,False,False,False,False,False,False,False,False,False,False,False,False
50401969,M&A,2010/12/13,Completed,"Company Takeover, Cross Border, Additional Stake Purchase, Tender Offer",Kansai Paint Co Ltd acquired Kansai Plascon Africa Ltd for ZAR 2544.56M. The transaction was announced on 12/13/2010 and completed on 12/28/2011.,ZAR,Cash,2011/12/28,26.32,27.559999,72.440002,No,Materials,Materials,N,Bowman Gilfill,Newman & Assoc/Nomura,Friendly,South Africa,Japan,Point-in-time,Point-in-time,Point-in-time,Point-in-time,4477.118,2703.164,240665.0,229988.0,3,2009-04-01,2017-09-30,560,80,6600,190,49.0333333333333,4.28333333333333,3055613.2,3973801.6,76.8939546453452,6.12843250176096,6698700.0,Large,2010,Full (4/4),245142.118,4477.118,Public,True,True,True,False,True,False,False,False,False,False,False,False,False,False,False,False,False,False,False,False,False,False,True,True
50742433,M&A,2010/12/24,Completed,"Cross Border, Private Equity, Majority Purchase",Firebird Management LLC sold Sallies Ltd to Maghreb Minerals PLC/Old for GBP 5.19M. The transaction was completed on 12/24/2010.,GBP,Stock,2010/12/24,,11.400000,66.900002,No,Materials,Materials,N,,,Friendly,South Africa,United Kingdom,Point-in-time,Point-in-time,Point-in-time,Missing,218.83799743652344,251.9279937744141,0.429,,3,2009-04-01,2017-09-30,560,80,6600,190,49.0333333333333,4.28333333333333,3055613.2,3973801.6,76.8939546453452,6.12843250176096,6698700.0,Small,2010,Partial (3/4),252.3569937744141,251.9279937744141,Public,False,False,True,False,False,True,True,False,False,False,False,False,False,False,False,False,False,False,False,False,False,True,True,False
5149158,M&A,2000/1/6,Completed,Company Takeover,Harmony Gold Mining Co Ltd acquired Randfontein Estates Ltd for ZAR 869.10M. The transaction was announced on 1/6/2000 and completed on 7/10/2000.,ZAR,Stock,2000/7/10,62.45,0.000000,100.000000,No,Materials,Materials,N,Cliffe Dekker,Cazenove/Chase Manhattan/Robt Fleming,Hostile,South Africa,South Africa,Missing,Point-in-time,Point-in-time,Point-in-time,,1504.9000244140625,2645.10009765625,2256.0,1,1999-12-24,2001-01-31,50,5,3500,100,27.5833333333333,5.325,1053138.0,2826727.8,37.2564348077661,9.18219108248353,1551489.0,Large,2000,Partial (3/4),4150.0001220703125,1504.9000244140625,Public,True,False,False,False,False,False,False,False,False,False,False,False,False,False,False,False,False,False,False,False,False,False,False,False
51575642,M&A,2011/1/21,Completed,"Company Takeover, Cross Border, Additional Stake Purchase, Tender Offer",Great Western Minerals Group Ltd acquired Rare Earth Extraction Co Ltd for ZAR 100.58M. The transaction was announced on 1/21/2011 and completed on 7/14/2011.,ZAR,Cash,2011/7/14,,20.080000,79.919998,No,Materials,Materials,N,,,Friendly,South Africa,Canada,MA-screen (current/latest),Point-in-time,Missing,Point-in-time,14.875,,59.215596,15.139682,3,2009-04-01,2017-09-30,560,80,6600,190,51.475,4.98333333333333,3327047.0,4099713.7,81.1531546702883,5.53905706188178,6908507.0,Small,2011,Partial (3/4),74.090596,14.875,Public,True,True,True,False,True,False,False,False,False,False,False,False,False,False,False,False,False,False,False,False,False,False,True,True
5157881,M&A,2000/1/11,Completed,Company Takeover,Santam Ltd acquired Guardian National Insurance Co Ltd for ZAR 1567.24M. The transaction was announced on 1/11/2000 and completed on 5/29/2000.,ZAR,Cash,2000/5/29,19.48,0.000000,100.000000,No,Financials,Financials,N,,Chase Manhattan/Investec Bank,Friendly,South Africa,South Africa,Point-in-time,Point-in-time,Point-in-time,Point-in-time,3613.47607421875,1908.89501953125,4329.5927734375,2817.702880859375,1,1999-12-24,2001-01-31,50,5,3500,100,27.5833333333333,5.325,1053138.0,2826727.8,37.2564348077661,9.18219108248353,1551489.0,Large,2000,Full (4/4),7943.06884765625,3613.47607421875,Public,True,False,False,False,False,False,False,False,False,False,False,False,False,False,False,False,False,False,False,False,False,False,False,False
5170751,M&A,2000/1/18,Completed,"Company Takeover, Additional Stake Purchase",Bidvest Group Ltd/The acquired Island View Storage Ltd for ZAR 311.27M. The transaction was announced on 1/18/2000 and completed on 4/10/2000.,ZAR,Cash,2000/4/10,3.04,27.700001,72.300003,No,Industrials,Consumer Staples,N,Werksmans,Investec Bank,Friendly,South Africa,South Africa,Point-in-time,Point-in-time,Point-in-time,Point-in-time,199.076004,127.762001,7642.43408203125,14646.1396484375,1,1999-12-24,2001-01-31,50,5,3500,100,27.5833333333333,5.325,1053138.0,2826727.8,37.2564348077661,9.18219108248353,1551489.0,Large,2000,Full (4/4),14845.2156524375,199.076004,Public,True,True,False,False,False,False,False,False,False,False,False,False,False,False,False,False,False,False,False,False,False,False,True,False
5171627,M&A,2000/1/18,Completed,"Company Takeover, Majority Purchase",Absa Group Ltd acquired Unifer Holdings Ltd for ZAR 699.62M. The transaction was announced on 1/18/2000 and completed on 1/31/2000.,ZAR,Cash,2000/1/31,17.33,0.000000,51.000000,No,Financials,Financials,N,,,Friendly,South Africa,South Africa,Point-in-time,Point-in-time,Point-in-time,Point-in-time,3803.409912109375,403.24798583984375,168737.0,32746.0,1,1999-12-24,2001-01-31,50,5,3500,100,27.5833333333333,5.325,1053138.0,2826727.8,37.2564348077661,9.18219108248353,1551489.0,Large,2000,Full (4/4),172540.40991210938,3803.409912109375,Public,True,False,False,False,False,True,False,False,False,False,False,False,False,False,False,False,False,False,False,False,False,False,True,False
5187108,INV,2000/1/26,Completed,Minority Purchase,International Consolidated Airlines Group SA acquired a minority stake in Comair Ltd. The transaction was completed on 1/26/2000.,ZAR,Undisclosed,2000/1/26,,0.000000,18.299999,No,Industrials,Industrials,N,,,Friendly,South Africa,United Kingdom,Point-in-time,MA-screen (current/latest),Point-in-time,MA-screen (current/latest),478.7749938964844,608.9970092773438,833109.0,670484.0,1,1999-12-24,2001-01-31,50,5,3500,100,27.5833333333333,5.325,1053138.0,2826727.8,37.2564348077661,9.18219108248353,1551489.0,Large,2000,Full (4/4),833717.9970092773,608.9970092773438,Public,False,False,False,True,False,False,False,False,False,False,False,False,False,False,False,False,False,False,False,False,False,False,True,False
5228277,M&A,2000/2/14,Completed,"Majority Purchase, Additional Stake Purchase",Lonmin Ltd sold Duiker Mining Ltd to Glencore PLC for GBP 120.04M. The transaction was announced on 2/14/2000 and completed on 5/22/2000.,GBP,Cash,2000/5/22,,22.700001,62.200001,No,Materials,Materials,N,Bowman Gilfill,PwC,Friendly,South Africa,Switzerland,Point-in-time,MA-screen (current/latest),Point-in-time,MA-screen (current/latest),3052.18408203125,1817.8470458984373,2355800.0,4425790.0,1,1999-12-24,2001-01-31,50,5,3500,100,27.5833333333333,5.325,1053138.0,2826727.8,37.2564348077661,9.18219108248353,1551489.0,Large,2000,Full (4/4),4428842.184082031,3052.18408203125,Public,False,True,False,False,False,True,False,False,False,False,False,False,False,False,False,False,False,False,False,False,False,False,True,False
5228303,M&A,2000/2/14,Completed,"Majority Purchase, Additional Stake Purchase",Lonmin Ltd sold Tweefontein United Colleries to Glencore PLC for GBP 11.05M. The transaction was announced on 2/14/2000 and completed on 5/15/2000.,GBP,Cash,2000/5/15,,0.500000,60.810001,No,Materials,Materials,N,Bowman Gilfill/Linklaters,PwC,Friendly,South Africa,Switzerland,Point-in-time,MA-screen (current/latest),Missing,MA-screen (current/latest),4.63100004196167,,2355800.0,4425790.0,1,1999-12-24,2001-01-31,50,5,3500,100,27.5833333333333,5.325,1053138.0,2826727.8,37.2564348077661,9.18219108248353,1551489.0,Small,2000,Partial (3/4),4425794.631000042,4.63100004196167,Public,False,True,False,False,False,True,False,False,False,False,False,False,False,False,False,False,False,False,False,False,False,False,True,False
52307776,M&A,2010/11/24,Completed,Company Takeover,Capital Property Fund Ltd acquired Pangbourne Properties Ltd for ZAR 15012.57M. The transaction was announced on 11/24/2010 and completed on 4/5/2011.,ZAR,Cash or Stock,2011/4/5,2.02,0.000000,100.000000,No,Real Estate,Real Estate,N,Java Capital,,Friendly,South Africa,South Africa,Point-in-time,Point-in-time,Point-in-time,Point-in-time,12220.895,1293.099,6150.461,613.661,3,2009-04-01,2017-09-30,560,80,6600,190,49.0333333333333,4.28333333333333,3055613.2,3973801.6,76.8939546453452,6.12843250176096,6698700.0,Large,2010,Full (4/4),18371.356,12220.895,Public,True,False,False,False,False,False,False,False,False,False,False,False,False,False,False,False,False,False,False,False,False,False,False,False
5239576,INV,2000/2/18,Completed,Minority Purchase,Micawber 275 Ltd acquired a minority stake in Forza Group Ltd. The transaction was completed on 2/18/2000. Financial terms of the transaction are undisclosed.,ZAR,Undisclosed,2000/2/18,,0.000000,15.800000,No,Consumer Discretionary,Financials,N,,,Friendly,South Africa,South Africa,MA-screen (current/latest),Point-in-time,MA-screen (current/latest),Point-in-time,229.831,988.477,2935.313965,329.06601,1,1999-12-24,2001-01-31,50,5,3500,100,27.5833333333333,5.325,1053138.0,2826727.8,37.2564348077661,9.18219108248353,1551489.0,Large,2000,Full (4/4),3923.7909649999997,988.477,Public,False,False,False,True,False,False,False,False,False,False,False,False,False,False,False,False,False,False,False,False,False,False,True,False
5265176,M&A,2000/2/25,Completed,Company Takeover,Absa Trading & Investments Solutions Holdings Pty Ltd acquired Axiam Holdings Ltd for ZAR 160.00M. The transaction was announced on 2/25/2000 and completed on 3/1/2000.,ZAR,Undisclosed,2000/3/1,,0.000000,100.000000,No,Financials,Financials,N,,,Friendly,South Africa,South Africa,Point-in-time,MA-screen (current/latest),Point-in-time,MA-screen (current/latest),1393.0369873046875,261.5710144042969,3341.51,449.268,1,1999-12-24,2001-01-31,50,5,3500,100,27.5833333333333,5.325,1053138.0,2826727.8,37.2564348077661,9.18219108248353,1551489.0,Large,2000,Full (4/4),4734.546987304688,1393.0369873046875,Public,True,False,False,False,False,False,False,False,False,False,False,False,False,False,False,False,False,False,False,False,False,False,False,False
5265212,M&A,2000/2/8,Completed,Majority Purchase,SouthernEra Diamonds Inc acquired Messina Ltd for ZAR 20.00M. The transaction was announced on 2/8/2000 and completed on 5/8/2000.,ZAR,Undisclosed,2000/5/8,,0.000000,70.400002,No,Materials,Materials,N,,,Friendly,South Africa,Canada,Point-in-time,Point-in-time,Point-in-time,Point-in-time,74.91799926757812,0.0,68.16181080000001,32.37771000689655,1,1999-12-24,2001-01-31,50,5,3500,100,27.5833333333333,5.325,1053138.0,2826727.8,37.2564348077661,9.18219108248353,1551489.0,Intermediate,2000,Full (4/4),143.07981006757814,74.91799926757812,Public,False,False,False,False,False,True,False,False,False,False,False,False,False,False,False,False,False,False,False,False,False,False,True,False
5298072,INV,2000/3/14,Completed,Minority Purchase,Brait PLC acquired a minority stake in Southern Mining Corp Ltd. The transaction was completed on 3/14/2000. Financial terms of the transaction are undisclosed.,ZAR,Undisclosed,2000/3/14,,0.000000,18.000000,No,Materials,Financials,N,,,Friendly,South Africa,South Africa,Point-in-time,Point-in-time,Point-in-time,Point-in-time,27.583999633789062,0.0,3083.39990234375,608.0,1,1999-12-24,2001-01-31,50,5,3500,100,27.5833333333333,5.325,1053138.0,2826727.8,37.2564348077661,9.18219108248353,1551489.0,Intermediate,2000,Full (4/4),3110.983901977539,27.583999633789062,Public,False,False,False,True,False,False,False,False,False,False,False,False,False,False,False,False,False,False,False,False,False,False,True,False
5323775,INV,2000/3/23,Completed,Additional Stake Purchase,BOE Ltd acquired African Phoenix Investments Ltd for ZAR 756.00M. The transaction was completed on 3/23/2000.,ZAR,Undisclosed,2000/3/23,,9.300000,9.900000,No,Financials,Financials,N,,,Friendly,South Africa,South Africa,Point-in-time,Point-in-time,Point-in-time,Point-in-time,4550.115234,1939.428955,62738.0,9280.0,1,1999-12-24,2001-01-31,50,5,3500,100,27.5833333333333,5.325,1053138.0,2826727.8,37.2564348077661,9.18219108248353,1551489.0,Large,2000,Full (4/4),67288.115234,4550.115234,Public,False,True,False,False,False,False,False,False,False,False,False,False,False,False,False,False,False,False,False,False,False,False,True,False
53524510,M&A,2011/4/8,Terminated,"Company Takeover, Cross Border",Vale SA announced the acquisition of Metorex Ltd for ZAR 7918.46M. The transaction was announced on 4/8/2011 and terminated on 7/11/2011.,ZAR,Cash,2011/7/11,21.29,0.000000,100.000000,No,Materials,Materials,N,Fasken Martineau/Webber Wentzel,Investec/Socgen (US),Friendly,South Africa,Brazil,Point-in-time,Point-in-time,Point-in-time,Point-in-time,6246.218,2781.3,214662.114,83225.006,3,2009-04-01,2017-09-30,560,80,6600,190,51.475,4.98333333333333,3327047.0,4099713.7,81.1531546702883,5.53905706188178,6908507.0,Large,2011,Full (4/4),220908.332,6246.218,Public,True,False,True,False,False,False,False,False,False,False,False,False,False,False,False,False,False,False,False,False,False,False,False,False
5374015,M&A,2000/4/11,Completed,Company Takeover,United Surgical Partners International Inc acquired Aspen Pharmacare Holdings Ltd for ZAR 578.17M. The transaction was completed on 4/11/2000.,ZAR,Undisclosed,2000/4/11,,0.000000,100.000000,No,Health Care,Health Care,N,,,Friendly,South Africa,United States,Point-in-time,Point-in-time,Point-in-time,Point-in-time,1535.666015625,522.406005859375,176.7030029296875,68.88099670410156,1,1999-12-24,2001-01-31,50,5,3500,100,27.5833333333333,5.325,1053138.0,2826727.8,37.2564348077661,9.18219108248353,1551489.0,Intermediate,2000,Full (4/4),1712.3690185546875,1535.666015625,Public,True,False,False,False,False,False,False,False,False,False,False,False,False,False,False,False,False,False,False,False,False,False,False,False
5377740,M&A,2000/4/12,Completed,Company Takeover,Namibian Fishing Industries Ltd acquired Sea Harvest Corp Pty Ltd for ZAR 64.63M. The transaction was announced on 4/12/2000 and completed on 12/4/2000.,ZAR,Cash and Stock,2000/12/4,,0.000000,100.000000,No,Consumer Staples,Consumer Staples,N,,,Friendly,South Africa,Namibia,Point-in-time,Point-in-time,Point-in-time,Point-in-time,565.322,569.693,112.71499633789062,114.56400299072266,1,1999-12-24,2001-01-31,50,5,3500,100,27.5833333333333,5.325,1053138.0,2826727.8,37.2564348077661,9.18219108248353,1551489.0,Intermediate,2000,Full (4/4),684.2570029907226,569.693,Public,True,False,False,False,False,False,False,False,False,False,False,False,False,False,False,False,False,False,False,False,False,False,False,False
5399075,INV,2000/4/20,Completed,Minority Purchase,BOE Ltd sold a minority stake in New Africa Investments Ltd to Sanlam Ltd. The transaction was completed on 4/20/2000.,ZAR,Undisclosed,2000/4/20,,0.000000,8.900000,No,Financials,Financials,N,,,Friendly,South Africa,South Africa,Point-in-time,Point-in-time,Missing,Point-in-time,41615.961,,175568.0,31963.0,1,1999-12-24,2001-01-31,50,5,3500,100,27.5833333333333,5.325,1053138.0,2826727.8,37.2564348077661,9.18219108248353,1551489.0,Large,2000,Partial (3/4),217183.961,41615.961,Public,False,False,False,True,False,False,False,False,False,False,False,False,False,False,False,False,False,False,False,False,False,False,True,False
5400177,INV,2000/4/20,Terminated,Minority Purchase,Sebata Holdings Ltd announced the acquisition of a minority stake in Paradigm Capital Holdings Ltd. The transaction was announced on 4/20/2000 and terminated on 5/19/2000.,ZAR,Stock,2000/5/19,205.12,0.000000,46.200001,No,Financials,Industrials,N,,,Friendly,South Africa,South Africa,Point-in-time,MA-screen (current/latest),Point-in-time,MA-screen (current/latest),282.236,281.06,772.938,268.727,1,1999-12-24,2001-01-31,50,5,3500,100,27.5833333333333,5.325,1053138.0,2826727.8,37.2564348077661,9.18219108248353,1551489.0,Intermediate,2000,Full (4/4),1055.174,282.236,Public,False,False,False,True,False,False,False,False,False,False,False,False,False,False,False,False,False,False,False,False,False,False,True,False
5553170,M&A,2000/5/9,Terminated,Company Takeover,JD Group Ltd/South Africa announced the acquisition of Ellerine Holdings Ltd for ZAR 2120.54M. The transaction was announced on 5/9/2000 and terminated on 9/6/2000.,ZAR,Stock,2000/9/6,13.75,0.000000,100.000000,No,Consumer Discretionary,Consumer Discretionary,N,Feinsteins Attor,Gensec Bank,Friendly,South Africa,South Africa,Point-in-time,Point-in-time,Point-in-time,Point-in-time,1592.7979736328125,1004.6110229492188,2717.0,1919.0,1,1999-12-24,2001-01-31,50,5,3500,100,27.5833333333333,5.325,1053138.0,2826727.8,37.2564348077661,9.18219108248353,1551489.0,Large,2000,Full (4/4),4309.7979736328125,1592.7979736328125,Public,True,False,False,False,False,False,False,False,False,False,False,False,False,False,False,False,False,False,False,False,False,False,False,False
5563825,INV,2000/5/12,Completed,Minority Purchase,Cape Empowerment Trust Ltd acquired a minority stake in Cape Empowerment Ltd. The transaction was completed on 5/12/2000.,ZAR,Cash,2000/5/12,,0.000000,25.000000,No,Industrials,Financials,N,,,Friendly,South Africa,South Africa,Point-in-time,Point-in-time,Point-in-time,Point-in-time,128.92100524902344,295.2030029296875,121.64099884033205,94.322998046875,1,1999-12-24,2001-01-31,50,5,3500,100,27.5833333333333,5.325,1053138.0,2826727.8,37.2564348077661,9.18219108248353,1551489.0,Intermediate,2000,Full (4/4),416.84400177001953,295.2030029296875,Public,False,False,False,True,False,False,False,False,False,False,False,False,False,False,False,False,False,False,False,False,False,False,True,False
5568651,M&A,2000/4/4,Completed,Company Takeover,Prism Holdings Ltd/South Africa acquired Accord Technologies Ltd for ZAR 113.51M. The transaction was announced on 4/4/2000 and completed on 6/30/2000.,ZAR,Cash and Stock,2000/6/30,,0.000000,100.000000,No,Technology,Technology,N,,,Friendly,South Africa,South Africa,Point-in-time,Point-in-time,Point-in-time,Point-in-time,113.7020034790039,194.80099487304688,47.233001708984375,61.38600158691406,1,1999-12-24,2001-01-31,50,5,3500,100,27.5833333333333,5.325,1053138.0,2826727.8,37.2564348077661,9.18219108248353,1551489.0,Intermediate,2000,Full (4/4),256.18699645996094,194.80099487304688,Public,True,False,False,False,False,False,False,False,False,False,False,False,False,False,False,False,False,False,False,False,False,False,False,False
55935398,M&A,2011/7/5,Completed,"Competing Bid, Company Takeover, Cross Border",Jinchuan Group Co Ltd acquired Metorex Ltd for ZAR 9471.97M. The transaction was announced on 7/5/2011 and completed on 1/17/2012.,ZAR,Cash,2012/1/17,18.04,0.000000,100.000000,No,Materials,Materials,N,,Goldman Sachs,Friendly,South Africa,China,Point-in-time,Point-in-time,Point-in-time,Point-in-time,6246.218,2781.3,65529.85701383,85925.91570249,3,2009-04-01,2017-09-30,560,80,6600,190,51.475,4.98333333333333,3327047.0,4099713.7,81.1531546702883,5.53905706188178,6908507.0,Large,2011,Full (4/4),92172.13370249,6246.218,Public,True,False,True,False,False,False,False,False,False,False,False,True,False,False,False,False,False,False,False,False,False,False,False,False
5604351,M&A,2000/5/15,Completed,Majority Purchase,Bidvest Group Ltd/The acquired I-Fusion Holdings Ltd for ZAR 56.57M. The transaction was announced on 5/15/2000 and completed on 9/7/2000.,ZAR,Cash,2000/9/7,44.51,0.000000,75.699997,No,Technology,Consumer Staples,N,Werksmans,Investec Bank,Friendly,South Africa,South Africa,Point-in-time,Point-in-time,Point-in-time,Point-in-time,68.56700134277344,125.34700012207033,7642.43408203125,14646.1396484375,1,1999-12-24,2001-01-31,50,5,3500,100,27.5833333333333,5.325,1053138.0,2826727.8,37.2564348077661,9.18219108248353,1551489.0,Large,2000,Full (4/4),14771.48664855957,125.34700012207033,Public,False,False,False,False,False,True,False,False,False,False,False,False,False,False,False,False,False,False,False,False,False,False,True,False
5604507,INV,2000/5/10,Completed,"Cross Border, Minority Purchase",Hitachi Ltd acquired a minority stake in Zaptronix Ltd. The transaction was announced on 5/10/2000 and completed on 6/15/2000.,ZAR,Cash,2000/6/15,52.42,0.000000,27.000000,No,Industrials,Industrials,N,,,Friendly,South Africa,Japan,Point-in-time,Point-in-time,Point-in-time,Point-in-time,65.34700012207031,26.61100006103516,9676471.0,7977374.0,1,1999-12-24,2001-01-31,50,5,3500,100,27.5833333333333,5.325,1053138.0,2826727.8,37.2564348077661,9.18219108248353,1551489.0,Intermediate,2000,Full (4/4),9676536.347000122,65.34700012207031,Public,False,False,True,True,False,False,False,False,False,False,False,False,False,False,False,False,False,False,False,False,False,False,True,False
5612466,M&A,2000/5/23,Completed,Company Takeover,De Beers Consolidated Mines Ltd / De Beers Centenary AG acquired Indus & Commercial Hldgs Group for ZAR 542.27M. The transaction was announced on 5/23/2000 and completed on 8/7/2000.,ZAR,Cash,2000/8/7,10.59,0.000000,100.000000,No,Materials,Materials,N,Webber Wentzel,HSBC Bank PLC/Rothschild & Co,Friendly,South Africa,South Africa,Point-in-time,Missing,Point-in-time,Point-in-time,456.8529968261719,41.92100143432617,,33548.0,1,1999-12-24,2001-01-31,50,5,3500,100,27.5833333333333,5.325,1053138.0,2826727.8,37.2564348077661,9.18219108248353,1551489.0,Large,2000,Partial (3/4),34004.85299682617,456.8529968261719,Public,True,False,False,False,False,False,False,False,False,False,False,False,False,False,False,False,False,False,False,False,False,False,False,False
5613292,M&A,2000/5/22,Completed,Company Takeover,Adcorp Holdings Ltd acquired Acumen Holdings Ltd for ZAR 133.26M. The transaction was completed on 5/22/2000.,ZAR,Cash and Stock,2000/5/22,32.13,0.000000,100.000000,No,Consumer Discretionary,Industrials,N,,,Friendly,South Africa,South Africa,Point-in-time,Point-in-time,Point-in-time,Point-in-time,90.17400360107422,91.84400177001952,279.0249938964844,685.4600219726562,1,1999-12-24,2001-01-31,50,5,3500,100,27.5833333333333,5.325,1053138.0,2826727.8,37.2564348077661,9.18219108248353,1551489.0,Intermediate,2000,Full (4/4),777.3040237426758,91.84400177001952,Public,True,False,False,False,False,False,False,False,False,False,False,False,False,False,False,False,False,False,False,False,False,False,False,False
5630863,M&A,2000/3/25,Completed,Majority Purchase,African Harvest Ltd acquired African Partnership Ltd for ZAR 297.60M. The transaction was announced on 3/25/2000 and completed on 7/31/2000.,ZAR,Cash,2000/7/31,,0.000000,97.000000,No,Financials,Financials,N,,,Friendly,South Africa,South Africa,Point-in-time,Point-in-time,Point-in-time,Point-in-time,350.049988,45.18,2380.30810546875,349.0820007324219,1,1999-12-24,2001-01-31,50,5,3500,100,27.5833333333333,5.325,1053138.0,2826727.8,37.2564348077661,9.18219108248353,1551489.0,Intermediate,2000,Full (4/4),2730.3580934687498,350.049988,Public,False,False,False,False,False,True,False,False,False,False,False,False,False,False,False,False,False,False,False,False,False,False,True,False
5653629,INV,2000/6/8,Completed,Minority Purchase,Barloworld Ltd acquired a minority stake in Avis Southern Africa Ltd. The transaction was completed on 6/8/2000.,ZAR,Cash,2000/6/8,,0.000000,24.000000,No,Consumer Discretionary,Industrials,N,,,Friendly,South Africa,South Africa,Point-in-time,Point-in-time,Point-in-time,Point-in-time,1174.031982421875,766.4030151367188,15120.0,19337.0,1,1999-12-24,2001-01-31,50,5,3500,100,27.5833333333333,5.325,1053138.0,2826727.8,37.2564348077661,9.18219108248353,1551489.0,Large,2000,Full (4/4),20511.031982421875,1174.031982421875,Public,False,False,False,True,False,False,False,False,False,False,False,False,False,False,False,False,False,False,False,False,False,False,True,False
5664528,M&A,2000/6/13,Terminated,"Company Takeover, Cross Border",Newmont Canada FN Holdings ULC announced the acquisition of Gold Fields Ltd for ZAR 13766.59M. The transaction was announced on 6/13/2000 and terminated on 2/21/2001.,ZAR,Stock,2001/2/21,21.95,0.000000,100.000000,No,Materials,Materials,N,,Merrill Lynch/National Bk Finl,Friendly,South Africa,Canada,Point-in-time,MA-screen (current/latest),Point-in-time,Missing,2207.808524917969,947.8495816533128,4.76935,,1,1999-12-24,2001-01-31,50,5,3500,100,27.5833333333333,5.325,1053138.0,2826727.8,37.2564348077661,9.18219108248353,1551489.0,Intermediate,2000,Partial (3/4),2212.577874917969,2207.808524917969,Public,True,False,True,False,False,False,False,False,False,False,False,False,False,False,False,False,False,False,False,False,False,False,False,False
5711753,M&A,2000/6/30,Completed,"Company Takeover, Majority Purchase",Aviva PLC sold Cougar Investment Holding Co Ltd to Old Mutual Insure Ltd for GBP 115.50M. The transaction was announced on 6/30/2000 and completed on 12/31/2000.,GBP,Cash,2000/12/31,,0.000000,79.000000,No,Financials,Financials,N,,,Friendly,South Africa,South Africa,Point-in-time,Point-in-time,Point-in-time,Point-in-time,2111.373047,1596.009033,5504.0,4182.0,1,1999-12-24,2001-01-31,50,5,3500,100,27.5833333333333,5.325,1053138.0,2826727.8,37.2564348077661,9.18219108248353,1551489.0,Large,2000,Full (4/4),7615.373047,2111.373047,Public,True,False,False,False,False,True,False,False,False,False,False,False,False,False,False,False,False,False,False,False,False,False,True,False
5729122,M&A,2000/7/10,Completed,Company Takeover,Aveng Ltd acquired LTA Ltd for ZAR 1321.17M. The transaction was announced on 7/10/2000 and completed on 10/30/2000.,ZAR,Cash or Stock,2000/10/30,22.51,0.000000,100.000000,No,Industrials,Industrials,N,Deneys Reitz,Chase Manhattan/Standard Bank of,Friendly,South Africa,South Africa,Point-in-time,Point-in-time,Point-in-time,Point-in-time,2768.737060546875,4866.0,3437.199951171875,5126.0,1,1999-12-24,2001-01-31,50,5,3500,100,27.5833333333333,5.325,1053138.0,2826727.8,37.2564348077661,9.18219108248353,1551489.0,Large,2000,Full (4/4),9992.0,4866.0,Public,True,False,False,False,False,False,False,False,False,False,False,False,False,False,False,False,False,False,False,False,False,False,False,False
5729488,M&A,2000/7/10,Completed,"Company Takeover, Additional Stake Purchase",Transnet SOC Ltd sold Mobile Telephone Networks Holdings Pty Ltd to MTN Group Ltd for ZAR 11366.04M. The transaction was announced on 7/10/2000 and completed on 7/17/2000.,ZAR,Stock,2000/7/17,,77.000000,23.000000,No,Communications,Communications,N,,Standard Bank of,Friendly,South Africa,South Africa,MA-screen (current/latest),Point-in-time,MA-screen (current/latest),Point-in-time,498712.0,226707.0,4582.5,4453.299805,1,1999-12-24,2001-01-31,50,5,3500,100,27.5833333333333,5.325,1053138.0,2826727.8,37.2564348077661,9.18219108248353,1551489.0,Large,2000,Full (4/4),503294.5,498712.0,Private,True,True,False,False,False,False,False,False,False,False,False,False,False,False,False,False,False,False,False,False,False,False,True,False
57304581,INV,2011/8/29,Completed,"Cross Border, Minority Purchase",Glencore PLC acquired a minority stake in Optimum Coal Holdings Pty Ltd. The transaction was completed on 8/29/2011. Financial terms of the transaction are undisclosed.,ZAR,Undisclosed,2011/8/29,,0.000000,14.100000,No,Materials,Materials,N,Werksmans,,Friendly,South Africa,Switzerland,Point-in-time,Point-in-time,Point-in-time,Point-in-time,11223.9,3359.324,79787.0,144978.0,3,2009-04-01,2017-09-30,560,80,6600,190,51.475,4.98333333333333,3327047.0,4099713.7,81.1531546702883,5.53905706188178,6908507.0,Large,2011,Full (4/4),156201.9,11223.9,Public,False,False,True,True,False,False,False,False,False,False,False,False,False,False,False,False,False,False,False,False,False,False,True,False
57307433,M&A,2011/8/30,Completed,"Company Takeover, Additional Stake Purchase, Tender Offer",Sun International Ltd/South Africa acquired Real Africa Holdings Ltd for ZAR 525.08M. The transaction was announced on 8/30/2011 and completed on 3/14/2012.,ZAR,Cash,2012/3/14,8.85,66.529999,33.470001,No,Consumer Discretionary,Consumer Discretionary,N,,Investec,Friendly,South Africa,South Africa,MA-screen (current/latest),Point-in-time,MA-screen (current/latest),Point-in-time,952.3,72.312,10867.0,7797.0,3,2009-04-01,2017-09-30,560,80,6600,190,51.475,4.98333333333333,3327047.0,4099713.7,81.1531546702883,5.53905706188178,6908507.0,Large,2011,Full (4/4),11819.3,952.3,Public,True,True,False,False,True,False,False,False,False,False,False,False,False,False,False,False,False,False,False,False,False,False,True,True
5730940,M&A,2000/7/10,Completed,"Majority Purchase, Additional Stake Purchase",Transnet SOC Ltd sold MTN Group Ltd to Johnnic Holdings Ltd for ZAR 2475.00M. The transaction was completed on 7/10/2000.,ZAR,Cash,2000/7/10,,45.705002,50.348999,No,Communications,Real Estate,N,,Standard Bank of,Friendly,South Africa,South Africa,Point-in-time,Point-in-time,Point-in-time,Point-in-time,4582.5,4453.299805,11652.2998046875,6648.2001953125,1,1999-12-24,2001-01-31,50,5,3500,100,27.5833333333333,5.325,1053138.0,2826727.8,37.2564348077661,9.18219108248353,1551489.0,Large,2000,Full (4/4),16234.7998046875,4582.5,Public,False,True,False,False,False,True,False,False,False,False,False,False,False,False,False,False,False,False,False,False,False,False,True,False
5736742,INV,2000/7/12,Completed,Minority Purchase,Nedbank Group Ltd acquired a minority stake in Net 1 Applied Tech Holdings Ltd. The transaction was completed on 7/12/2000.,ZAR,Cash,2000/7/12,-8.65,0.000000,26.200001,No,Technology,Financials,N,,,Friendly,South Africa,South Africa,Point-in-time,Point-in-time,Point-in-time,Point-in-time,224.4759979248047,241.4239959716797,129844.0,19762.0,1,1999-12-24,2001-01-31,50,5,3500,100,27.5833333333333,5.325,1053138.0,2826727.8,37.2564348077661,9.18219108248353,1551489.0,Large,2000,Full (4/4),130085.42399597168,241.4239959716797,Public,False,False,False,True,False,False,False,False,False,False,False,False,False,False,False,False,False,False,False,False,False,False,True,False
5756624,M&A,2000/7/14,Terminated,Company Takeover,Glenrand MIB Ltd announced the acquisition of Iota Financial Services Ltd. The transaction was announced on 7/14/2000 and terminated on 9/6/2000. Financial terms of the transaction are undisclosed.,ZAR,Cash and Stock,2000/9/6,,0.000000,100.000000,No,Financials,Financials,N,,,Friendly,South Africa,South Africa,Point-in-time,Point-in-time,Point-in-time,Point-in-time,274.2820129394531,126.47799682617188,885.9769897460938,419.2560119628906,1,1999-12-24,2001-01-31,50,5,3500,100,27.5833333333333,5.325,1053138.0,2826727.8,37.2564348077661,9.18219108248353,1551489.0,Intermediate,2000,Full (4/4),1160.2590026855469,274.2820129394531,Public,True,False,False,False,False,False,False,False,False,False,False,False,False,False,False,False,False,False,False,False,False,False,False,False
5761193,M&A,2000/7/24,Completed,Cross Border,Aquarius Platinum Ltd acquired Kroondal Platinum Mines Ltd for ZAR 838.96M. The transaction was announced on 7/24/2000 and completed on 8/8/2001.,ZAR,Cash and Debt,2001/8/8,103.00,43.869999,56.130001,No,Materials,Materials,N,Werksmans,Investec Bank,Friendly,South Africa,Australia,Point-in-time,MA-screen (current/latest),Point-in-time,MA-screen (current/latest),257.6610107421875,0.0,7218.72,2353.79,1,1999-12-24,2001-01-31,50,5,3500,100,27.5833333333333,5.325,1053138.0,2826727.8,37.2564348077661,9.18219108248353,1551489.0,Large,2000,Full (4/4),7476.381010742188,257.6610107421875,Public,False,False,True,False,False,False,False,False,False,False,False,False,False,False,False,False,False,False,False,False,False,False,False,False
57803318,INV,2011/9/20,Completed,"Private Placement, Minority Purchase",Remgro Ltd acquired a minority stake in Grindrod Ltd. The transaction was announced on 9/20/2011 and completed on 10/25/2011.,ZAR,Cash,2011/10/25,,0.000000,22.000000,No,Industrials,Financials,N,,,Friendly,South Africa,South Africa,Point-in-time,Point-in-time,Point-in-time,Point-in-time,13891.43,29390.576,48058.0,11849.0,3,2009-04-01,2017-09-30,560,80,6600,190,51.475,4.98333333333333,3327047.0,4099713.7,81.1531546702883,5.53905706188178,6908507.0,Large,2011,Full (4/4),77448.576,29390.576,Public,False,False,False,True,False,False,False,False,True,False,False,False,False,False,False,False,False,False,False,False,False,False,True,False
58024961,M&A,2011/9/6,Completed,Company Takeover,Adcorp Holdings Ltd acquired Paracon Holdings Ltd for ZAR 639.13M. The transaction was announced on 9/6/2011 and completed on 12/6/2011.,ZAR,Cash or Stock,2011/12/6,6.40,0.000000,100.000000,No,Technology,Industrials,N,,,Friendly,South Africa,South Africa,Point-in-time,Point-in-time,Point-in-time,Point-in-time,343.534,1021.219,1671.796,5050.358,3,2009-04-01,2017-09-30,560,80,6600,190,51.475,4.98333333333333,3327047.0,4099713.7,81.1531546702883,5.53905706188178,6908507.0,Intermediate,2011,Full (4/4),6071.577,1021.219,Public,True,False,False,False,False,False,False,False,False,False,False,False,False,False,False,False,False,False,False,False,False,False,False,False
58263990,INV,2011/10/6,Completed,"Cross Border, Private Equity, Additional Stake Purchase",A consortium led by Republic of Rwanda sold MTN Rwandacell PLC to MTN Group Ltd. The transaction was completed on 10/6/2011. Financial terms of the transaction are undisclosed.,USD,Undisclosed,2011/10/6,,55.000000,25.000000,No,Communications,Communications,N,,,Friendly,South Africa,South Africa,MA-screen (current/latest),Point-in-time,MA-screen (current/latest),Point-in-time,8238.89,3715.29,154786.0,114684.0,3,2009-04-01,2017-09-30,560,80,6600,190,51.475,4.98333333333333,3327047.0,4099713.7,81.1531546702883,5.53905706188178,6908507.0,Large,2011,Full (4/4),163024.89,8238.89,Public,False,True,True,False,False,False,True,False,False,False,False,False,False,False,False,False,False,False,False,False,False,True,True,False
5829941,M&A,2000/8/16,Completed,"Company Takeover, Additional Stake Purchase",E Media Holdings Ltd acquired Frame Group Ltd for ZAR 534.44M. The transaction was announced on 8/16/2000 and completed on 12/11/2000.,ZAR,Cash,2000/12/11,20.94,23.000000,77.000000,No,Consumer Discretionary,Consumer Discretionary,N,,,Friendly,South Africa,South Africa,Point-in-time,Point-in-time,Point-in-time,Point-in-time,1316.385,1162.137,1008.416015625,1737.657958984375,1,1999-12-24,2001-01-31,50,5,3500,100,27.5833333333333,5.325,1053138.0,2826727.8,37.2564348077661,9.18219108248353,1551489.0,Intermediate,2000,Full (4/4),3054.042958984375,1316.385,Public,True,True,False,False,False,False,False,False,False,False,False,False,False,False,False,False,False,False,False,False,False,False,True,False
5832128,M&A,2000/8/17,Completed,"Company Takeover, Additional Stake Purchase",Sanlam Ltd acquired Genbel Securities Ltd for ZAR 4677.95M. The transaction was announced on 8/17/2000 and completed on 12/26/2000.,ZAR,Cash,2000/12/26,37.96,50.000000,50.000000,No,Financials,Financials,N,,Chase Manhattan,Friendly,South Africa,South Africa,Point-in-time,Point-in-time,Point-in-time,Point-in-time,13484.0,1654.300049,175568.0,31963.0,1,1999-12-24,2001-01-31,50,5,3500,100,27.5833333333333,5.325,1053138.0,2826727.8,37.2564348077661,9.18219108248353,1551489.0,Large,2000,Full (4/4),189052.0,13484.0,Public,True,True,False,False,False,False,False,False,False,False,False,False,False,False,False,False,False,False,False,False,False,False,True,False
5839938,M&A,2000/8/22,Completed,"Company Takeover, Additional Stake Purchase",L'Oreal SA acquired Carson Holdings Ltd for ZAR 308.29M. The transaction was announced on 8/22/2000 and completed on 10/30/2000.,ZAR,Cash,2000/10/30,20.19,52.500000,47.500000,No,Consumer Staples,Consumer Staples,N,Deneys Reitz,Firstrand Bank,Friendly,South Africa,France,Point-in-time,Point-in-time,Point-in-time,Point-in-time,312.2030029296875,269.28399658203125,10225.7021,10749.625685823774,1,1999-12-24,2001-01-31,50,5,3500,100,27.5833333333333,5.325,1053138.0,2826727.8,37.2564348077661,9.18219108248353,1551489.0,Large,2000,Full (4/4),11061.828688753461,312.2030029296875,Public,True,True,False,False,False,False,False,False,False,False,False,False,False,False,False,False,False,False,False,False,False,False,True,False
5850764,M&A,2000/7/7,Completed,Company Takeover,Investec Ltd acquired SIB Holdings Ltd for ZAR 507.72M. The transaction was announced on 7/7/2000 and completed on 10/9/2000.,ZAR,Cash or Stock,2000/10/9,7.70,0.000000,100.000000,No,Financials,Financials,N,,Investec Bank,Friendly,South Africa,South Africa,Point-in-time,Point-in-time,Point-in-time,Point-in-time,1782.687012,23.496,11237.6085,1217.747429501916,1,1999-12-24,2001-01-31,50,5,3500,100,27.5833333333333,5.325,1053138.0,2826727.8,37.2564348077661,9.18219108248353,1551489.0,Large,2000,Full (4/4),13020.295512,1782.687012,Public,True,False,False,False,False,False,False,False,False,False,False,False,False,False,False,False,False,False,False,False,False,False,False,False
5866262,M&A,2000/8/4,Completed,Company Takeover,Sabvest Ltd acquired Natural Health Holdings Ltd for ZAR 29.63M. The transaction was announced on 8/4/2000 and completed on 9/18/2000.,ZAR,Cash,2000/9/18,-99.09,35.000000,65.000000,No,Health Care,Financials,N,,,Friendly,South Africa,South Africa,Point-in-time,Point-in-time,Point-in-time,Point-in-time,49.81399917602539,45.31499862670898,205.9149932861328,20.53700065612793,1,1999-12-24,2001-01-31,50,5,3500,100,27.5833333333333,5.325,1053138.0,2826727.8,37.2564348077661,9.18219108248353,1551489.0,Intermediate,2000,Full (4/4),255.7289924621582,49.81399917602539,Public,True,False,False,False,False,False,False,False,False,False,False,False,False,False,False,False,False,False,False,False,False,False,False,False
5866350,M&A,2000/8/28,Completed,"Majority Purchase, Additional Stake Purchase",Bridgestone Corp acquired Bridgestone Maxiprest Pty Ltd. The transaction was completed on 8/28/2000. Financial terms of the transaction are undisclosed.,ZAR,Undisclosed,2000/8/28,,46.000000,7.000000,No,Consumer Discretionary,Consumer Discretionary,N,,,Friendly,South Africa,Japan,Point-in-time,Point-in-time,Point-in-time,Point-in-time,449.0260009765625,583.2689819335938,1792744.0,2085720.0,1,1999-12-24,2001-01-31,50,5,3500,100,27.5833333333333,5.325,1053138.0,2826727.8,37.2564348077661,9.18219108248353,1551489.0,Large,2000,Full (4/4),2086303.2689819336,583.2689819335938,Public,False,True,False,False,False,True,False,False,False,False,False,False,False,False,False,False,False,False,False,False,False,False,True,False
5866388,M&A,2000/8/29,Completed,"Company Takeover, Additional Stake Purchase",E Media Holdings Ltd acquired Prima Toy & Leisure Group Ltd for ZAR 19.20M. The transaction was announced on 8/29/2000 and completed on 11/13/2000.,ZAR,Cash,2000/11/13,25.00,16.700001,83.300003,No,Consumer Discretionary,Consumer Discretionary,N,Sonneberg Hoff,ABSA Bk Ltd,Friendly,South Africa,South Africa,MA-screen (current/latest),Point-in-time,MA-screen (current/latest),Point-in-time,75.127,169.761,1008.416015625,1737.657958984375,1,1999-12-24,2001-01-31,50,5,3500,100,27.5833333333333,5.325,1053138.0,2826727.8,37.2564348077661,9.18219108248353,1551489.0,Intermediate,2000,Full (4/4),1907.418958984375,169.761,Public,True,True,False,False,False,False,False,False,False,False,False,False,False,False,False,False,False,False,False,False,False,False,True,False
58670263,INV,2011/9/12,Completed,Minority Purchase,Paladin Capital Ltd sold a minority stake in IQuad Group Ltd to Sasfin Holdings Ltd. The transaction was announced on 9/12/2011 and completed on 10/24/2011.,ZAR,Cash,2011/10/24,,0.000000,42.900002,No,Industrials,Financials,N,,,Friendly,South Africa,South Africa,Point-in-time,Point-in-time,Point-in-time,Point-in-time,172.244,79.97,3551.522,798.186,3,2009-04-01,2017-09-30,560,80,6600,190,51.475,4.98333333333333,3327047.0,4099713.7,81.1531546702883,5.53905706188178,6908507.0,Intermediate,2011,Full (4/4),3723.766,172.244,Public,False,False,False,True,False,False,False,False,False,False,False,False,False,False,False,False,False,False,False,False,False,False,True,False
58781834,INV,2011/10/27,Completed,Minority Purchase,Amabubesi Technology Holdings Pty Ltd sold a minority stake in Alviva Holdings Ltd to Alviva Holdings Ltd. The transaction was completed on 10/27/2011.,ZAR,Cash,2011/10/27,,0.000000,10.400000,No,Consumer Discretionary,Consumer Discretionary,N,,,Friendly,South Africa,South Africa,Point-in-time,Point-in-time,Point-in-time,Point-in-time,1254.831,3166.925,1254.831,3166.925,3,2009-04-01,2017-09-30,560,80,6600,190,51.475,4.98333333333333,3327047.0,4099713.7,81.1531546702883,5.53905706188178,6908507.0,Intermediate,2011,Full (4/4),6333.85,3166.925,Public,False,False,False,True,False,False,False,False,False,False,False,False,False,False,False,False,False,False,False,False,False,False,True,False
5882694,M&A,2000/9/8,Completed,Company Takeover,Micawber 274 Ltd acquired Macadams Bakery Supplies HLD for ZAR 84.24M. The transaction was announced on 9/8/2000 and completed on 11/13/2000.,ZAR,Cash,2000/11/13,16.10,0.000000,100.000000,No,Industrials,Financials,N,,Investec Bank,Friendly,South Africa,South Africa,Point-in-time,Point-in-time,Point-in-time,Point-in-time,128.843994140625,157.8209991455078,2717.583984375,232.2989959716797,1,1999-12-24,2001-01-31,50,5,3500,100,27.5833333333333,5.325,1053138.0,2826727.8,37.2564348077661,9.18219108248353,1551489.0,Intermediate,2000,Full (4/4),2875.404983520508,157.8209991455078,Public,True,False,False,False,False,False,False,False,False,False,False,False,False,False,False,False,False,False,False,False,False,False,False,False
5898448,M&A,2000/9/15,Completed,"Company Takeover, Private Equity",G4S Holdings 102 UK Ltd acquired Gray Security Services Ltd for ZAR 467.64M. The transaction was announced on 9/15/2000 and completed on 11/20/2000.,ZAR,Cash,2000/11/20,42.10,0.000000,100.000000,No,Industrials,Industrials,N,,,Friendly,South Africa,United Kingdom,Point-in-time,Point-in-time,Point-in-time,Point-in-time,119.8550033569336,532.3280029296875,475.2000122070313,912.7999877929688,1,1999-12-24,2001-01-31,50,5,3500,100,27.5833333333333,5.325,1053138.0,2826727.8,37.2564348077661,9.18219108248353,1551489.0,Intermediate,2000,Full (4/4),1445.1279907226562,532.3280029296875,Public,True,False,False,False,False,False,True,False,False,False,False,False,False,False,False,False,False,False,False,False,False,True,False,False
5912379,M&A,2000/9/19,Completed,"Majority Purchase, Additional Stake Purchase",Metrofile Holdings Ltd acquired EC-Hold Ltd for ZAR 40.16M. The transaction was announced on 9/19/2000 and completed on 8/2/2001.,ZAR,Cash,2001/8/2,6.50,33.900002,38.599998,No,Technology,Technology,N,Knowles Husain,Standard Bank of,Friendly,South Africa,South Africa,Point-in-time,Point-in-time,Point-in-time,Point-in-time,99.625,27.22100067138672,364.12298583984375,363.5920104980469,1,1999-12-24,2001-01-31,50,5,3500,100,27.5833333333333,5.325,1053138.0,2826727.8,37.2564348077661,9.18219108248353,1551489.0,Intermediate,2000,Full (4/4),463.74798583984375,99.625,Public,False,True,False,False,False,True,False,False,False,False,False,False,False,False,False,False,False,False,False,False,False,False,True,False
5920597,INV,2000/9/22,Completed,Minority Purchase,Tiger Brands Ltd acquired a minority stake in National Chick Ltd. The transaction was completed on 9/22/2000. Financial terms of the transaction are undisclosed.,ZAr,Undisclosed,2000/9/22,,0.000000,34.000000,No,Consumer Staples,Consumer Staples,N,,,Friendly,South Africa,South Africa,Point-in-time,Point-in-time,Point-in-time,Point-in-time,152.77,190.597,9656.200195,15641.099609,1,1999-12-24,2001-01-31,50,5,3500,100,27.5833333333333,5.325,1053138.0,2826727.8,37.2564348077661,9.18219108248353,1551489.0,Large,2000,Full (4/4),15831.696609,190.597,Public,False,False,False,True,False,False,False,False,False,False,False,False,False,False,False,False,False,False,False,False,False,False,True,False
5976586,M&A,2000/7/13,Completed,Majority Purchase,Aveng Ltd sold Bearing Man Ltd/South Africa to Invicta Holdings Ltd for ZAR 91.77M. The transaction was completed on 7/13/2000.,ZAR,Cash,2000/7/13,,0.000000,54.637001,No,Consumer Discretionary,Consumer Discretionary,N,,,Friendly,South Africa,South Africa,Point-in-time,Point-in-time,Point-in-time,Point-in-time,340.6700134277344,495.8789978027344,399.2120056152344,501.7909851074219,1,1999-12-24,2001-01-31,50,5,3500,100,27.5833333333333,5.325,1053138.0,2826727.8,37.2564348077661,9.18219108248353,1551489.0,Intermediate,2000,Full (4/4),997.6699829101562,495.8789978027344,Public,False,False,False,False,False,True,False,False,False,False,False,False,False,False,False,False,False,False,False,False,False,False,True,False
5981009,M&A,2000/10/20,Completed,"Company Takeover, Additional Stake Purchase",Cadbury Ltd acquired Cadbury Schweppes South Africa for ZAR 1593.64M. The transaction was announced on 10/20/2000 and completed on 12/18/2000.,ZAR,Cash,2000/12/18,2.38,55.000000,45.000000,No,Consumer Staples,Consumer Staples,N,,,Friendly,South Africa,United Kingdom,Point-in-time,Point-in-time,Point-in-time,Point-in-time,2812.158,1690.584,4964.0,4234.0,1,1999-12-24,2001-01-31,50,5,3500,100,27.5833333333333,5.325,1053138.0,2826727.8,37.2564348077661,9.18219108248353,1551489.0,Large,2000,Full (4/4),7776.157999999999,2812.158,Public,True,True,False,False,False,False,False,False,False,False,False,False,False,False,False,False,False,False,False,False,False,False,True,False
59840013,M&A,2011/12/8,Terminated,"PE Buyout, Company Takeover, Cross Border, Private Equity",Tiso Blackstar Group SE announced the acquisition of New Bond Capital Ltd for ZAR 1767.04M. The transaction was announced on 12/8/2011 and terminated on 12/20/2011.,ZAR,Cash or Stock,2011/12/20,-3.45,0.000000,100.000000,No,Financials,Financials,N,Werksmans,,Friendly,South Africa,United Kingdom,Point-in-time,Point-in-time,Missing,Point-in-time,7355.057,,154.328,91.591,3,2009-04-01,2017-09-30,560,80,6600,190,51.475,4.98333333333333,3327047.0,4099713.7,81.1531546702883,5.53905706188178,6908507.0,Large,2011,Partial (3/4),7509.385,7355.057,Public,True,False,True,False,False,False,True,False,False,False,True,False,False,False,False,False,False,False,False,False,False,True,False,False
5984364,INV,2000/10/17,Completed,Minority Purchase,Bidvest Group Ltd/The acquired a minority stake in Enviroserv Holdings Ltd. The transaction was completed on 10/17/2000. Financial terms of the transaction are undisclosed.,ZAR,Undisclosed,2000/10/17,,0.000000,23.000000,No,Industrials,Consumer Staples,N,,Investec Bank,Friendly,South Africa,South Africa,Point-in-time,Point-in-time,Point-in-time,Point-in-time,269.4440002441406,324.9849853515625,7642.43408203125,14646.1396484375,1,1999-12-24,2001-01-31,50,5,3500,100,27.5833333333333,5.325,1053138.0,2826727.8,37.2564348077661,9.18219108248353,1551489.0,Large,2000,Full (4/4),14971.124633789062,324.9849853515625,Public,False,False,False,True,False,False,False,False,False,False,False,False,False,False,False,False,False,False,False,False,False,False,True,False
6035825,M&A,2000/9/21,Completed,Company Takeover,Distell Group Holdings Ltd acquired Stellenbosch Farmers Winery Group Ltd for ZAR 531.48M. The transaction was announced on 9/21/2000 and completed on 12/4/2000.,ZAR,Stock,2000/12/4,,0.000000,100.000000,No,Consumer Staples,Consumer Staples,N,,,Friendly,South Africa,South Africa,Point-in-time,MA-screen (current/latest),Point-in-time,MA-screen (current/latest),1642.2120361328125,2038.9959716796875,29389.6,34133.6,1,1999-12-24,2001-01-31,50,5,3500,100,27.5833333333333,5.325,1053138.0,2826727.8,37.2564348077661,9.18219108248353,1551489.0,Large,2000,Full (4/4),36172.595971679686,2038.9959716796875,Public,True,False,False,False,False,False,False,False,False,False,False,False,False,False,False,False,False,False,False,False,False,False,False,False
6037656,M&A,2000/11/14,Completed,Majority Purchase,Imperial Logistics Ltd sold IBL Asset Finance & Services Pty Ltd to Nedbank Group Ltd for ZAR 500.00M. The transaction was announced on 11/14/2000 and completed on 7/6/2001.,ZAR,Undisclosed,2001/7/6,,0.000000,50.099998,No,Financials,Financials,N,,,Friendly,South Africa,South Africa,MA-screen (current/latest),Point-in-time,MA-screen (current/latest),Point-in-time,48768.1,6519.35,129844.0,19762.0,1,1999-12-24,2001-01-31,50,5,3500,100,27.5833333333333,5.325,1053138.0,2826727.8,37.2564348077661,9.18219108248353,1551489.0,Large,2000,Full (4/4),178612.1,48768.1,Public,False,False,False,False,False,True,False,False,False,False,False,False,False,False,False,False,False,False,False,False,False,False,True,False
6038944,M&A,2000/11/13,Completed,Company Takeover,Metrofile Holdings Ltd acquired Computer Configurations Holdings Ltd for ZAR 318.49M. The transaction was announced on 11/13/2000 and completed on 10/10/2001.,ZAR,Stock,2001/10/10,-16.90,0.000000,100.000000,No,Technology,Technology,N,,,Friendly,South Africa,South Africa,Point-in-time,Point-in-time,Point-in-time,Point-in-time,436.7210083007813,470.3819885253906,364.12298583984375,363.5920104980469,1,1999-12-24,2001-01-31,50,5,3500,100,27.5833333333333,5.325,1053138.0,2826727.8,37.2564348077661,9.18219108248353,1551489.0,Intermediate,2000,Full (4/4),834.5049743652344,470.3819885253906,Public,True,False,False,False,False,False,False,False,False,False,False,False,False,False,False,False,False,False,False,False,False,False,False,False
6041914,M&A,2000/11/15,Terminated,Company Takeover,Old Primedia Ltd announced the acquisition of Kagiso Media Ltd for ZAR 347.95M. The transaction was announced on 11/15/2000 and terminated on 3/14/2001.,ZAR,Cash and Stock,2001/3/14,,0.000000,100.000000,No,Communications,Communications,N,Edward Nathan,Investec Merc Bk,Friendly,South Africa,South Africa,Point-in-time,Point-in-time,Point-in-time,Point-in-time,288.3450012207031,106.4260025024414,1564.166992,1440.797974,1,1999-12-24,2001-01-31,50,5,3500,100,27.5833333333333,5.325,1053138.0,2826727.8,37.2564348077661,9.18219108248353,1551489.0,Intermediate,2000,Full (4/4),1852.511993220703,288.3450012207031,Public,True,False,False,False,False,False,False,False,False,False,False,False,False,False,False,False,False,False,False,False,False,False,False,False
60441389,INV,2011/11/2,Completed,"Cross Border, Minority Purchase",Barclays PLC sold a minority stake in Beige Holdings Ltd to Lion Match Co Pty Ltd/The. The transaction was announced on 11/2/2011 and completed on 12/30/2011.,ZAR,Cash,2011/12/30,,0.000000,34.490002,No,Consumer Staples,Consumer Staples,N,,,Friendly,South Africa,South Africa,Point-in-time,MA-screen (current/latest),Point-in-time,MA-screen (current/latest),474.902,603.803,435.004,245.982,3,2009-04-01,2017-09-30,560,80,6600,190,51.475,4.98333333333333,3327047.0,4099713.7,81.1531546702883,5.53905706188178,6908507.0,Intermediate,2011,Full (4/4),1038.807,603.803,Public,False,False,True,True,False,False,False,False,False,False,False,False,False,False,False,False,False,False,False,False,False,False,True,False
60442049,M&A,2011/12/30,Completed,"Mandatory Offer, Majority Purchase, Additional Stake Purchase, Tender Offer",Lion Match Co Pty Ltd/The acquired Beige Holdings Ltd for ZAR 195.74M. The transaction was completed on 12/30/2011.,ZAR,Cash,2011/12/30,25.19,34.490002,55.980000,No,Consumer Staples,Consumer Staples,N,,,Friendly,South Africa,South Africa,Point-in-time,MA-screen (current/latest),Point-in-time,MA-screen (current/latest),474.902,603.803,435.004,245.982,3,2009-04-01,2017-09-30,560,80,6600,190,51.475,4.98333333333333,3327047.0,4099713.7,81.1531546702883,5.53905706188178,6908507.0,Intermediate,2011,Full (4/4),1038.807,603.803,Public,False,True,False,False,True,True,False,True,False,False,False,False,False,False,False,False,False,False,False,False,False,False,True,True
6057755,M&A,2000/11/22,Completed,"Company Takeover, Additional Stake Purchase",Investec Ltd acquired Fedsure Holdings Ltd for ZAR 4519.57M. The transaction was announced on 11/22/2000 and completed on 4/30/2002.,ZAR,Cash and Stock,2002/4/30,9.56,14.300000,85.699997,No,Financials,Financials,N,Jowell Glyn Mara,Investec Bank,Friendly,South Africa,South Africa,Point-in-time,Point-in-time,Point-in-time,Point-in-time,44617.0,610.0,11237.6085,1217.747429501916,1,1999-12-24,2001-01-31,50,5,3500,100,27.5833333333333,5.325,1053138.0,2826727.8,37.2564348077661,9.18219108248353,1551489.0,Large,2000,Full (4/4),55854.6085,44617.0,Public,True,True,False,False,False,False,False,False,False,False,False,False,False,False,False,False,False,False,False,False,False,False,True,False
6069151,INV,2000/11/28,Completed,"Cross Border, Additional Stake Purchase",Crew Gold Corp acquired Metorex Ltd for GBP 3.63M. The transaction was completed on 11/28/2000.,GBP,Undisclosed,2000/11/28,,40.500000,9.900000,No,Materials,Materials,N,,,Friendly,South Africa,Canada,Point-in-time,Point-in-time,Point-in-time,Point-in-time,181.84300231933597,75.75299835205078,29.62513186187744,15.886245540349238,1,1999-12-24,2001-01-31,50,5,3500,100,27.5833333333333,5.325,1053138.0,2826727.8,37.2564348077661,9.18219108248353,1551489.0,Intermediate,2000,Full (4/4),211.4681341812134,181.84300231933597,Public,False,True,True,False,False,False,False,False,False,False,False,False,False,False,False,False,False,False,False,False,False,False,True,False
6074821,M&A,2000/11/29,Completed,Company Takeover,Brait PLC acquired LogOpt Ltd for ZAR 625.31M. The transaction was announced on 11/29/2000 and completed on 8/27/2001.,ZAR,Cash,2001/8/27,-6.60,0.000000,100.000000,No,Industrials,Financials,N,,,Friendly,South Africa,South Africa,Point-in-time,Point-in-time,Point-in-time,Point-in-time,1360.2459716796875,1002.8400268554688,3083.39990234375,608.0,1,1999-12-24,2001-01-31,50,5,3500,100,27.5833333333333,5.325,1053138.0,2826727.8,37.2564348077661,9.18219108248353,1551489.0,Large,2000,Full (4/4),4443.6458740234375,1360.2459716796875,Public,True,False,False,False,False,False,False,False,False,False,False,False,False,False,False,False,False,False,False,False,False,False,False,False
6094756,M&A,2000/12/6,Terminated,Company Takeover,Clicks Group Ltd announced the acquisition of Metmar Ltd for ZAR 147.03M. The transaction was announced on 12/6/2000 and terminated on 3/12/2001.,ZAR,Cash and Stock,2001/3/12,131.18,0.000000,100.000000,No,Materials,Consumer Staples,N,,Investec Bank,Friendly,South Africa,South Africa,Point-in-time,Point-in-time,Point-in-time,Point-in-time,175.36199951171875,231.13499450683597,1524.0560302734375,3394.426025390625,1,1999-12-24,2001-01-31,50,5,3500,100,27.5833333333333,5.325,1053138.0,2826727.8,37.2564348077661,9.18219108248353,1551489.0,Large,2000,Full (4/4),3625.561019897461,231.13499450683597,Public,True,False,False,False,False,False,False,False,False,False,False,False,False,False,False,False,False,False,False,False,False,False,False,False
6094774,INV,2000/12/6,Completed,"Cross Border, Minority Purchase",Anglo American PLC sold a minority stake in FirstRand Ltd to Remgro Ltd. The transaction was announced on 12/6/2000 and completed on 2/1/2001.,GBP,Stock,2001/2/1,,0.000000,15.300000,No,Financials,Financials,N,,,Friendly,South Africa,South Africa,Point-in-time,MA-screen (current/latest),Point-in-time,MA-screen (current/latest),202064.203125,26075.19921875,142174.0,51506.0,1,1999-12-24,2001-01-31,50,5,3500,100,27.5833333333333,5.325,1053138.0,2826727.8,37.2564348077661,9.18219108248353,1551489.0,Large,2000,Full (4/4),344238.203125,202064.203125,Public,False,False,True,True,False,False,False,False,False,False,False,False,False,False,False,False,False,False,False,False,False,False,True,False
6100170,M&A,2000/12/7,Completed,Company Takeover,Hyprop Investments Ltd acquired Kirchmann-Hurry Properties Ltd for ZAR 225.89M. The transaction was announced on 12/7/2000 and completed on 9/21/2001.,ZAR,Stock,2001/9/21,4.97,0.000000,100.000000,No,Real Estate,Real Estate,N,Edward Nathan,Corpcap Bank Ltd,Friendly,South Africa,South Africa,Point-in-time,MA-screen (current/latest),Point-in-time,MA-screen (current/latest),288.6019897460937,42.7599983215332,42362.5,5111.66,1,1999-12-24,2001-01-31,50,5,3500,100,27.5833333333333,5.325,1053138.0,2826727.8,37.2564348077661,9.18219108248353,1551489.0,Large,2000,Full (4/4),42651.101989746094,288.6019897460937,Public,True,False,False,False,False,False,False,False,False,False,False,False,False,False,False,False,False,False,False,False,False,False,False,False
61005014,INV,2012/1/20,Completed,Minority Purchase,Brimstone Investment Corp Ltd acquired a minority stake in Luxe Holdings Ltd. The transaction was completed on 1/20/2012. Financial terms of the transaction are undisclosed.,ZAR,Undisclosed,2012/1/20,,0.000000,12.400000,No,Consumer Discretionary,Consumer Staples,N,,,Friendly,South Africa,South Africa,Point-in-time,Point-in-time,Point-in-time,Point-in-time,216.484,233.751,4604.804,1867.915,3,2009-04-01,2017-09-30,560,80,6600,190,54.3916666666667,5.66666666666667,3566385.0,4197952.4,84.9553463255086,4.68520499377743,8383564.0,Intermediate,2012,Full (4/4),4838.555,233.751,Public,False,False,False,True,False,False,False,False,False,False,False,False,False,False,False,False,False,False,False,False,False,False,True,False
6116802,INV,2000/12/13,Completed,"Cross Border, Additional Stake Purchase, Tender Offer",Cirio Finanziaria SpA acquired Del Monte Royal Holdings Ltd for ZAR 130.03M. The transaction was announced on 12/13/2000 and completed on 2/12/2001.,ZAR,Cash,2001/2/12,-3.23,69.379997,30.620001,No,Financials,Consumer Staples,N,,Societe Generale,Hostile,South Africa,Italy,Point-in-time,Point-in-time,Point-in-time,Point-in-time,5190.363,3510.919,2464.956,1169.3938314176298,1,1999-12-24,2001-01-31,50,5,3500,100,27.5833333333333,5.325,1053138.0,2826727.8,37.2564348077661,9.18219108248353,1551489.0,Large,2000,Full (4/4),7655.319,5190.363,Public,False,True,True,False,True,False,False,False,False,False,False,False,False,False,False,False,False,False,False,False,False,False,True,True
6116806,M&A,2000/12/13,Completed,"Company Takeover, Cross Border, Additional Stake Purchase, Tender Offer",Cirio Finanziaria SpA acquired Del Monte Royal Corp Ltd for ZAR 246.78M. The transaction was announced on 12/13/2000 and completed on 2/12/2001.,ZAR,Cash,2001/2/12,29.15,70.419998,29.580000,No,Financials,Consumer Staples,N,,Societe Generale,Hostile,South Africa,Italy,Point-in-time,Point-in-time,Point-in-time,Point-in-time,5190.349,3510.919,2464.956,1169.3938314176298,1,1999-12-24,2001-01-31,50,5,3500,100,27.5833333333333,5.325,1053138.0,2826727.8,37.2564348077661,9.18219108248353,1551489.0,Large,2000,Full (4/4),7655.305,5190.349,Public,True,True,True,False,True,False,False,False,False,False,False,False,False,False,False,False,False,False,False,False,False,False,True,True
6116810,INV,2000/12/13,Completed,"Cross Border, Additional Stake Purchase",Cirio Finanziaria SpA acquired Del Monte Royal Foods Corp for ZAR 889.63M. The transaction was announced on 12/13/2000 and completed on 4/17/2001.,ZAR,Cash,2001/4/17,52.61,56.669998,43.330002,No,Consumer Staples,Consumer Staples,N,Piergrossi Villa/Taback & Assoc,JP Morgan/Societe Generale,Hostile,South Africa,Italy,Point-in-time,Point-in-time,Point-in-time,Point-in-time,5190.718,3510.919,2464.956,1169.3938314176298,1,1999-12-24,2001-01-31,50,5,3500,100,27.5833333333333,5.325,1053138.0,2826727.8,37.2564348077661,9.18219108248353,1551489.0,Large,2000,Full (4/4),7655.674,5190.718,Public,False,True,True,False,False,False,False,False,False,False,False,False,False,False,False,False,False,False,False,False,False,False,True,False
61827494,INV,2012/2/21,Completed,"Cross Border, Minority Purchase, Additional Stake Purchase",Tiso Blackstar Group SE sold a minority stake in Litha Healthcare Group Ltd to Paladin Labs Inc. The transaction was announced on 2/21/2012 and completed on 7/2/2012. Financial terms of the transaction are undisclosed.,ZAR,Cash,2012/7/2,-3.91,25.040001,19.480000,No,Health Care,Health Care,N,,,Friendly,South Africa,Canada,Point-in-time,Point-in-time,Point-in-time,Point-in-time,1442.745,1747.026,397.913,141.466,3,2009-04-01,2017-09-30,560,80,6600,190,54.3916666666667,5.66666666666667,3566385.0,4197952.4,84.9553463255086,4.68520499377743,8383564.0,Intermediate,2012,Full (4/4),2144.9390000000003,1747.026,Public,False,True,True,True,False,False,False,False,False,False,False,False,False,False,False,False,False,False,False,False,False,False,True,False
6202145,INV,2001/1/16,Completed,Minority Purchase,Saambou Holdings Ltd acquired a minority stake in Thuthukani Group Ltd. The transaction was completed on 1/16/2001. Financial terms of the transaction are undisclosed.,ZAR,Cash,2001/1/16,19.07,34.799999,14.200000,No,Financials,Financials,N,,ABN AMRO Bank NV,Friendly,South Africa,South Africa,Point-in-time,Point-in-time,Point-in-time,Point-in-time,233.44400024414065,269.9559936523437,15269.599609375,2447.60009765625,1,1999-12-24,2001-01-31,50,5,3500,100,29.15,5.725,1165940.6,2903049.5,40.1626152085936,7.80047907381016,1770682.0,Large,2001,Full (4/4),15539.555603027344,269.9559936523437,Public,False,False,False,True,False,False,False,False,False,False,False,False,False,False,False,False,False,False,False,False,False,False,True,False
6202155,M&A,2001/1/16,Completed,"Company Takeover, Additional Stake Purchase, Tender Offer",Saambou Holdings Ltd acquired Thuthukani Group Ltd for ZAR 174.70M. The transaction was announced on 1/16/2001 and completed on 10/3/2001.,ZAR,Cash,2001/10/3,16.38,49.000000,51.000000,No,Financials,Financials,N,,ABN AMRO Bank NV,Friendly,South Africa,South Africa,Point-in-time,Point-in-time,Point-in-time,Point-in-time,233.44400024414065,269.9559936523437,15269.599609375,2447.60009765625,1,1999-12-24,2001-01-31,50,5,3500,100,29.15,5.725,1165940.6,2903049.5,40.1626152085936,7.80047907381016,1770682.0,Large,2001,Full (4/4),15539.555603027344,269.9559936523437,Public,True,True,False,False,True,False,False,False,False,False,False,False,False,False,False,False,False,False,False,False,False,False,True,True
6222859,M&A,2001/1/24,Completed,"Company Takeover, Tender Offer",Chester Investment Holdings Ltd acquired Chet Industries Ltd for ZAR 27.05M. The transaction was announced on 1/24/2001 and completed on 12/18/2001.,ZAR,Cash,2001/12/18,146.90,48.549999,51.450001,No,Materials,Financials,N,Fluxmans,,Friendly,South Africa,South Africa,Point-in-time,Point-in-time,Point-in-time,MA-screen (current/latest),112.619,297.475,141.288,305.848,1,1999-12-24,2001-01-31,50,5,3500,100,29.15,5.725,1165940.6,2903049.5,40.1626152085936,7.80047907381016,1770682.0,Intermediate,2001,Full (4/4),603.3230000000001,297.475,Public,True,False,False,False,True,False,False,False,False,False,False,False,False,False,False,False,False,False,False,False,False,False,False,True
6236462,M&A,2001/1/30,Completed,"Cross Border, Tender Offer",Tedelex Ltd sold Home of Living Brands Holdings Ltd to Russell Hobbs Inc for ZAR 30.13M. The transaction was completed on 1/30/2001.,ZAR,Cash,2001/1/30,,18.000000,12.000000,No,Consumer Discretionary,Consumer Discretionary,N,,,Friendly,South Africa,United States,Point-in-time,Point-in-time,Point-in-time,Point-in-time,388.0490112304688,699.4310302734375,564.276,837.302,1,1999-12-24,2001-01-31,50,5,3500,100,29.15,5.725,1165940.6,2903049.5,40.1626152085936,7.80047907381016,1770682.0,Intermediate,2001,Full (4/4),1536.7330302734376,699.4310302734375,Public,False,False,True,False,True,False,False,False,False,False,False,False,False,False,False,False,False,False,False,False,False,False,False,True
6241854,INV,2001/2/1,Completed,Minority Purchase,African Rainbow Minerals Ltd acquired a minority stake in ArcelorMittal South Africa Ltd. The transaction was completed on 2/1/2001.,ZAR,Cash,2001/2/1,,0.000000,11.500000,No,Materials,Materials,N,,,Friendly,South Africa,South Africa,Point-in-time,Point-in-time,Point-in-time,Point-in-time,15401.0,13653.0,9437.0,2934.0,2,2001-02-01,2009-03-31,200,30,3500,100,29.15,5.725,1165940.6,2903049.5,40.1626152085936,7.80047907381016,1770682.0,Large,2001,Full (4/4),24838.0,15401.0,Public,False,False,False,True,False,False,False,False,False,False,False,False,False,False,False,False,False,False,False,False,False,False,True,False
6302842,M&A,2001/2/20,Completed,Company Takeover,PSG Group Ltd sold Capitec Limited to Axiam Holdings Ltd for ZAR 165.40M. The transaction was announced on 2/20/2001 and completed on 2/28/2001.,ZAR,Stock,2001/2/28,,0.000000,100.000000,No,Financials,Financials,N,,,Friendly,South Africa,South Africa,MA-screen (current/latest),Point-in-time,MA-screen (current/latest),Point-in-time,263284.0,61650.7,576.0189819335938,363.2139892578125,2,2001-02-01,2009-03-31,200,30,3500,100,29.15,5.725,1165940.6,2903049.5,40.1626152085936,7.80047907381016,1770682.0,Large,2001,Full (4/4),263860.0189819336,263284.0,Public,True,False,False,False,False,False,False,False,False,False,False,False,False,False,False,False,False,False,False,False,False,False,False,False
6323248,INV,2000/12/13,Completed,"Cross Border, Minority Purchase, Tender Offer",Microgen Financial Systems Ltd acquired a minority stake in Smacsoft Group Ltd. The transaction was announced on 12/13/2000 and completed on 2/26/2001.,ZAR,Cash,2001/2/26,18.34,0.000000,31.299999,No,Technology,Technology,N,Webber Wentzel,Dresdner Kleinwo/Rand Merchant Bk,Friendly,South Africa,United Kingdom,Point-in-time,Point-in-time,Point-in-time,Point-in-time,27.201000213623047,18.10400009155273,5.242000102996826,1.7790000438690186,1,1999-12-24,2001-01-31,50,5,3500,100,27.5833333333333,5.325,1053138.0,2826727.8,37.2564348077661,9.18219108248353,1551489.0,Small,2000,Full (4/4),32.44300031661987,27.201000213623047,Public,False,False,True,True,True,False,False,False,False,False,False,False,False,False,False,False,False,False,False,False,False,False,True,True
6323440,M&A,2001/2/27,Completed,Company Takeover,Hudaco Industries Ltd acquired Elvey Security Technologies Ltd for ZAR 45.25M. The transaction was announced on 2/27/2001 and completed on 6/28/2001.,ZAR,Cash,2001/6/28,27.39,0.000000,100.000000,No,Industrials,Industrials,N,,,Friendly,South Africa,South Africa,Point-in-time,Point-in-time,Point-in-time,Point-in-time,38.151001,97.078003,569.672974,908.299011,2,2001-02-01,2009-03-31,200,30,3500,100,29.15,5.725,1165940.6,2903049.5,40.1626152085936,7.80047907381016,1770682.0,Intermediate,2001,Full (4/4),1005.3770139999999,97.078003,Public,True,False,False,False,False,False,False,False,False,False,False,False,False,False,False,False,False,False,False,False,False,False,False,False
6352751,M&A,2001/3/6,Completed,"Company Takeover, Additional Stake Purchase",New Africa Investments Ltd acquired Metropolitan Life Ltd. The transaction was announced on 3/6/2001 and completed on 9/21/2001. Financial terms of the transaction are undisclosed.,ZAR,Stock,2001/9/21,,51.099998,49.900002,No,Financials,Financials,N,Chuene Kwinana/Edward Nathan,Deutsche Bank,Friendly,South Africa,South Africa,Point-in-time,Point-in-time,Point-in-time,Point-in-time,29492.0,9161.0,33631.88671875,548.583984375,2,2001-02-01,2009-03-31,200,30,3500,100,29.15,5.725,1165940.6,2903049.5,40.1626152085936,7.80047907381016,1770682.0,Large,2001,Full (4/4),63123.88671875,29492.0,Public,True,True,False,False,False,False,False,False,False,False,False,False,False,False,False,False,False,False,False,False,False,False,True,False
6355222,M&A,2000/12/4,Completed,"Cross Border, Majority Purchase, Additional Stake Purchase, Tender Offer",Skanska AB acquired Cementation Co Africa Ltd for ZAR 1.31M. The transaction was announced on 12/4/2000 and completed on 3/2/2001.,ZAR,Cash,2001/3/2,73.37,49.900002,5.860000,No,Industrials,Industrials,N,,Standard Bank of,Friendly,South Africa,Sweden,Point-in-time,Point-in-time,Point-in-time,Point-in-time,178.5019989013672,438.9729919433594,51338.0,79128.0,1,1999-12-24,2001-01-31,50,5,3500,100,27.5833333333333,5.325,1053138.0,2826727.8,37.2564348077661,9.18219108248353,1551489.0,Large,2000,Full (4/4),79566.97299194336,438.9729919433594,Public,False,True,True,False,True,True,False,False,False,False,False,False,False,False,False,False,False,False,False,False,False,False,True,True
6367782,M&A,2001/3/8,Completed,"Company Takeover, Additional Stake Purchase",E Media Holdings Ltd acquired Seartec Ltd for ZAR 9.53M. The transaction was announced on 3/8/2001 and completed on 6/11/2001.,ZAR,Cash,2001/6/11,45.82,85.000000,15.000000,No,Technology,Consumer Discretionary,N,Sonneberg Hoff,Ansdale Corp Fin,Friendly,South Africa,South Africa,Point-in-time,Point-in-time,Point-in-time,Point-in-time,144.491,251.565,1109.371948,1895.277954,2,2001-02-01,2009-03-31,200,30,3500,100,29.15,5.725,1165940.6,2903049.5,40.1626152085936,7.80047907381016,1770682.0,Intermediate,2001,Full (4/4),2146.8429539999997,251.565,Public,True,True,False,False,False,False,False,False,False,False,False,False,False,False,False,False,False,False,False,False,False,False,True,False
6394146,INV,2001/2/28,Completed,Minority Purchase,Regal Treasury Bank Holdings Ltd acquired a minority stake in Sempres International Technology Holdings Ltd. The transaction was completed on 2/28/2001.,ZAR,Cash,2001/2/28,-1.84,0.000000,9.700000,No,Communications,Financials,N,,,Friendly,South Africa,South Africa,Missing,Point-in-time,MA-screen (current/latest),Point-in-time,,107.572,998.075989,144.326004,2,2001-02-01,2009-03-31,200,30,3500,100,29.15,5.725,1165940.6,2903049.5,40.1626152085936,7.80047907381016,1770682.0,Intermediate,2001,Partial (3/4),1105.647989,107.572,Public,False,False,False,True,False,False,False,False,False,False,False,False,False,False,False,False,False,False,False,False,False,False,True,False
6394862,M&A,2000/2/14,Completed,"Company Takeover, Additional Stake Purchase",Glencore PLC acquired Duiker Mining Ltd for ZAR 29.14M. The transaction was announced on 2/14/2000 and completed on 7/6/2000.,ZAR,Cash,2000/7/6,-16.00,84.900002,15.100000,No,Materials,Materials,N,Bowman Gilfill,PwC,Friendly,South Africa,Switzerland,Point-in-time,MA-screen (current/latest),Point-in-time,MA-screen (current/latest),3052.18408203125,1817.8470458984373,2355800.0,4425790.0,1,1999-12-24,2001-01-31,50,5,3500,100,27.5833333333333,5.325,1053138.0,2826727.8,37.2564348077661,9.18219108248353,1551489.0,Large,2000,Full (4/4),4428842.184082031,3052.18408203125,Public,True,True,False,False,False,False,False,False,False,False,False,False,False,False,False,False,False,False,False,False,False,False,True,False
6395036,M&A,2000/2/14,Completed,"Company Takeover, Additional Stake Purchase",Glencore PLC acquired Tweefontein United Colleries for ZAR 71.09M. The transaction was announced on 2/14/2000 and completed on 7/26/2000.,ZAR,Cash,2000/7/26,-1.00,61.299999,38.700001,No,Materials,Materials,N,Bowman Gilfill/Linklaters,Pricewaterhouse,Friendly,South Africa,Switzerland,Point-in-time,MA-screen (current/latest),Missing,MA-screen (current/latest),4.63100004196167,,2355800.0,4425790.0,1,1999-12-24,2001-01-31,50,5,3500,100,27.5833333333333,5.325,1053138.0,2826727.8,37.2564348077661,9.18219108248353,1551489.0,Small,2000,Partial (3/4),4425794.631000042,4.63100004196167,Public,True,True,False,False,False,False,False,False,False,False,False,False,False,False,False,False,False,False,False,False,False,False,True,False
6410336,M&A,2000/3/28,Completed,Majority Purchase,Advanced Technical Systems sold Advsource Holdings Ltd to Advtech Ltd for ZAR 59.41M. The transaction was announced on 3/28/2000 and completed on 5/2/2000.,ZAR,Stock,2000/5/2,,0.000000,61.619999,No,Industrials,Consumer Discretionary,N,,,Friendly,South Africa,South Africa,Point-in-time,Point-in-time,Point-in-time,Point-in-time,139.136,198.022,387.3160095214844,206.53399658203125,1,1999-12-24,2001-01-31,50,5,3500,100,27.5833333333333,5.325,1053138.0,2826727.8,37.2564348077661,9.18219108248353,1551489.0,Intermediate,2000,Full (4/4),585.3380095214843,198.022,Public,False,False,False,False,False,True,False,False,False,False,False,False,False,False,False,False,False,False,False,False,False,False,True,False
6410430,INV,2000/4/3,Completed,Additional Stake Purchase,MTN Group Ltd acquired Mobile Telephone Networks Holdings Pty Ltd for ZAR 3190.79M. The transaction was completed on 4/3/2000.,ZAR,Stock,2000/4/3,,72.099998,4.900000,No,Communications,Communications,N,Webber Wentzel,Standard Bank of,Friendly,South Africa,South Africa,MA-screen (current/latest),Point-in-time,MA-screen (current/latest),Point-in-time,498712.0,226707.0,4582.5,4453.299805,1,1999-12-24,2001-01-31,50,5,3500,100,27.5833333333333,5.325,1053138.0,2826727.8,37.2564348077661,9.18219108248353,1551489.0,Large,2000,Full (4/4),503294.5,498712.0,Private,False,True,False,False,False,False,False,False,False,False,False,False,False,False,False,False,False,False,False,False,False,False,True,False
6414786,INV,2001/3/20,Completed,"Additional Stake Purchase, Tender Offer",Chester Investment Holdings Ltd acquired Brandcorp Holdings Ltd for ZAR 3.07M. The transaction was completed on 3/20/2001.,ZAR,Cash,2001/3/20,0.97,34.169998,2.540000,No,Consumer Discretionary,Financials,N,,,Friendly,South Africa,South Africa,Point-in-time,Point-in-time,Point-in-time,MA-screen (current/latest),264.4419860839844,449.1889953613281,141.288,305.848,2,2001-02-01,2009-03-31,200,30,3500,100,29.15,5.725,1165940.6,2903049.5,40.1626152085936,7.80047907381016,1770682.0,Intermediate,2001,Full (4/4),755.0369953613281,449.1889953613281,Public,False,True,False,False,True,False,False,False,False,False,False,False,False,False,False,False,False,False,False,False,False,False,True,True
6414818,M&A,2001/3/20,Completed,"Company Takeover, Majority Purchase, Tender Offer",Chester Investment Holdings Ltd acquired Brandcorp Holdings Ltd for ZAR 1.04M. The transaction was announced on 3/20/2001 and completed on 6/13/2001.,ZAR,Cash,2001/6/13,0.97,36.709999,1.040000,No,Consumer Discretionary,Financials,N,,,Friendly,South Africa,South Africa,Point-in-time,Point-in-time,Point-in-time,MA-screen (current/latest),264.4419860839844,449.1889953613281,141.288,305.848,2,2001-02-01,2009-03-31,200,30,3500,100,29.15,5.725,1165940.6,2903049.5,40.1626152085936,7.80047907381016,1770682.0,Intermediate,2001,Full (4/4),755.0369953613281,449.1889953613281,Public,True,False,False,False,True,True,False,False,False,False,False,False,False,False,False,False,False,False,False,False,False,False,True,True
64393758,INV,2000/4/13,Completed,Minority Purchase,Brait PLC acquired a minority stake in Computer Configurations Holdings Ltd. The transaction was completed on 04/13/2000.,ZAR,Undisclosed,2000/4/13,,0.000000,0.000000,No,Technology,Financials,N,,,Friendly,South Africa,South Africa,Point-in-time,Point-in-time,Point-in-time,Point-in-time,436.7210083007813,470.3819885253906,3083.39990234375,608.0,1,1999-12-24,2001-01-31,50,5,3500,100,27.5833333333333,5.325,1053138.0,2826727.8,37.2564348077661,9.18219108248353,1551489.0,Large,2000,Full (4/4),3553.7818908691406,470.3819885253906,Public,False,False,False,True,False,False,False,False,False,False,False,False,False,False,False,False,False,False,False,False,False,False,True,False
6489136,M&A,2001/4/9,Completed,"Company Takeover, Cross Border",Johnson Controls International plc acquired Sentry Group Ltd for ZAR 627.00M. The transaction was announced on 4/9/2001 and completed on 7/16/2001.,ZAR,Cash,2001/7/16,24.50,0.000000,100.000000,No,Industrials,Industrials,N,,Merrill Lynch,Friendly,South Africa,Bermuda,Point-in-time,Point-in-time,Point-in-time,Point-in-time,118.6777,347.005,40404.3,28931.9,2,2001-02-01,2009-03-31,200,30,3500,100,29.15,5.725,1165940.6,2903049.5,40.1626152085936,7.80047907381016,1770682.0,Large,2001,Full (4/4),40751.305,347.005,Public,True,False,True,False,False,False,False,False,False,False,False,False,False,False,False,False,False,False,False,False,False,False,False,False
6492232,M&A,2001/4/10,Completed,Company Takeover,Absa Trading & Investments Solutions Holdings Pty Ltd acquired Real Africa Durolink Holdings Ltd for ZAR 380.74M. The transaction was announced on 4/10/2001 and completed on 10/8/2001.,ZAR,Stock,2001/10/8,-11.39,0.000000,100.000000,No,Financials,Financials,N,,,Friendly,South Africa,South Africa,Point-in-time,Point-in-time,Point-in-time,Point-in-time,1470.531982,226.554993,2798.847900390625,470.02099609375,2,2001-02-01,2009-03-31,200,30,3500,100,29.15,5.725,1165940.6,2903049.5,40.1626152085936,7.80047907381016,1770682.0,Large,2001,Full (4/4),4269.379882390625,1470.531982,Public,True,False,False,False,False,False,False,False,False,False,False,False,False,False,False,False,False,False,False,False,False,False,False,False
65319319,M&A,2012/6/12,Completed,"Company Takeover, Additional Stake Purchase",New Bond Capital Ltd acquired BlackstarTiso Pty Ltd for ZAR 2415.53M. The transaction was announced on 6/12/2012 and completed on 9/25/2012.,ZAR,Cash or Stock,2012/9/25,17.80,21.290001,78.709999,No,Communications,Financials,N,Webber Wentzel,Ernst & Young/Firstrand Bank,Friendly,South Africa,South Africa,Point-in-time,Point-in-time,Point-in-time,Missing,4099.0,5310.0,2766.146,,3,2009-04-01,2017-09-30,560,80,6600,190,54.3916666666667,5.66666666666667,3566385.0,4197952.4,84.9553463255086,4.68520499377743,8383564.0,Large,2012,Partial (3/4),8076.146000000001,5310.0,Public,True,True,False,False,False,False,False,False,False,False,False,False,False,False,False,False,False,False,False,False,False,False,True,False
6544204,M&A,2001/4/25,Completed,"Company Takeover, Tender Offer",Imperial Logistics Ltd acquired Tourism Investment Corp Ltd for ZAR 414.72M. The transaction was announced on 4/25/2001 and completed on 7/30/2001.,ZAR,Cash,2001/7/30,31.06,0.000000,60.540001,No,Consumer Discretionary,Consumer Discretionary,N,Moss Morris Inc,IBL Asset Financ/Merrill Lynch,Friendly,South Africa,South Africa,Point-in-time,Point-in-time,Point-in-time,Point-in-time,595.492981,914.072021,14376.0,14913.0,2,2001-02-01,2009-03-31,200,30,3500,100,29.15,5.725,1165940.6,2903049.5,40.1626152085936,7.80047907381016,1770682.0,Large,2001,Full (4/4),15827.072021,914.072021,Public,True,False,False,False,True,False,False,False,False,False,False,False,False,False,False,False,False,False,False,False,False,False,False,True
65923042,INV,2012/6/29,Completed,Minority Purchase,Italtile Ltd acquired a minority stake in Ceramic Industries Ltd. The transaction was announced on 6/29/2012 and completed on 11/28/2012.,ZAR,Cash,2012/11/28,1.37,0.000000,20.000000,No,Consumer Discretionary,Consumer Discretionary,N,Hogan Lovells US/Webber Wentzel,,Friendly,South Africa,South Africa,Point-in-time,Point-in-time,Point-in-time,Point-in-time,1448.064,1547.249,2296.0,1521.0,3,2009-04-01,2017-09-30,560,80,6600,190,54.3916666666667,5.66666666666667,3566385.0,4197952.4,84.9553463255086,4.68520499377743,8383564.0,Intermediate,2012,Full (4/4),3843.249,1547.249,Public,False,False,False,True,False,False,False,False,False,False,False,False,False,False,False,False,False,False,False,False,False,False,True,False
6595234,M&A,2001/5/7,Completed,Company Takeover,BOE Ltd acquired Credcor Ltd for ZAR 62.13M. The transaction was announced on 5/7/2001 and completed on 7/9/2001.,ZAR,Cash,2001/7/9,4.48,0.000000,100.000000,No,Financials,Financials,N,,,Friendly,South Africa,South Africa,Point-in-time,Point-in-time,Point-in-time,Point-in-time,447.458008,192.507004,62462.0,7793.0,2,2001-02-01,2009-03-31,200,30,3500,100,29.15,5.725,1165940.6,2903049.5,40.1626152085936,7.80047907381016,1770682.0,Large,2001,Full (4/4),62909.458008,447.458008,Public,True,False,False,False,False,False,False,False,False,False,False,False,False,False,False,False,False,False,False,False,False,False,False,False
66436994,BUY,2012/1/5,Completed,,,ZAr,,2012/5/4,,0.000000,0.000000,,Financials,Financials,N,,,,South Africa,,Point-in-time,Point-in-time,Point-in-time,Point-in-time,6215.275,804.09,6215.275,804.09,3,2009-04-01,2017-09-30,560,80,6600,190,54.3916666666667,5.66666666666667,3566385.0,4197952.4,84.9553463255086,4.68520499377743,8383564.0,Large,2012,Full (4/4),12430.55,6215.275,Public,False,False,False,False,False,False,False,False,False,False,False,False,False,False,False,False,False,False,False,False,False,False,False,False
66437459,INV,2012/5/5,Completed,"Cross Border, Additional Stake Purchase",Royal Bafokeng Holdings Pty Ltd sold Zurich Insurance Co South Africa Ltd to Zurich Insurance Group AG. The transaction was announced on 5/5/2012 and completed on 6/29/2012. Financial terms of the transaction are undisclosed.,ZAR,Undisclosed,2012/6/29,,58.950001,25.100000,No,Financials,Financials,N,,Rand Merchant Bk,Friendly,South Africa,Switzerland,Point-in-time,Point-in-time,Point-in-time,Point-in-time,4899.773,3394.646,386971.0,53017.0,3,2009-04-01,2017-09-30,560,80,6600,190,54.3916666666667,5.66666666666667,3566385.0,4197952.4,84.9553463255086,4.68520499377743,8383564.0,Large,2012,Full (4/4),391870.773,4899.773,Public,False,True,True,False,False,False,False,False,False,False,False,False,False,False,False,False,False,False,False,False,False,False,True,False
6679693,INV,2001/5/30,Completed,"Additional Stake Purchase, Tender Offer",Investec Ltd acquired Abacus Technology Holdings for ZAR 4.24M. The transaction was announced on 5/30/2001 and completed on 6/21/2001.,ZAR,Cash or Stock,2001/6/21,25.00,54.759998,12.800000,No,Technology,Financials,N,,,Friendly,South Africa,South Africa,Point-in-time,Point-in-time,Point-in-time,Point-in-time,212.591,245.647,16750.5183,1232.767659541986,2,2001-02-01,2009-03-31,200,30,3500,100,29.15,5.725,1165940.6,2903049.5,40.1626152085936,7.80047907381016,1770682.0,Large,2001,Full (4/4),16996.1653,245.647,Public,False,True,False,False,True,False,False,False,False,False,False,False,False,False,False,False,False,False,False,False,False,False,True,True
67146822,INV,2012/2/21,Completed,"Cross Border, Additional Stake Purchase, Tender Offer",Paladin Labs Inc acquired Litha Healthcare Group Ltd for ZAR 0.30M. The transaction was announced on 2/21/2012 and completed on 7/23/2012.,ZAR,Cash,2012/7/23,-3.91,44.520000,0.020000,No,Health Care,Health Care,N,,,Friendly,South Africa,Canada,Point-in-time,Point-in-time,Point-in-time,Point-in-time,1442.745,1747.026,397.913,141.466,3,2009-04-01,2017-09-30,560,80,6600,190,54.3916666666667,5.66666666666667,3566385.0,4197952.4,84.9553463255086,4.68520499377743,8383564.0,Intermediate,2012,Full (4/4),2144.9390000000003,1747.026,Public,False,True,True,False,True,False,False,False,False,False,False,False,False,False,False,False,False,False,False,False,False,False,True,True
6764416,M&A,2001/6/15,Completed,"Company Takeover, Majority Purchase, Tender Offer",Commercial Finance Co Ltd acquired Laser Group Ltd/The for ZAR 0.00M. The transaction was announced on 6/15/2001 and completed on 7/13/2001.,ZAR,Cash,2001/7/13,-24.93,45.299999,0.003000,No,Industrials,Financials,N,Bernadt Vukic/Cliffe Dekker,BOE Investment,Friendly,South Africa,South Africa,MA-screen (current/latest),Point-in-time,MA-screen (current/latest),Point-in-time,219.992,220.22,227.3040008544922,23.569000244140625,2,2001-02-01,2009-03-31,200,30,3500,100,29.15,5.725,1165940.6,2903049.5,40.1626152085936,7.80047907381016,1770682.0,Intermediate,2001,Full (4/4),447.5240008544922,220.22,Public,True,False,False,False,True,True,False,False,False,False,False,False,False,False,False,False,False,False,False,False,False,False,True,True
67819697,M&A,2012/8/17,Completed,"Company Takeover, Additional Stake Purchase",Sasfin Holdings Ltd acquired IQuad Group Ltd for ZAR 32.80M. The transaction was announced on 8/17/2012 and completed on 11/28/2012.,ZAR,Cash,2012/11/28,11.45,68.000000,32.000000,No,Industrials,Financials,N,Sasfin Bank,,Friendly,South Africa,South Africa,Point-in-time,Point-in-time,Point-in-time,Point-in-time,145.088,85.628,4373.264,779.474,3,2009-04-01,2017-09-30,560,80,6600,190,54.3916666666667,5.66666666666667,3566385.0,4197952.4,84.9553463255086,4.68520499377743,8383564.0,Intermediate,2012,Full (4/4),4518.352,145.088,Public,True,True,False,False,False,False,False,False,False,False,False,False,False,False,False,False,False,False,False,False,False,False,True,False
6885917,M&A,2001/3/27,Completed,Company Takeover,Corpcapital Ltd acquired Micawber 274 Ltd for ZAR 403.96M. The transaction was announced on 3/27/2001 and completed on 10/22/2001.,ZAR,Stock,2001/10/22,71.50,0.000000,100.000000,No,Financials,Financials,N,,Corpcap Bank Ltd/Deloitte & Touch,Friendly,South Africa,South Africa,Point-in-time,Point-in-time,Point-in-time,Point-in-time,1801.43798828125,282.8179931640625,3743.43896484375,536.4190063476562,2,2001-02-01,2009-03-31,200,30,3500,100,29.15,5.725,1165940.6,2903049.5,40.1626152085936,7.80047907381016,1770682.0,Large,2001,Full (4/4),5544.876953125,1801.43798828125,Public,True,False,False,False,False,False,False,False,False,False,False,False,False,False,False,False,False,False,False,False,False,False,False,False
6889502,M&A,2001/5/16,Completed,"Company Takeover, Additional Stake Purchase",Naspers Ltd acquired M-Web Holdings Ltd for ZAR 123.22M. The transaction was announced on 5/16/2001 and completed on 7/9/2001.,ZAR,Stock,2001/7/9,26.81,82.750000,17.250000,No,Communications,Communications,N,,Investec Bank/Standard Bank of,Friendly,South Africa,South Africa,Point-in-time,Point-in-time,Point-in-time,Point-in-time,610.6530151367188,227.3370056152344,1410.291077164,1134.4927419755652,2,2001-02-01,2009-03-31,200,30,3500,100,29.15,5.725,1165940.6,2903049.5,40.1626152085936,7.80047907381016,1770682.0,Intermediate,2001,Full (4/4),2020.9440923007187,610.6530151367188,Public,True,True,False,False,False,False,False,False,False,False,False,False,False,False,False,False,False,False,False,False,False,False,True,False
6907747,M&A,2001/7/16,Completed,Company Takeover,Bidvest Group Ltd/The acquired Paragon Business Communications Ltd for ZAR 75.83M. The transaction was announced on 7/16/2001 and completed on 3/26/2002.,ZAR,Cash,2002/3/26,22.58,0.000000,100.000000,No,Industrials,Consumer Staples,N,Bowman Gilfill,Investec Bank,Friendly,South Africa,South Africa,Point-in-time,Point-in-time,Point-in-time,Point-in-time,138.52099609375,246.7910003662109,8109.428223,26427.619141,2,2001-02-01,2009-03-31,200,30,3500,100,29.15,5.725,1165940.6,2903049.5,40.1626152085936,7.80047907381016,1770682.0,Large,2001,Full (4/4),26674.41014136621,246.7910003662109,Public,True,False,False,False,False,False,False,False,False,False,False,False,False,False,False,False,False,False,False,False,False,False,False,False
6946385,M&A,2001/7/27,Completed,Company Takeover,Cape Municipal Pension Fund sold Advent Properties Pty Ltd to Atlas Properties Ltd for ZAR 253.25M. The transaction was announced on 7/27/2001 and completed on 9/30/2001.,ZAR,Cash,2001/9/30,,0.000000,100.000000,No,Real Estate,Real Estate,N,,AC Morris Assoc,Friendly,South Africa,South Africa,MA-screen (current/latest),Point-in-time,MA-screen (current/latest),Point-in-time,223.693,32.518,326.497009,63.442001,2,2001-02-01,2009-03-31,200,30,3500,100,29.15,5.725,1165940.6,2903049.5,40.1626152085936,7.80047907381016,1770682.0,Intermediate,2001,Full (4/4),550.190009,223.693,Public,True,False,False,False,False,False,False,False,False,False,False,False,False,False,False,False,False,False,False,False,False,False,False,False
6947547,M&A,2001/3/27,Completed,Company Takeover,Corpcapital Ltd acquired Micawber 275 Ltd for ZAR 435.36M. The transaction was announced on 3/27/2001 and completed on 10/22/2001.,ZAR,Stock,2001/10/22,-21.88,0.000000,100.000000,No,Financials,Financials,N,,Corpcap Bank Ltd/KPMG Corp Fin,Friendly,South Africa,South Africa,Point-in-time,Point-in-time,Point-in-time,Point-in-time,2198.849121,435.223999,3743.43896484375,536.4190063476562,2,2001-02-01,2009-03-31,200,30,3500,100,29.15,5.725,1165940.6,2903049.5,40.1626152085936,7.80047907381016,1770682.0,Large,2001,Full (4/4),5942.28808584375,2198.849121,Public,True,False,False,False,False,False,False,False,False,False,False,False,False,False,False,False,False,False,False,False,False,False,False,False
7000598,M&A,2001/8/8,Completed,"Company Takeover, Additional Stake Purchase, Tender Offer",Astral Foods Ltd acquired National Chick Ltd for ZAR 97.07M. The transaction was announced on 8/8/2001 and completed on 5/6/2002.,ZAR,Cash,2002/5/6,12.23,34.900002,65.099998,No,Consumer Staples,Consumer Staples,N,,Rand Merchant Bk,Friendly,South Africa,South Africa,Point-in-time,MA-screen (current/latest),Point-in-time,MA-screen (current/latest),185.721,213.343,9325.82,22619.2,2,2001-02-01,2009-03-31,200,30,3500,100,29.15,5.725,1165940.6,2903049.5,40.1626152085936,7.80047907381016,1770682.0,Large,2001,Full (4/4),22832.543,213.343,Public,True,True,False,False,True,False,False,False,False,False,False,False,False,False,False,False,False,False,False,False,False,False,True,True
7021822,M&A,2001/8/15,Completed,"Company Takeover, Additional Stake Purchase, Tender Offer",Bidvest Group Ltd/The acquired I-Fusion Holdings Ltd for ZAR 14.92M. The transaction was announced on 8/15/2001 and completed on 11/12/2001.,ZAR,Cash,2001/11/12,-0.77,77.309998,22.690001,No,Technology,Consumer Staples,N,Werksmans,Investec Bank,Friendly,South Africa,South Africa,Point-in-time,Point-in-time,Point-in-time,Point-in-time,76.663,195.497,8109.428223,26427.619141,2,2001-02-01,2009-03-31,200,30,3500,100,29.15,5.725,1165940.6,2903049.5,40.1626152085936,7.80047907381016,1770682.0,Large,2001,Full (4/4),26623.116141,195.497,Public,True,True,False,False,True,False,False,False,False,False,False,False,False,False,False,False,False,False,False,False,False,False,True,True
7031406,M&A,2001/8/3,Completed,"Company Takeover, Tender Offer",Fountainhead Property Trust acquired Allan Gray Property Investment Ltd for ZAR 659.11M. The transaction was announced on 8/3/2001 and completed on 10/1/2001.,ZAR,Stock,2001/10/1,-4.51,0.000000,100.000000,No,Real Estate,Real Estate,N,,Standard Bank of,Friendly,South Africa,South Africa,Point-in-time,Point-in-time,Point-in-time,Point-in-time,909.8259887695312,86.7760009765625,1368.369019,261.954987,2,2001-02-01,2009-03-31,200,30,3500,100,29.15,5.725,1165940.6,2903049.5,40.1626152085936,7.80047907381016,1770682.0,Intermediate,2001,Full (4/4),2278.195007769531,909.8259887695312,Public,True,False,False,False,True,False,False,False,False,False,False,False,False,False,False,False,False,False,False,False,False,False,False,True
7038619,M&A,2001/5/28,Terminated,Company Takeover,New Africa Investments Ltd announced the acquisition of Kagiso Media Ltd for ZAR 277.94M. The transaction was announced on 5/28/2001 and terminated on 1/2/2002.,ZAR,Cash,2002/1/2,6.31,0.000000,100.000000,No,Communications,Financials,N,Webber Wentzel,African Merchant,Friendly,South Africa,South Africa,Point-in-time,Point-in-time,Point-in-time,Point-in-time,241.223999,142.488007,33631.88671875,548.583984375,2,2001-02-01,2009-03-31,200,30,3500,100,29.15,5.725,1165940.6,2903049.5,40.1626152085936,7.80047907381016,1770682.0,Large,2001,Full (4/4),33873.11071775,241.223999,Public,True,False,False,False,False,False,False,False,False,False,False,False,False,False,False,False,False,False,False,False,False,False,False,False
71006294,M&A,2012/11/21,Completed,"Company Takeover, Cross Border",Cipla Ltd/India acquired Cipla Medpro South Africa Ltd for ZAR 4828.13M. The transaction was announced on 11/21/2012 and completed on 7/16/2013.,ZAR,Cash,2013/7/16,32.39,0.000000,100.000000,No,Health Care,Health Care,N,Webber Wentzel,Morgan Stanley,Friendly,South Africa,India,Point-in-time,Point-in-time,Point-in-time,Point-in-time,2776.537,1767.561,85966.5,61113.9,3,2009-04-01,2017-09-30,560,80,6600,190,54.3916666666667,5.66666666666667,3566385.0,4197952.4,84.9553463255086,4.68520499377743,8383564.0,Large,2012,Full (4/4),88743.037,2776.537,Public,True,False,True,False,False,False,False,False,False,False,False,False,False,False,False,False,False,False,False,False,False,False,False,False
71033454,INV,2006/6/19,Completed,Minority Purchase,PSG Group Ltd acquired a minority stake in Capevin Holdings Ltd. The transaction was completed on 6/19/2006.,ZAR,Stock,2006/6/19,,0.000000,11.300000,No,Consumer Staples,Financials,N,,,Friendly,South Africa,South Africa,MA-screen (current/latest),Point-in-time,Missing,Point-in-time,2842.8,,2793.832,468.459,2,2001-02-01,2009-03-31,200,30,3500,100,36.9166666666667,4.64166666666667,2057593.9,3602578.7,57.114474695584,6.06463577535368,5041515.0,Large,2006,Partial (3/4),5636.632,2842.8,Public,False,False,False,True,False,False,False,False,False,False,False,False,False,False,False,False,False,False,False,False,False,False,True,False
71072841,INV,2012/11/23,Completed,"Private Equity, Minority Purchase",Tiso Blackstar Group SE sold a minority stake in New Bond Capital Ltd to FirstRand Ltd. The transaction was completed on 11/23/2012.,ZAR,Cash,2012/11/23,,0.000000,28.299999,No,Financials,Financials,N,,,Friendly,South Africa,South Africa,Point-in-time,Point-in-time,Missing,Point-in-time,2766.146,,697927.0,67752.0,3,2009-04-01,2017-09-30,560,80,6600,190,54.3916666666667,5.66666666666667,3566385.0,4197952.4,84.9553463255086,4.68520499377743,8383564.0,Large,2012,Partial (3/4),700693.146,2766.146,Public,False,False,False,True,False,False,True,False,False,False,False,False,False,False,False,False,False,False,False,False,False,True,True,False
71188805,M&A,2012/11/28,Terminated,"Company Takeover, Cross Border",Sedgman Pty Ltd announced the acquisition of MDM Engineering Group Ltd for AUD 77.09M. The transaction was announced on 11/28/2012 and terminated on 5/30/2013.,AUD,Cash and Stock,2013/5/30,,0.000000,100.000000,No,Industrials,Industrials,N,Norton Rose Llp,,Friendly,South Africa,Australia,Point-in-time,Point-in-time,Point-in-time,Point-in-time,25.498093,20.805179,298.677,507.704,3,2009-04-01,2017-09-30,560,80,6600,190,54.3916666666667,5.66666666666667,3566385.0,4197952.4,84.9553463255086,4.68520499377743,8383564.0,Small,2012,Full (4/4),533.202093,25.498093,Public,True,False,True,False,False,False,False,False,False,False,False,False,False,False,False,False,False,False,False,False,False,False,False,False
71209491,M&A,2012/11/28,Completed,"Company Takeover, Additional Stake Purchase",Bidvest Group Ltd/The acquired Home of Living Brands Holdings Ltd for ZAR 355.41M. The transaction was announced on 11/28/2012 and completed on 7/2/2013.,ZAR,Cash,2013/7/2,26.65,27.570000,72.430000,No,Consumer Discretionary,Consumer Staples,N,,,Friendly,South Africa,South Africa,Point-in-time,Point-in-time,Point-in-time,Point-in-time,653.224,826.423,47829.918,118482.736,3,2009-04-01,2017-09-30,560,80,6600,190,54.3916666666667,5.66666666666667,3566385.0,4197952.4,84.9553463255086,4.68520499377743,8383564.0,Large,2012,Full (4/4),119309.159,826.423,Public,True,True,False,False,False,False,False,False,False,False,False,False,False,False,False,False,False,False,False,False,False,False,True,False
71483253,M&A,2012/12/4,Completed,Company Takeover,JD Group Ltd/South Africa acquired Hardware Warehouse Ltd for ZAR 109.36M. The transaction was announced on 12/4/2012 and completed on 2/26/2013.,ZAR,Cash,2013/2/26,21.02,0.000000,100.000000,No,Materials,Consumer Discretionary,N,Girard Hayward,,Friendly,South Africa,South Africa,Point-in-time,Point-in-time,Point-in-time,Point-in-time,117.359,354.177,16734.0,15741.0,3,2009-04-01,2017-09-30,560,80,6600,190,54.3916666666667,5.66666666666667,3566385.0,4197952.4,84.9553463255086,4.68520499377743,8383564.0,Large,2012,Full (4/4),17088.177,354.177,Public,True,False,False,False,False,False,False,False,False,False,False,False,False,False,False,False,False,False,False,False,False,False,False,False
71519975,M&A,2012/12/3,Terminated,Company Takeover,Bidvest Group Ltd/The announced the acquisition of Brandcorp Holdings Ltd. The transaction was announced on 12/3/2012 and terminated on 3/6/2013. Financial terms of the transaction are undisclosed.,ZAR,Undisclosed,2013/3/6,,0.000000,100.000000,No,Consumer Discretionary,Consumer Staples,N,,,Friendly,South Africa,South Africa,MA-screen (current/latest),Point-in-time,MA-screen (current/latest),Point-in-time,483.978,916.249,47829.918,118482.736,3,2009-04-01,2017-09-30,560,80,6600,190,54.3916666666667,5.66666666666667,3566385.0,4197952.4,84.9553463255086,4.68520499377743,8383564.0,Large,2012,Full (4/4),119398.985,916.249,Public,True,False,False,False,False,False,False,False,False,False,False,False,False,False,False,False,False,False,False,False,False,False,False,False
71550925,M&A,2012/12/5,Terminated,"Company Takeover, Additional Stake Purchase",eXtract Group Ltd announced the acquisition of Protech Khuthele Holdings Ltd for ZAR 268.14M. The transaction was announced on 12/5/2012 and terminated on 7/31/2013.,ZAR,Cash,2013/7/31,25.52,32.799999,67.199997,No,Industrials,Industrials,N,,,Unsolicited,South Africa,South Africa,Point-in-time,Point-in-time,Point-in-time,Point-in-time,853.877,1069.665,10641.0,6903.0,3,2009-04-01,2017-09-30,560,80,6600,190,54.3916666666667,5.66666666666667,3566385.0,4197952.4,84.9553463255086,4.68520499377743,8383564.0,Large,2012,Full (4/4),11710.665,1069.665,Public,True,True,False,False,False,False,False,False,False,False,False,False,False,False,False,False,False,False,False,False,False,False,True,False
7253349,M&A,2001/8/31,Completed,"Company Takeover, Additional Stake Purchase",Netcare Ltd acquired Clinic Holdings Ltd for ZAR 201.24M. The transaction was announced on 8/31/2001 and completed on 10/22/2001.,ZAR,Stock,2001/10/22,-0.41,92.599998,7.400000,No,Health Care,Health Care,N,,,Friendly,South Africa,South Africa,Point-in-time,Point-in-time,Point-in-time,Point-in-time,2942.6,2818.4,3235.199951,2848.800049,2,2001-02-01,2009-03-31,200,30,3500,100,29.15,5.725,1165940.6,2903049.5,40.1626152085936,7.80047907381016,1770682.0,Large,2001,Full (4/4),6177.799951,2942.6,Public,True,True,False,False,False,False,False,False,False,False,False,False,False,False,False,False,False,False,False,False,False,False,True,False
73463146,M&A,2013/1/24,Completed,"Cross Border, Private Equity, Majority Purchase, PE Seller",Brockton Capital LLP sold General Healthcare Group Ltd to Netcare Ltd for GBP 11.00M. The transaction was completed on 1/24/2013.,GBP,Cash,2013/1/24,,0.000000,53.720001,No,Health Care,Health Care,N,,,Friendly,South Africa,South Africa,Point-in-time,Point-in-time,Missing,Point-in-time,418.748,,44222.0,25174.0,3,2009-04-01,2017-09-30,560,80,6600,190,57.5166666666667,5.75833333333333,3868630.2,4302291.2,89.920231340919,5.84411132453906,10626244.0,Large,2013,Partial (3/4),44640.748,418.748,Private,False,False,True,False,False,True,True,False,False,False,False,False,True,False,False,False,False,False,False,False,False,True,True,False
7348736,M&A,2001/11/13,Completed,"Company Takeover, Additional Stake Purchase",BOE Ltd acquired Monex Ltd for ZAR 95.18M. The transaction was announced on 11/13/2001 and completed on 2/4/2002.,ZAR,Cash,2002/2/4,28.21,74.000000,26.000000,No,Consumer Discretionary,Financials,N,,BOE Investment/KPMG Corp Fin,Friendly,South Africa,South Africa,Point-in-time,Point-in-time,Point-in-time,Point-in-time,857.377,248.08,62462.0,7793.0,2,2001-02-01,2009-03-31,200,30,3500,100,29.15,5.725,1165940.6,2903049.5,40.1626152085936,7.80047907381016,1770682.0,Large,2001,Full (4/4),63319.377,857.377,Public,True,True,False,False,False,False,False,False,False,False,False,False,False,False,False,False,False,False,False,False,False,False,True,False
7359628,M&A,2001/11/15,Completed,"Company Takeover, Additional Stake Purchase",Bidvest Group Ltd/The acquired Voltex Holdings Pty Ltd for ZAR 147.79M. The transaction was announced on 11/15/2001 and completed on 3/22/2002.,ZAR,Cash,2002/3/22,63.74,32.000000,68.000000,No,Industrials,Consumer Staples,N,,,Friendly,South Africa,South Africa,Point-in-time,Point-in-time,Point-in-time,Point-in-time,786.818,1352.507,8109.428223,26427.619141,2,2001-02-01,2009-03-31,200,30,3500,100,29.15,5.725,1165940.6,2903049.5,40.1626152085936,7.80047907381016,1770682.0,Large,2001,Full (4/4),27780.126141,1352.507,Public,True,True,False,False,False,False,False,False,False,False,False,False,False,False,False,False,False,False,False,False,False,False,True,False
74650750,M&A,2013/3/4,Completed,"PE Buyout, Company Takeover, Cross Border, Private Equity, Tender Offer",Tiso Blackstar Group SE acquired New Bond Capital Ltd for GBP 4.70M. The transaction was announced on 3/4/2013 and completed on 6/3/2013.,GBP,Stock,2013/6/3,-19.44,0.000000,100.000000,No,Financials,Financials,N,Paul Hastings,,Friendly,South Africa,United Kingdom,Point-in-time,Point-in-time,Point-in-time,Point-in-time,2416.144,0.0,83.66,0.0,3,2009-04-01,2017-09-30,560,80,6600,190,57.5166666666667,5.75833333333333,3868630.2,4302291.2,89.920231340919,5.84411132453906,10626244.0,Intermediate,2013,Full (4/4),2499.8039999999996,2416.144,Public,True,False,True,False,True,False,True,False,False,False,True,False,False,False,False,False,False,False,False,False,False,True,False,True
7488300,M&A,2001/12/13,Completed,Company Takeover,Nampak Ltd acquired Malbak Ltd for ZAR 2651.25M. The transaction was announced on 12/13/2001 and completed on 8/27/2002.,ZAR,Cash and Stock,2002/8/27,24.20,0.000000,100.000000,No,Materials,Materials,N,A&O Shearman LLP/Bowman Gilfill,Deloitte Touche/UBS,Friendly,South Africa,South Africa,Point-in-time,Point-in-time,Point-in-time,Point-in-time,2689.0,2780.0,6925.0,9632.799805,2,2001-02-01,2009-03-31,200,30,3500,100,29.15,5.725,1165940.6,2903049.5,40.1626152085936,7.80047907381016,1770682.0,Large,2001,Full (4/4),12412.799805,2780.0,Public,True,False,False,False,False,False,False,False,False,False,False,False,False,False,False,False,False,False,False,False,False,False,False,False
75313018,M&A,2013/3/22,Terminated,"Majority Purchase, Additional Stake Purchase",Bidvest Group Ltd/The announced the acquisition of Adcock Ingram Holdings Ltd for ZAR 12617.92M. The transaction was announced on 3/22/2013 and terminated on 4/4/2013.,ZAR,Cash and Stock,2013/4/4,16.68,2.540000,57.459999,No,Health Care,Consumer Staples,N,,,Friendly,South Africa,South Africa,Point-in-time,Point-in-time,Point-in-time,Point-in-time,5282.286,4599.249,55895.146,133533.633,3,2009-04-01,2017-09-30,560,80,6600,190,57.5166666666667,5.75833333333333,3868630.2,4302291.2,89.920231340919,5.84411132453906,10626244.0,Large,2013,Full (4/4),138815.919,5282.286,Public,False,True,False,False,False,True,False,False,False,False,False,False,False,False,False,False,False,False,False,False,False,False,True,False
7536169,M&A,2001/12/24,Completed,Company Takeover,Pangbourne Properties Ltd acquired Pioneer Property Fund for ZAR 281.32M. The transaction was announced on 12/24/2001 and completed on 4/8/2002.,ZAR,Stock,2002/4/8,,0.000000,100.000000,No,N.A.,Real Estate,N,,,Friendly,South Africa,South Africa,Point-in-time,Point-in-time,Point-in-time,Point-in-time,400.0570068359375,71.04199981689453,691.986023,102.794998,2,2001-02-01,2009-03-31,200,30,3500,100,29.15,5.725,1165940.6,2903049.5,40.1626152085936,7.80047907381016,1770682.0,Intermediate,2001,Full (4/4),1092.0430298359374,400.0570068359375,Public,True,False,False,False,False,False,False,False,False,False,False,False,False,False,False,False,False,False,False,False,False,False,False,False
7655458,AST,2002/1/18,Completed,Asset Sale,African Oxygen Ltd sold Afrox Healthcare Ltd to Real Africa Holdings Ltd for ZAR 94.86M. The transaction was completed on 1/18/2002.,ZAR,Cash,2002/1/18,,5.400000,9.400000,No,Health Care,Consumer Discretionary,N,,,Friendly,South Africa,South Africa,Point-in-time,Point-in-time,Point-in-time,Point-in-time,1767.56897,3087.485107,2762.701904296875,57.709999084472656,2,2001-02-01,2009-03-31,200,30,3500,100,31.8166666666667,9.15,1360679.3,3010473.1,45.1981882847583,12.5379611113752,1584151.0,Large,2002,Full (4/4),5850.187011296875,3087.485107,Public,False,False,False,False,False,False,False,False,False,False,False,False,False,False,False,False,False,False,False,True,False,False,False,False
76602304,M&A,2013/3/1,Completed,Company Takeover,Ascension Properties Ltd acquired Cape Empowerment Ltd for ZAr 21429.79M. The transaction was announced on 3/1/2013 and completed on 5/14/2013.,ZAr,Cash or Stock,2013/5/14,,0.000000,100.000000,No,Industrials,Real Estate,N,,,Friendly,South Africa,South Africa,Point-in-time,MA-screen (current/latest),Point-in-time,MA-screen (current/latest),449.946,199.347,4331.78,533.595,3,2009-04-01,2017-09-30,560,80,6600,190,57.5166666666667,5.75833333333333,3868630.2,4302291.2,89.920231340919,5.84411132453906,10626244.0,Intermediate,2013,Full (4/4),4781.726,449.946,Public,True,False,False,False,False,False,False,False,False,False,False,False,False,False,False,False,False,False,False,False,False,False,False,False
76685192,INV,2013/5/2,Completed,Minority Purchase,Bidvest Group Ltd/The acquired a minority stake in Mvelaserve Ltd. The transaction was completed on 5/2/2013. Financial terms of the transaction are undisclosed.,ZAR,Undisclosed,2013/5/2,,0.000000,34.750000,No,Industrials,Consumer Staples,N,,,Friendly,South Africa,South Africa,Point-in-time,Point-in-time,Point-in-time,Point-in-time,2357.396,4943.383,55895.146,133533.633,3,2009-04-01,2017-09-30,560,80,6600,190,57.5166666666667,5.75833333333333,3868630.2,4302291.2,89.920231340919,5.84411132453906,10626244.0,Large,2013,Full (4/4),138477.016,4943.383,Public,False,False,False,True,False,False,False,False,False,False,False,False,False,False,False,False,False,False,False,False,False,False,True,False
7703333,M&A,2002/1/31,Completed,"Company Takeover, Squeeze Out, Additional Stake Purchase, Tender Offer",Marlin Holdings Ltd acquired Marlin Corp Ltd for ZAR 47.89M. The transaction was announced on 1/31/2002 and completed on 4/16/2002.,ZAR,Cash,2002/4/16,15.24,68.500000,31.500000,No,Materials,Materials,N,Webber Wentzel,Nedcor Invest Bk,Friendly,South Africa,South Africa,Missing,Missing,Point-in-time,Point-in-time,,705.2999877929688,,750.2999877929688,2,2001-02-01,2009-03-31,200,30,3500,100,31.8166666666667,9.15,1360679.3,3010473.1,45.1981882847583,12.5379611113752,1584151.0,Intermediate,2002,Partial (2/4),1455.5999755859375,705.2999877929688,Public,True,True,False,False,True,False,False,False,False,True,False,False,False,False,False,False,False,False,False,False,False,False,True,True
77239450,M&A,2013/5/17,Completed,"Company Takeover, Additional Stake Purchase, Tender Offer",Altron Ltd acquired Allied Technologies Ltd for ZAR 1947.13M. The transaction was announced on 5/17/2013 and completed on 8/20/2013.,ZAR,Cash or Stock,2013/8/20,40.37,61.400002,38.599998,No,Communications,Communications,N,,,Friendly,South Africa,South Africa,Point-in-time,Point-in-time,Point-in-time,Point-in-time,4089.0,9576.0,12280.0,23563.0,3,2009-04-01,2017-09-30,560,80,6600,190,57.5166666666667,5.75833333333333,3868630.2,4302291.2,89.920231340919,5.84411132453906,10626244.0,Large,2013,Full (4/4),33139.0,9576.0,Public,True,True,False,False,True,False,False,False,False,False,False,False,False,False,False,False,False,False,False,False,False,False,True,True
77501523,M&A,2013/5/29,Completed,"Company Takeover, Going Private, Cross Border, Additional Stake Purchase, Tender Offer",IFA Hotels & Resorts-KPSC acquired IFA Hotels & Resorts Ltd for ZAR 6.55M. The transaction was announced on 5/29/2013 and completed on 9/10/2013.,ZAR,Cash,2013/9/10,40.35,85.000000,15.000000,No,Consumer Discretionary,Industrials,N,,,Friendly,South Africa,Kuwait,Point-in-time,Point-in-time,Point-in-time,Point-in-time,578.522,54.225,402.230538,17.311038,3,2009-04-01,2017-09-30,560,80,6600,190,57.5166666666667,5.75833333333333,3868630.2,4302291.2,89.920231340919,5.84411132453906,10626244.0,Intermediate,2013,Full (4/4),980.7525380000001,578.522,Public,True,True,True,False,True,False,False,False,False,False,False,False,False,False,True,False,False,False,False,False,False,False,True,True
7756441,AST,2002/2/14,Completed,"Cross Border, Asset Sale",SAir Group sold South African Airways to Transnet SOC Ltd for CHF 56.67M. The transaction was completed on 2/14/2002.,CHF,Undisclosed,2002/2/14,,80.000000,20.000000,No,Industrials,Industrials,N,,,Friendly,South Africa,South Africa,MA-screen (current/latest),MA-screen (current/latest),MA-screen (current/latest),MA-screen (current/latest),13376.0,28120.0,366867.0,82691.0,2,2001-02-01,2009-03-31,200,30,3500,100,31.8166666666667,9.15,1360679.3,3010473.1,45.1981882847583,12.5379611113752,1584151.0,Large,2002,Full (4/4),394987.0,28120.0,Private,False,False,True,False,False,False,False,False,False,False,False,False,False,False,False,False,False,False,False,True,False,False,False,False
7863406,INV,2002/3/12,Completed,"Cross Border, Minority Purchase",Arctic Resources Ltd sold a minority stake in African Rainbow Minerals Ltd to Anglo American PLC. The transaction was completed on 3/12/2002.,USD,Cash,2002/3/12,,0.000000,34.900002,No,Materials,Materials,N,,,Friendly,South Africa,United Kingdom,Point-in-time,Point-in-time,Point-in-time,Point-in-time,9114.0,2806.0,25529.0,14786.0,2,2001-02-01,2009-03-31,200,30,3500,100,31.8166666666667,9.15,1360679.3,3010473.1,45.1981882847583,12.5379611113752,1584151.0,Large,2002,Full (4/4),34643.0,9114.0,Public,False,False,True,True,False,False,False,False,False,False,False,False,False,False,False,False,False,False,False,False,False,False,True,False
7864272,INV,2002/3/12,Completed,"Cross Border, Minority Purchase",Anglo American PLC acquired a minority stake in Exxaro Resources Ltd. The transaction was completed on 3/12/2002.,ZAR,Undisclosed,2002/3/12,,0.000000,9.600000,No,Materials,Materials,N,,,Friendly,South Africa,United Kingdom,Point-in-time,Point-in-time,Point-in-time,Point-in-time,7244.0,5404.0,25529.0,14786.0,2,2001-02-01,2009-03-31,200,30,3500,100,31.8166666666667,9.15,1360679.3,3010473.1,45.1981882847583,12.5379611113752,1584151.0,Large,2002,Full (4/4),32773.0,7244.0,Public,False,False,True,True,False,False,False,False,False,False,False,False,False,False,False,False,False,False,False,False,False,False,True,False
7884244,INV,2002/3/18,Completed,"Cross Border, Additional Stake Purchase, Tender Offer",Datamirror Corp acquired Idion Technology Holdings Ltd for ZAR 44.99M. The transaction was announced on 3/18/2002 and completed on 7/4/2002.,ZAR,Cash,2002/7/4,39.05,16.400000,22.200001,No,Technology,Technology,N,Cliffe Dekker,BOE Investment,Hostile,South Africa,Canada,Point-in-time,Point-in-time,Point-in-time,Point-in-time,36.31213458978272,27.20068299419875,88.44499969482422,56.9109992980957,2,2001-02-01,2009-03-31,200,30,3500,100,31.8166666666667,9.15,1360679.3,3010473.1,45.1981882847583,12.5379611113752,1584151.0,Small,2002,Full (4/4),124.75713428460693,36.31213458978272,Public,False,True,True,False,True,False,False,False,False,False,False,False,False,False,False,False,False,False,False,False,False,False,True,True
7891687,M&A,2002/3/19,Terminated,"Company Takeover, Tender Offer",Appleton Ltd announced the acquisition of Tradek Holdings Ltd for ZAR 18.86M. The transaction was announced on 3/19/2002 and terminated on 4/16/2002.,ZAR,Cash,2002/4/16,30.43,0.000000,100.000000,No,Financials,Financials,N,Sonnenberg Hoff,Corpcap Bank Ltd,Friendly,South Africa,South Africa,Point-in-time,Point-in-time,Point-in-time,Point-in-time,132.18299865722656,28.32200050354004,170.6479949951172,148.28500366210938,2,2001-02-01,2009-03-31,200,30,3500,100,31.8166666666667,9.15,1360679.3,3010473.1,45.1981882847583,12.5379611113752,1584151.0,Intermediate,2002,Full (4/4),302.83099365234375,132.18299865722656,Public,True,False,False,False,True,False,False,False,False,False,False,False,False,False,False,False,False,False,False,False,False,False,False,True
79213529,M&A,2013/7/3,Terminated,"Company Takeover, Cross Border","CFR Pharmaceuticals SA announced the acquisition of Adcock Ingram Holdings Ltd for ZAR 14062.18M. The transaction was announced on 07/03/2013 and is currently pending. PIC, the largest shareholder of the target, said on 11/06/13 it would not support the proposal because it wasn’t in the inv...",ZAR,Cash and Stock,2014/2/7,,0.000000,100.000000,No,Health Care,Health Care,N,Bowman Gilfillan,Credit Suisse,Unsolicited,South Africa,Chile,Point-in-time,Point-in-time,Point-in-time,Point-in-time,5282.286,4599.249,1468.61,570.832,3,2009-04-01,2017-09-30,560,80,6600,190,57.5166666666667,5.75833333333333,3868630.2,4302291.2,89.920231340919,5.84411132453906,10626244.0,Large,2013,Full (4/4),6750.896,5282.286,Public,True,False,True,False,False,False,False,False,False,False,False,False,False,False,False,False,False,False,False,False,False,False,False,False
79800729,M&A,2013/7/23,Completed,Company Takeover,Sherbourne Capital Ltd acquired Emergent Properties Ltd for ZAR 0.50M. The transaction was completed on 7/23/2013.,ZAR,Stock,2013/7/23,,0.000000,100.000000,No,Real Estate,Technology,N,,,Friendly,South Africa,South Africa,MA-screen (current/latest),MA-screen (current/latest),Missing,Missing,10.4648,,5.357,,3,2009-04-01,2017-09-30,560,80,6600,190,57.5166666666667,5.75833333333333,3868630.2,4302291.2,89.920231340919,5.84411132453906,10626244.0,Small,2013,Partial (2/4),15.8218,10.4648,Public,True,False,False,False,False,False,False,False,False,False,False,False,False,False,False,False,False,False,False,False,False,False,False,False
8009198,INV,2002/3/12,Completed,"Cross Border, Additional Stake Purchase",Anglo American PLC acquired Exxaro Resources Ltd. The transaction was announced on 3/12/2002 and completed on 4/18/2002. Financial terms of the transaction are undisclosed.,ZAR,Undisclosed,2002/4/18,,9.600000,10.500000,No,Materials,Materials,N,,,Friendly,South Africa,United Kingdom,Point-in-time,Point-in-time,Point-in-time,Point-in-time,7244.0,5404.0,25529.0,14786.0,2,2001-02-01,2009-03-31,200,30,3500,100,31.8166666666667,9.15,1360679.3,3010473.1,45.1981882847583,12.5379611113752,1584151.0,Large,2002,Full (4/4),32773.0,7244.0,Public,False,True,True,False,False,False,False,False,False,False,False,False,False,False,False,False,False,False,False,False,False,False,True,False
8010768,M&A,2002/4/18,Completed,"Company Takeover, Additional Stake Purchase",JCI Ltd acquired JCI Gold Ltd for ZAR 684.81M. The transaction was announced on 4/18/2002 and completed on 7/16/2002.,ZAR,Cash and Stock,2002/7/16,,67.500000,32.500000,No,Materials,Materials,N,Taback & Assoc,Corpcap Bank Ltd,Friendly,South Africa,South Africa,Missing,Point-in-time,Point-in-time,Point-in-time,,168.481995,1830.102051,86.128998,2,2001-02-01,2009-03-31,200,30,3500,100,31.8166666666667,9.15,1360679.3,3010473.1,45.1981882847583,12.5379611113752,1584151.0,Intermediate,2002,Partial (3/4),1998.5840460000002,168.481995,Public,True,True,False,False,False,False,False,False,False,False,False,False,False,False,False,False,False,False,False,False,False,False,True,False
8018617,M&A,2002/4/22,Completed,"Company Takeover, Tender Offer",Nedbank Group Ltd acquired BOE Ltd for ZAR 7933.11M. The transaction was announced on 4/22/2002 and completed on 7/11/2002.,ZAR,Cash and Stock,2002/7/11,25.40,0.000000,100.000000,No,Financials,Financials,N,Edward Nathan,Nedcor Invest Bk,Friendly,South Africa,South Africa,Point-in-time,Point-in-time,Point-in-time,Point-in-time,67236.0,9089.0,197665.0,22240.0,2,2001-02-01,2009-03-31,200,30,3500,100,31.8166666666667,9.15,1360679.3,3010473.1,45.1981882847583,12.5379611113752,1584151.0,Large,2002,Full (4/4),264901.0,67236.0,Public,True,False,False,False,True,False,False,False,False,False,False,False,False,False,False,False,False,False,False,False,False,False,False,True
8018803,M&A,2002/3/25,Completed,"Company Takeover, Additional Stake Purchase",Mustek Ltd acquired Rectron Holdings Ltd for ZAR 10.66M. The transaction was announced on 3/25/2002 and completed on 6/17/2002.,ZAR,Cash,2002/6/17,33.33,88.900002,11.100000,No,Technology,Consumer Discretionary,N,,,Friendly,South Africa,South Africa,Point-in-time,Point-in-time,Point-in-time,Point-in-time,201.45899963378903,625.9749755859375,996.4719848632812,2091.1240234375,2,2001-02-01,2009-03-31,200,30,3500,100,31.8166666666667,9.15,1360679.3,3010473.1,45.1981882847583,12.5379611113752,1584151.0,Intermediate,2002,Full (4/4),2717.0989990234375,625.9749755859375,Public,True,True,False,False,False,False,False,False,False,False,False,False,False,False,False,False,False,False,False,False,False,False,True,False
8036283,M&A,2001/12/24,Completed,"Company Takeover, Additional Stake Purchase, Tender Offer",Imperial Logistics Ltd acquired ImperiLog Ltd for ZAR 55.71M. The transaction was announced on 12/24/2001 and completed on 7/5/2002.,ZAR,Cash,2002/7/5,14.76,68.730003,31.270000,No,Industrials,Consumer Discretionary,N,,,Friendly,South Africa,South Africa,Point-in-time,Point-in-time,Point-in-time,Point-in-time,214.795,33.333,14376.0,14913.0,2,2001-02-01,2009-03-31,200,30,3500,100,29.15,5.725,1165940.6,2903049.5,40.1626152085936,7.80047907381016,1770682.0,Large,2001,Full (4/4),15127.795,214.795,Public,True,True,False,False,True,False,False,False,False,False,False,False,False,False,False,False,False,False,False,False,False,False,True,True
8092565,M&A,2002/3/1,Completed,Majority Purchase,Astrapak Ltd acquired Master Plastics Ltd for ZAR 123.75M. The transaction was completed on 3/1/2002.,ZAR,Cash,2002/3/1,,0.000000,75.000000,No,Materials,Materials,N,,Deloitte Touche,Friendly,South Africa,South Africa,MA-screen (current/latest),Point-in-time,MA-screen (current/latest),Point-in-time,336.917,504.479,461.001007,697.41803,2,2001-02-01,2009-03-31,200,30,3500,100,31.8166666666667,9.15,1360679.3,3010473.1,45.1981882847583,12.5379611113752,1584151.0,Intermediate,2002,Full (4/4),1201.89703,504.479,Public,False,False,False,False,False,True,False,False,False,False,False,False,False,False,False,False,False,False,False,False,False,False,True,False
8092791,BUY,2002/5/3,Completed,,,ZAR,,2002/6/12,4.33,0.000000,0.000000,,Industrials,Industrials,N,,,,South Africa,,Point-in-time,Point-in-time,Point-in-time,Point-in-time,1064.79296875,1189.47900390625,1064.79296875,1189.47900390625,2,2001-02-01,2009-03-31,200,30,3500,100,31.8166666666667,9.15,1360679.3,3010473.1,45.1981882847583,12.5379611113752,1584151.0,Intermediate,2002,Full (4/4),2378.9580078125,1189.47900390625,Public,False,False,False,False,False,False,False,False,False,False,False,False,False,False,False,False,False,False,False,False,False,False,False,False
8096688,M&A,2002/5/8,Completed,"Company Takeover, Additional Stake Purchase, Tender Offer",Altron Ltd acquired Power Technologies Pty Ltd/South Africa for ZAR 522.00M. The transaction was announced on 5/8/2002 and completed on 6/28/2002.,ZAR,Cash,2002/6/28,1.07,46.000000,54.000000,No,Utilities,Communications,N,,Nedcor Invest Bk,Friendly,South Africa,South Africa,Point-in-time,Point-in-time,Point-in-time,Point-in-time,2383.847,3272.218,6295.454102,8760.742188,2,2001-02-01,2009-03-31,200,30,3500,100,31.8166666666667,9.15,1360679.3,3010473.1,45.1981882847583,12.5379611113752,1584151.0,Large,2002,Full (4/4),12032.960188000001,3272.218,Public,True,True,False,False,True,False,False,False,False,False,False,False,False,False,False,False,False,False,False,False,False,False,True,True
81052681,INV,2013/9/3,Completed,"Cross Border, Private Equity, Minority Purchase",Tiso Blackstar Group SE sold a minority stake in Litha Healthcare Group Ltd to Paladin Labs Inc. The transaction was completed on 9/3/2013.,ZAR,Cash,2013/9/3,,0.000000,13.169100,No,Health Care,Health Care,N,,,Friendly,South Africa,Canada,Point-in-time,Point-in-time,Point-in-time,Point-in-time,1785.0,1434.46,604.517,210.2,3,2009-04-01,2017-09-30,560,80,6600,190,57.5166666666667,5.75833333333333,3868630.2,4302291.2,89.920231340919,5.84411132453906,10626244.0,Intermediate,2013,Full (4/4),2389.517,1785.0,Public,False,False,True,True,False,False,True,False,False,False,False,False,False,False,False,False,False,False,False,False,False,True,True,False
8132803,AST,2002/5/16,Terminated,"Cross Border, Asset Sale, Minority Purchase, Government Privatization",Republic of South Africa announced the sale of a minority stake in Denel SOC Ltd to BAE Systems PLC. The transaction was announced on 5/16/2002 and terminated on 4/23/2003.,ZAR,Undisclosed,2003/4/23,,0.000000,30.000000,No,Industrials,Industrials,N,,Rothschild & Co,Friendly,South Africa,United Kingdom,MA-screen (current/latest),Point-in-time,MA-screen (current/latest),Point-in-time,8525.0,2729.0,17206.0,9041.0,2,2001-02-01,2009-03-31,200,30,3500,100,31.8166666666667,9.15,1360679.3,3010473.1,45.1981882847583,12.5379611113752,1584151.0,Large,2002,Full (4/4),25731.0,8525.0,Private,False,False,True,True,False,False,False,False,False,False,False,False,False,False,False,False,True,False,False,True,False,False,True,False
82139991,M&A,2013/10/2,Completed,"Majority Purchase, Additional Stake Purchase, Tender Offer",Redefine Properties Ltd acquired Fountainhead Property Trust for ZAR 1075.97M. The transaction was announced on 10/2/2013 and completed on 10/24/2013.,ZAR,Stock,2013/10/24,,50.000000,11.700000,No,Real Estate,Real Estate,N,,,Unsolicited,South Africa,South Africa,Point-in-time,Point-in-time,Point-in-time,Point-in-time,11249.604,1074.471,46756.255,3023.568,3,2009-04-01,2017-09-30,560,80,6600,190,57.5166666666667,5.75833333333333,3868630.2,4302291.2,89.920231340919,5.84411132453906,10626244.0,Large,2013,Full (4/4),58005.859,11249.604,Public,False,True,False,False,True,True,False,False,False,False,False,False,False,False,False,False,False,False,False,False,False,False,True,True
83150596,INV,2013/10/30,Completed,"Cross Border, Minority Purchase, Tender Offer",Pinnacle Entertainment Inc/Old acquired a minority stake in Datacentrix Holdings Ltd. The transaction was completed on 10/30/2013. Financial terms of the transaction are undisclosed.,ZAR,Undisclosed,2013/10/30,,3.600000,29.790001,No,Technology,Consumer Discretionary,N,,,Hostile,South Africa,United States,MA-screen (current/latest),Point-in-time,Point-in-time,Point-in-time,1185.04,1757.762,2108.994,1002.836,3,2009-04-01,2017-09-30,560,80,6600,190,57.5166666666667,5.75833333333333,3868630.2,4302291.2,89.920231340919,5.84411132453906,10626244.0,Intermediate,2013,Full (4/4),3866.7560000000003,1757.762,Public,False,False,True,True,True,False,False,False,False,False,False,False,False,False,False,False,False,False,False,False,False,False,True,True
83296885,M&A,2013/5/28,Completed,"Company Takeover, Additional Stake Purchase",Bidvest Group Ltd/The acquired Mvelaserve Ltd for ZAR 1124.78M. The transaction was announced on 5/28/2013 and completed on 11/12/2013.,ZAR,Cash,2013/11/12,10.50,34.750000,65.250000,No,Industrials,Consumer Staples,N,,,Friendly,South Africa,South Africa,Point-in-time,Point-in-time,Point-in-time,Point-in-time,2357.396,4943.383,55895.146,133533.633,3,2009-04-01,2017-09-30,560,80,6600,190,57.5166666666667,5.75833333333333,3868630.2,4302291.2,89.920231340919,5.84411132453906,10626244.0,Large,2013,Full (4/4),138477.016,4943.383,Public,True,True,False,False,False,False,False,False,False,False,False,False,False,False,False,False,False,False,False,False,False,False,True,False
83584969,M&A,2014/1/29,Completed,"Cross Border, Majority Purchase",Standard Bank Group Ltd sold ICBC Standard Bank PLC to Industrial & Commercial Bank of China Ltd for USD 770.00M. The transaction was announced on 1/29/2014 and completed on 2/1/2015.,USD,Undisclosed,2015/2/1,,0.000000,60.000000,No,Financials,Financials,N,White & Case LLP,Citi/ICBC,Friendly,South Africa,China,Point-in-time,Point-in-time,Point-in-time,Point-in-time,18579.0,310.4,18917752.0,915094.0,3,2009-04-01,2017-09-30,560,80,6600,190,61.0166666666667,6.05,4133873.0,4363118.1,94.7458424286063,5.36654656658044,11505020.0,Large,2014,Full (4/4),18936331.0,18579.0,Private,False,False,True,False,False,True,False,False,False,False,False,False,False,False,False,False,False,False,False,False,False,False,True,False
8359633,M&A,2002/6/25,Completed,"Cross Border, Majority Purchase",Wesco Investments Ltd sold Toyota South Africa Pty Ltd to Toyota Motor Corp for ZAR 994.08M. The transaction was completed on 6/25/2002.,ZAR,Undisclosed,2002/6/25,,36.000000,39.000000,No,Consumer Discretionary,Consumer Discretionary,N,,KPMG Corp Fin,Friendly,South Africa,Japan,MA-screen (current/latest),Point-in-time,MA-screen (current/latest),Point-in-time,3725.34,7718.39,17519427.0,13424423.0,2,2001-02-01,2009-03-31,200,30,3500,100,31.8166666666667,9.15,1360679.3,3010473.1,45.1981882847583,12.5379611113752,1584151.0,Large,2002,Full (4/4),17527145.39,7718.39,Public,False,False,True,False,False,True,False,False,False,False,False,False,False,False,False,False,False,False,False,False,False,False,True,False
83669585,BUY,2013/10/16,Completed,,,ZAR,,2014/1/31,,0.000000,0.000000,,Consumer Discretionary,Consumer Discretionary,N,,,,South Africa,,Point-in-time,Point-in-time,Point-in-time,Point-in-time,2483.139,8293.728,2483.139,8293.728,3,2009-04-01,2017-09-30,560,80,6600,190,57.5166666666667,5.75833333333333,3868630.2,4302291.2,89.920231340919,5.84411132453906,10626244.0,Large,2013,Full (4/4),16587.456,8293.728,Public,False,False,False,False,False,False,False,False,False,False,False,False,False,False,False,False,False,False,False,False,False,False,False,False
8383517,M&A,2002/6/27,Completed,Majority Purchase,FirstRand Ltd sold Profurn Ltd to JD Group Ltd/South Africa for ZAR 959.39M. The transaction was announced on 6/27/2002 and completed on 4/30/2003.,ZAR,Stock,2003/4/30,,0.000000,78.800003,No,Consumer Discretionary,Consumer Discretionary,N,Feinsteins Attor,Gensec Bank,Friendly,South Africa,South Africa,Point-in-time,Point-in-time,Point-in-time,Point-in-time,3497.22998046875,2719.6259765625,4539.0,2030.0,2,2001-02-01,2009-03-31,200,30,3500,100,31.8166666666667,9.15,1360679.3,3010473.1,45.1981882847583,12.5379611113752,1584151.0,Large,2002,Full (4/4),8036.22998046875,3497.22998046875,Public,False,False,False,False,False,True,False,False,False,False,False,False,False,False,False,False,False,False,False,False,False,False,True,False
8401276,INV,2002/6/28,Completed,"Cross Border, Additional Stake Purchase",Anglo American PLC acquired Gold Fields Ltd. The transaction was completed on 6/28/2002. Financial terms of the transaction are undisclosed.,ZAR,Undisclosed,2002/6/28,,16.100000,3.900000,No,Materials,Materials,N,,,Friendly,South Africa,United Kingdom,Point-in-time,Point-in-time,Point-in-time,Point-in-time,1561.18512,1012.841266021191,25529.0,14786.0,2,2001-02-01,2009-03-31,200,30,3500,100,31.8166666666667,9.15,1360679.3,3010473.1,45.1981882847583,12.5379611113752,1584151.0,Large,2002,Full (4/4),27090.185120000002,1561.18512,Public,False,True,True,False,False,False,False,False,False,False,False,False,False,False,False,False,False,False,False,False,False,False,True,False
84408558,M&A,2013/12/2,Completed,Company Takeover,ELB Group Ltd acquired B&W Instrumentation and Electrical Ltd for ZAR 118.87M. The transaction was completed on 12/2/2013.,ZAR,Stock,2013/12/2,35.96,0.000000,100.000000,No,Industrials,Industrials,N,,,Friendly,South Africa,South Africa,Point-in-time,Point-in-time,Point-in-time,Point-in-time,300.597,442.374,1413.809,1725.479,3,2009-04-01,2017-09-30,560,80,6600,190,57.5166666666667,5.75833333333333,3868630.2,4302291.2,89.920231340919,5.84411132453906,10626244.0,Intermediate,2013,Full (4/4),2167.853,442.374,Public,True,False,False,False,False,False,False,False,False,False,False,False,False,False,False,False,False,False,False,False,False,False,False,False
84600187,INV,2013/12/5,Completed,Minority Purchase,Liberty Holdings Ltd sold a minority stake in Fairvest Ltd to Vukile Property Fund Ltd. The transaction was announced on 12/5/2013 and completed on 12/13/2013.,ZAR,Stock,2013/12/13,,0.000000,34.000000,No,Real Estate,Real Estate,N,,,Friendly,South Africa,South Africa,Point-in-time,Point-in-time,Point-in-time,Point-in-time,1184.277115,53.062853,6764.705,1046.136,3,2009-04-01,2017-09-30,560,80,6600,190,57.5166666666667,5.75833333333333,3868630.2,4302291.2,89.920231340919,5.84411132453906,10626244.0,Large,2013,Full (4/4),7948.982115,1184.277115,Public,False,False,False,True,False,False,False,False,False,False,False,False,False,False,False,False,False,False,False,False,False,False,True,False
84653570,INV,2013/12/6,Completed,Minority Purchase,Coronation Fund Managers Ltd sold a minority stake in Vividend Income Fund Ltd to Arrowhead Properties Ltd/Old. The transaction was announced on 12/6/2013 and completed on 3/1/2014.,ZAR,Stock,2014/3/1,,0.000000,31.700001,No,Financials,Real Estate,N,,,Friendly,South Africa,South Africa,Point-in-time,Point-in-time,Point-in-time,Point-in-time,1455.926,134.599,2459.563801,270.225828,3,2009-04-01,2017-09-30,560,80,6600,190,57.5166666666667,5.75833333333333,3868630.2,4302291.2,89.920231340919,5.84411132453906,10626244.0,Intermediate,2013,Full (4/4),3915.4898009999997,1455.926,Public,False,False,False,True,False,False,False,False,False,False,False,False,False,False,False,False,False,False,False,False,False,False,True,False
8470084,M&A,2002/7/8,Completed,"Company Takeover, Tender Offer",AMB Holdings Ltd acquired Servest Holdings Ltd for ZAR 252.73M. The transaction was announced on 7/8/2002 and completed on 9/20/2002.,ZAR,Cash,2002/9/20,35.24,0.000000,100.000000,No,Industrials,Financials,N,,African Merchant/KPMG Corp Fin,Friendly,South Africa,South Africa,Point-in-time,Point-in-time,Point-in-time,Point-in-time,559.178,779.351,2401.325927734375,435.3200073242188,2,2001-02-01,2009-03-31,200,30,3500,100,31.8166666666667,9.15,1360679.3,3010473.1,45.1981882847583,12.5379611113752,1584151.0,Intermediate,2002,Full (4/4),3180.676927734375,779.351,Public,True,False,False,False,True,False,False,False,False,False,False,False,False,False,False,False,False,False,False,False,False,False,False,True
84908332,INV,2013/12/12,Completed,Minority Purchase,A consortium led by Private Investor sold a minority stake in Control Instruments Group Pty Ltd to Torre Industries Ltd. The transaction was completed on 12/12/2013.,USD,Cash,2013/12/12,,0.000000,34.259998,No,Industrials,Industrials,N,,,Friendly,South Africa,South Africa,Point-in-time,Point-in-time,Point-in-time,Point-in-time,330.31,566.367,106.945,52.011,3,2009-04-01,2017-09-30,560,80,6600,190,57.5166666666667,5.75833333333333,3868630.2,4302291.2,89.920231340919,5.84411132453906,10626244.0,Intermediate,2013,Full (4/4),673.3119999999999,566.367,Public,False,False,False,True,False,False,False,False,False,False,False,False,False,False,False,False,False,False,False,False,False,False,True,False
8550377,M&A,2002/7/18,Completed,Company Takeover,JCI Ltd acquired Barnato Exploration Ltd. The transaction was announced on 7/18/2002 and completed on 10/14/2003. Financial terms of the transaction are undisclosed.,ZAR,Undisclosed,2003/10/14,,0.000000,100.000000,No,Materials,Materials,N,,,Friendly,South Africa,South Africa,Point-in-time,Point-in-time,Point-in-time,Point-in-time,76.9010009765625,3.052000045776367,1830.102051,86.128998,2,2001-02-01,2009-03-31,200,30,3500,100,31.8166666666667,9.15,1360679.3,3010473.1,45.1981882847583,12.5379611113752,1584151.0,Intermediate,2002,Full (4/4),1907.0030519765626,76.9010009765625,Public,True,False,False,False,False,False,False,False,False,False,False,False,False,False,False,False,False,False,False,False,False,False,False,False
86906498,M&A,2014/2/3,Completed,"Company Takeover, Additional Stake Purchase, Tender Offer",Torre Industries Ltd acquired Control Instruments Group Pty Ltd for ZAR 201.06M. The transaction was completed on 2/3/2014.,ZAR,Cash,2014/2/3,9.38,34.259998,65.739998,No,Industrials,Industrials,N,Cliffe Dekker Ho,PSG Capital Ltd,Friendly,South Africa,South Africa,Point-in-time,Point-in-time,Point-in-time,Point-in-time,329.789,553.549,332.144,83.076,3,2009-04-01,2017-09-30,560,80,6600,190,61.0166666666667,6.05,4133873.0,4363118.1,94.7458424286063,5.36654656658044,11505020.0,Intermediate,2014,Full (4/4),885.693,553.549,Public,True,True,False,False,True,False,False,False,False,False,False,False,False,False,False,False,False,False,False,False,False,False,True,True
8700900,M&A,2002/8/6,Completed,Company Takeover,Absa Group Ltd acquired Absa Trading & Investments Solutions Holdings Pty Ltd for ZAR 1006.65M. The transaction was announced on 8/6/2002 and completed on 4/1/2003.,ZAR,Cash and Stock,2003/4/1,41.88,0.000000,100.000000,No,Financials,Financials,N,Cliffe Dekker,ABSA Bk Ltd,Friendly,South Africa,South Africa,Point-in-time,Point-in-time,Point-in-time,Point-in-time,2968.9580078125,516.4030151367188,196514.0,28926.0,2,2001-02-01,2009-03-31,200,30,3500,100,31.8166666666667,9.15,1360679.3,3010473.1,45.1981882847583,12.5379611113752,1584151.0,Large,2002,Full (4/4),199482.9580078125,2968.9580078125,Public,True,False,False,False,False,False,False,False,False,False,False,False,False,False,False,False,False,False,False,False,False,False,False,False
87070842,INV,2014/2/5,Pending,Minority Purchase,Delta Property Fund Ltd announced the acquisition of a minority stake in Ascension Properties Ltd. The transaction was announced on 2/5/2014 and is currently pending.,ZAR,Cash,,,0.000000,17.750000,No,Real Estate,Real Estate,N,,,Friendly,South Africa,South Africa,Point-in-time,Point-in-time,Point-in-time,Point-in-time,2622.404,194.058,2241.546,139.959,3,2009-04-01,2017-09-30,560,80,6600,190,61.0166666666667,6.05,4133873.0,4363118.1,94.7458424286063,5.36654656658044,11505020.0,Intermediate,2014,Full (4/4),4863.95,2622.404,Public,False,False,False,True,False,False,False,False,False,False,False,False,False,False,False,False,False,False,False,False,False,False,True,False
87071928,INV,2014/2/5,Completed,Minority Purchase,Rebosis Property Fund Ltd acquired a minority stake in Ascension Properties Ltd. The transaction was announced on 2/5/2014 and completed on 2/3/2014.,ZAR,Cash and Stock,2014/2/3,,0.000000,15.960000,No,Real Estate,Real Estate,N,,,Friendly,South Africa,South Africa,Point-in-time,Point-in-time,Point-in-time,Point-in-time,2622.404,194.058,5474.837,582.672,3,2009-04-01,2017-09-30,560,80,6600,190,61.0166666666667,6.05,4133873.0,4363118.1,94.7458424286063,5.36654656658044,11505020.0,Large,2014,Full (4/4),8097.241,2622.404,Public,False,False,False,True,False,False,False,False,False,False,False,False,False,False,False,False,False,False,False,False,False,False,True,False
8718849,M&A,2002/7/4,Completed,"Company Takeover, Additional Stake Purchase, Tender Offer",Remgro Ltd acquired Hunt Leuchars & Hepburn Holdings Ltd for ZAR 576.10M. The transaction was announced on 7/4/2002 and completed on 11/5/2002.,ZAR,Cash,2002/11/5,17.69,73.000000,27.000000,No,Consumer Staples,Financials,N,,,Friendly,South Africa,South Africa,Point-in-time,Point-in-time,Point-in-time,Point-in-time,2676.913086,2996.937012,21554.0,5735.0,2,2001-02-01,2009-03-31,200,30,3500,100,31.8166666666667,9.15,1360679.3,3010473.1,45.1981882847583,12.5379611113752,1584151.0,Large,2002,Full (4/4),24550.937012,2996.937012,Public,True,True,False,False,True,False,False,False,False,False,False,False,False,False,False,False,False,False,False,False,False,False,True,True
8740429,M&A,2002/8/13,Completed,"Company Takeover, Additional Stake Purchase, Tender Offer",Nedbank Group Ltd acquired Nedcor Investment Bank Holdings Ltd for ZAR 934.66M. The transaction was announced on 8/13/2002 and completed on 10/22/2002.,ZAR,Stock,2002/10/22,-12.96,83.900002,16.100000,No,Financials,Financials,N,Edward Nathan,Ernst & Young,Friendly,South Africa,South Africa,Point-in-time,Point-in-time,Point-in-time,Point-in-time,30242.373047,3587.326904,197665.0,22240.0,2,2001-02-01,2009-03-31,200,30,3500,100,31.8166666666667,9.15,1360679.3,3010473.1,45.1981882847583,12.5379611113752,1584151.0,Large,2002,Full (4/4),227907.373047,30242.373047,Public,True,True,False,False,True,False,False,False,False,False,False,False,False,False,False,False,False,False,False,False,False,False,True,True
8763097,INV,2002/8/15,Completed,"Cross Border, Minority Purchase",Deepgreen Minerals Corp Pty Ltd sold a minority stake in Efora Energy Ltd to MC Mining Ltd. The transaction was announced on 8/15/2002 and completed on 10/31/2002.,AUD,Cash or Stock,2002/10/31,,0.000000,15.000000,No,Materials,Materials,N,,,Friendly,South Africa,Australia,Point-in-time,Point-in-time,Point-in-time,MA-screen (current/latest),17.479999542236328,8.772000312805176,0.7806569092392921,317.112,2,2001-02-01,2009-03-31,200,30,3500,100,31.8166666666667,9.15,1360679.3,3010473.1,45.1981882847583,12.5379611113752,1584151.0,Small,2002,Full (4/4),334.59199954223635,17.479999542236328,Public,False,False,True,True,False,False,False,False,False,False,False,False,False,False,False,False,False,False,False,False,False,False,True,False
8763109,INV,2002/8/15,Completed,"Cross Border, Minority Purchase",Cambrian Mining Ltd sold a minority stake in Efora Energy Ltd to MC Mining Ltd. The transaction was announced on 8/15/2002 and completed on 10/31/2002.,GBP,Cash or Stock,2002/10/31,,0.000000,19.500000,No,Materials,Materials,N,,,Friendly,South Africa,Australia,Point-in-time,Point-in-time,Point-in-time,MA-screen (current/latest),17.479999542236328,8.772000312805176,0.7806569092392921,317.112,2,2001-02-01,2009-03-31,200,30,3500,100,31.8166666666667,9.15,1360679.3,3010473.1,45.1981882847583,12.5379611113752,1584151.0,Small,2002,Full (4/4),334.59199954223635,17.479999542236328,Public,False,False,True,True,False,False,False,False,False,False,False,False,False,False,False,False,False,False,False,False,False,False,True,False
88355654,M&A,2014/3/7,Completed,Company Takeover,Redefine Properties Ltd acquired Annuity Properties Pty Ltd for ZAR 1254.23M. The transaction was announced on 3/7/2014 and completed on 6/24/2014.,ZAR,Stock,2014/6/24,2.30,0.000000,100.000000,No,Real Estate,Real Estate,N,Cliffe Dekker Ho,Java Capital,Friendly,South Africa,South Africa,Point-in-time,Point-in-time,Point-in-time,Point-in-time,1455.910888,108.662367,48881.597,4195.36,3,2009-04-01,2017-09-30,560,80,6600,190,61.0166666666667,6.05,4133873.0,4363118.1,94.7458424286063,5.36654656658044,11505020.0,Large,2014,Full (4/4),50337.507888,1455.910888,Public,True,False,False,False,False,False,False,False,False,False,False,False,False,False,False,False,False,False,False,False,False,False,False,False
8840745,M&A,2002/8/23,Terminated,"Company Takeover, Cross Border, Additional Stake Purchase",Masonite International Corp/Pre-May 2005 announced the acquisition of Masonite Africa Ltd for ZAR 21.55M. The transaction was announced on 8/23/2002 and terminated on 10/28/2002.,ZAR,Cash,2002/10/28,47.70,67.000000,33.000000,No,Consumer Discretionary,Consumer Discretionary,N,,Nedcor Invest Bk,Friendly,South Africa,Canada,Point-in-time,Point-in-time,Point-in-time,Point-in-time,180.54800415039065,282.489013671875,1442.286011,1421.602051,2,2001-02-01,2009-03-31,200,30,3500,100,31.8166666666667,9.15,1360679.3,3010473.1,45.1981882847583,12.5379611113752,1584151.0,Intermediate,2002,Full (4/4),1724.775024671875,282.489013671875,Public,True,True,True,False,False,False,False,False,False,False,False,False,False,False,False,False,False,False,False,False,False,False,True,False
88579430,M&A,2014/3/13,Completed,"Company Takeover, Cross Border",Foster Wheeler AG acquired MDM Engineering Group Ltd for GBP 44.43M. The transaction was announced on 3/13/2014 and completed on 10/23/2014.,GBP,Cash,2014/10/23,15.18,0.000000,100.000000,No,Industrials,Industrials,N,Conyers Dill/Latham & Watkins,Barclays,Friendly,South Africa,Switzerland,Point-in-time,Point-in-time,Point-in-time,Point-in-time,61.379504,137.198843,2740.272,3306.45,3,2009-04-01,2017-09-30,560,80,6600,190,61.0166666666667,6.05,4133873.0,4363118.1,94.7458424286063,5.36654656658044,11505020.0,Intermediate,2014,Full (4/4),3443.648843,137.198843,Public,True,False,True,False,False,False,False,False,False,False,False,False,False,False,False,False,False,False,False,False,False,False,False,False
89180323,M&A,2014/3/27,Completed,"Company Takeover, Additional Stake Purchase, Tender Offer",Acucap Properties Ltd acquired Sycom Property Fund for ZAR 3136.21M. The transaction was announced on 3/27/2014 and completed on 9/29/2014.,ZAR,Stock,2014/9/29,1.13,33.389999,50.009998,No,Real Estate,Real Estate,N,Dla Piper Llp,,Friendly,South Africa,South Africa,Point-in-time,Point-in-time,Point-in-time,Point-in-time,8987.349,667.313,10348.663,650.79,3,2009-04-01,2017-09-30,560,80,6600,190,61.0166666666667,6.05,4133873.0,4363118.1,94.7458424286063,5.36654656658044,11505020.0,Large,2014,Full (4/4),19336.012000000002,8987.349,Public,True,True,False,False,True,False,False,False,False,False,False,False,False,False,False,False,False,False,False,False,False,False,True,True
8926204,M&A,2002/6/20,Completed,Company Takeover,Absa Group Ltd acquired Midas Pty Ltd for ZAR 78.70M. The transaction was announced on 6/20/2002 and completed on 10/11/2002.,ZAR,Cash,2002/10/11,-24.56,0.000000,100.000000,No,Consumer Discretionary,Financials,N,,,Friendly,South Africa,South Africa,Point-in-time,Point-in-time,Point-in-time,Point-in-time,300.241,867.095,196514.0,28926.0,2,2001-02-01,2009-03-31,200,30,3500,100,31.8166666666667,9.15,1360679.3,3010473.1,45.1981882847583,12.5379611113752,1584151.0,Large,2002,Full (4/4),197381.095,867.095,Public,True,False,False,False,False,False,False,False,False,False,False,False,False,False,False,False,False,False,False,False,False,False,False,False
8932743,INV,2002/9/5,Completed,"Cross Border, Additional Stake Purchase",Petroliam Nasional Bhd acquired Energy Africa Pty Ltd for ZAR 392.48M. The transaction was announced on 9/5/2002 and completed on 11/15/2002.,ZAR,Cash,2002/11/15,24.67,56.700001,8.700000,No,Energy,Energy,N,Freshfields/Webber Wentzel,Lambert Energy/Morgan Stanley,Hostile,South Africa,Malaysia,Point-in-time,Point-in-time,Point-in-time,Point-in-time,194.73238285965,138.99148536152202,139038.903,73357.18829999982,2,2001-02-01,2009-03-31,200,30,3500,100,31.8166666666667,9.15,1360679.3,3010473.1,45.1981882847583,12.5379611113752,1584151.0,Large,2002,Full (4/4),139233.63538285965,194.73238285965,Public,False,True,True,False,False,False,False,False,False,False,False,False,False,False,False,False,False,False,False,False,False,False,True,False
89443655,M&A,2014/4/1,Completed,"Company Takeover, Additional Stake Purchase",Arrowhead Properties Ltd/Old acquired Vividend Income Fund Ltd for ZAR 465.48M. The transaction was announced on 4/1/2014 and completed on 8/5/2014.,ZAR,Stock,2014/8/5,-47.93,31.700001,68.300003,No,Financials,Real Estate,N,,,Friendly,South Africa,South Africa,Point-in-time,Point-in-time,Point-in-time,Point-in-time,2276.2,198.702,3218.077707,443.714036,3,2009-04-01,2017-09-30,560,80,6600,190,61.0166666666667,6.05,4133873.0,4363118.1,94.7458424286063,5.36654656658044,11505020.0,Intermediate,2014,Full (4/4),5494.277706999999,2276.2,Public,True,True,False,False,False,False,False,False,False,False,False,False,False,False,False,False,False,False,False,False,False,False,True,False
89577577,M&A,2014/4/3,Completed,"Company Takeover, Additional Stake Purchase",Adcorp Holdings Ltd acquired Kelly Group SA Pty Ltd for ZAR 120.65M. The transaction was announced on 4/3/2014 and completed on 11/25/2014.,ZAR,Cash or Stock,2014/11/25,29.60,29.000000,71.000000,No,Industrials,Industrials,N,,,Friendly,South Africa,South Africa,Point-in-time,Point-in-time,Point-in-time,Point-in-time,562.664,1422.637,4127.896,8616.842,3,2009-04-01,2017-09-30,560,80,6600,190,61.0166666666667,6.05,4133873.0,4363118.1,94.7458424286063,5.36654656658044,11505020.0,Large,2014,Full (4/4),10039.479000000001,1422.637,Public,True,True,False,False,False,False,False,False,False,False,False,False,False,False,False,False,False,False,False,False,False,False,True,False
8975685,M&A,2002/9/11,Completed,"Company Takeover, Additional Stake Purchase, Tender Offer",Caxton and CTP Publishers and Printers Ltd acquired Caxton Publishers & Printers Ltd for ZAR 491.27M. The transaction was announced on 9/11/2002 and completed on 12/24/2002.,ZAR,Cash,2002/12/24,10.42,79.400002,20.600000,No,Communications,Communications,N,,,Friendly,South Africa,South Africa,Point-in-time,Point-in-time,Point-in-time,Point-in-time,2229.894,2096.349,2391.9729,2096.349121,2,2001-02-01,2009-03-31,200,30,3500,100,31.8166666666667,9.15,1360679.3,3010473.1,45.1981882847583,12.5379611113752,1584151.0,Large,2002,Full (4/4),4621.8669,2229.894,Public,True,True,False,False,True,False,False,False,False,False,False,False,False,False,False,False,False,False,False,False,False,False,True,True
8982811,M&A,2001/10/23,Completed,Company Takeover,Altron Ltd acquired Fintech Ltd for ZAR 1061.90M. The transaction was announced on 10/23/2001 and completed on 12/13/2001.,ZAR,Undisclosed,2001/12/13,,0.000000,100.000000,No,Technology,Communications,N,,,Friendly,South Africa,South Africa,Point-in-time,Point-in-time,Point-in-time,Point-in-time,1318.12,116.757,4915.05810546875,6741.64599609375,2,2001-02-01,2009-03-31,200,30,3500,100,29.15,5.725,1165940.6,2903049.5,40.1626152085936,7.80047907381016,1770682.0,Large,2001,Full (4/4),8059.76599609375,1318.12,Public,True,False,False,False,False,False,False,False,False,False,False,False,False,False,False,False,False,False,False,False,False,False,False,False
89832300,M&A,2014/7/4,Terminated,"Company Takeover, Additional Stake Purchase",Redefine Properties Ltd announced the acquisition of Fountainhead Property Trust for ZAR 3100.76M. The transaction was announced on 7/4/2014 and terminated on 8/22/2014.,ZAR,Stock,2014/8/22,2.15,65.870003,34.130001,No,Real Estate,Real Estate,N,,,Friendly,South Africa,South Africa,Point-in-time,Point-in-time,MA-screen (current/latest),Point-in-time,11598.64,1282.03,48881.597,4195.36,3,2009-04-01,2017-09-30,560,80,6600,190,61.0166666666667,6.05,4133873.0,4363118.1,94.7458424286063,5.36654656658044,11505020.0,Large,2014,Full (4/4),60480.237,11598.64,Public,True,True,False,False,False,False,False,False,False,False,False,False,False,False,False,False,False,False,False,False,False,False,True,False
89832318,M&A,2014/4/10,Completed,"Company Takeover, Cross Border",A consortium led by Standard Bank Group Ltd sold BNP Paribas Personal Finance South Africa Ltd to BNP Paribas SA for ZAR 2650.00M. The transaction was announced on 4/10/2014 and completed on 8/6/2014.,ZAR,Cash,2014/8/6,,0.000000,100.000000,No,Financials,Financials,N,,,Friendly,South Africa,France,MA-screen (current/latest),Point-in-time,MA-screen (current/latest),Point-in-time,14945.1,4237.01,1810522.0,59846.0,3,2009-04-01,2017-09-30,560,80,6600,190,61.0166666666667,6.05,4133873.0,4363118.1,94.7458424286063,5.36654656658044,11505020.0,Large,2014,Full (4/4),1825467.1,14945.1,Private,True,False,True,False,False,False,False,False,False,False,False,False,False,False,False,False,False,False,False,False,False,False,False,False
89949754,INV,2014/4/14,Completed,Minority Purchase,Growthpoint Properties Ltd acquired a minority stake in Acucap Properties Ltd. The transaction was announced on 4/14/2014 and completed on 5/15/2014.,ZAR,Stock,2014/5/15,14.23,0.000000,34.900002,No,Real Estate,Real Estate,N,,,Friendly,South Africa,South Africa,Point-in-time,Point-in-time,Point-in-time,Point-in-time,10348.663,650.79,64154.0,5782.0,3,2009-04-01,2017-09-30,560,80,6600,190,61.0166666666667,6.05,4133873.0,4363118.1,94.7458424286063,5.36654656658044,11505020.0,Large,2014,Full (4/4),74502.663,10348.663,Public,False,False,False,True,False,False,False,False,False,False,False,False,False,False,False,False,False,False,False,False,False,False,True,False
89949910,INV,2014/4/14,Completed,Minority Purchase,Growthpoint Properties Ltd acquired a minority stake in Sycom Property Fund. The transaction was announced on 4/14/2014 and completed on 5/16/2014.,ZAR,Stock,2014/5/16,15.39,0.000000,31.494699,No,Real Estate,Real Estate,N,,,Friendly,South Africa,South Africa,Point-in-time,Point-in-time,Point-in-time,Point-in-time,8987.349,667.313,64154.0,5782.0,3,2009-04-01,2017-09-30,560,80,6600,190,61.0166666666667,6.05,4133873.0,4363118.1,94.7458424286063,5.36654656658044,11505020.0,Large,2014,Full (4/4),73141.349,8987.349,Public,False,False,False,True,False,False,False,False,False,False,False,False,False,False,False,False,False,False,False,False,False,False,True,False
9017935,M&A,2002/9/18,Completed,"Company Takeover, Additional Stake Purchase, Tender Offer",Alexander Forbes Ltd acquired Investment Solutions Holdings Ltd for ZAR 711.71M. The transaction was announced on 9/18/2002 and completed on 12/18/2002.,ZAR,Cash or Stock,2002/12/18,26.15,59.599998,40.400002,No,Financials,Financials,N,Edward Nathan,Cazenove/Investec Bank,Friendly,South Africa,South Africa,Point-in-time,Point-in-time,Point-in-time,Point-in-time,32950.21875,333.7030029296875,6633.0,3284.0,2,2001-02-01,2009-03-31,200,30,3500,100,31.8166666666667,9.15,1360679.3,3010473.1,45.1981882847583,12.5379611113752,1584151.0,Large,2002,Full (4/4),39583.21875,32950.21875,Public,True,True,False,False,True,False,False,False,False,False,False,False,False,False,False,False,False,False,False,False,False,False,True,True
9086339,M&A,2002/9/26,Completed,Company Takeover,Naspers Ltd acquired MIH Holdings Pty Ltd for ZAR 811.85M. The transaction was announced on 9/26/2002 and completed on 12/24/2002.,ZAR,Stock,2002/12/24,4.08,65.000000,35.000000,No,Communications,Communications,N,Cravath Swaine,,Friendly,South Africa,South Africa,Point-in-time,Point-in-time,Point-in-time,Point-in-time,15334.277344,5684.97998,2177.3393501132814,1132.3967739565198,2,2001-02-01,2009-03-31,200,30,3500,100,31.8166666666667,9.15,1360679.3,3010473.1,45.1981882847583,12.5379611113752,1584151.0,Large,2002,Full (4/4),17511.616694113283,15334.277344,Public,True,False,False,False,False,False,False,False,False,False,False,False,False,False,False,False,False,False,False,False,False,False,False,False
91126873,INV,2013/12/31,Completed,"Cross Border, Private Equity, Minority Purchase",Helios Investment Partners LLP acquired a minority stake in Bayport Management Ltd. The transaction was completed on 12/31/2013.,USD,Cash,2013/12/31,,0.000000,23.400000,No,Financials,Financials,N,,,Friendly,South Africa,Kenya,MA-screen (current/latest),Point-in-time,MA-screen (current/latest),Point-in-time,22439.5,4996.71,3.5692428822,7.655547024705442,3,2009-04-01,2017-09-30,560,80,6600,190,57.5166666666667,5.75833333333333,3868630.2,4302291.2,89.920231340919,5.84411132453906,10626244.0,Large,2013,Full (4/4),22447.155547024704,22439.5,Public,False,False,True,True,False,False,True,False,False,False,False,False,False,False,False,False,False,False,False,False,False,True,True,False
91573262,M&A,2014/5/22,Completed,Company Takeover,Telkom SA SOC Ltd acquired Business Connexion Group Ltd for ZAR 2707.42M. The transaction was announced on 5/22/2014 and completed on 8/25/2015.,ZAR,Cash,2015/8/25,14.46,0.000000,100.000000,No,Technology,Communications,N,Edward Nathan,Barclays,Friendly,South Africa,South Africa,Point-in-time,Point-in-time,Point-in-time,Point-in-time,3939.29,6173.339,41575.0,32143.0,3,2009-04-01,2017-09-30,560,80,6600,190,61.0166666666667,6.05,4133873.0,4363118.1,94.7458424286063,5.36654656658044,11505020.0,Large,2014,Full (4/4),47748.339,6173.339,Public,True,False,False,False,False,False,False,False,False,False,False,False,False,False,False,False,False,False,False,False,False,False,False,False
92321790,M&A,2014/6/10,Completed,"Company Takeover, Additional Stake Purchase",Octodec Investments Ltd acquired Premium Properties Ltd for ZAR 4435.42M. The transaction was announced on 6/10/2014 and completed on 9/22/2014.,ZAR,Stock,2014/9/22,-0.16,14.900000,85.099998,No,Real Estate,Real Estate,N,,,Friendly,South Africa,South Africa,Point-in-time,Point-in-time,Point-in-time,Point-in-time,4729.063,585.918,4022.844,537.924,3,2009-04-01,2017-09-30,560,80,6600,190,61.0166666666667,6.05,4133873.0,4363118.1,94.7458424286063,5.36654656658044,11505020.0,Large,2014,Full (4/4),8751.907,4729.063,Public,True,True,False,False,False,False,False,False,False,False,False,False,False,False,False,False,False,False,False,False,False,False,True,False
9263986,M&A,2002/10/16,Completed,Cross Border,Grupo Minersa Minerales y Productos Derivados SA acquired Metorex Ltd for ZAR 19.60M. The transaction was completed on 10/16/2002.,ZAR,Cash,2002/10/16,-9.12,0.000000,5.037000,No,Materials,Materials,N,,,Friendly,South Africa,Spain,Point-in-time,MA-screen (current/latest),Point-in-time,MA-screen (current/latest),766.846985,720.257996,17823.7,9254.15,2,2001-02-01,2009-03-31,200,30,3500,100,31.8166666666667,9.15,1360679.3,3010473.1,45.1981882847583,12.5379611113752,1584151.0,Large,2002,Full (4/4),18590.546985,766.846985,Public,False,False,True,False,False,False,False,False,False,False,False,False,False,False,False,False,False,False,False,False,False,False,False,False
92792024,INV,2014/6/23,Completed,"Cross Border, Minority Purchase",Marsh & McLennan Cos Inc acquired a minority stake in Alexander Forbes Group Holdings Ltd. The transaction was announced on 6/23/2014 and completed on 10/31/2014. Financial terms of the transaction are undisclosed.,ZAR,Undisclosed,2014/10/31,,0.000000,34.000000,No,Financials,Financials,N,Slaughter and Ma/Webber Wentzel,BofA ML,Friendly,South Africa,United States,Point-in-time,Point-in-time,Point-in-time,Point-in-time,278037.0,4388.0,16980.0,12261.0,3,2009-04-01,2017-09-30,560,80,6600,190,61.0166666666667,6.05,4133873.0,4363118.1,94.7458424286063,5.36654656658044,11505020.0,Large,2014,Full (4/4),295017.0,278037.0,Public,False,False,True,True,False,False,False,False,False,False,False,False,False,False,False,False,False,False,False,False,False,False,True,False
93388347,INV,2014/7/7,Completed,"Cross Border, Minority Purchase",Abi Sab Group Holding Ltd sold a minority stake in Tsogo Sun Limited to Tsogo Sun Limited. The transaction was announced on 7/7/2014 and completed on 8/29/2014.,ZAR,Cash,2014/8/29,,0.000000,11.000000,No,Consumer Discretionary,Consumer Discretionary,N,,,Friendly,South Africa,South Africa,Point-in-time,Point-in-time,Point-in-time,Point-in-time,17430.0,9910.0,17430.0,9910.0,3,2009-04-01,2017-09-30,560,80,6600,190,61.0166666666667,6.05,4133873.0,4363118.1,94.7458424286063,5.36654656658044,11505020.0,Large,2014,Full (4/4),34860.0,17430.0,Public,False,False,True,True,False,False,False,False,False,False,False,False,False,False,False,False,False,False,False,False,False,False,True,False
93904219,INV,2014/7/21,Completed,"Cross Border, Minority Purchase",Oriole Resources PLC acquired a minority stake in Goldstone Resources Ltd. The transaction was announced on 7/21/2014 and completed on 11/3/2014.,GBP,Cash,2014/11/3,-90.37,0.000000,33.430000,No,Materials,Materials,N,,,Friendly,South Africa,United Kingdom,Point-in-time,Point-in-time,MA-screen (current/latest),Point-in-time,0.827814,199.63,24.370338,0.0,3,2009-04-01,2017-09-30,560,80,6600,190,61.0166666666667,6.05,4133873.0,4363118.1,94.7458424286063,5.36654656658044,11505020.0,Small,2014,Full (4/4),224.000338,199.63,Public,False,False,True,True,False,False,False,False,False,False,False,False,False,False,False,False,False,False,False,False,False,False,True,False
93904273,M&A,2014/7/21,Completed,"Option Agreement, Cross Border, Majority Purchase, Additional Stake Purchase",Oriole Resources PLC acquired Goldstone Resources Ltd for GBP 0.47M. The transaction was announced on 7/21/2014 and completed on 11/3/2014.,GBP,Cash,2014/11/3,-88.76,33.430000,16.670000,No,Materials,Materials,N,,,Friendly,South Africa,United Kingdom,Point-in-time,Point-in-time,MA-screen (current/latest),Point-in-time,0.827814,199.63,24.370338,0.0,3,2009-04-01,2017-09-30,560,80,6600,190,61.0166666666667,6.05,4133873.0,4363118.1,94.7458424286063,5.36654656658044,11505020.0,Small,2014,Full (4/4),224.000338,199.63,Public,False,True,True,False,False,True,False,False,False,False,False,False,False,True,False,False,False,False,False,False,False,False,True,False
94018445,INV,2013/3/4,Completed,"Mandatory Offer, Additional Stake Purchase",Afrimat Ltd acquired Infrasors Holdings Ltd for ZAR 5.34M. The transaction was announced on 3/4/2013 and completed on 7/5/2013.,ZAR,Cash,2013/7/5,48.06,50.759998,4.430600,No,Materials,Materials,N,,,Friendly,South Africa,South Africa,Point-in-time,Point-in-time,Point-in-time,Point-in-time,693.325,272.744,1000.377433,996.13747,3,2009-04-01,2017-09-30,560,80,6600,190,57.5166666666667,5.75833333333333,3868630.2,4302291.2,89.920231340919,5.84411132453906,10626244.0,Intermediate,2013,Full (4/4),1693.702433,693.325,Public,False,True,False,False,False,False,False,True,False,False,False,False,False,False,False,False,False,False,False,False,False,False,True,True
94360270,INV,2014/7/31,Pending,"Private Placement, Minority Purchase",Grand Parade Investments Ltd announced the acquisition of a minority stake in Spur Corp Ltd. The transaction was announced on 7/31/2014 and is currently pending.,ZAR,Cash,,,0.000000,10.000000,No,Consumer Discretionary,Financials,N,,,Friendly,South Africa,South Africa,Point-in-time,Point-in-time,Point-in-time,Point-in-time,696.213,671.552,2002.411,15.593,3,2009-04-01,2017-09-30,560,80,6600,190,61.0166666666667,6.05,4133873.0,4363118.1,94.7458424286063,5.36654656658044,11505020.0,Intermediate,2014,Full (4/4),2698.624,696.213,Public,False,False,False,True,False,False,False,False,True,False,False,False,False,False,False,False,False,False,False,False,False,False,True,False
9461995,M&A,2002/7/19,Completed,"Company Takeover, Cross Border, Additional Stake Purchase",Winiadaewoo Co Ltd acquired Daewoo Electronics SA Ltd for ZAR 0.41M. The transaction was announced on 7/19/2002 and completed on 11/12/2002.,ZAR,Cash,2002/11/12,-2.50,60.400002,39.599998,No,Technology,Consumer Discretionary,N,,,Friendly,South Africa,South Korea,Point-in-time,Point-in-time,Point-in-time,Point-in-time,158.08799743652344,149.54400634765625,3058144.47437,3382997.488781,2,2001-02-01,2009-03-31,200,30,3500,100,31.8166666666667,9.15,1360679.3,3010473.1,45.1981882847583,12.5379611113752,1584151.0,Large,2002,Full (4/4),3383155.5767784365,158.08799743652344,Public,True,True,True,False,False,False,False,False,False,False,False,False,False,False,False,False,False,False,False,False,False,False,True,False
96387337,M&A,2014/3/3,Completed,Company Takeover,Collins Property Group Ltd acquired Mettle Investments Ltd for ZAR 32.00M. The transaction was completed on 3/3/2014.,ZAR,Stock,2014/3/3,,0.000000,100.000000,Yes,Financials,Consumer Staples,N,,,Friendly,South Africa,South Africa,MA-screen (current/latest),Point-in-time,MA-screen (current/latest),Point-in-time,1851.66,307.041,103.036,10.095,3,2009-04-01,2017-09-30,560,80,6600,190,61.0166666666667,6.05,4133873.0,4363118.1,94.7458424286063,5.36654656658044,11505020.0,Intermediate,2014,Full (4/4),1954.6960000000001,1851.66,Public,True,False,False,False,False,False,False,False,False,False,False,False,False,False,False,False,False,False,False,False,False,False,False,False
96655904,INV,2014/9/26,Completed,Additional Stake Purchase,Goldrush Holdings Ltd acquired Trans Hex Group Ltd. The transaction was completed on 9/26/2014. Financial terms of the transaction are undisclosed.,ZAR,Undisclosed,2014/9/26,,12.250000,12.050000,No,Materials,Financials,N,,,Friendly,South Africa,South Africa,Point-in-time,Point-in-time,Point-in-time,Point-in-time,990.427,751.304,606.024023,20.773118,3,2009-04-01,2017-09-30,560,80,6600,190,61.0166666666667,6.05,4133873.0,4363118.1,94.7458424286063,5.36654656658044,11505020.0,Intermediate,2014,Full (4/4),1596.451023,990.427,Public,False,True,False,False,False,False,False,False,False,False,False,False,False,False,False,False,False,False,False,False,False,False,True,False
9738539,INV,2002/12/12,Completed,"Cross Border, Minority Purchase",Redwood Holding SA sold a minority stake in Vodacom Group Ltd to Vodafone Group PLC. The transaction was completed on 12/12/2002.,ZAR,Cash,2002/12/12,,31.500000,3.500000,No,Financials,Communications,N,,,Friendly,South Africa,United Kingdom,MA-screen (current/latest),Point-in-time,MA-screen (current/latest),Point-in-time,276433.0,167652.0,278099.548,24463.06982307693,2,2001-02-01,2009-03-31,200,30,3500,100,31.8166666666667,9.15,1360679.3,3010473.1,45.1981882847583,12.5379611113752,1584151.0,Large,2002,Full (4/4),554532.548,276433.0,Public,False,False,True,True,False,False,False,False,False,False,False,False,False,False,False,False,False,False,False,False,False,False,True,False
9738627,INV,2002/12/12,Completed,Additional Stake Purchase,Redwood Holding SA sold Vodacom Group Ltd to VenFin Pty Ltd for ZAR 450.00M. The transaction was completed on 12/12/2002.,ZAR,Cash,2002/12/12,,13.500000,1.500000,No,Communications,Financials,N,,,Friendly,South Africa,South Africa,MA-screen (current/latest),Point-in-time,MA-screen (current/latest),Point-in-time,276433.0,167652.0,7077.0,19.0,2,2001-02-01,2009-03-31,200,30,3500,100,31.8166666666667,9.15,1360679.3,3010473.1,45.1981882847583,12.5379611113752,1584151.0,Large,2002,Full (4/4),283510.0,276433.0,Public,False,True,False,False,False,False,False,False,False,False,False,False,False,False,False,False,False,False,False,False,False,False,True,False
9741699,M&A,2002/12/12,Completed,"Company Takeover, Bankruptcy/Liquidation",Pepkor Ltd acquired Fashion Africa Ltd. The transaction was announced on 12/12/2002 and completed on 12/31/2003. Financial terms of the transaction are undisclosed.,ZAR,Undisclosed,2003/12/31,,0.000000,100.000000,No,Consumer Discretionary,Consumer Discretionary,N,,,Friendly,South Africa,South Africa,Point-in-time,Point-in-time,Point-in-time,Point-in-time,131.432,291.325,2415.909912,4762.412109,2,2001-02-01,2009-03-31,200,30,3500,100,31.8166666666667,9.15,1360679.3,3010473.1,45.1981882847583,12.5379611113752,1584151.0,Large,2002,Full (4/4),5053.737109,291.325,Public,True,False,False,False,False,False,False,False,False,False,False,False,False,False,False,False,False,False,False,False,True,False,False,False
97516770,INV,2015/7/1,Completed,"Private Equity, Minority Purchase, Government Privatization","On 07/01/2015, The Republic of South Africa sold its 13.91% holding in Vodacom Group Ltd to the Public Investment Corp Ltd. It was reported on 06/05/2015 and on 05/05/2015 that Public Investment Corp was considering acquiring a stake in Vodacom Ltd. On 02/02/2015, it was reported that South A...",ZAR,Undisclosed,2015/12/2,,0.000000,13.910000,No,Communications,Financials,N,,,Friendly,South Africa,South Africa,Point-in-time,Point-in-time,Point-in-time,Point-in-time,60741.0,75711.0,1206.976,808.88,3,2009-04-01,2017-09-30,560,80,6600,190,63.825,4.58333333333333,4420792.5,4420792.5,100.0,5.54552837012652,11727560.0,Large,2015,Full (4/4),76917.976,75711.0,Public,False,False,False,True,False,False,True,False,False,False,False,False,False,False,False,False,True,False,False,False,False,True,True,False
97564370,M&A,2015/2/12,Withdrawn,"Majority Purchase, Government Privatization","On 02/12/2015 it was reported that MTN Group Ltd are exploring a possible majority purchase of Telkom SA SOC Ltd, according to people familiar with the matter. On 10/16/2014, Business Day reported that Republic of South Africa may sell its about 39.8 percent stake in Telkom SA SOC Ltd.",ZAR,Undisclosed,2015/2/12,,0.000000,0.000000,No,Communications,Communications,N,,,Friendly,South Africa,South Africa,Point-in-time,Point-in-time,Point-in-time,Point-in-time,39405.0,31288.0,253685.0,146930.0,3,2009-04-01,2017-09-30,560,80,6600,190,63.825,4.58333333333333,4420792.5,4420792.5,100.0,5.54552837012652,11727560.0,Large,2015,Full (4/4),293090.0,39405.0,Public,False,False,False,False,False,True,False,False,False,False,False,False,False,False,False,False,True,False,False,False,False,False,True,False
97634415,M&A,2005/6/2,Completed,Cross Border,Hanwa Co Ltd acquired Samancor Chrome Ltd for ZAR 245.03M. The transaction was completed on 6/2/2005.,ZAR,Undisclosed,2005/6/2,,0.000000,0.000000,No,Materials,Materials,N,,Daiwa Secs Cap,Friendly,South Africa,Japan,MA-screen (current/latest),Point-in-time,MA-screen (current/latest),Point-in-time,6260.85,4082.13,293527.0,751964.0,2,2001-02-01,2009-03-31,200,30,3500,100,35.275,3.4,1837001.4,3411409.9,53.8487444736559,5.5970108718677,3586112.0,Large,2005,Full (4/4),758224.85,6260.85,Public,False,False,True,False,False,False,False,False,False,False,False,False,False,False,False,False,False,False,False,False,False,False,False,False
9763907,M&A,2002/12/3,Completed,"Company Takeover, Tender Offer",PSG Group Ltd acquired Appleton Ltd for ZAR 69.07M. The transaction was announced on 12/3/2002 and completed on 4/15/2003.,ZAR,Cash,2003/4/15,24.14,0.000000,100.000000,No,Financials,Financials,N,Hofmeyr Herbstei,Corpcap Bank Ltd,Friendly,South Africa,South Africa,Point-in-time,Point-in-time,Point-in-time,Point-in-time,170.6479949951172,148.28500366210938,3415.56,721.759,2,2001-02-01,2009-03-31,200,30,3500,100,31.8166666666667,9.15,1360679.3,3010473.1,45.1981882847583,12.5379611113752,1584151.0,Large,2002,Full (4/4),3586.207994995117,170.6479949951172,Public,True,False,False,False,True,False,False,False,False,False,False,False,False,False,False,False,False,False,False,False,False,False,False,True
9780270,BUY,2002/3/20,Completed,,,ZAR,,2003/1/31,17.92,0.000000,0.000000,,Consumer Discretionary,Consumer Discretionary,N,,,,South Africa,,Point-in-time,Point-in-time,MA-screen (current/latest),MA-screen (current/latest),564.3159790039062,10841.0,564.3159790039062,10841.0,2,2001-02-01,2009-03-31,200,30,3500,100,31.8166666666667,9.15,1360679.3,3010473.1,45.1981882847583,12.5379611113752,1584151.0,Large,2002,Full (4/4),21682.0,10841.0,Public,False,False,False,False,False,False,False,False,False,False,False,False,False,False,False,False,False,False,False,False,False,False,False,False
98360358,INV,2014/11/5,Completed,"Private Equity, Additional Stake Purchase",A consortium led by Liberty Holdings Ltd sold Fairvest Ltd to Vukile Property Fund Ltd for ZAR 158.81M. The transaction was announced on 11/5/2014 and completed on 10/28/2014.,ZAR,Stock,2014/10/28,,34.000000,5.965000,No,Real Estate,Real Estate,N,,,Friendly,South Africa,South Africa,Point-in-time,Point-in-time,Point-in-time,Point-in-time,1906.747288,253.366497,9445.172,1275.358,3,2009-04-01,2017-09-30,560,80,6600,190,61.0166666666667,6.05,4133873.0,4363118.1,94.7458424286063,5.36654656658044,11505020.0,Large,2014,Full (4/4),11351.919288000001,1906.747288,Public,False,True,False,False,False,False,True,False,False,False,False,False,False,False,False,False,False,False,False,False,False,True,True,False
98360856,M&A,2014/11/5,Completed,"Mandatory Offer, Company Takeover, Additional Stake Purchase",Vukile Property Fund Ltd acquired Fairvest Ltd for ZAR 899.54M. The transaction was announced on 11/5/2014 and completed on 2/2/2015.,ZAR,Stock,2015/2/2,,39.965000,60.035000,No,Real Estate,Real Estate,N,,,Hostile,South Africa,South Africa,Point-in-time,Point-in-time,Point-in-time,Point-in-time,1906.747288,253.366497,9445.172,1275.358,3,2009-04-01,2017-09-30,560,80,6600,190,61.0166666666667,6.05,4133873.0,4363118.1,94.7458424286063,5.36654656658044,11505020.0,Large,2014,Full (4/4),11351.919288000001,1906.747288,Public,True,True,False,False,False,False,False,True,False,False,False,False,False,False,False,False,False,False,False,False,False,False,True,True
98642381,M&A,2014/11/12,Completed,"Company Takeover, Additional Stake Purchase","Growthpoint Properties Ltd announced the acquisition of Acucap Properties Ltd for ZAR 14,485.57M. The transaction was announced on 11/12/2014 and is expected to be completed by 04/01/2015. As of the announcement date, this is the second largest deal involving South African companies year to d...",ZAR,Stock,2015/4/29,4.25,34.599998,65.400002,No,Real Estate,Real Estate,N,Jowell Glyn Mara,Investec,Friendly,South Africa,South Africa,Point-in-time,Point-in-time,Point-in-time,Point-in-time,10348.663,650.79,64154.0,5782.0,3,2009-04-01,2017-09-30,560,80,6600,190,61.0166666666667,6.05,4133873.0,4363118.1,94.7458424286063,5.36654656658044,11505020.0,Large,2014,Full (4/4),74502.663,10348.663,Public,True,True,False,False,False,False,False,False,False,False,False,False,False,False,False,False,False,False,False,False,False,False,True,False
9938435,INV,2002/11/29,Completed,Minority Purchase,Absa Trading & Investments Solutions Holdings Pty Ltd sold a minority stake in Vestacor Ltd to Corpcapital Ltd. The transaction was completed on 11/29/2002.,ZAR,Cash and Debt,2002/11/29,,0.000000,47.095001,No,Financials,Financials,N,,,Friendly,South Africa,South Africa,Point-in-time,Point-in-time,Point-in-time,Point-in-time,294.3609924316406,109.73500061035156,4960.5888671875,682.1929931640625,2,2001-02-01,2009-03-31,200,30,3500,100,31.8166666666667,9.15,1360679.3,3010473.1,45.1981882847583,12.5379611113752,1584151.0,Large,2002,Full (4/4),5254.949859619141,294.3609924316406,Public,False,False,False,True,False,False,False,False,False,False,False,False,False,False,False,False,False,False,False,False,False,False,True,False
9938463,M&A,2003/1/6,Completed,"Company Takeover, Additional Stake Purchase",Corpcapital Ltd acquired Vestacor Ltd for ZAR 59.83M. The transaction was announced on 1/6/2003 and completed on 4/3/2003.,ZAR,Cash,2003/4/3,0.46,47.099998,52.900002,No,Financials,Financials,N,,,Friendly,South Africa,South Africa,Point-in-time,Point-in-time,Point-in-time,Point-in-time,354.7550048828125,82.31700134277344,2982.48388671875,510.8240051269531,2,2001-02-01,2009-03-31,200,30,3500,100,33.675,5.96666666666667,1490399.0,3099254.3,48.0889548172927,6.39575753417796,1787194.0,Intermediate,2003,Full (4/4),3337.2388916015625,354.7550048828125,Public,True,True,False,False,False,False,False,False,False,False,False,False,False,False,False,False,False,False,False,False,False,False,True,False
99441011,INV,2014/12/2,Pending,"Cross Border, Private Equity, Minority Purchase",Development Partners International LLP announced the acquisition of a minority stake in Weaver Fintech Ltd. The transaction was announced on 12/2/2014 and is expected to be completed by 12/3/2014. Financial terms of the transaction are undisclosed.,ZAR,Cash,2014/12/3,,0.000000,0.000000,No,Consumer Discretionary,Financials,N,,,Friendly,South Africa,United Kingdom,Point-in-time,Point-in-time,Point-in-time,Point-in-time,1767.996,1661.952,2.9406399384,3.455280473111153,3,2009-04-01,2017-09-30,560,80,6600,190,61.0166666666667,6.05,4133873.0,4363118.1,94.7458424286063,5.36654656658044,11505020.0,Intermediate,2014,Full (4/4),1771.4512804731112,1767.996,Public,False,False,True,True,False,False,True,False,False,False,False,False,False,False,False,False,False,False,False,False,False,True,True,False
99672827,M&A,2015/2/18,Completed,"PE Buyout, Company Takeover, Cross Border, Private Equity, Additional Stake Purchase","On 06/08/2015, Blackstar Group SE completed the acquisition of Times Media Group Ltd by paying ZAR 500.00M with 90,794,113 ordinary shares being issued.  In a joint announcement of 02/18/2015, Blackstar Group SE and Times Media Group  Ltd announced that Blackstar Group SE will acquire the rem...",ZAR,Cash or Stock,2015/6/9,7.99,32.500000,67.500000,No,Communications,Financials,N,ENS,One Capital,Friendly,South Africa,United Kingdom,Point-in-time,Point-in-time,Point-in-time,Point-in-time,3121.0,3995.0,85.856,0.0,3,2009-04-01,2017-09-30,560,80,6600,190,63.825,4.58333333333333,4420792.5,4420792.5,100.0,5.54552837012652,11727560.0,Intermediate,2015,Full (4/4),4080.8559999999998,3995.0,Public,True,True,True,False,False,False,True,False,False,False,True,False,False,False,False,False,False,False,False,False,False,True,True,False
