Deal Type,Announce Date,Target Name,Acquirer Name,Announced Total Value (mil.),Deal Status,Target Industry Sector,Acquirer Industry Sector,Target Sales/Revenue/Turnover,Acquirer Sales/Revenue/Turnover,Target Total Assets,Acquirer Total Assets
"AST",2019/5/1,"African oil & gas exploration business","Potential Buyer",43110.30,"Withdrawn","Energy","N.A.",,,,
"AST",2022/8/23,"Upstream African Assets/Petroliam Nasional Bhd","Potential Buyer",50903.70,"Withdrawn","Consumer Staples","N.A.",,,,
"AST",2015/3/4,"Towers in South Africa","IHS Holding Ltd",23621.80,"Withdrawn","N.A.","Industrials",,28285.3,,74378.8
"INV",2015/1/9,"ACTOM Pty Ltd","Potential Buyer",17374.08,"Withdrawn","Industrials","N.A.",,,,
"INV",2018/6/11,"Vodacom Group Ltd","Thebe Investment Corp Pty Ltd,Private Investor,Royal Bafokeng Holdings Pty Ltd,Yeboyethu Ltd",17499.96,"Withdrawn","Communications","Financials, Financials, Financials",167652,,276433,
"M&A",2015/2/17,"Cell C Ltd","Telkom SA SOC Ltd",13999.94,"Withdrawn","Communications","Communications",15749.1,44477,25636.3,64418
"M&A",2024/10/28,"ArcelorMittal South Africa Ltd","Networth Investments Pty Ltd",19000.07,"Withdrawn","Materials","Financials",32291,,21126,
"M&A",2018/9/13,"Chevron South Africa Pty Ltd","Off The Shelf Investments Fifty Six RF Pty Ltd",14811.80,"Withdrawn","Energy","Financials",,,,
"M&A",2017/2/22,"Cell C Ltd","Telkom SA SOC Ltd",13055.20,"Withdrawn","Communications","Communications",15749.1,44477,25636.3,64418
"M&A",2017/3/22,"Mercantile Bank Ltd/South Africa","National Empowerment Fund",12200.06,"Withdrawn","Financials","Financials",,,,
"M&A",2022/8/11,"Telkom SA SOC Ltd","Rain pty ltd",14079.20,"Withdrawn","Communications","Communications",44477,,64418,
"M&A",2017/6/9,"Vast Networks Pty Ltd","Potential Buyer",10278.96,"Withdrawn","Communications","N.A.",,,,
"M&A",2016/11/14,"PPC Ltd","AfriSam South Africa Pty Ltd",9894.67,"Withdrawn","Materials","Materials",10255,6843.75,10106,17859.6
"M&A",2018/6/18,"Public Investment Corp Ltd","Private Investor",5999.97,"Withdrawn","Financials","N.A.",1261.76,,4617.25,
"M&A",2018/6/18,"Karan Beef Pty Ltd","Management Group",5999.97,"Withdrawn","Consumer Staples","N.A.",,,,
"INV",2016/4/22,"Vodacom Group Ltd","Potential Buyer",5999.96,"Withdrawn","Communications","N.A.",167652,,276433,
"AST",2020/3/9,"Battery business/Metair Investment Ltd","Potential Buyer",5584.29,"Withdrawn","Technology","N.A.",,,,
"AST",2015/7/23,"2 Australian Retailer Sites","Potential Buyer",3667.97,"Withdrawn","Consumer Staples","N.A.",,,,
"AST",2021/10/28,"Amplats Mine/Anglo American Platinum Ltd","African Rainbow Minerals Ltd",3500.01,"Withdrawn","Materials","Materials",,11709,,74325
"M&A",2019/7/31,"Tegeta Exploration & Resources Pty Ltd","Project Halo",3049.99,"Withdrawn","Materials","Materials",,,,
"M&A",2019/7/22,"Safari Investments RSA Ltd","Futuregrowth Asset Management Pty Ltd",2610.87,"Withdrawn","Consumer Discretionary","Financials",627.502,,4581.11,
"INV",2022/3/8,"Yoco Technologies Pty Ltd","Potential Buyer",2290.05,"Withdrawn","Technology","N.A.",,,,
"M&A",2015/5/11,"Bokoni PGM Mine","Baroka Tribal Mining",1800.01,"Withdrawn","Unclassifiable","Materials",,,,
"AST",2019/1/11,"Certain operations/Lancet Laboratories Ltd","Partners Group Holding AG",1694.92,"Withdrawn","Health Care","Financials",,53044.2,,133375
"M&A",2019/9/6,"Metrofile Holdings Ltd","Housatonic Partners",1464.71,"Withdrawn","Technology","Financials",1066.13,,1379.22,
"AST",2015/12/31,"Buzi EPCC Block in Mozambique","Potential Buyer",1490.61,"Withdrawn","N.A.","N.A.",,,,
"AST",2016/10/24,"Retail warehouse properties/Johannesburg","Accelerate Property Fund Ltd",1243.63,"Withdrawn","Real Estate","Real Estate",,678.938,,6843.37
"M&A",2016/4/20,"KWV Holdings Ltd","Potential Buyer",1150.00,"Withdrawn","Consumer Staples","N.A.",,,,
"AST",2016/10/4,"Non-core office properties","Potential Buyer",1000.01,"Withdrawn","Real Estate","N.A.",,,,
"AST",2026/2/3,"Erf 596 Sandown Extension 38 Township/Gauteng Province","Pareto Ltd,Southern Sun Ltd",1102.00,"Withdrawn","Industrials","Financials, Consumer Discretionary",,,,
"INV",2022/3/28,"Tetra4 Pty Ltd","Central Energy Fund",1000.00,"Withdrawn","Energy","Financials",,,,
"AST",2015/2/26,"14 hotel properties","Potential Buyer",650.00,"Withdrawn","N.A.","N.A.",,,,
"M&A",2016/7/6,"Sovereign Food Investments Ltd","Country Bird Holdings Ltd",738.76,"Withdrawn","Consumer Staples","Consumer Staples",2163.68,3586.38,1558.11,1841.06
"M&A",2019/10/31,"Rolfes Holdings Ltd","Phatisa Group Ltd",712.20,"Withdrawn","Materials","Financials",1532.53,,874.388,
"AST",2014/11/10,"Ellerines 77 stores and brands/5 African countries","Unnamed Buyer",400.00,"Withdrawn","N.A.","N.A.",,,,
"AST",2023/5/15,"63000 sq mtr distribution centre/Gauteng","Dis-Chem Pharmacies Ltd",502.00,"Withdrawn","Real Estate","Consumer Staples",,42825.8,,20738.3
"M&A",2020/6/24,"Sun International Ltd/South Africa","Nueva Inversiones Pacifico Sur Ltda",450.01,"Withdrawn","Consumer Discretionary","Industrials",12979,,13642,
"M&A",2014/11/13,"Respublica Pty Ltd","Redefine Properties Ltd",204.00,"Withdrawn","Real Estate","Real Estate",,11007.4,,106323
"M&A",2015/8/19,"Mapochs Mine Pty Ltd","Potential Buyer",129.41,"Withdrawn","Materials","N.A.",,,,
"M&A",2018/6/5,"Wepex Geotechnical Pty Ltd","BUKA INVESTMENTS LTD",108.00,"Withdrawn","Industrials","Consumer Discretionary",,19.004,,3.521
"AST",2022/8/26,"Certain disclosed assets & liabilities/Ubank Ltd","African Bank Holdings Ltd",80.00,"Withdrawn","Financials","Financials",,7706,,49341
"AST",2024/7/8,"Multimillion Rand building/Pretoria","Gauteng Department Of Housing",70.00,"Withdrawn","Real Estate","Real Estate",,,,
"INV",2025/9/16,"Visual International Holdings Ltd","Serowe Industries Pty Ltd",60.00,"Withdrawn","Real Estate","Financials",1.76903,,48.1365,
"INV",2022/1/12,"WiSolar","Potential Buyer",45.00,"Withdrawn","Energy","N.A.",,,,
"M&A",2023/3/6,"Jasco Electronics Holdings Ltd","Community Investment Holdings Pty Ltd",26.24,"Withdrawn","Technology","Financials",673.343,,408.997,
"INV",2023/9/29,"Interactive Television Africa Pty Ltd","Telemedia Pty Ltd",17.94,"Withdrawn","Communications","Technology",,,,
"M&A",2023/12/7,"CynoTech Pty Ltd","White Pearl Technologies AB",1.99,"Withdrawn","Technology","Financials",,931.768,,588.923
"M&A",2019/6/7,"Table Bay Area Rapid Transport Pty Ltd","Frontier Transport Holdings Lt",N/A,"Withdrawn","Industrials","Industrials",,2840.97,,3333.33
"AST",2019/5/17,"Bokoni & Twickenham Mines/SA","Potential Buyer",N/A,"Withdrawn","Materials","N.A.",,,,
"AST",2019/5/24,"Idled gold mine/Zimbabwe","B2Gold Corp",N/A,"Withdrawn","Materials","Materials",,54733.2,,97402
"AST",2019/5/29,"License in oil-block stake/South Africa","Shell PLC",N/A,"Withdrawn","Energy","Energy",,4.77177e+06,,6.13557e+06
"AST",2019/9/18,"South African coal mining business","Potential Buyer",N/A,"Withdrawn","Materials","N.A.",,,,
"AST",2019/9/19,"Warehouse logistics unit Supply Chain","Potential Buyer",N/A,"Withdrawn","Real Estate","N.A.",,,,
"INV",2019/8/2,"Virgin Active Ltd","Potential Buyer",N/A,"Withdrawn","Consumer Discretionary","N.A.",3121.84,,11402.4,
"INV",2019/8/5,"Twenty Third Century Systems South Africa Pty Ltd","Potential Buyer",N/A,"Withdrawn","Technology","N.A.",,,,
"M&A",2019/8/7,"Calulo Marine Pty Ltd","FFS Calpet RF Pty Ltd",N/A,"Withdrawn","Energy","Energy",,,,
"M&A",2020/8/12,"South African Airways","Potential Buyer",N/A,"Withdrawn","Industrials","N.A.",28120,,13376,
"INV",2020/8/20,"Sanlam Investment Holdings Pty Ltd","African Rainbow Capital Investments Ltd",N/A,"Withdrawn","Financials","Financials",,2557,,21129
"M&A",2019/1/24,"MTN Uganda Ltd","National Social Security Fund/Uganda",N/A,"Withdrawn","Communications","Government",17887.8,,24556.6,
"INV",2019/2/6,"GroCapital Holdings Ltd","Atlas Mara Ltd",N/A,"Withdrawn","Financials","Financials",,4556.5,,36721.5
"INV",2019/2/26,"Shoprite Holdings Ltd","Shoprite Holdings Ltd",N/A,"Withdrawn","Consumer Staples","Consumer Staples",256682,256682,124944,124944
"AST",2019/2/28,"Health-insurance business/ East & West Africa","Potential Buyer",N/A,"Withdrawn","Financials","N.A.",,,,
"AST",2020/1/9,"2 oil blocks/Ugandan Border","Potential Buyer",N/A,"Withdrawn","Energy","N.A.",,,,
"AST",2020/2/3,"South African Cement Unit/LafargeHolcim Ltd","Potential Buyer",N/A,"Withdrawn","Materials","N.A.",,,,
"AST",2020/2/20,"Leeuwpan Coal Mine operation","Potential Buyer",N/A,"Withdrawn","Materials","N.A.",,,,
"M&A",2020/6/3,"Probuild Construction Group Pty Ltd","Potential Buyer",N/A,"Withdrawn","Industrials","N.A.",,,,
"AST",2020/6/23,"Simandou iron ore project/Guinea","China Baowu Steel Group Corp Ltd,Shougang Group Co Ltd,China Minmetals Corp",N/A,"Withdrawn","Materials","Materials, Materials, Industrials",,,,
"M&A",2020/4/15,"Office Retail Group Ltd","Potential Buyer",N/A,"Withdrawn","Financials","N.A.",,,39.5773,
"AST",2020/4/16,"African renewable business/Enel SpA","Potential Buyer",N/A,"Withdrawn","Energy","N.A.",,,,
"AST",2020/12/2,"Epsom Downs shopping centre","Potential Buyer",N/A,"Withdrawn","Real Estate","N.A.",,,,
"AST",2020/12/3,"3 small brokerages","Alexander Forbes Group Holdings Ltd",N/A,"Withdrawn","Financials","Financials",,6518,,567786
"INV",2022/3/2,"Waterway House Section Two Pty Ltd","Twin City Western Cape Pty Ltd",N/A,"Withdrawn","Financials","Real Estate",,,,
"M&A",2022/3/9,"Ovobix RF Pty Ltd,Luxanio 227 Pty Ltd","Lesaka Technologies Inc",N/A,"Withdrawn","Consumer Discretionary, Consumer Discretionary","Financials",,11987.1,,11585.4
"M&A",2022/3/15,"Main Street 1883 Pty Ltd","Shoprite Checkers Pty Ltd",N/A,"Withdrawn","Industrials","Consumer Staples",,,,
"INV",2022/3/17,"Metro Fibre Networx Pty Ltd","Potential Buyer",N/A,"Withdrawn","Communications","N.A.",,,,
"M&A",2022/3/17,"Cure-Chem South Africa Pty Ltd","ETG Chem FZE LLC",N/A,"Withdrawn","Materials","Financials",,,,
"M&A",2022/1/27,"Masimong Group Holdings Pty Ltd","Sabvest Capital Ltd",N/A,"Withdrawn","Financials","Financials",,140.002,,6058.14
"AST",2022/2/23,"Distribution Assets/Eskom Holdings SOC Ltd","Potential Buyer",N/A,"Withdrawn","Utilities","N.A.",,,,
"AST",2022/4/21,"Portfolio of industrial properties/Epping","Rex Trueform Group Ltd",N/A,"Withdrawn","Real Estate","Consumer Discretionary",,681.481,,1242.97
"AST",2022/4/22,"South African banking business/Grindrod Ltd","Potential Buyer",N/A,"Withdrawn","Financials","N.A.",,,,
"M&A",2021/4/29,"Actom Investment Holdings Pty Ltd","Old Mutual Ltd",N/A,"Withdrawn","Industrials","Financials",,137675,,1.36792e+06
"AST",2021/5/10,"Retail pharmacy business/Pick n Pay Stores Ltd","Clicks Group Ltd",N/A,"Withdrawn","Consumer Staples","Consumer Staples",,47828.1,,22591.9
"AST",2021/5/21,"Asset management unit/Absa Group Ltd","Sanlam Ltd,African Rainbow Capital Investments Ltd",N/A,"Withdrawn","Financials","Financials, Financials",,,,
"M&A",2021/2/10,"Bytes Document Solutions,Arrow Altech Distribution Pty Ltd,Bytes People Solutions Pty Ltd","Potential Buyer",N/A,"Withdrawn","Consumer Discretionary, Consumer Discretionary, Technology","N.A.",,,,
"AST",2021/2/16,"Brits Mall,Circus Triangle,Diamond Pavilion,Highveld Mall,Jabulani Mall,Mvusuludzo Mall,Tubatse Crossing","Government Employees Pension Fund",N/A,"Withdrawn","Real Estate, Real Estate, Real Estate, Real Estate, Real Estate, Real Estate, Real Estate","Financials",,,,
"AST",2021/2/17,"Portfolio of domestic retail centres","Potential Buyer",N/A,"Withdrawn","Real Estate","N.A.",,,,
"AST",2021/1/28,"Non core assets & position","Potential Buyer",N/A,"Withdrawn","Industrials","N.A.",,,,
"INV",2022/6/30,"Halewood International South Africa Pty Ltd","Sabvest Capital Ltd",N/A,"Withdrawn","Consumer Staples","Financials",,140.002,,6058.14
"INV",2022/7/5,"Zapper Marketing Southern Africa Pty Ltd","Potential Buyer",N/A,"Withdrawn","Technology","N.A.",,,,
"AST",2022/8/1,"Ferndale on Republic/Randburg","Private Investor",N/A,"Withdrawn","Consumer Discretionary","N.A.",,,,
"M&A",2022/8/3,"Retail Capital SA","African Rainbow Capital Investments Ltd",N/A,"Withdrawn","Financials","Financials",,2557,,21129
"M&A",2022/10/20,"FuelEx Pty Ltd","Royale Energy Pty Ltd",N/A,"Withdrawn","Energy","Energy",,,,
"AST",2022/10/20,"Portfolio of 3 passenger vehicle dealerships/Mercedes-Benz Group AG,Portfolio of commercial vehicle dealership & administrative function","Motus Holdings Ltd",N/A,"Withdrawn","Consumer Discretionary, Consumer Discretionary","Consumer Discretionary",,112598,,62081
"M&A",2022/10/20,"South African Revenue Service","KZN Pension House Pty Ltd",N/A,"Withdrawn","Government","Financials",,,,
"INV",2019/7/4,"African Bank Ltd","Potential Buyer",N/A,"Withdrawn","Financials","N.A.",9969,,56816,
"AST",2019/7/8,"Non-core assets/South Africa","Potential Buyer",N/A,"Withdrawn","Consumer Staples","N.A.",,,,
"AST",2019/7/26,"Coal assets/Tegeta Exploration & Resources Pty Ltd","DSA Investments Inc",N/A,"Withdrawn","Materials","Financials",,,,
"AST",2020/10/9,"Group of gold assets/South Africa","Salamander Mining International Ltd",N/A,"Withdrawn","Materials","Materials",,,,
"M&A",2020/9/14,"South African Express Airways Pty Ltd","Potential Buyer",N/A,"Withdrawn","Industrials","N.A.",,,,
"M&A",2020/9/25,"SA Express","Fly Sax Pty Ltd",N/A,"Withdrawn","Industrials","Industrials",,,,
"AST",2019/11/19,"Fish & Chip Co/The,Maxi's Food franchise business/Taste Holdings Ltd","Potential Buyer",N/A,"Withdrawn","Consumer Discretionary, Consumer Discretionary","N.A.",,,,
"M&A",2019/10/8,"Cell C Ltd","Telkom SA SOC Ltd",N/A,"Withdrawn","Communications","Communications",15749.1,44477,25636.3,64418
"AST",2019/10/15,"Wireless frequencies/South Africa","MTN Group Ltd",N/A,"Withdrawn","Communications","Communications",,226707,,498712
"AST",2019/10/17,"Metalloys operation/South Africa,TEMCO asset/Australia","Potential Buyer",N/A,"Withdrawn","Materials, Materials","N.A.",,,,
"AST",2019/10/31,"Enterprise Foods unit/Tiger Brands Ltd","Potential Buyer",N/A,"Withdrawn","Industrials","N.A.",,,,
"M&A",2018/5/21,"Southern african assets","Glencore PLC",N/A,"Withdrawn","Energy","Materials",,4.42579e+06,,2.3558e+06
"AST",2018/3/2,"Optimum Coal Mine","Seriti Resources Holdings Proprietary Ltd",N/A,"Withdrawn","Materials","Materials",,,,
"AST",2018/3/27,"Optimum coal operations/South Africa","Glencore PLC",N/A,"Withdrawn","Materials","Materials",,4.42579e+06,,2.3558e+06
"AST",2018/8/1,"Johannesburg custody services/Societe Generale SA","Absa Group Ltd",N/A,"Withdrawn","Financials","Financials",,207703,,2.23948e+06
"AST",2018/10/8,"Asset management unit/Alsa Group Ltd","Potential Buyer",N/A,"Withdrawn","Financials","N.A.",,,,
"M&A",2018/11/30,"SA Springbok Holdings Pty Ltd,Sunedison Firefly Holding Pty Ltd,Sunedison Renewable Energy Holding Pty Ltd,Terraform Global Africa Operating Pty Ltd","Globeleq South Africa Holdings Pty Ltd",N/A,"Withdrawn","Financials, Financials, Utilities, Financials","Energy",,,,
"M&A",2018/12/27,"Stella Pack SA,Sonko Sp zoo,Polish Food Products Ltd","Potential Buyer",N/A,"Withdrawn","Materials, Consumer Staples, Consumer Staples","N.A.",,,,
"M&A",2021/6/16,"HYBR Media Pty Ltd","Farmforte Ltd",N/A,"Withdrawn","Communications","Consumer Staples",,,,
"M&A",2021/6/22,"Mphanda Nkuwa SA","Potential Buyer",N/A,"Withdrawn","Energy","N.A.",,,,
"AST",2021/9/9,"Active pharmaceutical ingredient business/Aspen Pharmacare Holdings Ltd","Potential Buyer",N/A,"Withdrawn","Health Care","N.A.",,,,
"AST",2021/9/10,"SLOW Lounge business/Comair Ltd","FirstRand Bank Ltd",N/A,"Withdrawn","Industrials","Financials",,205875,,1.86463e+06
"M&A",2021/9/30,"Foskor Pty Ltd","Potential Buyer",N/A,"Withdrawn","Materials","N.A.",,,,
"AST",2021/10/25,"Nickel copper & lithium assets","Sibanye Stillwater Ltd",N/A,"Withdrawn","Materials","Materials",,129677,,149737
"M&A",2024/7/1,"Unicorn Pharmaceutical Pty Ltd","Potential Buyer",N/A,"Withdrawn","Health Care","N.A.",,,,
"AST",2024/7/8,"Building/Central Pretoria","Department of Social Development",N/A,"Withdrawn","Real Estate","Government",,,,
"AST",2024/7/18,"Beeld","Caxton and CTP Publishers and Printers Ltd",N/A,"Withdrawn","Materials","Communications",,6709.08,,9942.71
"INV",2024/7/26,"Pride Milling Co Pty Ltd","Thebe SPV 022 Pty Ltd",N/A,"Withdrawn","Consumer Staples","Financials",,,,
"INV",2024/7/31,"Old Primedia Ltd","Potential Buyer",N/A,"Withdrawn","Communications","N.A.",,,,
"INV",2024/5/10,"Mineral Sands Resources Pty Ltd","Garnet International Resources Ltd",N/A,"Withdrawn","Materials","Materials",,,,
"M&A",2024/6/5,"Grindrod Rail Consultancy Services Pty Ltd","Grindrod Holdings South Africa",N/A,"Withdrawn","Industrials","Financials",,,,
"M&A",2017/3/2,"BKB Ltd","GWK Ltd",N/A,"Withdrawn","Consumer Staples","Consumer Staples",,,,
"INV",2017/6/2,"Sappi Ltd","Potential Buyer",N/A,"Withdrawn","Materials","N.A.",98019.3,,104825,
"AST",2017/6/21,"South Africa Smelting plant","Ironveld PLC",N/A,"Withdrawn","Materials","Industrials",,0.0940396,,858.317
"M&A",2024/4/19,"Eqstra Investment Holdings Pty Ltd","Nedbank Group Ltd",N/A,"Withdrawn","Financials","Financials",,164033,,1.55863e+06
"M&A",2024/4/19,"Azrapart Pty Ltd","Investec Ltd,FirstRand Ltd",N/A,"Withdrawn","Consumer Discretionary","Financials, Financials",,,,
"INV",2017/7/21,"Telkom SA SOC Ltd","Potential Buyer",N/A,"Withdrawn","Communications","N.A.",44477,,64418,
"AST",2017/5/8,"Social grant distribution technology & infrastructure","Black Economic Empowerment Partners",N/A,"Withdrawn","Financials","Financials",,,,
"M&A",2017/5/18,"Multichoice Africa Pty Ltd","MTN Group Ltd",N/A,"Withdrawn","Communications","Communications",,226707,,498712
"AST",2017/5/18,"Tshipi e Ntle Manganese Project","Potential Buyer",N/A,"Withdrawn","Materials","N.A.",,,,
"AST",2017/5/23,"New Largo Project","Potential Buyer",N/A,"Withdrawn","Materials","N.A.",,,,
"M&A",2023/3/7,"New Horizon Waste to Energy RF Pty Ltd","Cape Town Biogas Pty Ltd",N/A,"Withdrawn","Energy","Energy",,,,
"AST",2023/3/7,"Brooklyn studios/Pretoria","Growthpoint Student Accommodation Holdings RF Ltd",N/A,"Withdrawn","Real Estate","Real Estate",,,,
"M&A",2022/12/22,"Safe Farm Ventures Pty Ltd","Old Mutual Life Assurance Co South Africa Ltd",N/A,"Withdrawn","Financials","Financials",,132327,,1.2086e+06
"AST",2023/6/8,"Stellantis motor vehicle dealership business/William Simpson Cars Pty Ltd","CFAO Motors Pty Ltd",N/A,"Withdrawn","Consumer Discretionary","Consumer Discretionary",,,,
"M&A",2023/5/12,"South African Airways","Harith General Partners Pty Ltd,Global Airways Ltd",N/A,"Withdrawn","Industrials","Financials, Industrials",28120,,13376,
"INV",2023/5/27,"Telkom SA SOC Ltd","Public Investment Corp Ltd,Axian Telecom",N/A,"Withdrawn","Communications","Financials, Communications",44477,,64418,
"M&A",2023/1/9,"MCIS Life Bhd","Berjaya Corp Bhd",N/A,"Withdrawn","Financials","Consumer Staples",,38706.1,,94625.3
"M&A",2024/2/9,"Mall of the South Pty Ltd","Redefine Properties Ltd",N/A,"Withdrawn","Real Estate","Real Estate",,11007.4,,106323
"M&A",2024/2/12,"Bacher & Co","Sanlam Emerging Markets Pty Ltd",N/A,"Withdrawn","Consumer Discretionary","Financials",,,,
"M&A",2024/2/12,"Unitrans Holdings Pty Ltd","Potential Buyer",N/A,"Withdrawn","Industrials","N.A.",,,,
"INV",2024/3/15,"KWA Holding East Africa Ltd","Potential Buyer",N/A,"Withdrawn","Consumer Staples","N.A.",,,,
"AST",2024/3/18,"Transitional Power division/Chariot Ltd","Potential Buyer",N/A,"Withdrawn","Energy","N.A.",,,,
"M&A",2017/1/10,"Impala Chrome Pty Ltd","Glencore PLC",N/A,"Withdrawn","Financials","Materials",,4.42579e+06,,2.3558e+06
"INV",2014/10/3,"Thelo Rolling Stock Leasing Pty Ltd","Potential Buyer",N/A,"Withdrawn","Financials","N.A.",,,,
"AST",2014/11/24,"Hotazel Manganese Mine","Potential Buyer",N/A,"Withdrawn","Materials","N.A.",,,,
"INV",2014/11/27,"Shanduka Group Pty Ltd","Standard Bank Group Ltd,China Investment Corp,Mabindu Trust",N/A,"Withdrawn","Financials","Financials, Financials, Financials",,,,
"AST",2014/8/1,"Units in 3 African countries","Potential Buyer",N/A,"Withdrawn","N.A.","N.A.",,,,
"INV",2023/12/1,"Red Cap Kouga Wind Farm Pty Ltd","Greenstreet 1 Pty Ltd",N/A,"Withdrawn","Energy","Energy",,,,
"M&A",2023/12/18,"Peermont Global Pty Ltd","Sun International Ltd/South Africa",N/A,"Withdrawn","Consumer Discretionary","Consumer Discretionary",35255,12979,8907,13642
"M&A",2023/8/21,"Collins Property Projects Pty Ltd","Collins Property Group Ltd",N/A,"Withdrawn","Real Estate","Real Estate",,1264.85,,12209
"AST",2023/7/12,"Block 3B/4B Orange Basin","Meren Energy Inc",N/A,"Withdrawn","Energy","Energy",,10050,,32336.9
"AST",2024/10/1,"Makro Carnival/Gauteng","Luvon Investments Pty Ltd,Rilarex Pty Ltd",N/A,"Withdrawn","Real Estate","Financials, Real Estate",,,,
"INV",2024/10/7,"Blinkwater Meule Pty Ltd","Lereko Metier Trustees Pty Ltd",N/A,"Withdrawn","Consumer Discretionary","Financials",,,,
"M&A",2024/10/7,"200 Rivonia Road Pty Ltd","K2024135390 South Africa Pty Ltd",N/A,"Withdrawn","Health Care","Consumer Discretionary",,,,
"M&A",2024/10/7,"Building Co Pty Ltd/The","SPAP V Bidco Pty Ltd",N/A,"Withdrawn","Consumer Discretionary","Financials",,,,
"M&A",2024/10/16,"Pingo Delivery Pty Ltd","Shoprite Holdings Ltd",N/A,"Withdrawn","Communications","Consumer Staples",,256682,,124944
"AST",2024/10/30,"Copper mine/Zambia","Saudi Arabian Mining Co",N/A,"Withdrawn","Industrials","Materials",,183864,,529015
"AST",2024/11/5,"Certain non core assets/Murray & Roberts Holdings Ltd","Potential Buyer",N/A,"Withdrawn","Industrials","N.A.",,,,
"AST",2024/11/7,"Thibault Square & Pavilion/Cape Town,8 Riebeek St/Cape Town","Slip Knot Investments 777 Pty Ltd",N/A,"Withdrawn","Real Estate, Real Estate","Financials",,,,
"M&A",2024/11/13,"Spec Systems Pty Ltd","Bidvest Group Ltd/The",N/A,"Withdrawn","Technology","Industrials",,126605,,124590
"M&A",2017/11/13,"PPC Ltd","CRH PLC",N/A,"Withdrawn","Materials","Materials",10255,669531,10106,966331
"M&A",2024/9/3,"Serco Industries Pty Ltd,Serco Solutions Pty Ltd,Serco Cape Pty Ltd,Serco KZN CC,Serco Eastern Cape Pty Ltd","Bidvest Group Ltd/The",N/A,"Withdrawn","Industrials, Industrials, Industrials, Industrials, Industrials","Industrials",,126605,,124590
"AST",2024/9/6,"Portfolio of service stations/South Africa","Saudi Arabian Oil Co,Abu Dhabi National Oil Co,Trafigura Group Pte Ltd",N/A,"Withdrawn","Communications","Energy, Energy, Energy",,,,
"M&A",2024/9/6,"Columbia Falls Properties 7 Pty Ltd","Dis-Chem Pharmacies Ltd",N/A,"Withdrawn","Health Care","Consumer Staples",,42825.8,,20738.3
"AST",2024/9/26,"Exploration blocks/South Africa","Petroleo Brasileiro SA",N/A,"Withdrawn","Materials","Energy",,1.59201e+06,,3.67445e+06
"M&A",2024/8/30,"West Pack Life Style pty Ltd","SPAR Group Ltd/The",N/A,"Withdrawn","Consumer Discretionary","Consumer Staples",,131458,,46212.1
"M&A",2017/10/11,"Chevron South Africa Pty Ltd,Chevron Botswana Pty Ltd","Public Investment Corp Ltd",N/A,"Withdrawn","Energy, Energy","Financials",,1261.76,,4617.25
"AST",2017/10/18,"Karoo Uranium Deposits","Potential Buyer",N/A,"Withdrawn","Materials","N.A.",,,,
"AST",2017/11/1,"Mircofinance business/FirstRand Bank Ltd","Centrum Capital Ltd",N/A,"Withdrawn","Financials","Financials",,7403.89,,38690.3
"M&A",2014/7/3,"Vox Telecom Ltd","Potential Buyer",N/A,"Withdrawn","Communications","N.A.",,,,
"AST",2014/7/17,"Eskom's power plants","Potential Buyer",N/A,"Withdrawn","N.A.","N.A.",,,,
"AST",2014/7/23,"Portfolio of manganese assets/South Africa","Potential Buyer",N/A,"Withdrawn","N.A.","N.A.",,,,
"AST",2014/7/30,"Operations in Zimbabwe & Egypt","Absa Group Ltd",N/A,"Withdrawn","N.A.","Financials",,207703,,2.23948e+06
"AST",2014/6/18,"Bytes' ATM operation","Barclays PLC",N/A,"Withdrawn","N.A.","Financials",,1.28697e+06,,3.4413e+07
"AST",2014/6/29,"Pandora PGM Mine,Union PGM Mine,Anglo American PLC Rustenburg Platinum Mines","Potential Buyer",N/A,"Withdrawn","N.A.","N.A.",,,,
"AST",2014/5/7,"PSG Financial Services Ltd/South Africa,PSG Connect Ltd","Potential Buyer",N/A,"Withdrawn","Financials, Communications","N.A.",,,,
"AST",2014/3/11,"BHP Billiton Ltd West Africa iron ore business","Potential Buyer",N/A,"Withdrawn","N.A.","N.A.",,,,
"M&A",2013/11/5,"RamsayMedia","Caxton and CTP Publishers and Printers Ltd",N/A,"Withdrawn","Communications","Communications",,6709.08,,9942.71
"AST",2013/11/18,"Mobile phone unit/Telkom","MTN Group Ltd",N/A,"Withdrawn","N.A.","Communications",,226707,,498712
"AST",2024/12/12,"Tshipi Borwa mine/Johannesburg","Exxaro Resources Ltd",N/A,"Withdrawn","Materials","Materials",,41771,,103210
"M&A",2024/12/18,"ABI 2 Pty Ltd","Raubex Group Ltd",N/A,"Withdrawn","Financials","Industrials",,22048.1,,16458.7
"M&A",2017/12/11,"Viking Fishing Holdings Pty Ltd","Private Investor,Sea Harvest Group Ltd",N/A,"Withdrawn","Consumer Staples","Consumer Staples",,,,
"M&A",2015/4/1,"Central Glass Industries Ltd","Consol Holdings Ltd",N/A,"Withdrawn","Materials","Materials",,6186,,10614
"INV",2015/4/10,"Afrox Zambia Plc","Potential Buyer",N/A,"Withdrawn","Materials","N.A.",,,,
"AST",2015/2/5,"Telephone towers network","Potential Buyer",N/A,"Withdrawn","N.A.","N.A.",,,,
"M&A",2015/2/12,"Telkom SA SOC Ltd","MTN Group Ltd",N/A,"Withdrawn","Communications","Communications",44477,226707,64418,498712
"M&A",2017/11/26,"Denel SOC Ltd","State of Qatar",N/A,"Withdrawn","Industrials","Government",2729,,8525,
"AST",2017/11/27,"Voorspoed Diamond Mine","Potential Buyer",N/A,"Withdrawn","Materials","N.A.",,,,
"M&A",2025/3/19,"ArcelorMittal South Africa Ltd","Industrial Development Corp",N/A,"Withdrawn","Materials","Financials",32291,,21126,
"M&A",2025/6/6,"Fairheads Benefit Services Pty Ltd,Fairheads Financial Services Pty Ltd","Old Mutual Corporate Ventures Pty Ltd",N/A,"Withdrawn","Industrials, Financials","Industrials",,,,
"AST",2025/5/22,"Non core residential properties","Potential Buyer",N/A,"Withdrawn","Real Estate","N.A.",,,,
"AST",2025/5/23,"South African optronics business/Hensoldt AG","Potential Buyer",N/A,"Withdrawn","Industrials","N.A.",,,,
"AST",2025/4/17,"Dwnstream assets/South Africa","Abu Dhabi National Oil Co,Gunvor Group Ltd",N/A,"Withdrawn","Energy","Energy, Energy",,,,
"INV",2016/6/14,"DV Artisan Chocolate Pty Ltd","Vodafone Group PLC",N/A,"Withdrawn","Consumer Staples","Communications",,813593,,2.5496e+06
"INV",2016/6/23,"Ubank Ltd/South Africa","Oakbay Resources and Energy Ltd",N/A,"Withdrawn","Financials","Materials",,462.622,,9650.08
"AST",2016/8/18,"Uitkyk farms","Potential Buyer",N/A,"Withdrawn","Consumer Staples","N.A.",,,,
"M&A",2016/7/29,"Grindrod Trading Pty Ltd","NWK Ltd",N/A,"Withdrawn","Financials","Materials",,,,
"M&A",2016/4/18,"Broadband Infraco Pty Ltd","Vodacom Group Ltd",N/A,"Withdrawn","Communications","Communications",,167652,,276433
"AST",2016/4/22,"Gas stations/South Africa","Afric Oil Pty Ltd",N/A,"Withdrawn","Energy","Materials",,,,
"AST",2016/2/8,"Coal deposit property/Witbank region","Coal India Ltd",N/A,"Withdrawn","Materials","Materials",,331338,,514474
"INV",2016/2/11,"Consol Glass Pty Ltd,Primedia Pty Ltd","Potential Buyer",N/A,"Withdrawn","Materials, Communications","N.A.",,,,
"M&A",2015/12/16,"Absa Group Ltd","Public Investment Corp Ltd",N/A,"Withdrawn","Financials","Financials",207703,1261.76,2.23948e+06,4617.25
"M&A",2015/9/9,"Union PGM Mine","Potential Buyer",N/A,"Withdrawn","N.A.","N.A.",,,,
"M&A",2015/9/29,"Leeuw Mining & Exploration Pty Ltd,Amalahle Exploration Pty Ltd","Unnamed Buyer",N/A,"Withdrawn","Materials, Materials","N.A.",,,,
"AST",2015/8/25,"Non-core and strategically misaligned Assets","Potential Buyer",N/A,"Withdrawn","Industrials","N.A.",,,,
"AST",2023/4/25,"Street Fever/BMT Street Fever pty ltd","Foschini Retail Group Pty Ltd",N/A,"Withdrawn","Consumer Discretionary","Consumer Discretionary",,,,
"AST",2016/9/12,"Richards bay terminal/Optimum Coal Holdings Pty Ltd","Vitol Holding BV",N/A,"Withdrawn","Materials","Energy",,,,216356
"INV",2016/11/14,"RainFin Pty Ltd","Potential Buyer",N/A,"Withdrawn","Communications","N.A.",,,,
"M&A",2014/4/17,"Alexander Forbes Ltd","Potential Buyer",N/A,"Withdrawn","Financials","N.A.",411,,,
"M&A",2022/11/30,"Zoona Transactions International Ltd","Critical Ideas Inc",N/A,"Withdrawn","Financials","Technology",,,,
"M&A",2019/5/9,"Edgars Consolidated Stores Ltd","K2016470219 South Africa Ltd",N/A,"Withdrawn","Consumer Discretionary","Consumer Discretionary",,,,
"M&A",2024/4/24,"Red Rocket Pty Ltd","Potential Buyer",N/A,"Withdrawn","Energy","N.A.",,,,
"M&A",2022/7/14,"BioTherm Energy Pty Ltd","Exxaro Resources Ltd,Thungela Resources Ltd",N/A,"Withdrawn","Energy","Materials, Materials",,,,
"M&A",2007/8/13,"Tsogo Sun Limited","Management Group,Ethos Private Equity Pty Ltd,Black Economic Empowerment Partners",9913.25,"Terminated","Consumer Discretionary","Financials, Financials",10841,,14695,
"INV",2010/8/10,"ArcelorMittal South Africa Ltd","Broad-Based Black Economic Empowerment Consortium,Private Investors",9074.99,"Terminated","Materials","Financials",32291,,21126,
"INV",2005/12/14,"Impala Platinum Holdings Ltd","Royal Bafokeng Resources Holdings",5500.99,"Terminated","Materials","Materials",85459,,135857,
"M&A",2006/12/4,"Consol Ltd","Sphere Minerals Ltd,Sanlam Ltd,Ethos Private Equity Pty Ltd,Ontario Teachers' Pension Plan Board",6211.03,"Terminated","Materials","Materials, Financials, Financials, Financials",2456.9,,2339.6,
"AST",2010/6/24,"Zambeze Coal Project","Wuhan Iron & Steel Group Corp",6059.52,"Terminated","N.A.","Materials",,46470.3,,230645
"M&A",2015/3/20,"Maxshell 114 Investments Pty Ltd","Sun International Ltd/South Africa",9424.96,"Terminated","Financials","Consumer Discretionary",,12979,,13642
"M&A",2014/5/19,"Liquid Telecommunications South Africa Pty Ltd","Vodacom Group Ltd",7000.01,"Terminated","Communications","Communications",,167652,,276433
"M&A",2024/7/15,"Bell Equipment Ltd","IA Bell & Co Pty Ltd",7113.85,"Terminated","Industrials","Financials",11152.3,,8945.79,
"M&A",2010/3/31,"Kansai Plascon Africa Ltd","VVT Infrastructure Investments Ltd",2559.60,"Terminated","Materials","Financials",2765.01,,4594.95,
"M&A",2016/12/14,"Vukani Gaming Corp Pty Ltd,Galaxy Bingo Pty Ltd","Tsogo Sun Limited",4522.62,"Terminated","Consumer Discretionary, Consumer Discretionary","Consumer Discretionary",,10841,,14695
"M&A",2018/6/26,"Rage Distribution Pty Ltd","Long4Life Ltd",4014.35,"Terminated","Consumer Discretionary","Consumer Discretionary",,3582.54,,5721.8
"M&A",2019/7/15,"Eqstra Fleet Services Pty Ltd","Bidvest Group Ltd/The",3100.00,"Terminated","Consumer Discretionary","Consumer Discretionary",,126605,,124590
"M&A",2012/1/30,"Evander Gold Mines Ltd","Pan African Resources PLC,Witwatersrand Consolidated Gold Resources Pty Ltd",1700.00,"Terminated","Materials","Materials, Materials",,,,
"M&A",2018/9/4,"Murray & Roberts Holdings Ltd","ATON GmbH",2923.27,"Terminated","Materials","Consumer Discretionary",13452.4,,8160.3,
"AST",2006/12/14,"Furniture manufacturing business","Home of Living Brands Holdings Ltd",1152.00,"Terminated","N.A.","Consumer Discretionary",,995.7,,
"M&A",2024/12/12,"Bidvest Bank Ltd","Access Holdings PLC",2800.02,"Terminated","Financials","Financials",,65026.7,,592897
"M&A",2000/1/28,"Transvaal Sugar Beperk","Tongaat Hulett Pvt Ltd",1000.00,"Terminated","N.A.","Consumer Staples",,15479,,14022
"M&A",2000/8/25,"81 Property Portfolios","World Educational Technologies Ltd",1055.30,"Terminated","N.A.","N.A.",,2.583,,3.909
"INV",2008/4/17,"Homeland Mining and Energy SA Pty Ltd","GMR Airports Ltd",1171.31,"Terminated","Materials","Utilities",,29134.5,,98630.5
"AST",2017/2/7,"Tigo business/Senegal","Wari Group",1731.72,"Terminated","Financials","Industrials",,,,
"M&A",2006/11/1,"NAFCOC Investment Holding Co","Hosken Consolidated Investments Ltd",899.93,"Terminated","Consumer Staples","Consumer Discretionary",,24172.5,,64182
"INV",2005/12/22,"Mvelaphanda Resources Ltd","Incwala Resources Pty Ltd",763.00,"Terminated","Materials","Materials",,,,
"M&A",2007/8/27,"Sahara Holdings Pty Ltd","Morvest Group Ltd",765.00,"Terminated","Technology","Technology",,1100.76,,643.895
"M&A",2005/11/8,"NAFCOC Investment Holding Co","Johnnic Holdings Ltd",675.00,"Terminated","Consumer Staples","Real Estate",,,,
"M&A",2000/3/31,"Frame Group Ltd","Consortium",587.08,"Terminated","Consumer Discretionary","N.A.",1276.77,,1545.57,
"AST",2009/5/15,"Afgri'S Food Division","Sovereign Food Investments Ltd",741.37,"Terminated","N.A.","Consumer Staples",,2163.68,,1558.11
"M&A",2021/11/24,"LMS Holdco Pty Ltd,Destiny 11 Spring Pty Ltd,Lurco Eswatini Pty Ltd","Sable Exploration and Mining L",1200.01,"Terminated","Materials, Materials, Materials","Financials",,,,20.5406
"M&A",2021/11/24,"Vastek Trading Pty Ltd","Sable Exploration and Mining L",1200.01,"Terminated","Materials","Financials",,,,20.5406
"AST",1999/6/22,"Underlying assets","Capital Alliance Holdings Ltd",445.34,"Terminated","N.A.","Financials",,,,
"M&A",2020/8/3,"Building Co Pty Ltd/The","Cashbuild Ltd",1074.70,"Terminated","Consumer Discretionary","Consumer Discretionary",,11477.6,,6606.85
"M&A",2007/8/15,"Sonop Diamond Mining Pty Ltd","DiamondCorp PLC",437.19,"Terminated","Materials","Materials",,,,748.24
"INV",2003/11/27,"Grindrod Ltd","Jay & Jayendra Pty Ltd",367.30,"Terminated","Industrials","Financials",5558.33,,16129.9,
"M&A",2002/12/10,"Global Resorts SA Pty Ltd","Platinum Mile Investments 398 Pty Ltd",496.20,"Terminated","Consumer Discretionary","Financials",,,,
"M&A",2004/8/17,"Safuan Bara-Link SA","Memstar Technology Ltd",320.99,"Terminated","Unclassifiable","Industrials",,,,0.78168
"M&A",2022/3/17,"Altron Document Solutions Ltd","Bi-Africa Investment Holdings Pty Ltd",715.00,"Terminated","Consumer Discretionary","Financials",,,,
"INV",2001/4/4,"Harmony Gold Mining Co Ltd","Komanani Mining Ltd",370.20,"Terminated","Materials","Materials",73896,,77503,
"M&A",2015/5/19,"Reinhardt Transport Group Proprietary Ltd","Labat Africa Ltd",544.35,"Terminated","Industrials","Technology",,199.4,,675.514
"AST",2025/6/30,"Hyde Park Corner/Hyprop Investments Ltd","Millennium Equity Partners Pty Ltd",804.99,"Terminated","Financials","Financials",,,,
"AST",2000/12/21,"Century City Ltd","Richway Retail Properties Ltd",317.60,"Terminated","Real Estate","Real Estate",,95.85,,869.192
"M&A",2009/12/2,"Blyvooruitzicht Gold Mining Co Ltd","Aurora Empowerment Systems",296.00,"Terminated","Materials","Financials",,,,
"AST",2003/11/7,"Kalgold (Surface) Gold Tailings","Aflease Gold and Uranium Resources Ltd",277.26,"Terminated","N.A.","Materials",,16.128,,337.258
"M&A",2006/9/1,"Rockbury Properties Ltd","Flux Power Holdings Inc",277.20,"Terminated","Financials","Materials",,1207.14,,615.892
"INV",2014/1/30,"Blue Ridge Platinum Ltd,Sheba's Ridge Platinum Pty Ltd","Unnamed Buyer,China National Arts & Crafts Group Corp Ltd",414.53,"Terminated","Materials, Materials","Consumer Discretionary",,,,
"AST",2002/5/16,"Denel SOC Ltd","BAE Systems PLC",375.00,"Terminated","Industrials","Industrials",2729,667760,8525,839707
"M&A",2001/2/13,"Advtech Ltd","Consortium",290.26,"Terminated","Consumer Discretionary","N.A.",9330.4,,11297,
"M&A",2019/10/21,"Koornfontein Coal Mine","Lurco Group Pty Ltd",500.00,"Terminated","Materials","Materials",,,,
"AST",2019/7/30,"Protea Gardens mall","Exemplar REITail Ltd",460.24,"Terminated","Real Estate","Real Estate",,1586.17,,11710.5
"AST",2000/7/20,"Cinqplast Plastop","Astrapak Ltd",220.00,"Terminated","N.A.","Materials",,1348.37,,1840.51
"AST",2010/2/1,"Tsunami Crop Care Pty Ltd,Formulation plant assets","Oninamix Pty Ltd",210.00,"Terminated","Consumer Staples","Consumer Staples",,,,
"AST",2003/12/12,"Asset management business","FirstRand Ltd",175.00,"Terminated","N.A.","Financials",,155879,,2.58654e+06
"M&A",2004/9/16,"Boland Agri","Afgri Ltd",178.00,"Terminated","Consumer Staples","Consumer Staples",,8573,,7396
"M&A",2009/6/29,"Lime-Chem Pty Ltd","Sail Mining Group Ltd",207.17,"Terminated","Materials","Materials",,1422.78,,1601.42
"M&A",2004/7/20,"Mine Waste Solutions Pty Ltd","Centurion Gold Holdings Inc",154.98,"Terminated","Industrials","Materials",,,,
"M&A",2008/2/25,"Londoloza Resources Corp","Yowie Group Ltd",176.68,"Terminated","Materials","Consumer Staples",,218.296,,74.9007
"M&A",2006/10/13,"Salestalk 32 Pty Ltd,Bushveld Resources Pty Ltd","DigitalX Ltd",160.49,"Terminated","Materials, Materials","Financials",,69.5412,,1606.82
"M&A",2014/5/20,"Van Reenen Steel Pty Ltd","Austin Engineering Ltd",210.66,"Terminated","Industrials","Industrials",,4431.59,,3533.48
"AST",2015/8/17,"Knynsa Mall/South Africa","Ingenuity Property Investments Ltd",240.00,"Terminated","Real Estate","Real Estate",,468.379,,3969.21
"AST",2002/5/3,"Electronic/traffic/consulting ops","Allied Technologies Ltd",180.00,"Terminated","N.A.","Communications",,10161,,3764
"M&A",2003/8/29,"African Harvest Capital Holdings Pty Ltd","Purple Group Ltd",123.70,"Terminated","Financials","Financials",,486.671,,1264.74
"M&A",2007/11/14,"iChoices Call Centre Outsourcing Proprietary Ltd","Kelly Group SA Pty Ltd",110.00,"Terminated","Industrials","Industrials",,1422.64,,562.664
"AST",2018/5/21,"Portfolio of logistics properties/South Africa","Texton Property Fund Ltd",205.30,"Terminated","Real Estate","Real Estate",,278.371,,2473.35
"M&A",2017/10/5,"Belton Park Trading 134 Pty Ltd","Efora Energy Ltd",220.00,"Terminated","Energy","Energy",,41.944,,41.266
"M&A",1999/12/15,"Acuity Investments Ltd","Adcorp Holdings Ltd",98.80,"Terminated","N.A.","Industrials",,12458,,3026.54
"AST",2010/4/16,"Sedibelo Platinum Project","Sedibelo Platinum Mines Ltd",111.06,"Terminated","N.A.","Materials",,2125.19,,3866.8
"AST",2008/5/7,"Holfontein coal project","Lachlan Star Ltd",106.30,"Terminated","N.A.","Materials",,,,157.571
"M&A",2009/5/28,"Kaydav Industries Proprietary Ltd,Davidson's Holding Co","Rapicorp 168 Pty Ltd",112.19,"Terminated","Consumer Discretionary, Consumer Discretionary","Financials",,,,
"M&A",2010/9/2,"Comztek Holdings Pty Ltd","DataTec Ltd",97.00,"Terminated","Technology","Consumer Discretionary",,64153.5,,73847.9
"M&A",2016/10/24,"Genrec Engineering Pty Ltd","Nisela Capital Pty Ltd",185.00,"Terminated","Materials","Financials",,,,
"INV",2000/12/21,"Century City Ltd","Richway Retail Properties Ltd",100.00,"Terminated","Real Estate","Real Estate",,95.85,,869.192
"M&A",2009/7/10,"Emerald Insurance Co Ltd","Santam Ltd",100.00,"Terminated","Financials","Financials",,50952,,82392
"M&A",2003/6/25,"Rentmeester Assurance Ltd","Daisy Street Investments 172 Pty Ltd",91.00,"Terminated","Financials","Real Estate",,,,
"M&A",2009/3/3,"PSV Holdings Ltd","Iandra Industries Ltd",123.48,"Terminated","Industrials","Industrials",237.533,,103.104,
"AST",2022/2/21,"Household and personal care businesses/Libstar Holdings Ltd","PAPE Fund Managers Pty Ltd,Kanaka Chemicals Pty Ltd",174.60,"Terminated","Consumer Staples","Financials, Financials",,,,
"INV",2008/12/3,"Temo Coal Mining Pty Ltd,Manupont 243 Pty Ltd","Zelira Therapeutics Ltd",107.73,"Terminated","Materials, Materials","Health Care",,0.00771674,,15.1518
"M&A",1999/9/23,"Cardoso Cigarette Depot Ltd","Qiansui International Group Co",60.37,"Terminated","N.A.","Financials",,,,
"INV",2006/11/1,"Holmwoods and Back and Mason Pty Ltd","Innovation Group Ltd/The",66.15,"Terminated","Industrials","Technology",,3677.06,,6119.22
"M&A",2003/3/13,"Bonatla Property Holdings Ltd","Momentum Property Investments Pty Ltd",68.73,"Terminated","Real Estate","Real Estate",7.648,,376.524,
"M&A",2016/6/29,"WIZZIT Group Proprietary Ltd,WIZZIT Payments Proprietary Ltd","M Fitec International Ltd",104.41,"Terminated","Industrials, Industrials","Technology",,,,75.576
"INV",2000/11/14,"Barbrook Mines Ltd","Spring Hills Trading Ltd",52.08,"Terminated","Materials","N.A.",,,,
"AST",2015/10/20,"Arnot Coal Mine","Universal Coal PLC",90.00,"Terminated","Materials","Materials",,4411.56,,3769.07
"M&A",2008/2/22,"Retirement Fund Solutions Holdings Pty Ltd","Vunani Ltd",48.96,"Terminated","Financials","Financials",,808.796,,1989.22
"INV",2000/12/8,"Curamed Holdings Pty Ltd","Mediclinic International RF Pty Ltd",47.36,"Terminated","Health Care","Health Care",,35238,,79179
"M&A",2011/6/2,"ConnectNet Broadband Wireless Pty Ltd","Intertrading Ltd",41.78,"Terminated","Technology","Consumer Staples",,,,
"AST",2013/2/6,"Matsulu centre property","Fairvest Property Holdings Ltd",54.35,"Terminated","N.A.","Real Estate",,579.566,,3822.85
"M&A",2002/10/31,"NiMag Ltd","Joint Venture",60.00,"Terminated","Materials","N.A.",,,,
"AST",2021/11/8,"Fort Drury,Sediba/Jonannesbur","Central Plaza Investments 199 Pty Ltd",76.50,"Terminated","Real Estate, Real Estate","Financials",,,,
"M&A",2019/5/30,"Star Air Cargo Pty Ltd,Star Air Maintenance Pty Ltd","Comair Ltd",75.00,"Terminated","Industrials, Industrials","Industrials",,7125.64,,8146.76
"M&A",2001/10/3,"Assupol Life","Rentsure Holdings Ltd",44.16,"Terminated","Financials","Financials",,262.975,,393.537
"M&A",2002/10/8,"Prism TranSwitch Services Pty Ltd","Allied Technologies Ltd",47.00,"Terminated","Technology","Communications",,10161,,3764
"M&A",2004/5/13,"New Platinum Corp Pty Ltd","Jubilee Metals Group PLC",30.55,"Terminated","Materials","Materials",,356.779,,10005.5
"M&A",2022/7/19,"Italian Summer Holding Pty Ltd","SGT Solutions Pty Ltd",73.63,"Terminated","Financials","Communications",,,,
"M&A",2001/12/20,"RangeGate","Versatile Systems Inc",57.92,"Terminated","Technology","Technology",,147.138,,71.6871
"AST",2003/8/4,"Certain assets of Lyons","Icarus Investment Corp",31.05,"Terminated","N.A.","Financials",,,,
"M&A",2000/9/15,"Accronym Proprietary Ltd","Millennium Property Holdings Ltd",27.30,"Terminated","Technology","Communications",,,,58.329
"M&A",2016/6/29,"Finteq Africa Proprietary Ltd","M Fitec International Ltd",52.80,"Terminated","Technology","Technology",,,,75.576
"M&A",2008/9/1,"URU Henkries Ltd","URU Metals Ltd",26.93,"Terminated","Materials","Materials",,,,2.03863
"M&A",2004/5/4,"Groblersdal Project","Vonex Ltd",23.51,"Terminated","N.A.","Energy",,526.906,,369.623
"M&A",2021/10/7,"Dartcom SA Pty Ltd","Invicta Holdings Ltd",50.00,"Terminated","Technology","Consumer Discretionary",,8442.75,,9603.56
"M&A",2008/9/9,"Ubusha","Faritec Holdings Ltd",26.00,"Terminated","Industrials","Technology",,731.442,,317.228
"M&A",2005/8/3,"Ehlobo Investment Advisory Services Pty Ltd","AH-Vest Ltd",20.20,"Terminated","Consumer Staples","Consumer Staples",,237.081,,177.458
"M&A",2017/7/14,"Profitek Industrial Communication Pty Ltd","Etion Ltd",40.00,"Terminated","Technology","Technology",,,,512.325
"M&A",2011/8/16,"Boboko","Fangda Special Steel Technology Co Ltd",21.41,"Terminated","Materials","Materials",,45312,,46198.1
"M&A",2023/5/24,"Constantia Risk & Insurance Holdings Pty Ltd","TMM Holdings Pty Ltd",55.00,"Terminated","Financials","N.A.",,,,
"AST",2003/2/17,"Alluvial Diamond Tenements","Argosy Minerals Ltd",20.00,"Terminated","N.A.","Materials",,2.06819,,955.728
"M&A",2005/9/26,"Specpharm Pty Ltd","Cipla Medpro South Africa Ltd",15.16,"Terminated","Health Care","Health Care",,2297.22,,3012.93
"AST",2022/7/4,"Cape Road property/Gqeberha","Rivadax Pty Ltd",38.00,"Terminated","Real Estate","Financials",,,,
"AST",2019/12/3,"Muldersdrift Business","Consolidated Infrastructure Group Ltd",32.50,"Terminated","Materials","Industrials",,3168.57,,4822.44
"M&A",2010/2/26,"Cell Secure Holdings Pty Ltd","Zaptronix Ltd",16.00,"Terminated","Financials","Industrials",,27.85,,25.019
"INV",2022/6/2,"West Wits Mining SA Pty Ltd","West Wits Mining Ltd",28.86,"Terminated","Materials","Materials",,0.10587,,505.811
"M&A",2004/9/6,"New Promex Corp Pty Ltd","Arovella Therapeutics Ltd",12.13,"Terminated","Health Care","Health Care",,1.59981,,251.621
"AST",2007/12/12,"Reeflite business","Ellies Holdings Ltd",10.82,"Terminated","N.A.","Industrials",,993,,419.561
"M&A",2019/3/6,"Biodelta Pty Ltd","Natural Health Farm Holdings Inc",22.79,"Terminated","Health Care","Consumer Discretionary",,,,
"M&A",2017/3/22,"Cross Fire Management Pty Ltd","Jasco Electronics Holdings Ltd",20.00,"Terminated","Industrials","Industrials",,673.343,,408.997
"AST",2025/9/17,"Gunex Pty Ltd,Niobe Project/Namibia,EPL 7895/Namibia","Sultan Resources Ltd",20.63,"Terminated","Financials, Industrials, Consumer Discretionary","Materials",,0.361805,,56.0902
"M&A",2017/1/30,"Ormin Coal Pty Ltd","Labat Africa Ltd",16.00,"Terminated","Industrials","Technology",,199.4,,675.514
"AST",2000/3/24,"Cybicom Africa Technologies Ltd","ISA Holdings Ltd",6.83,"Terminated","N.A.","Technology",,127.887,,86.519
"M&A",2008/11/5,"Bloxwich Industries Pty Ltd","Crescendo Group Pty Ltd",10.00,"Terminated","Industrials","Industrials",,,,
"M&A",2015/11/4,"Curves Africa","BUKA INVESTMENTS LTD",14.00,"Terminated","Consumer Discretionary","Consumer Discretionary",,19.004,,3.521
"M&A",2022/3/17,"Genbiz Trading 1001 Pty Ltd","Bi-Africa Investment Holdings Pty Ltd",14.60,"Terminated","Consumer Discretionary","Financials",,,,
"M&A",2007/4/3,"Xanadu Mining Ltd","Goldstone Resources Ltd",6.66,"Terminated","Materials","Materials",,199.63,,477.449
"AST",2018/8/15,"Tubatse Homes/Burgersfort","Private Investor",12.60,"Terminated","Real Estate","N.A.",,,,
"M&A",2001/2/28,"Wade Fibres Pty Ltd","Bolton Industrial Holdings",6.64,"Terminated","Unclassifiable","N.A.",,536.759,,357.342
"M&A",2001/5/15,"Y2Ktec SA Pty Ltd","Nomalanga Trading Enterprises",5.70,"Terminated","Technology","N.A.",,,,
"M&A",2007/4/23,"Tangeni Feedlot Ltd","Best Cut Ltd",4.00,"Terminated","Consumer Staples","Technology",,,,
"AST",2010/8/5,"Mokopane Platinum-Group Metals Project","Matimba Resources",4.00,"Terminated","N.A.","Materials",,,,
"M&A",2008/11/26,"Consolidated Associated Technology CC","Ellies Holdings Ltd",5.04,"Terminated","Industrials","Industrials",,993,,419.561
"AST",2004/2/27,"Diani & Kerouane diamond properties","Affinor Growers Inc",3.33,"Terminated","Real Estate","Industrials",,,,11.8246
"M&A",2003/11/26,"African Travel","Cullinan Holdings Ltd",3.20,"Terminated","Consumer Discretionary","Consumer Discretionary",,1005.52,,1302.05
"M&A",2003/10/1,"Attica Trading 10 Pty Ltd","IFA Hotels & Resorts Ltd",3.00,"Terminated","Financials","Consumer Discretionary",,35117.3,,578.522
"M&A",2017/1/24,"Blom Diamond Cutting Works Pty Ltd,Ernest Blom Diamonds CC","Dreadnought Resources Ltd",4.94,"Terminated","Materials, Materials","Materials",,,,620.352
"M&A",2022/3/15,"Everest Pharma Pty Ltd","PsyBio Therapeutics Corp",5.57,"Terminated","Health Care","Health Care",,,,4.91607
"M&A",2009/3/19,"So Ver Mine Pty Ltd","Unnamed Buyer",3.25,"Terminated","Materials","N.A.",,,,
"M&A",2005/9/26,"Westbury Group Pty Ltd","Cipla Medpro South Africa Ltd",2.00,"Terminated","Health Care","Health Care",,2297.22,,3012.93
"AST",2000/10/30,"3 Shopping centers","Cosmas Cavaleros",2.00,"Terminated","N.A.","N.A.",,,,
"INV",2000/11/14,"Eersteling Gold Mining Corp Ltd","Spring Hills Trading Ltd",1.44,"Terminated","Materials","N.A.",0.29,,,
"AST",1999/5/13,"Eastern Goldfields Holdings","Agri-Tech Investments Ltd",1.04,"Terminated","N.A.","N.A.",,,,
"M&A",2002/6/19,"MMJ Accountants Inc","CCI Holdings Ltd/South Africa",1.44,"Terminated","Financials","Technology",,10.1178,,
"M&A",2017/11/15,"Brittan Healthcare Group Pty Ltd","Numeral Ltd",1.92,"Terminated","Health Care","Health Care",,38.4552,,87.1777
"M&A",2001/6/20,"Ex-teq Realtime Systems Pty Ltd","Queensgate Hotel and Leisure Ltd",0.73,"Terminated","Technology","Consumer Discretionary",,121.011,,457.958
"AST",2016/10/18,"Bleiberg zinc-lead-germanium-fluorite project","Universal Copper Ltd",1.25,"Terminated","Materials","Materials",,,,77.4727
"M&A",2016/4/25,"Kairos Nutrition Proprietary Ltd","Nutritional Holdings LTD",1.30,"Terminated","Industrials","Health Care",,40.829,,48.021
"M&A",2001/6/21,"White Rock Holdings Ltd","Smart SMS Corp",0.55,"Terminated","Materials","Communications",,,,
"M&A",2001/4/6,"RRM Investment Holdings Ltd","Usat Trust Ltd",0.34,"Terminated","Materials","N.A.",,,,
"AST",1999/7/22,"DRG Consultants Ltd","CCI Holdings Ltd/South Africa",0.03,"Terminated","N.A.","Technology",,10.1178,,
"AST",2000/10/12,"People's Bank & Nedenterprise ops","Thebe Financial Services Ltd",N/A,"Terminated","N.A.","Financials",,939.202,,717.402
"M&A",2001/4/5,"Hernic Ferrochrome Pty Ltd","Merafe Resources Ltd",N/A,"Terminated","Materials","Materials",,5834.88,,6056.01
"INV",1999/12/15,"SBBW Holdings Ltd","Adcorp Holdings Ltd",N/A,"Terminated","Communications","Industrials",,12458,,3026.54
"INV",2001/10/3,"Rentsure Holdings Ltd","Nozala Investments",N/A,"Terminated","Financials","Financials",262.975,,393.537,
"M&A",2001/10/22,"Cancun Trading #85 Pty Ltd","Petra Diamonds Ltd",N/A,"Terminated","Materials","Materials",,3761.29,,9552.43
"AST",1999/8/12,"Sun Air","South African Airways",N/A,"Terminated","N.A.","Industrials",,28120,,13376
"JV",2006/12/31,"Merafe Coal Pty Ltd","",N/A,"Terminated","Materials","Materials, Materials",,,,
"AST",2020/10/7,"Black mountain mining operations/Vedanta Zinc International","Industrial Development Corp of South Africa Ltd",N/A,"Terminated","Materials","Government",,25556,,159323
"M&A",2002/8/14,"Northwest Diamond Co Pty Ltd","Diamcor Mining Inc",N/A,"Terminated","Materials","Materials",,15.6175,,56.7142
"M&A",2004/11/18,"Decillion Capital Pty Ltd","Consortium",N/A,"Terminated","Financials","N.A.",,,,
"M&A",2007/6/28,"Glenrand MIB Benefit Services Ltd","Canyon Springs Investments 12 Ltd",N/A,"Terminated","Financials","Financials",,,,
"M&A",2006/6/12,"Fruit & Veg City Holdings Ltd","Pick n Pay Stores Ltd",N/A,"Terminated","Consumer Staples","Consumer Staples",,120290,,45497
"AST",2008/4/7,"Nylon light decitex division","Industrial Development Corp of South Africa Ltd,Investor Group,Management Group",N/A,"Terminated","N.A.","Government",,,,
"M&A",2008/5/30,"KMG Diamond Resources Pty Ltd","Cape Resources PLC",N/A,"Terminated","Materials","Materials",,8.79543,,52.1776
"M&A",2008/3/3,"Frank Smith & Loxton Dal mines","KMG Diamond Resources PLC",N/A,"Terminated","Materials","Materials",,,,
"M&A",2003/2/3,"Brandrill South Africa Pty Ltd","Intresco Ltd/South Africa",N/A,"Terminated","Materials","Financials",,,,
"M&A",2003/2/12,"Bosveld Mines Pty Ltd","Centurion Gold Holdings Inc",N/A,"Terminated","Materials","Materials",,,,
"M&A",2003/11/6,"Zarara Energy Ltd","Northridge Field Operations Pty Ltd",N/A,"Terminated","Health Care","Financials",129.399,,6.917,
"M&A",2004/2/27,"Sure Holdings Ltd","Tourism Investment Corp Ltd",N/A,"Terminated","Consumer Discretionary","Consumer Discretionary",,1623.78,,1328.08
"M&A",2003/9/5,"Gijima Group Ltd","Ariviakom Pty Ltd",N/A,"Terminated","Communications","Technology",1518.64,,777.542,
"AST",2005/3/28,"Assets in South Africa","Simmer & Jack Mines Pty Ltd",N/A,"Terminated","N.A.","Materials",,,,42.978
"INV",2004/4/15,"Intesol Corp Ltd","Maximum Dynamics Inc",N/A,"Terminated","Technology","Technology",,,,
"M&A",2021/8/16,"Force Fuel Properties Pty Ltd,Force Fuel Pty Ltd","Unnamed Buyer",N/A,"Terminated","Energy, Energy","N.A.",,,,
"M&A",2007/11/5,"ElementOne Ltd","Koni Media Holdings Ltd",N/A,"Terminated","Communications","Communications",,,,
"M&A",2017/7/14,"Broadband Infraco Pty Ltd","Sentech",N/A,"Terminated","Communications","Communications",,,,
"M&A",2012/12/3,"Brandcorp Holdings Proprietary Ltd","Bidvest Group Ltd/The",N/A,"Terminated","Consumer Discretionary","Consumer Staples",,126605,,124590
"M&A",2014/12/10,"PPC Ltd","AfriSam South Africa Pty Ltd",N/A,"Terminated","Materials","Materials",10255,6843.75,10106,17859.6
"AST",2014/12/18,"JD Group consumer finance business","BNP Paribas Personal Finance South Africa Ltd",N/A,"Terminated","N.A.","Financials",,85985.9,,291752
"M&A",2014/7/2,"GFS Holdings Pty Ltd,Grindrod Financial Holdings Ltd","Bidvest Group Ltd/The",N/A,"Terminated","Financials, Financials","Consumer Staples",,126605,,124590
"M&A",2014/7/7,"Experiential Marketing Pty Ltd","Wpp Scangroup Ltd",N/A,"Terminated","Communications","Communications",,282.618,,812.781
"AST",2014/7/9,"3100 Telecom Towers/Africa","Helios Towers Africa LLP",N/A,"Terminated","N.A.","Industrials",,368.715,,512.866
"M&A",2024/12/5,"Nqaba Finance 1 RF Ltd","African Bank Holdings Ltd",N/A,"Terminated","Financials","Financials",,7706,,49341
"M&A",2025/7/1,"Premier Plastics Pty Ltd","Transpaco Ltd",N/A,"Terminated","Materials","Materials",,2432.37,,1532.02
"AST",2016/1/19,"61 Voortrekker street","Fairvest Property Holdings Ltd",N/A,"Terminated","N.A.","Real Estate",,579.566,,3822.85
"M&A",2015/10/30,"Centracom Pty Ltd","Huge Group Ltd",N/A,"Terminated","Communications","Communications",,28.651,,1973.43
"AST",2016/12/14,"Steinhoff Africa retail operations","Shoprite Holdings Ltd",N/A,"Terminated","Consumer Staples","Consumer Staples",,256682,,124944
"M&A",2010/7/14,"Avisen Pty Ltd","Private Investor",N/A,"Terminated","Industrials","N.A.",,,,
"AST",2009/3/12,"17 Musica retail outlets","MTN Group Ltd",N/A,"Terminated","N.A.","Communications",,226707,,498712
"INV",2025/6/12,"Moove Vehicle Ltd","Potential Buyer",5341.08,"Proposed","Technology","N.A.",,,,
"M&A",2026/6/12,"Blue Ridge Platinum Pty Ltd","Gani Bros Equity Pty Ltd",50.00,"Proposed","Materials","Real Estate",,,,
"M&A",2026/1/27,"SA Rubber Engineering Pty Ltd","Emerald Tyre Manufacturers Ltd",24.42,"Proposed","Industrials","Consumer Discretionary",,429.243,,515.211
"M&A",2026/5/4,"Guerilla Tactical Services Pty Ltd","White Pearl Technologies AB",5.47,"Proposed","Financials","Financials",,931.768,,588.923
"AST",2026/1/27,"Fibonacci Cape Town/Cape Town","Private Investor",1.23,"Proposed","Industrials","N.A.",,,,
"M&A",2026/4/1,"Daybreak Foods Pty Ltd","Potential Buyer",N/A,"Proposed","Consumer Staples","N.A.",,,,
"AST",2020/6/23,"Tower assets/Telkom SA SOC Ltd","Potential Buyer",N/A,"Proposed","Communications","N.A.",,,,
"AST",2026/5/5,"Natref refinery/Sasol Ltd","Trafigura Control Holdings Pte Ltd",N/A,"Proposed","Energy","Financials",,,,
"AST",2026/5/12,"Certain assets/Eskom Finance Co Pty Ltd","African Bank Holdings Ltd",N/A,"Proposed","Financials","Financials",,7706,,49341
"M&A",2024/11/26,"MotoVantage Pty Ltd","Hollard Holdings Pty Ltd",N/A,"Proposed","Financials","Unclassifiable",,,,
"M&A",2025/6/4,"Rance Timber Pty Ltd","Main Street 2075 Pty Ltd",N/A,"Proposed","Materials","Industrials",,,,
"AST",2025/5/21,"Rentable retail properties/Phoenix Property Fund SA Pty Ltd","Fedbond Nominees Pty Ltd",N/A,"Proposed","Real Estate","Financials",,,,
"M&A",2025/4/11,"Sanlam General Insurance Uganda Ltd","Jubilee Holdings Ltd",N/A,"Proposed","Financials","Financials",,8071.09,,32239.1
"AST",2025/8/25,"African renewable business/Enel SpA","Potential Buyer",N/A,"Proposed","Energy","N.A.",,,,
"AST",2025/2/20,"Certain policies & assets business/Lombard Insurance Co Ltd","Hollard Insurance Co Ltd",N/A,"Proposed","Financials","Financials",,,,
"AST",2025/2/23,"Immovable property & shopping centre/Shoprite Checkers Pty Ltd","Fpg Holdings Pty Ltd",N/A,"Proposed","Real Estate","Real Estate",,,,
"M&A",2025/1/13,"African Rainbow Capital Pty Ltd","Potential Buyer",N/A,"Proposed","Financials","N.A.",,,,
"AST",2025/1/22,"6797 Montague Gardens/Cape Town,Erven 6462/Cape Town,Erven 6461/Cape Town","Waterview Close Properties Pty Ltd",N/A,"Proposed","Real Estate, Real Estate, Real Estate","Real Estate",,,,
"AST",2026/5/19,"Western Cape property/South Africa","Spear REIT Ltd",N/A,"Proposed","Real Estate","Real Estate",,853.197,,7584.07
"AST",2026/6/1,"African Business/Barrick Mining Corp","Endeavour Mining PLC",N/A,"Proposed","Industrials","Materials",,75699.8,,92887.3
"M&A",2025/12/3,"Bauba Resources Ltd","Potential Buyer",N/A,"Proposed","Materials","N.A.",277.1,,545.089,
"M&A",2025/12/5,"Moolmans South Africa Pty Ltd","Potential Buyer",N/A,"Proposed","Real Estate","N.A.",,,,
"AST",2025/12/8,"Block 2C offshore/South Africa","Shell PLC",N/A,"Proposed","Materials","Energy",,4.77177e+06,,6.13557e+06
"M&A",2025/12/24,"AfriSam South Africa Pty Ltd","West China Cement Ltd",N/A,"Proposed","Materials","Materials",6843.75,23909.7,17859.6,83523.4
"INV",2025/10/2,"Port Elizabeth Cold Storage Container Terminal Pty Ltd","Commercial Cold Holdings Pty Ltd",N/A,"Proposed","Industrials","Industrials",,,,
"AST",2025/10/2,"Coega commercial property/Coega Special Economic Zone","Commercial Cold Holdings Pty Ltd",N/A,"Proposed","Industrials","Industrials",,,,
"M&A",2025/10/24,"Showmax BV","Canal+ SA",N/A,"Proposed","Communications","Communications",,140282,,239031
"M&A",2025/9/24,"De Beers PLC","Endiama EP",N/A,"Proposed","Materials","Materials",53589.8,,54208.1,
"AST",2025/11/24,"Tonto Tshipi Manganese mine/Johannesburg","Marula Mining PLC",N/A,"Proposed","Materials","Materials",,,,142.784
"M&A",2025/6/5,"De Beers PLC","Republic of Botswana",N/A,"Proposed","Materials","Government",53589.8,,54208.1,
"INV",2026/6/9,"Sasfin Holdings Ltd","Private Investor",N/A,"Proposed","Financials","N.A.",1932.99,,12860.6,
"M&A",2026/2/9,"Bidvest Bank Ltd","Access Holdings PLC",N/A,"Proposed","Financials","Financials",,65026.7,,592897
"M&A",2026/7/9,"Premium Pension Ltd","Premium Trustfund Pensions Ltd",N/A,"Proposed","Financials","Consumer Discretionary",,,,
"M&A",2026/7/17,"De Beers PLC","GDR Strategies LLC",N/A,"Proposed","Materials","Industrials",53589.8,,54208.1,
"INV",2025/12/17,"ArcelorMittal South Africa Ltd","Industrial Development Corp of South Africa Ltd",N/A,"Proposed","Materials","Government",32291,25556,21126,159323
"M&A",2025/10/21,"Coca-Cola Beverages South Africa Pty Ltd","Coca-Cola HBC AG",45263.92,"Pending","Consumer Staples","Consumer Staples",,234265,,225524
"M&A",2022/10/14,"KEX eCommerce LLC","Kismet Capital Group",44445.30,"Pending","Consumer Discretionary","Financials",,,,
"INV",2021/11/10,"Dark Fibre Africa,Vumatel Pty Ltd","Vodacom Group Ltd",23064.75,"Pending","Technology, Technology","Communications",,167652,,276433
"AST",2024/9/2,"Portfolio of European warehouses","Blackstone Inc",19767.31,"Pending","Real Estate","Financials",,258363,,790390
"M&A",2026/7/22,"Flash Mobile Vending Pty Ltd","Shop2shop",10599.97,"Pending","Technology","Technology",,,,
"INV",2026/6/22,"Teraco Data Environments Pty Ltd","Digital Realty Trust Inc",10454.17,"Pending","Communications","Real Estate",,109292,,818578
"M&A",2014/11/28,"Jika Properties Pty Ltd","Arrowhead Properties Ltd/Old",6707.80,"Pending","Real Estate","Real Estate",,2222.09,,14434.1
"INV",2019/3/15,"Edcon Holdings Ltd","Creditors",8174.97,"Pending","Consumer Discretionary","N.A.",25343,,20809,
"AST",2020/7/29,"Portfolio of 16 air separation units/Secunda","Air Liquide SA",8500.02,"Pending","Materials","Materials",,543849,,1.00935e+06
"AST",2021/10/21,"Portfolio of office assets/Rebosis Property Fund Ltd","Ulricraft Pty Ltd",6319.06,"Pending","Real Estate","Financials",,,,
"M&A",2024/9/17,"Assupol Holdings Ltd","Sanlam Ltd",6571.20,"Pending","Financials","Financials",3887.2,237116,13036.2,1.2957e+06
"INV",2024/11/29,"Anergi Holding Co","Harith InfraCo Ltd",6502.92,"Pending","Energy","Financials",,,,
"AST",2016/5/23,"Baywest City,Forest Hill City,BT Ngebs City","Rebosis Property Fund Ltd",5418.17,"Pending","Real Estate, Real Estate, Real Estate","Real Estate",,1666.66,,13512.2
"M&A",2020/2/28,"Tongaat Hulett Starch Pty Ltd","Barloworld Ltd",5349.97,"Pending","Consumer Staples","Consumer Discretionary",,37711,,44307
"M&A",2023/12/5,"Blyvoor Gold Pty Ltd","Rigel Resource Acquisition Corp",6217.08,"Pending","Materials","Financials",,,,1578.38
"INV",2018/9/6,"Hollard Insurance Co Ltd","Tokio Marine Holdings Inc",4999.97,"Pending","Financials","Financials",,885295,,3.53128e+06
"M&A",2013/3/27,"Evraz Highveld Steel & Vanadium Ltd","Nemascore Pty Ltd",2965.38,"Pending","Materials","Materials",5192,,3588,
"M&A",2022/3/2,"Responsive Tech Pty Ltd,Responsive Digital Pty Ltd","Araxi Ltd",4867.99,"Pending","Communications, Communications","Financials",,1166.16,,1828.16
"AST",2020/2/12,"Mining assets/AngloGold Ashanti Ltd","Unnamed Buyer",4454.79,"Pending","Materials","N.A.",,,,
"AST",2018/3/16,"Latam businesses/Old mutual","China Minsheng Banking Corp Ltd",3587.46,"Pending","Financials","Financials",,647668,,1.85663e+07
"AST",2025/11/6,"37 Yaldwyn Rd/Jet Park,112 Yaldwyn Rd/Jet Park","SouthRock Properties Pty Ltd",5139.99,"Pending","Real Estate, Real Estate","Real Estate",,,,
"M&A",2013/11/29,"ElementOne Ltd","FirstRand Ltd,Remgro Ltd",2791.86,"Pending","Communications","Financials, Financials",,,,
"AST",2014/8/12,"Macsteel property","Redefine Properties Ltd",2700.01,"Pending","N.A.","Real Estate",,11007.4,,106323
"INV",2024/12/20,"Sanlam Allianz Africa Pty Ltd","Allianz SE",4500.02,"Pending","Financials","Financials",,2.27629e+06,,1.99149e+07
"M&A",2021/11/1,"Cash Connect Management Solutions Pty Ltd","Lesaka Technologies Inc",3700.01,"Pending","Financials","Financials",,11987.1,,11585.4
"INV",2026/4/13,"Octodec Investments Ltd","Emira Property Fund Ltd",3938.96,"Pending","Real Estate","Real Estate",2172.6,1459.26,11479.6,16388.7
"M&A",2022/4/13,"Blue Falcon 188 Trading Pty Ltd","Mr Price Group Ltd",3299.98,"Pending","Consumer Discretionary","Consumer Discretionary",,42654,,40687
"M&A",2017/8/23,"Tegeta Exploration & Resources Pty Ltd","Charles King SA",2970.01,"Pending","Materials","Materials",,,,
"M&A",2014/11/7,"Crocodile River PGM Mine,Kennedy's Vale PGM Mine,Spitzkop PGM Deposit","Hebei Zhongbo Platinum Co Ltd",2535.86,"Pending","Materials, Materials, Materials","Materials",,,,
"INV",2016/5/25,"Goldrush Group Pty Ltd","Goldrush Holdings Ltd",3468.11,"Pending","Consumer Discretionary","Financials",,1932.48,,3012.47
"AST",2014/4/14,"Nashua subscriber base in South Africa","MTN Group Ltd,Vodacom Group Ltd",2259.99,"Pending","N.A.","Communications, Communications",,,,
"INV",2014/6/30,"Main Street 1254 Pty Ltd","Glacier Partners LP",2169.01,"Pending","Financials","Financials",,,,
"M&A",2021/9/20,"Sanlam Wealth Planning Holdings UK Ltd,Sanlam Pvt Investments UK Holdings Ltd","Oaktree Capital Management LP",2831.83,"Pending","Industrials, Financials","Financials",,,,
"INV",2017/3/14,"Niveus Invest 19 Ltd","Tsogo Sun Limited",2187.69,"Pending","Financials","Consumer Discretionary",,10841,,14695
"M&A",2014/11/3,"Continental Coal Ltd SA","Unnamed Buyer,LSP Energy Pty Ltd",1794.43,"Pending","Materials","Financials",,,,
"JV",2016/8/29,"Afhco Calgro M3 Consortium Pty Ltd","",2182.01,"Pending","Financials","Real Estate, Consumer Discretionary",,,,
"M&A",2026/4/2,"AfriSam Holdings Pty Ltd","West China Cement Ltd",2500.02,"Pending","Materials","Materials",,23909.7,,83523.4
"AST",2026/2/6,"Discovery phase 1/South Africa","Discovery Propco Proprietary Ltd",2317.51,"Pending","Real Estate","Real Estate",,,,
"M&A",2016/7/20,"Ceramic Industries Ltd","Italtile Ltd",2020.16,"Pending","Consumer Discretionary","Consumer Discretionary",1648.62,8876,1564.47,10362
"AST",2021/10/13,"Erf 1881 Witfontein Extension 89 Township","Equites Property Fund Ltd",2050.00,"Pending","Real Estate","Real Estate",,3153.59,,31400.3
"M&A",2020/10/30,"Texton Property Fund Ltd","Oak Tech Properties Proprietary Ltd,Oak Tech Trading Proprietary Ltd",2214.32,"Pending","Real Estate","Real Estate, Financials",278.371,,2473.35,
"INV",2024/8/30,"African Rainbow Capital Financial Services Holdings Pty Ltd","Sanlam Life Insurance Ltd",2413.00,"Pending","Financials","Financials",,228691,,1.27221e+06
"M&A",2023/11/1,"BEX Group Pty Ltd","Singapore Post Ltd",2485.78,"Pending","Financials","Industrials",,5061.29,,26960.3
"INV",2019/9/2,"Vox Telecom Ltd","Target Shareholders",2000.01,"Pending","Communications","N.A.",,,,
"M&A",2016/12/4,"Zendai Capital Pty Ltd,Zendai Development South Africa Pty Ltd,Zendai Investment Management South Africa Pty Ltd","JR 209 Investments Pty Ltd",1810.00,"Pending","Financials, Financials, Financials","Financials",,,,
"INV",2014/5/13,"Sunwest International Pty Ltd,Worcester Casino Pty Ltd","Tsogo Sun Limited",1350.00,"Pending","Consumer Discretionary, Consumer Discretionary","Consumer Discretionary",,10841,,14695
"M&A",2025/10/30,"10x Investments Pty Ltd","Old Mutual Ltd",2200.01,"Pending","Financials","Financials",,137675,,1.36792e+06
"INV",2022/5/4,"SAN JV RF Pty Ltd","Allianz SE",1998.42,"Pending","Financials","Financials",,2.27629e+06,,1.99149e+07
"M&A",2022/1/28,"enX Group Ltd","African Phoenix Investments Ltd,MCC Contracts Pty Ltd",1962.64,"Pending","Industrials","Financials, Industrials",378.355,,1554.24,
"AST",2018/10/9,"25 office assets & associated letting enterprises","Shankly Property Investments Pty Ltd",1802.33,"Pending","Real Estate","Financials",,,,
"M&A",2020/11/9,"Gruppo Investment Nigeria Ltd","AIH No 6 Ltd",1765.89,"Pending","Real Estate","Financials",,,,
"INV",2019/9/16,"Phuthuma Nathi Investments RF,Phuthuma Nathi Investments 2 RF Ltd","MultiChoice Group",1671.65,"Pending","Financials, Financials","Communications",,49980,,39244
"AST",2022/6/26,"Property Assets/RMH Property Holdings Pty Ltd","Brightbridge Real Estate Ltd",1750.00,"Pending","Real Estate","Real Estate",,,,
"M&A",2024/9/17,"Metair Aku Holding AS","Quexco Inc",1941.41,"Pending","Consumer Discretionary","Materials",,,,
"AST",2017/6/12,"Gauteng residential portfolio","Indluplace Properties Ltd",1400.00,"Pending","Real Estate","Real Estate",,583.693,,3524.46
"INV",2020/9/8,"WBC Holdings Pty Ltd","Nutun Ltd",1840.00,"Pending","Financials","Financials",26656.2,1500,5352.69,6604
"M&A",2018/3/19,"Akeso Clinics Pty Ltd","Netcare Ltd",1299.99,"Pending","Health Care","Health Care",,26344,,29225
"INV",2016/4/11,"Lesaka Technologies Inc","International Finance Corp",1583.44,"Pending","Financials","Government",11987.1,137587,11585.4,2.29932e+06
"AST",2017/6/20,"3 residential property portfolios","Indluplace Properties Ltd",1399.99,"Pending","Real Estate","Real Estate",,583.693,,3524.46
"INV",2016/9/28,"ArcelorMittal South Africa Ltd","Likamva Resources Pty Ltd",1425.29,"Pending","Materials","Financials",32291,,21126,
"INV",2019/9/30,"Mbuyelo Coal","Africa Coal Partners Ltd",1571.35,"Pending","Materials","Financials",,,,
"INV",2025/5/13,"Ntsimbintle Mining Proprietary Ltd","Exxaro Resources Ltd",1860.01,"Pending","Materials","Materials",,41771,,103210
"AST",2021/7/12,"Sodium Cyanide Unit/Sasol Ltd","Draslovka Holding AS",1459.99,"Pending","Materials","Materials",,,,
"AST",2024/1/10,"Block 2913B,Blocks 2912","TotalEnergies SE",1850.88,"Pending","Energy, Consumer Staples","Energy",,3.26021e+06,,4.82188e+06
"AST",2025/11/2,"Portfolio of clothing & homeware brands/Retailability Pty Ltd","Pepkor Holdings Ltd",1700.01,"Pending","Consumer Discretionary","Consumer Staples",,95340,,115035
"M&A",2017/11/22,"K2017449061 South Africa Pty Ltd","DRDGOLD Ltd",1313.20,"Pending","Materials","Materials",,7878.2,,12246
"M&A",2021/11/24,"Crossfin Technology Holdings Pty Ltd","Ethos Capital Partners LLC,African Rainbow Capital Pty Ltd",1500.01,"Pending","Financials","Financials, Financials",,,,
"INV",2018/9/18,"WBC Holdings Pty Ltd","Naspers Ltd",1400.00,"Pending","Financials","Communications",26656.2,188265,5352.69,1.35492e+06
"INV",2016/4/25,"Sunwest International Pty Ltd,Worcester Casino Pty Ltd","Tsogo Sun Limited",1350.01,"Pending","Consumer Discretionary, Consumer Discretionary","Consumer Discretionary",,10841,,14695
"M&A",2021/8/20,"Cambridge Food Pty Ltd,Mashfresh Meat,Rhino/South Africa","Shoprite Holdings Ltd",1399.99,"Pending","Consumer Staples, Consumer Staples, Consumer Staples","Consumer Staples",,256682,,124944
"M&A",2026/2/3,"Zaad Holdings Pty Ltd","Unnamed Buyer",1420.00,"Pending","Financials","N.A.",,,,
"AST",2015/12/3,"government property portfolio","Delta Property Fund Ltd",1255.84,"Pending","Real Estate","Real Estate",,1166.6,,6476.37
"M&A",2017/11/10,"Luxanio Trading 181 Pty Ltd","Dipula Properties Ltd",1249.99,"Pending","Real Estate","Real Estate",,1522.33,,11219.6
"AST",2026/2/18,"Portfolio of precious metals assets/Gold Fields Ltd","OR Royalties Inc",1349.20,"Pending","Materials","Materials",,4959.22,,25951.7
"M&A",2022/10/7,"GLOBAL CONNECTIVITY PLC","Tiger Infrastructure Partners LP",1507.92,"Pending","Communications","Financials",,,85.622,
"M&A",2014/6/30,"Main Street 1254 Pty Ltd","Glacier Partners LP",880.00,"Pending","Financials","Financials",,,,
"AST",2018/10/8,"1983 residential units","Transcend Residential Property Fund Ltd",1210.00,"Pending","Real Estate","Real Estate",,,,2310.88
"INV",2018/6/1,"African Reinsurance Corp South Africa Ltd","Allianz SE",1024.84,"Pending","Financials","Financials",,2.27629e+06,,1.99149e+07
"AST",2016/5/11,"Operational assets/South Africa","Vasari Global Ltd",1149.99,"Pending","Consumer Staples","Financials",,,,
"INV",2025/11/13,"Mulilo Renewable Energy Pty Ltd","Norfund AS",1274.89,"Pending","Energy","Financials",,,,
"M&A",2015/11/3,"Bobcat Equipment South Africa Pty Ltd,Goscor Cleaning Equipment Pty Ltd,Uvundlu Investments Pty Ltd,Bobcat Equipment Rental Pty Ltd","Management Group,Private Investor",1030.00,"Pending","Industrials, Financials, Industrials, Industrials","N.A.",,,,
"AST",2019/6/27,"Media Broadcast & Content Businesses/South Africa","Lebashe Investment Group Pty Ltd",1050.00,"Pending","Communications","Financials",,,,
"INV",2020/4/29,"Brait PLC","EPE Capital Partners Ltd,Ethos Private Equity Pty Ltd (Fund: Ethos Private Equity Fund VII)",1350.01,"Pending","Financials","Financials, Financials",1796,,15445,
"M&A",2015/2/16,"Parktown Crescent Properties Pty Ltd,Wanooka Properties Pty Ltd","Accelerate Property Fund Ltd",850.00,"Pending","Real Estate, Real Estate","Real Estate",,678.938,,6843.37
"M&A",2021/5/26,"Span Diagnostics SA Pty Ltd","Private Investor",1000.01,"Pending","Financials","N.A.",,,,
"AST",2020/12/18,"Steinhoff Africa properties","Pepkor Holdings Ltd",1049.99,"Pending","Real Estate","Consumer Staples",,95340,,115035
"INV",2022/3/18,"Alexander Forbes Group Holdings Ltd","Prudential Financial Inc,LeapFrog Investments Ltd",1066.34,"Pending","Financials","Financials, Financials",6518,,567786,
"M&A",2026/5/19,"Balwin Properties Ltd","Volker Holdings Pty Ltd",1145.54,"Pending","Real Estate","Financials",2727.7,,8437.59,
"M&A",2024/5/16,"Nampak Bevcan Nigeria Ltd","Alucan Investment Pte Ltd",1245.58,"Pending","Materials","Consumer Discretionary",,,,
"INV",2015/5/13,"Santam Ltd","Santam Ltd",800.85,"Pending","Financials","Financials",50952,50952,82392,82392
"AST",2018/12/3,"18 Rissik Street/Marshalls Town,124 Main Street/Marshalls Town","Aventro Properties Pty Ltd",894.60,"Pending","Real Estate, Real Estate","Real Estate",,,,
"M&A",2014/9/3,"AP Vos Seuns Pty Ltd","DLC Holdings Corp",693.74,"Pending","Consumer Staples","Financials",,,,200.77
"AST",2016/8/11,"4 infrastructure assets/Aveng Ltd","Royal Bafokeng Holdings Pty Ltd",860.00,"Pending","Industrials","Financials",,,,
"AST",2022/8/12,"K12 courseware business/PEARSON PLC,TVET courseware business/PEARSON PLC,Local Higher Education Courseware business/PEARSON PLC","Novus Holdings Ltd",1041.18,"Pending","Consumer Discretionary, Consumer Discretionary, Consumer Discretionary","Industrials",,4194.86,,3920.17
"AST",2015/8/24,"Portside units","Accelerate Property Fund Ltd",840.00,"Pending","Real Estate","Real Estate",,678.938,,6843.37
"M&A",2019/9/27,"Everest FlexibLes Pty Ltd","Huhtamaki Oyj",963.57,"Pending","Industrials","Materials",,79946.2,,88774.3
"M&A",2024/2/29,"Building Co Pty Ltd/The","Management Group,CapitalWorks LLC (Fund: CapitalWorks Fund IV LP)",1200.00,"Pending","Consumer Discretionary","Financials",,,,
"INV",2014/5/13,"Sunwest International Pty Ltd,Worcester Casino Pty Ltd","Tsogo Sun Limited",635.00,"Pending","Consumer Discretionary, Consumer Discretionary","Consumer Discretionary",,10841,,14695
"AST",2024/4/2,"13 predominantly industrial & office properties/Bryanston","Spear REIT Ltd",1146.01,"Pending","Real Estate","Real Estate",,853.197,,7584.07
"M&A",2025/7/3,"Bank Zero","Lesaka Technologies Inc",1068.34,"Pending","Financials","Financials",,11987.1,,11585.4
"M&A",2026/2/18,"Pay at Holdings Pty Ltd","Araxi Ltd",975.01,"Pending","Technology","Financials",,1166.16,,1828.16
"INV",2015/11/5,"CITICC Africa Holding Ltd","Surbana Jurong Pte Ltd",834.43,"Pending","Financials","Industrials",,,,
"M&A",2020/8/21,"Kathea Communication Solutions Pty Ltd","Ayo Technology Solutions Ltd",1025.79,"Pending","Communications","Technology",,1879.84,,2019.68
"M&A",2025/9/8,"Spar Holding AG/Switzerland","Tannenwald Holding AG",1023.98,"Pending","Consumer Staples","Financials",,,,
"AST",2026/5/21,"Portfolio of 3 office buildings/Tygervalley","Spear REIT Ltd",960.00,"Pending","Real Estate","Real Estate",,853.197,,7584.07
"M&A",2023/6/6,"Morgan Cargo Pty Ltd","Kuehne + Nagel International AG",1107.38,"Pending","Financials","Industrials",,527510,,249015
"AST",2025/12/3,"1141 sea point west/Cape Town","Future Indefinite Investments 180",943.01,"Pending","Financials","Real Estate",,,,
"M&A",2021/5/12,"Avima Pty Ltd,Ascendis Biosciences East Africa Ltd,Klub M5 Pty Ltd,Ortus Chemicals Pty Ltd","Agricultural Biosciences Pty Ltd",770.19,"Pending","Materials, Health Care, Financials, Materials","Health Care",,,,
"M&A",2024/7/15,"Sappi Lanaken NV","UTB Industrial Acquisitions BV",993.66,"Pending","Materials","Real Estate",1.22595,,3005,
"AST",2022/8/15,"Wind & solar powered assets","Seriti Resources Holdings Proprietary Ltd",892.00,"Pending","Consumer Discretionary","Materials",,,,
"AST",2022/2/24,"Immovable property/South Africa","enX Group Ltd",839.00,"Pending","Industrials","Industrials",,378.355,,1554.24
"AST",2015/10/19,"Residential Property Portfolio/South Africa","Indluplace Properties Ltd",707.00,"Pending","Real Estate","Real Estate",,583.693,,3524.46
"M&A",2021/7/19,"Ascendis Vet Pty Ltd,Ascendis Animal Health Pty Ltd,Kyron Prescriptions Pty Ltd","Sun Valley Estates Pty Ltd",770.18,"Pending","Health Care, Health Care, Health Care","Financials",,,,
"INV",2016/10/11,"Grinaker-LTA International Holdings Ltd","Kutana Investment Group",756.01,"Pending","Industrials","Financials",,,,
"AST",2014/3/3,"Property at 233 Barbara Road Elandsfontein","Fountainhead Property Trust",570.70,"Pending","N.A.","Real Estate",,1282.03,,12601.5
"AST",2019/2/20,"Portfolio of 7 office buildings","Fortune Capital Pty Ltd",696.33,"Pending","Real Estate","Real Estate",,,,
"AST",2019/2/13,"SALU Building","Narefin Proprietary Ltd",695.00,"Pending","Real Estate","Financials",,,,
"AST",2019/5/15,"Emerald Resort & Casino","Mineworkers Investment Co",696.62,"Pending","Consumer Discretionary","Financials",,2540.4,,9932.2
"AST",2026/3/11,"Kalahari Mall/Upington","NAD Property Income Fund Pty Ltd",800.00,"Pending","Real Estate","Financials",,,,
"M&A",2025/4/15,"NMS Insurance Services SA Ltd","Santam Ltd",925.00,"Pending","Financials","Financials",,50952,,82392
"M&A",2025/11/21,"Ladismith Cheese Co Pty Ltd","Woodlands Dairy Pty Ltd",840.00,"Pending","Consumer Staples","Consumer Staples",,,,
"AST",2019/11/28,"Portfolio of 9 rental enterprises","AWCA Investment Holdings",700.00,"Pending","Real Estate","Financials",,,,
"M&A",2024/6/11,"Thibault REIT Ltd","Heriot Reit Ltd",866.99,"Pending","Real Estate","Real Estate",,1750.07,,13608.1
"M&A",2003/2/26,"Redwood Holding SA","Circumference Investments Pty Ltd",378.90,"Pending","Consumer Discretionary","Financials",4.17913,,110.599,
"M&A",2021/9/30,"EIE Group Pty Ltd","Cfao Holdings South Africa Pty Ltd",700.00,"Pending","Industrials","Consumer Discretionary",,,,
"M&A",2024/12/23,"Cilo Cybin Pharmaceutical Pty Ltd","Cilo Cybin Holdings Ltd",844.99,"Pending","Consumer Staples","Financials",,,,0.01
"M&A",2018/8/27,"Moolgem Pty Ltd","Fairvest Ltd",628.56,"Pending","Real Estate","Real Estate",,2182.11,,15864
"M&A",2020/6/26,"HCI Invest6 Holdco Proprietary Ltd","Hosken Consolidated Investments Ltd",767.65,"Pending","Financials","Consumer Discretionary",,24172.5,,64182
"INV",2024/12/9,"Sturdee Energy Pty Ltd","Swedfund International AB,Investment Fund for Developing Countries (Fund: Danish SDG Investment Fund II)",780.43,"Pending","Energy","Financials, Financials",,,,
"AST",2018/12/3,"189 Schoeman street/Pretoria,28 Harrison Street/Marshalls Town","Endless Fortune Pty Ltd",588.84,"Pending","Real Estate, Real Estate","Financials",,,,
"AST",2019/11/7,"Simplot Seafood - Snacks & Meals division","JR Simplot Co",627.83,"Pending","Industrials","Consumer Staples",,,,
"AST",2014/11/20,"Portfolio of 6 buildings","Accelerate Property Fund Ltd",468.00,"Pending","N.A.","Real Estate",,678.938,,6843.37
"AST",2024/10/30,"Fiber assets/Remgro Ltd","Vodacom Group Ltd",745.00,"Pending","Consumer Discretionary","Communications",,167652,,276433
"M&A",2014/3/3,"AFHCO Holdings Pty Ltd","SA Corporate Real Estate Ltd",440.00,"Pending","Real Estate","Real Estate",,2922.45,,21463.5
"AST",2018/12/3,"Surrey House/Johannesburg,Game Building/Johannesburg,Bathopele Building/Johannesburg","Lunar Stone Trading Pty Ltd",551.45,"Pending","Real Estate, Real Estate","Real Estate",,,,
"AST",2022/7/29,"Pan Africa shopping centre/Alexandra Johannesburg","Vukile Property Fund Ltd",668.88,"Pending","Real Estate","Real Estate",,5890,,64436
"M&A",2018/10/9,"Activo Health Pty Ltd","AfroCentric Investment Corp Ltd",588.00,"Pending","Health Care","Health Care",,7358.39,,4180.45
"AST",2026/3/23,"Certain South African assets/Vantage Goldfields Ltd","Lions Bay Capital Inc",671.30,"Pending","Industrials","Financials",,,,36.8994
"AST",2014/8/22,"6 retail properties South Africa","Dipula Properties Ltd",425.00,"Pending","N.A.","Real Estate",,1522.33,,11219.6
"AST",2015/7/8,"2 Properties in Gauteng","Rebosis Property Fund Ltd",495.00,"Pending","Real Estate","Real Estate",,1666.66,,13512.2
"AST",2025/1/20,"Trading assets & liabilities/Isotec","Hudaco Industries Ltd",708.99,"Pending","Consumer Staples","Consumer Discretionary",,8748.36,,6727.25
"M&A",2024/10/21,"Workforce Holdings Ltd","Force Holdings Pty Ltd/South Africa",670.53,"Pending","Industrials","Financials",4504.61,,1586.91,
"M&A",2024/3/22,"Nutun Australia Holdings 2 Pty Ltd","Dove Bidco Pty Ltd",722.51,"Pending","Financials","Financials",,,,
"M&A",2016/5/23,"Billion Asset Managers Proprietary Ltd,Billion Property Services Pty Ltd","Rebosis Property Fund Ltd",589.00,"Pending","Financials, Real Estate","Real Estate",,1666.66,,13512.2
"INV",2018/5/15,"Rondebosch Medical Centre Pty Ltd","RH Bophelo Ltd",469.21,"Pending","Health Care","Financials",,,,1258.64
"M&A",2019/9/26,"Atalian Espaces Verts SASU","MBO & Co SAS",558.06,"Pending","Industrials","Financials",,,,
"M&A",2017/10/16,"Tecsa Pty Ltd","Beijer Ref AB",492.55,"Pending","Consumer Discretionary","Industrials",,67658.6,,79969.5
"INV",2019/4/4,"Catoca Mining Co Ltd","Alrosa PJSC,Endiama EP",512.57,"Pending","Financials","Materials, Materials",,,,
"AST",2026/1/8,"Whale Coast Village Mall/Hermanus","Whale Coast Capital Investments Pty Ltd,Whale Coast Village Mall Pty Ltd",600.00,"Pending","Real Estate","Financials, Financials",,,,
"M&A",2019/9/26,"3G Mobile Pty Ltd","Lesaka Technologies Inc",544.00,"Pending","Consumer Discretionary","Financials",,11987.1,,11585.4
"M&A",2022/2/1,"Scientific Group Pty Ltd/The,Surgical Innovations Pty Ltd","Apex Management Services Pty Ltd",550.00,"Pending","Health Care, Health Care","Financials",,,,
"M&A",2021/5/3,"PPC Lime Ltd","Kgatelopele Lime Pty Ltd",515.00,"Pending","Materials","Financials",,,,
"AST",2019/5/13,"Mdantsane City Shopping Centre","Vukile Property Fund Ltd",512.22,"Pending","Real Estate","Real Estate",,5890,,64436
"AST",2016/5/26,"Shanduka Gold Pty Ltd","Pan African Resources PLC",545.60,"Pending","N.A.","Materials",,9812.67,,17802.4
"M&A",2019/1/17,"Sky Sands Pty Ltd,Everite Pty Ltd","Trinitas Private Equity Fund,Agile Capital Pty Ltd",480.00,"Pending","Industrials, Industrials","Financials, Financials",,,,
"AST",2019/8/2,"Grand Central Building/Cape Town","Dalopix Pty Ltd",510.00,"Pending","Real Estate","Real Estate",,,,
"AST",2018/8/6,"Simba distribution centre/ZA","Equites Property Fund Ltd",461.93,"Pending","Real Estate","Real Estate",,3153.59,,31400.3
"AST",2015/6/8,"Residential property portfolio/Connaught Properties Pty Ltd","Arrowhead Properties Ltd/Old",420.00,"Pending","N.A.","Real Estate",,2222.09,,14434.1
"AST",2024/11/20,"Baby wellbeing business/Tiger Brands Ltd","Amka Products Pty Ltd",605.00,"Pending","Consumer Discretionary","Consumer Staples",,,,
"M&A",2020/2/25,"Sebata Municipal Solutions Pty Ltd,Rdata Pty Ltd,MICROmega Accounting & Professional Services Pty Ltd","Inzalo Investment Holdings Pty Ltd",501.90,"Pending","Technology, Technology, Industrials","Technology",,,,
"INV",2020/1/28,"ARISE Port & Logistics","AP Moeller Capital P/S",452.17,"Pending","Industrials","Financials",,,,
"INV",2025/3/4,"Pele Energy Group RF Pty Ltd","Nedbank Group Ltd,Norfund AS",575.44,"Pending","Energy","Financials, Financials",,,,
"INV",2024/12/5,"Anglo American Minerio de Ferro Brasil S/A","Vale SA",541.60,"Pending","Materials","Materials",,683441,,1.42995e+06
"INV",2020/10/12,"RSAWeb Pty Ltd","Actis LLP",493.00,"Pending","Technology","Financials",,,,
"INV",2015/12/9,"Supabets SA Holdings Pty Ltd","Phumelela Gaming & Leisure Ltd",434.68,"Pending","Consumer Discretionary","Consumer Discretionary",,1066.91,,1591.6
"M&A",2016/9/6,"ConnectNet Broadband Wireless Pty Ltd","Huge Group Ltd",417.90,"Pending","Technology","Communications",,28.651,,1973.43
"M&A",2003/3/27,"Xerox South Africa Ltd","Bytes Technology Group Ltd/South Africa",235.36,"Pending","Technology","Technology",,,,
"M&A",2014/1/15,"Gillwell Taxi Retail Park Pty Ltd","Dipula Properties Ltd",316.12,"Pending","Real Estate","Real Estate",,1522.33,,11219.6
"AST",2021/5/31,"Diversified plant assets & mining right","WMA Chrome Mining Pty Ltd,WMA Minmet Processing Pty Ltd",400.00,"Pending","Materials","Financials, Financials",,,,
"AST",2023/11/6,"Eden Meander shopping center/George Township","Sasol Ltd,Luvon Investments Pty Ltd,Litapro Pty Ltd",530.86,"Pending","Real Estate","Materials, Financials, Financials",,,,
"AST",2025/3/5,"Molware/Kosmosdal,Urban Ridge East/Johannesburg,Urban Ridge West/Johannesburg,Urban Ridge South/Johannesburg","Private Investor",530.00,"Pending","Real Estate, Real Estate, Real Estate, Real Estate","N.A.",,,,
"AST",2015/3/2,"Limpopo & Umzimkhulu rental enterprises","Dipula Properties Ltd",336.00,"Pending","N.A.","Real Estate",,1522.33,,11219.6
"M&A",2024/8/14,"Accsys Pty Ltd,Nutun Credit Health Pty Ltd,Nutun Transact Pty Ltd","Q Link Holdings Pty Ltd",510.00,"Pending","Technology, Health Care, Industrials","Technology",,,,
"AST",2024/12/9,"Beatrix 4 shaft/Beisa","NEO ENERGY METALS PLC",500.00,"Pending","Materials","Financials",,,,461.669
"AST",2015/10/8,"Truworths & Grid properties","Texton Property Fund Ltd",375.39,"Pending","N.A.","Real Estate",,278.371,,2473.35
"AST",2001/4/19,"Ppty portfolio","Sycom Property Fund",223.83,"Pending","N.A.","Real Estate",,915.74,,9272.69
"M&A",2017/8/23,"Inhle Beverages Pty Ltd","Long4Life Ltd",360.00,"Pending","Consumer Staples","Consumer Discretionary",,3582.54,,5721.8
"AST",2026/4/17,"Erf 62063 Mitchells plain/Cape Town","Spear REIT Ltd",442.00,"Pending","Real Estate","Real Estate",,853.197,,7584.07
"INV",2025/11/7,"Atlas Tower","STOA Infra & Energy SAS",467.11,"Pending","Communications","Financials",,,,
"M&A",2014/10/27,"Scientific Group Pty Ltd/The","Coast 2 coast Investments LLC",283.73,"Pending","Health Care","Financials",,,,
"AST",2025/7/28,"Remainder Erf 92089/Cape Town,Remainder Erf 67925/Cape Town,Erf 92087/Cape Town,Remainder Erf 67958/Cape Town,Remainder Erf 67947/Cape Town,Remainder Erf 67960/ Cape Town,Remainder Erf 67959/Cape Town,Remainder Erf 67948/Cape Town,Remainder Erf 67949/Cape Town,Remainder Erf 67957/Cape Town","Spear REIT Ltd",455.00,"Pending","Real Estate, Real Estate, Real Estate, Real Estate, Real Estate, Real Estate, Consumer Discretionary, Real Estate, Real Estate, Real Estate","Real Estate",,853.197,,7584.07
"AST",2019/11/1,"Liberty Life Building/The","Spear REIT Ltd",370.00,"Pending","Real Estate","Real Estate",,853.197,,7584.07
"INV",2021/6/8,"Sybrin Systems Pty Ltd,Sybrin Ltd","K2020893770 South Africa Pty Ltd",334.35,"Pending","Financials, Technology","Technology",,,,
"M&A",2015/11/19,"Akacia Healthcare Holdings Pty Ltd","Ascendis Health Ltd",345.24,"Pending","Health Care","Health Care",,,,777.442
"M&A",2022/2/1,"Medicine Developers International Pty Ltd,Pharmachem Pharmaceuticals Pty Ltd,Alliance Pharma Pty Ltd,Ascendis Pharma Pty Ltd","Imperial Logistics Ltd,Pharma-Q Holdings Pty Ltd",375.00,"Pending","Health Care, Health Care, Health Care, Health Care","Industrials, Health Care",,,,
"M&A",2019/12/9,"Ubusha Technologies Pty Ltd","Altron Ltd",360.00,"Pending","Technology","Technology",,9637,,9648
"AST",2016/5/6,"Eden Meander Lifestyle Centre","Accelerate Property Fund Ltd",364.92,"Pending","Real Estate","Real Estate",,678.938,,6843.37
"M&A",2020/2/28,"Raubex Property Investments Pty Ltd","Acorn Black Investments Pty Ltd",383.00,"Pending","Financials","Financials",,,,
"M&A",2020/2/28,"African Phoenix Investments Ltd","Peresec Prime Brokers Pty Ltd",379.87,"Pending","Financials","Financials",102.993,,1400.32,
"M&A",2017/10/13,"Milpark Education Proprietary Ltd","Brimstone Investment Corp Ltd,Stadio Holdings Ltd",320.00,"Pending","Consumer Discretionary","Consumer Staples, Financials",,,,
"AST",2015/3/6,"Portfolio of events","Hyve Group PLC",290.41,"Pending","N.A.","Industrials",,,,19408
"M&A",2024/3/26,"Nampak Packaging Malawi Ltd,Nampak Liquid Cartons Pty Ltd,Nampak Zambia Ltd","Corvest 15 Pty Ltd,Diversified Liquid Packaging Group Pty Ltd,Liquid Cartons Pty Ltd",450.00,"Pending","Materials, Industrials, Materials","Financials, Materials, Materials",,,,
"M&A",2017/10/19,"United Furniture Outlets Pty Ltd","Lewis Group Ltd",320.00,"Pending","Consumer Discretionary","Consumer Discretionary",,10319.9,,9159.1
"M&A",2025/12/8,"Walletdoc Holdings Pty Ltd","Capitec Bank Holdings Ltd",399.99,"Pending","Financials","Financials",,61650.7,,263284
"AST",2016/5/27,"Portfolio of 6 prime offices/South Africa","Texton Property Fund Ltd",363.00,"Pending","Real Estate","Real Estate",,278.371,,2473.35
"M&A",2023/2/3,"BrightRock Holdings Pty Ltd","Sanlam Ltd",399.00,"Pending","Financials","Financials",,237116,,1.2957e+06
"M&A",2017/8/21,"Infinity Media Networks Pty Ltd","Management Group,Lodidox",300.00,"Pending","Communications","Financials",,,,
"AST",2025/5/9,"Roodekop properties/Gauteng","Trident Property Holdings Pty Ltd",415.00,"Pending","Real Estate","Financials",,,,
"AST",2021/12/17,"Foretrust property/South Africa","Stonehill Property Group Ltd",360.00,"Pending","Real Estate","Real Estate",,,,
"INV",2021/4/28,"Exeltis South Africa Proprietary Ltd","AfroCentric Investment Corp Ltd",320.00,"Pending","Consumer Discretionary","Consumer Staples",,7358.39,,4180.45
"AST",2014/9/22,"Mooiplaats Coal Mine","Blackspear Holdings Pty Ltd",250.00,"Pending","Materials","Materials",,,,
"M&A",2015/4/2,"Vijay Mallya's traditional sorghum beer co","Diageo PLC",263.08,"Pending","N.A.","Consumer Staples",,332016,,768103
"AST",2017/4/11,"Portfolio of hotel assets/South Africa","Hospitality Property Fund Ltd",301.55,"Pending","Real Estate","Real Estate",,6047,,13674
"M&A",2020/6/22,"Tambankulu Estates Ltd","Public Service Pensions Fund/Swaziland",375.00,"Pending","Consumer Staples","Government",,,,
"M&A",2019/11/8,"Koornfontein Coal Mine","Black Royalty Minerals Pty Ltd",300.00,"Pending","Materials","Materials",,,,
"M&A",2018/11/7,"Master Plastics Ltd","Lereko Metier Trustees Pty Ltd",278.28,"Pending","Materials","Financials",504.479,,336.917,
"INV",2004/3/2,"Africa On Air Pty Ltd","Old Primedia Ltd",132.12,"Pending","Communications","Communications",,,,
"M&A",2018/2/26,"Airvantage Pty Ltd","Blu Label Unlimited Group Ltd",226.00,"Pending","Communications","Communications",,14050.2,,19769.9
"M&A",2016/10/11,"Diro Iron Ore Pty Ltd,Diro Manganese Pty Ltd","Afrimat Ltd",276.00,"Pending","Financials, Financials","Materials",,10009,,9900.95
"M&A",2014/3/17,"De Ville Shopping Centre","Tower Property Fund Ltd",202.96,"Pending","Real Estate","Real Estate",,322.96,,4298.35
"M&A",2016/8/11,"Steeledale Group Ltd","Kutana Investment Group",252.00,"Pending","Materials","Financials",,,,
"AST",2020/9/15,"Erf 30 Umlaas Road/Mkhambathini","Camperdown Real Estate 2 Pty Ltd",310.00,"Pending","Real Estate","Financials",,,,
"AST",2017/8/1,"Trading assets & liabilities/ZA","Hudaco Industries Ltd",248.00,"Pending","Materials","Industrials",,8748.36,,6727.25
"INV",2025/12/13,"Gobid Pty Ltd","WBC Holdings Pty Ltd",314.82,"Pending","Industrials","Consumer Discretionary",,26656.2,,5352.69
"INV",2016/3/23,"Fidelity Bank Ltd","Duet Asset Management Ltd",286.23,"Pending","Financials","Financials",,343.082,,232.376
"AST",2015/3/17,"Middestad Centre,Mega Park","Fairvest Property Holdings Ltd",229.00,"Pending","N.A.","Real Estate",,579.566,,3822.85
"AST",2022/1/21,"349 Curie Avenue/Bloemfontein,161 Crescent Drive/Polokwane,Mandela Street/Witbank","Unnamed Buyer",271.00,"Pending","Real Estate, Real Estate, Real Estate","N.A.",,,,
"M&A",2015/5/7,"Bragan Chemicals Proprietary Ltd","Rolfes Holdings Ltd",213.10,"Pending","Materials","Materials",,1532.53,,874.388
"AST",2014/4/9,"Eight buildings in Maboneng Precinct","Arrowhead Properties Ltd/Old",180.00,"Pending","N.A.","Real Estate",,2222.09,,14434.1
"AST",2023/9/15,"Bolton residential units/Rosebank","Unnamed Buyer",327.10,"Pending","Real Estate","N.A.",,,,
"M&A",2018/6/11,"iS Partners Proprietary Ltd","Altron TMT",225.00,"Pending","Technology","Technology",,,,
"M&A",2021/4/20,"Law Trusted Third Party Services Pty Ltd","Altron Ltd",245.00,"Pending","Technology","Technology",,9637,,9648
"M&A",2015/3/12,"Fairheads International Holdings SA Ltd","Vunani Ltd",210.00,"Pending","Financials","Financials",,808.796,,1989.22
"M&A",2015/4/14,"HTP Holdings Pty Ltd","Tower Property Fund Ltd",205.13,"Pending","Real Estate","Real Estate",,322.96,,4298.35
"M&A",2021/9/23,"Pure Pharmacy Holdings Pty Ltd","Dis-Chem Pharmacies Ltd",250.00,"Pending","Health Care","Consumer Staples",,42825.8,,20738.3
"AST",2015/3/31,"Portfolio of 3 commercial properties/South Africa","Trematon Capital Investments Ltd",203.19,"Pending","N.A.","Financials",,267.313,,642.32
"M&A",2024/9/6,"ARIA Property Group Proprietary Ltd","Private Investor",293.00,"Pending","Financials","N.A.",,,,
"AST",2023/5/30,"Trading assets & liabilities/Brigit","Hudaco Industries Ltd",315.00,"Pending","Industrials","Consumer Discretionary",,8748.36,,6727.25
"AST",2024/6/10,"Eerste Rivier Township/ Cape Town","Exemplar REITail Ltd",282.00,"Pending","Real Estate","Real Estate",,1586.17,,11710.5
"M&A",2023/5/31,"Williamson Diamonds Ltd","Pink Diamond Investments Pty Ltd",296.60,"Pending","Materials","Financials",,,,
"INV",2024/10/2,"Stadio Holdings Ltd","ThembiSA Equity Investments Pty Ltd",257.00,"Pending","Financials","Financials",1841,,2674.64,
"AST",2017/11/10,"1 Office & 22 Industrial Properties","Setso Group Pty Ltd",209.00,"Pending","Real Estate","Financials",,,,
"AST",2019/2/13,"Bank of Lisbon","Narevax Pty Ltd",202.00,"Pending","Real Estate","Financials",,,,
"M&A",2022/12/8,"Blend Property 15 Pty Ltd","Erf 18 Zimbali Coastal Resort Pty Ltd",246.00,"Pending","Real Estate","Real Estate",,,,
"M&A",2026/3/17,"Crickley Dairy Pty Ltd","Varun Beverages Ltd",238.00,"Pending","Consumer Staples","Consumer Staples",,42760.2,,47091
"M&A",2019/9/10,"NWK Ltd","Unnamed Buyer",204.07,"Pending","Materials","N.A.",,,,
"M&A",2015/12/1,"Ecsponent Investment Holdings Pty Ltd","Afristrat Investment Holdings",200.00,"Pending","Financials","Financials",,0.722,,705.664
"INV",2019/6/19,"Tyme Bank","Ethos Private Equity Pty Ltd",200.00,"Pending","Financials","Financials",,,,
"M&A",2023/3/29,"Vector Logistics Ltd","AP Moller Capital EMIF II Cooperative WA",250.00,"Pending","Industrials","Financials",,,,
"M&A",2015/12/7,"Solareff Pty Ltd","Alviva Holdings Ltd",200.00,"Pending","Energy","Consumer Discretionary",,23429.2,,9722.62
"M&A",2014/8/11,"ViaMedia Pty Ltd","Blu Label Unlimited Group Ltd",144.37,"Pending","Technology","Communications",,14050.2,,19769.9
"AST",2025/10/15,"Portion 1 of Erf 3891 Barberton Township/Zoviblox Pty Ltd","Exemplar REITail Ltd",235.48,"Pending","Communications","Real Estate",,1586.17,,11710.5
"M&A",2017/2/24,"Eland Platinum Mine","Northam Platinum Ltd",175.00,"Pending","Materials","Materials",,,,
"AST",2019/2/7,"Promenade Shopping Centre/South Africa","Flameup Investments Pty Ltd",185.00,"Pending","Real Estate","Financials",,,,
"M&A",2015/5/29,"Link Hills Shopping Centre Pty Ltd","Tower Property Fund Ltd",160.99,"Pending","Real Estate","Real Estate",,322.96,,4298.35
"M&A",2014/7/3,"R&S Consulting Pty Ltd","Zukubu Pty Ltd",142.00,"Pending","Industrials","N.A.",,,,
"M&A",2016/4/22,"African & Overseas Enterprises Ltd","Gingko Trading Pty Ltd,Geomer Investments Pty Ltd,Ceejay Trust/The,Gingko Investments No 2 Pty Ltd",189.49,"Pending","Consumer Discretionary","Financials, Financials, Financials, Financials",681.481,,1232.41,
"M&A",2019/2/25,"Cartrack SA","CalAmp Corp",179.84,"Pending","Technology","Technology",,4929.88,,6968.89
"AST",2019/2/19,"Infraset business","Isongo Investments Pty Ltd,Colossal Africa Infrastructure Pty Ltd",180.00,"Pending","Industrials","Financials, Financials",,,,
"AST",2018/3/13,"142 Bree Street/Cape Town","Arctigen Pty Ltd",150.00,"Pending","Real Estate","Financials",,,,
"M&A",2020/11/5,"Advanced Health South Africa Pty Ltd","Samaritan Health Pty Ltd",200.00,"Pending","Health Care","Health Care",,,,
"M&A",2014/7/9,"Liberty Health Holdings Pty Ltd","Liberty Holdings Ltd",134.00,"Pending","Financials","Financials",,40980,,489476
"AST",2022/11/30,"121 Chief Albert Luthuli Street/Pietermaritzburg","Dmft Property Developers Pty Ltd",211.92,"Pending","Real Estate","Real Estate",,,,
"AST",2013/9/30,"Tellumat Retreat/South Africa","Ingenuity Property Investments Ltd",125.03,"Pending","N.A.","Real Estate",,468.379,,3969.21
"M&A",2026/7/9,"Capitec Rental Finance Pty Ltd","Sasfin Holdings Ltd",201.00,"Pending","Financials","Financials",,1932.99,,12860.6
"M&A",2015/10/19,"CQS Investment Holdings Pty Ltd","AdaptIT Holdings Ltd",159.88,"Pending","Technology","Technology",,1571.77,,1714.33
"AST",2015/12/4,"Vaal Mall","Changing Tides 91 Pty Ltd",171.78,"Pending","Real Estate","Industrials",,,,
"INV",2015/5/5,"Ferrum Iron Ore Pty Ltd","Principle Monarchy Investments Pty Ltd",142.00,"Pending","Materials","Financials",,,,
"INV",2019/10/4,"Monteagle Africa Ltd","SPAR Group Ltd/The",176.82,"Pending","Consumer Staples","Consumer Staples",,131458,,46212.1
"M&A",2019/12/13,"Dental Information Systems Pty Ltd","AfroCentric Investment Corp Ltd",170.00,"Pending","Health Care","Consumer Staples",,7358.39,,4180.45
"AST",2022/11/2,"84406 sq m Property Rental Enterprise/Gauteng Province","Dulu Holdings Pty Ltd",210.55,"Pending","Real Estate","Financials",,,,
"M&A",2015/11/30,"Tellumat Pty Ltd","Stellar Capital Partners Ltd",166.72,"Pending","Technology","Financials",,75.586,,1151.61
"AST",2019/5/15,"Nonkqubela Mall","Fairvest Property Holdings Ltd",162.88,"Pending","Real Estate","Real Estate",,579.566,,3822.85
"AST",2018/9/10,"Thornhill Shopping Centre","Safari Investments RSA Ltd",174.00,"Pending","Real Estate","Consumer Discretionary",,627.502,,4581.11
"M&A",2017/8/21,"TNA Media Pty Ltd","Management Group,Lodidox",150.00,"Pending","Communications","Financials",,,,
"INV",2023/3/8,"Viking Aquaculture Pty Ltd","Sea Harvest Group Ltd",210.00,"Pending","Consumer Staples","Consumer Staples",,6642.96,,9519.88
"M&A",2014/2/27,"Pharma Natura Pty Ltd","Ascendis Health Ltd",121.00,"Pending","Health Care","Health Care",,,,777.442
"AST",2020/2/19,"Portfolio of prime property/Umhlanga","Balwin Properties Ltd",167.26,"Pending","Real Estate","Real Estate",,2727.7,,8437.59
"M&A",2018/9/11,"Zaloserve Pty Ltd","Ayo Technology Solutions Ltd",165.00,"Pending","Technology","Technology",,1879.84,,2019.68
"INV",2015/9/7,"Sabido Investments Pty Ltd","E Media Holdings Ltd",149.67,"Pending","Financials","Communications",,3011.86,,6209.85
"M&A",2014/7/16,"Radio Network Solutions Pty Ltd","Alaris Holdings Ltd",113.74,"Pending","Communications","Technology",,563.762,,583.963
"AST",2026/7/9,"Erf 2209 & BMW motor dealership/Fourways","Toyota Tsusho Corp",174.08,"Pending","Real Estate","Materials",,1.33472e+06,,912032
"M&A",2017/10/10,"DanCor Properties Pty Ltd","Stor-Age Property REIT Ltd",145.00,"Pending","Financials","Real Estate",,1452.88,,14324
"M&A",2026/6/11,"Generation Education Pty Ltd,Propgen Pty Ltd,SI Institute Pty Ltd/South Africa","Education Investment Impact Fund of South Africa Pty Ltd",172.00,"Pending","Consumer Discretionary, Consumer Discretionary, Consumer Discretionary","Financials",,,,
"AST",2020/9/3,"Jane Furse Crossing/Limpopo","Depoway Pty Ltd",174.00,"Pending","Real Estate","Financials",,,,
"M&A",2016/10/21,"Esor Ltd","Geomer Investments Pty Ltd",144.91,"Pending","Industrials","Financials",959.357,,636.305,
"AST",2015/6/9,"Penumbra Coal Mine,Vlakvarkfontein Coal Mine","Reliable African Energy NV",128.00,"Pending","Materials","Materials",,,,811.19
"M&A",2019/10/24,"Stenham Asset Management Holdings Ltd","Management Group",150.77,"Pending","Financials","N.A.",,,,
"AST",2021/9/22,"Bester Road/Cape Town","Transcend Residential Property Fund Ltd",151.50,"Pending","Real Estate","Real Estate",,,,2310.88
"AST",2021/5/27,"Blackheath Park Property","Inospace 5 Pty Ltd",140.00,"Pending","Real Estate","Real Estate",,,,
"AST",2022/10/12,"Island/Paarden Eiland","Spear REIT Ltd",185.00,"Pending","Real Estate","Real Estate",,853.197,,7584.07
"AST",2026/3/10,"La Colosa gold project/South Africa","Mineros SA",161.95,"Pending","Materials","Materials",,14297.7,,12442
"AST",2015/5/11,"Tydstroom's hartebeespoort abattoir","Sovereign Food Investments Ltd",120.00,"Pending","N.A.","Consumer Staples",,2163.68,,1558.11
"INV",2024/8/1,"Rolfes Holdings Ltd","Solevo Mea BV",179.50,"Pending","Materials","Materials",1532.53,,874.388,
"M&A",2022/4/7,"Hymax SA Pty Ltd","Seacom South Africa Pty Ltd",144.90,"Pending","Communications","Communications",,,,
"AST",2020/4/6,"Tokai Junction/Western Cape","Fpg Holdings Pty Ltd",180.00,"Pending","Consumer Discretionary","Real Estate",,,,
"AST",2015/9/8,"3 properties/South Africa","Fairvest Property Holdings Ltd",133.00,"Pending","N.A.","Real Estate",,579.566,,3822.85
"AST",2025/8/19,"9 Warrington Road/Mobeni","Deneb Investments Ltd",170.00,"Pending","Real Estate","Consumer Discretionary",,4339.29,,3431.78
"AST",2019/9/6,"Erf 2460/Mafikeng","Government Employees Pension Fund,Adowa Infrastructure Managers RF Pty Ltd",141.20,"Pending","Real Estate","Financials, Real Estate",,,,
"M&A",2016/4/22,"Rex Trueform Group Ltd","Gingko Trading Pty Ltd,Geomer Investments Pty Ltd,Ceejay Trust/The,Gingko Investments No 2 Pty Ltd",135.78,"Pending","Consumer Discretionary","Financials, Financials, Financials, Financials",681.481,,1242.97,
"M&A",2018/7/13,"Antalis Botswana Pty Ltd,Antalis South Africa Pty Ltd","Management Group",124.00,"Pending","Materials, Consumer Discretionary","N.A.",,,,
"AST",2019/9/6,"Properties/Ekurhuleni Metropolitan Municipality","Unnamed Buyer",136.00,"Pending","Real Estate","N.A.",,,,
"AST",2020/11/30,"38525 sq m property/Samrand Ave","Pathisa Properties Two Pty Ltd",140.92,"Pending","Real Estate","Financials",,,,
"AST",2026/5/29,"Mamelodi Square business/Putprop Ltd","Exemplar REITail Ltd",147.64,"Pending","Financials","Real Estate",,1586.17,,11710.5
"M&A",2018/12/20,"Ascendis Health International Pty Ltd","Mylan NV",130.00,"Pending","Consumer Staples","Health Care",,,,
"AST",2021/5/21,"Riverside mall/Rondebosch","ARIA Property Group Proprietary Ltd",126.10,"Pending","Real Estate","Financials",,,,
"AST",2021/5/22,"Riverside Mall/Cape Town","Aria Property Group Pty Ltd",126.10,"Pending","Real Estate","Real Estate",,,,
"M&A",2017/1/30,"Monthae Diamonds Pty Ltd","Lucapa Diamond Co Ltd",121.86,"Pending","Materials","Materials",,127.839,,790.82
"M&A",2025/9/22,"Agriplas Pty Ltd","Agriplas Holdings Pty Ltd",155.00,"Pending","Industrials","Industrials",,,,
"M&A",2022/8/26,"Private Property South Africa Pty Ltd","Ooba Pty Ltd,Fledge Capital Pty Ltd,BetterHome Group Ltd",150.00,"Pending","Real Estate","Financials, Financials, Financials",,,,
"M&A",2019/10/14,"Orion Real Estate Ltd","Gmeiner Investment Holding Pty Ltd",131.67,"Pending","Real Estate","Financials",78.739,,818.336,
"AST",2024/6/20,"100 Fairway Close/Cape Town","City of Cape Town South Africa",160.00,"Pending","Real Estate","Government",,,,
"M&A",2015/7/22,"Vision Transport Pty Ltd","OneLogix Group Ltd",110.00,"Pending","Industrials","Industrials",,3065.79,,3138.17
"M&A",2015/2/20,"Boland Pulp Pty Ltd","RFG Holdings Ltd",101.58,"Pending","Consumer Staples","Consumer Staples",,8137.76,,6041.29
"AST",2015/3/31,"East Rand Plastics division & property","Transpaco Ltd",104.70,"Pending","Industrials","Materials",,2432.37,,1532.02
"AST",2019/3/18,"Bell psychiatric hospital,ERF 1690 & ERF 3288 Noordheuwel Extension 3,Netcare Rand Hospital/South Africa","RH Bophelo Ltd",124.00,"Pending","Health Care, Real Estate, Real Estate","Financials",,,,1258.64
"AST",2018/9/17,"Acacia Place property/Duvha","Instratin Properties Pty Ltd",127.50,"Pending","Real Estate","Real Estate",,,,
"INV",2018/11/19,"SA Taxi Holdings Pty Ltd","South African National Taxi Council",120.00,"Pending","Financials","Financials",,,,
"M&A",2016/8/8,"Trans Hex Group Ltd","Cream Magenta 140 Pty Ltd,Metcap 14 Pty Ltd,RAC Investment Holdings Pty Ltd",115.83,"Pending","Materials","Financials, Financials, Financials",312.556,,800.273,
"M&A",2021/11/8,"Indwe Broker Holdings Pty Ltd","Santam Ltd",125.00,"Pending","Financials","Financials",,50952,,82392
"INV",2024/5/31,"OneSpark Pty Ltd,Onespark Holdings Inc","Dis-Chem Pharmacies Ltd",155.94,"Pending","Financials, Consumer Discretionary","Consumer Staples",,42825.8,,20738.3
"M&A",2017/12/18,"Future Packaging & Machinery Pty Ltd,Future Packaging & Machinery Cape Pty Ltd,Future Packaging & Machinery Kwa Zulu Natal Pty Ltd","Transpaco Ltd",105.00,"Pending","Industrials, Industrials, Industrials","Materials",,2432.37,,1532.02
"AST",2017/12/14,"Blackheath Park","Spear REIT Ltd",110.50,"Pending","Real Estate","Real Estate",,853.197,,7584.07
"AST",2022/5/13,"Woodmead Commercial Park/Woodmead","Benav Properties Pty Ltd",132.50,"Pending","Real Estate","Real Estate",,,,
"AST",2014/12/19,"Rental enterprise at Sibilo shopping center","Fairvest Property Holdings Ltd",95.00,"Pending","N.A.","Real Estate",,579.566,,3822.85
"AST",2025/5/9,"Port Elizabeth property/Eastern Cape Germiston","Trident Property Holdings Pty Ltd",147.75,"Pending","Real Estate","Financials",,,,
"AST",2024/11/6,"Nampak I&CS business/Nampak Ltd","Unnamed Buyer",142.50,"Pending","Consumer Discretionary","N.A.",,,,
"AST",2019/4/15,"Radnor road ristribution centre","Spear REIT Ltd",112.00,"Pending","Real Estate","Real Estate",,853.197,,7584.07
"M&A",2015/5/29,"Nvest Properties Ltd","NVest Financial Holdings Ltd",96.79,"Pending","Real Estate","Financials",,276.231,,664.289
"INV",2018/10/17,"Cargo Carriers Ltd","Cargo Carriers Holdings Pty Ltd",111.46,"Pending","Industrials","Industrials",645.598,,763.061,
"AST",2018/5/4,"2 Oxbow Estuaries building","Spear REIT Ltd",98.00,"Pending","Industrials","Real Estate",,853.197,,7584.07
"AST",2018/8/7,"Certain asset/Leeuw Braakfontein Colliery Pty Ltd","Sitatunga Resources Pty Ltd",103.00,"Pending","Materials","Materials",,,,
"AST",2015/3/30,"Tirisano Project","Unnamed Buyer",93.72,"Pending","Materials","N.A.",,,,
"AST",2018/10/2,"Atlas Gardens property/Cape Town,Bella Rosa property/Belville,Burger King property/Cape Town,George property/Cape Town,Plum Park property/Cape Town","K2018500558 South Africa Pty Ltd",109.50,"Pending","Real Estate, Real Estate, Real Estate, Real Estate, Real Estate","Financials",,,,
"AST",2026/6/1,"17 kramer road/Johannesburg","Putprop Ltd",124.50,"Pending","Real Estate","Real Estate",,140.363,,1232.68
"AST",2023/6/26,"Erf 59034 Khayelitsha/Cape Town","Mirlem IP Pty Ltd",140.00,"Pending","Real Estate","Real Estate",,,,
"AST",2025/3/14,"Erf 11911 Saldanha/Western Cape,Erf 11912 Saldanha/Western Cape","Pindulo VDM Pty Ltd",134.00,"Pending","Real Estate, Real Estate","Industrials",,,,
"AST",2021/6/14,"Risk & retail life business operations","Sanlam Ltd",100.00,"Pending","Financials","Financials",,237116,,1.2957e+06
"AST",2019/10/1,"Erf 3150 Highveld Extension 112","Stadio Holdings Ltd",110.00,"Pending","Real Estate","Financials",,1841,,2674.64
"AST",2025/10/15,"Erf 39890 Thabong Township/Masingita Property Investment Holdings Pty Ltd","Exemplar REITail Ltd",124.28,"Pending","Communications","Real Estate",,1586.17,,11710.5
"AST",2019/2/26,"49 Jorrisen Street/Johannesburg","Braamby Trading Pty Ltd",97.50,"Pending","Real Estate","Financials",,,,
"AST",2026/5/28,"Eldorado gold property/Mpumalanga","Elcora Advanced Materials Corp",113.15,"Pending","Industrials","Materials",,,,33.5481
"M&A",2019/2/5,"Magnacorp 84 Pty Ltd","RH Bophelo Ltd",92.70,"Pending","Health Care","Financials",,,,1258.64
"INV",2017/9/13,"Sakhile Initiative 2 Ltd","Omnia Holdings Ltd",91.10,"Pending","Financials","Materials",,24200,,17755
"AST",2021/9/22,"North Boundary Road/Brakpan","Transcend Residential Property Fund Ltd",102.00,"Pending","Real Estate","Real Estate",,,,2310.88
"M&A",2025/10/1,"Nicola-J Flavours and Fragrances Pty Ltd","Turpaz Industries Ltd",117.09,"Pending","Materials","Materials",,4919.49,,11827.7
"M&A",2021/12/15,"Blyvoor Gold Operations Pty Ltd","Pan African Resources PLC",110.00,"Pending","Materials","Materials",,9812.67,,17802.4
"M&A",2019/10/17,"Data World Pty Ltd,Xcallibre Pty Ltd,Evaluations Enhanced Property Appraisals Pty Ltd","Terra Analytics Pty Ltd",99.96,"Pending","Industrials, Technology, Real Estate","Financials",,,,
"M&A",2025/9/26,"Benefits Bouquet Pty Ltd","Finbond Group Ltd",116.34,"Pending","Technology","Financials",,1479.51,,4410.01
"M&A",2022/2/1,"Ascendis Skin & Body Pty Ltd","Amka Products Pty Ltd",102.00,"Pending","Consumer Staples","Consumer Staples",,,,
"AST",2015/10/30,"Remainder Erf 16","TUT Varsity Lodge Pty Ltd",92.00,"Pending","N.A.","Real Estate",,,,
"M&A",2018/1/1,"Foursight South Africa Group","4Sight Holdings Ltd",80.36,"Pending","Financials","Financials",,1163.46,,632.188
"AST",2015/5/26,"Van Riebeeck Mall / South Africa","Aristonas Pty Ltd",78.00,"Pending","N.A.","Real Estate",,,,
"INV",2023/12/29,"Milpark Education Pty Ltd","Stadio Holdings Ltd",117.50,"Pending","Consumer Discretionary","Financials",,1841,,2674.64
"AST",2023/3/9,"Mamelodi Square/Tshwane","Exemplar REITail Ltd",116.50,"Pending","Real Estate","Real Estate",,1586.17,,11710.5
"AST",2018/9/4,"Pick n Pay Distribution Centre","Unnamed Buyer",96.00,"Pending","Real Estate","N.A.",,,,
"M&A",2015/12/22,"Senna Motors Pty Ltd,Transmac Logistics CC,Transmac Trucking CC,Transmac Group Pty Ltd","Labat Africa Ltd",95.00,"Pending","Industrials, Industrials, Industrials, Industrials","Technology",,199.4,,675.514
"AST",2016/11/15,"Properties in industrial area of Denver","Trueprop Pty Ltd",88.00,"Pending","Real Estate","Real Estate",,,,
"AST",2023/10/18,"Pri-movie Park,1 Charles Crescent","Micawber 832 Pty Ltd",117.00,"Pending","Real Estate, Real Estate","Real Estate",,,,
"INV",2014/6/23,"Significant Site Services Pty Ltd,Significant Site Services Mozambique Ltda","CSG Holdings Ltd/South Africa",65.10,"Pending","Industrials, Industrials","Industrials",,1301.93,,729.55
"M&A",2015/9/17,"Summit College Pty Ltd","Advtech Ltd",82.00,"Pending","Consumer Discretionary","Consumer Discretionary",,9330.4,,11297
"INV",2023/6/28,"Advanced Health Ltd","Eenhede Konsultante Pty Ltd",113.13,"Pending","Health Care","Financials",664.746,,1095.95,
"M&A",2026/4/23,"Activo Health Pty Ltd","FHC-Farmaceutica Lda",100.00,"Pending","Health Care","Health Care",,1036.47,,3086.97
"M&A",2014/11/20,"Lime-Chem Resources Proprietary Ltd","Unnamed Buyer,African Eagle Resources PLC",65.74,"Pending","Materials","Materials",,,,
"M&A",2018/7/24,"Dyna Training Pty Ltd,Dyna Industrial Training & Development Pty Ltd,Dyna Training Namibia Pty Ltd,NQ Plus Networks Pty Ltd","Workforce Holdings Ltd",79.36,"Pending","Industrials, Industrials, Industrials, Industrials","Industrials",,4504.61,,1586.91
"AST",2025/6/5,"Nquthu shopping centre/Nquthu,Ezulwini Royal shopping centre/Ulundi","Fairvest Ltd",105.50,"Pending","Real Estate, Real Estate","Real Estate",,2182.11,,15864
"AST",2015/9/22,"Property letting enterprise of Yarona Shopping Centre","Lodestone REIT Ltd",80.00,"Pending","N.A.","Real Estate",,166.529,,1724.96
"AST",2025/6/5,"Eyethu Junction shopping centre/Madadeni","Fairvest Ltd",103.20,"Pending","Real Estate","Real Estate",,2182.11,,15864
"AST",2020/8/17,"Abattoir business/South Africa","Molare Pty Ltd",100.00,"Pending","Consumer Staples","Consumer Staples",,,,
"M&A",2018/11/5,"Conor Solutions Pty Ltd","AdaptIT Holdings Ltd",80.00,"Pending","Technology","Technology",,1571.77,,1714.33
"AST",2025/8/26,"Commercial property/Cape Town","Rainbow Tourism Group",98.75,"Pending","Financials","Consumer Discretionary",,813.993,,1219.23
"INV",2020/5/20,"Aerobotics Pty Ltd","Naspers Ventures Ltd",100.00,"Pending","Technology","Financials",,,,
"M&A",2024/11/1,"Emerald Life Pty Ltd","Clientele Ltd",97.50,"Pending","Industrials","Financials",,5220.91,,20074.7
"AST",2020/6/29,"33 Heerengracht Street/Cape Town","Aragon Property Development Pty Ltd",90.00,"Pending","Real Estate","Real Estate",,,,
"AST",2024/12/19,"30-38 Jacoba St/Alberton","enX Group Ltd",95.00,"Pending","Real Estate","Industrials",,378.355,,1554.24
"AST",2020/10/26,"High Noon Farm & Rental Enterprise Conducted Thereon","High Noon Farms Pty Ltd",83.50,"Pending","Consumer Staples","Consumer Staples",,,,
"AST",2020/6/1,"Medscheme Building","Old Fort Crescendo Corevision Pty Ltd",89.10,"Pending","Real Estate","Real Estate",,,,
"M&A",2025/6/27,"Bank Zero Mutual Bank","Lesaka Technologies Inc",91.00,"Pending","Technology","Financials",,11987.1,,11585.4
"AST",2020/12/11,"Shoprite Ennerdale/Gauteng","Benav Properties Pty Ltd",77.00,"Pending","Real Estate","Real Estate",,,,
"INV",2016/8/23,"Sky Chrome Mining Pty Ltd","Creditors",70.00,"Pending","Materials","N.A.",,,,
"AST",2026/3/19,"Novus Print Letting Enterprise/Novus Print Pty Ltd","Firm Favourite Investments 10 Pty Ltd",85.00,"Pending","Consumer Discretionary","Financials",,,,
"AST",2022/7/26,"Erf 176024 Cape Town/Epping","Rex Trueform Group Ltd",85.00,"Pending","Real Estate","Consumer Discretionary",,681.481,,1242.97
"AST",2020/9/14,"Milling complex/South Africa,Gold mine/South Africa","Lions Bay Capital Inc",83.36,"Pending","Consumer Discretionary, Materials","Financials",,,,36.8994
"AST",2015/5/26,"6 Yaldwyn Road / South Africa","Lodestone REIT Ltd",60.00,"Pending","N.A.","Real Estate",,166.529,,1724.96
"M&A",2022/1/25,"CT Distribution Centre Pty Ltd","Dis-Chem Pharmacies Ltd",75.52,"Pending","Real Estate","Consumer Staples",,42825.8,,20738.3
"AST",2020/12/23,"erf 451 Randjespark ext 136","K202069597 Pty Ltd",72.00,"Pending","Real Estate","Financials",,,,
"M&A",2022/6/8,"AfroCentric Distribution Services Pty Ltd","AfroCentric Investment Corp Ltd",75.00,"Pending","Health Care","Consumer Staples",,7358.39,,4180.45
"M&A",2015/7/17,"Malesela Taihan Electric Cable Pty Ltd","Community Investment Holdings Pty Ltd",60.00,"Pending","Industrials","Financials",,,,
"M&A",2022/1/25,"KZN Warehouse Pty Ltd","Dis-Chem Pharmacies Ltd",73.78,"Pending","Real Estate","Consumer Staples",,42825.8,,20738.3
"M&A",2015/8/25,"NFB Finance Brokers Gauteng Pty Ltd","NVest Financial Holdings Ltd",62.70,"Pending","Financials","Financials",,276.231,,664.289
"M&A",2019/10/4,"Grinaker-LTA Proprietary Ltd","Laula Consortium Pty Ltd",72.00,"Pending","Industrials","Financials",,,,
"AST",2025/5/9,"Durban property/Durban","Trident Property Holdings Pty Ltd",87.00,"Pending","Real Estate","Financials",,,,
"M&A",2025/4/7,"Allbuildco Holdings Pty Ltd","Cashbuild Ltd",93.00,"Pending","Financials","Consumer Discretionary",,11477.6,,6606.85
"AST",2023/2/2,"Ford Fourways building/South Africa","Hatfield Property Holdings Pty Ltd",80.00,"Pending","Real Estate","Real Estate",,,,
"AST",2014/8/25,"News agency operation","African Equity Empowerment Investments Ltd",50.00,"Pending","N.A.","Consumer Staples",,734.246,,1711.96
"M&A",2025/10/9,"Dawning Manufacturing KZN Pty Ltd","Deneb Investments Ltd",80.00,"Pending","Industrials","Consumer Discretionary",,4339.29,,3431.78
"AST",2015/5/26,"Portfolio of letting enterprises / South Africa","Lodestone REIT Ltd",55.23,"Pending","N.A.","Real Estate",,166.529,,1724.96
"M&A",2016/1/21,"Quyn International Outsourcing Pty Ltd,Quyn Payroll Services Pty Ltd,Quyn HR Consulting Pty Ltd,Molapo Quyn Outsourcing Pty Ltd,Sizuluntu Staffing Solutions Pty Ltd","Workforce Holdings Ltd",75.00,"Pending","Industrials, Industrials, Industrials, Industrials, Industrials","Industrials",,4504.61,,1586.91
"AST",2020/5/7,"Bagoe & Liberty gold projects","Ibaera Capital Advisers Pty Ltd",83.62,"Pending","Materials","Financials",,,,
"AST",2025/7/17,"Jan Smuts Avenue/Rosebank","Live Rosebank Pty Ltd",80.00,"Pending","Real Estate","Financials",,,,
"M&A",2018/6/15,"Centenary Tanker Hire Proprietary Ltd","Labat Africa Ltd",60.00,"Pending","Industrials","Technology",,199.4,,675.514
"M&A",2021/6/11,"PPC Aggregate Quarries Botswana Pty Ltd/SA","Unnamed buyer",61.56,"Pending","Consumer Discretionary","N.A.",,,,
"M&A",2022/6/28,"Etion Connect Pty Ltd","Etion Ltd",71.50,"Pending","Communications","Technology",,,,512.325
"M&A",2022/1/25,"Eleadora Pty Ltd","Dis-Chem Pharmacies Ltd",67.59,"Pending","Real Estate","Consumer Staples",,42825.8,,20738.3
"AST",2015/7/30,"Properties in Yeoville Gauteng","Fairvest Property Holdings Ltd",56.00,"Pending","Real Estate","Real Estate",,579.566,,3822.85
"M&A",2026/2/24,"Killarney Mall Properties Pty Ltd","AJPG Property 1 Pty Ltd",69.71,"Pending","Real Estate","Real Estate",,,,
"AST",2019/10/4,"Electrical Manufacturers Division/Jasco","African Zaibatsu Corp Pty Ltd",65.00,"Pending","Industrials","Financials",,,,
"M&A",2020/10/30,"Thembisa Pty Ltd","Exemplar REITail Ltd",69.72,"Pending","Real Estate","Real Estate",,1586.17,,11710.5
"M&A",2021/5/10,"Telemedia Pty Ltd","African & Overseas Enterprises Ltd,Rex Trueform Group Ltd",59.57,"Pending","Technology","Consumer Discretionary, Consumer Discretionary",,,,
"M&A",2023/2/1,"Magetz Electrical","Ellies Holdings Ltd",72.60,"Pending","Industrials","Technology",,993,,419.561
"M&A",2019/2/5,"B Mcgillewie Pty Ltd","RH Bophelo Ltd",55.74,"Pending","Health Care","Financials",,,,1258.64
"M&A",2026/3/26,"Club Mykonos Langebaan Pty Ltd","Variflex Trading 138 Pty Ltd",70.00,"Pending","Consumer Discretionary","Financials",,,,
"M&A",2019/9/4,"Africa Healthcare Pty Ltd","RH Bophelo Ltd",60.00,"Pending","Health Care","Financials",,,,1258.64
"AST",2018/10/8,"Protea Glen residential units/Soweto","Transcend Residential Property Fund Ltd",60.00,"Pending","Real Estate","Real Estate",,,,2310.88
"M&A",2017/10/20,"BluESP Pty,BluESP Holdings Pty","4Sight Holdings Ltd",54.80,"Pending","Technology, Financials","Financials",,1163.46,,632.188
"AST",2014/6/24,"Muhanga coal proecessing plant","Salungano Group Ltd",42.50,"Pending","N.A.","Materials",,4467.76,,3437.53
"M&A",2018/3/1,"Oro Agri SA Pty Ltd","Omnia Holdings Ltd",47.59,"Pending","Materials","Materials",,24200,,17755
"AST",2025/12/4,"Block 1 CBK/South Africa","Navitas Petroleum LP",67.93,"Pending","Industrials","Energy",,6529.63,,49760.3
"AST",2025/4/11,"88 Joe Slovo Street/Durban","Jordisys Pty Ltd",76.00,"Pending","Real Estate","Real Estate",,,,
"M&A",2019/2/26,"Metropolitan Life Swaziland Ltd","Vunani Ltd",55.00,"Pending","Financials","Financials",,808.796,,1989.22
"M&A",2014/7/18,"Sheltam Holdings Pty Ltd","PME African Infrastructure Opportunities PLC",42.05,"Pending","Industrials","Financials",,,,38.2394
"M&A",2021/11/15,"Upper East Side Hotel Pty Ltd","Management Group,Cloudberry Investments 18 Pty Ltd,Easy Shoes Pty Ltd,Balkin & Co Pty Ltd",60.00,"Pending","Consumer Discretionary","Financials, Financials, Financials",,,,
"AST",2019/1/21,"Property & certain assets of Muldersdrift Quarry","AGW Trading Ltd,Furness Investments Ltd",53.50,"Pending","Materials","Financials, Financials",,,,
"M&A",2017/9/12,"Donkerhoek Quartzite Pty Ltd","Vibro Bricks & Paving Pty Ltd",50.25,"Pending","Consumer Discretionary","Materials",,,,
"M&A",2016/12/23,"Good Hope Ltd","Bonatla Property Holdings Ltd",54.00,"Pending","Consumer Discretionary","Real Estate",,7.648,,376.524
"AST",2015/8/11,"Stellenbosch Industrial property","K2014120563 Proprietary Ltd",49.00,"Pending","N.A.","Real Estate",,,,
"AST",2020/6/26,"Armed response monitoring & residential guarding business","Fidelity ADT Monitoring Pty Ltd",65.85,"Pending","Industrials","Industrials",,,,
"AST",2019/4/2,"Business of commercial forestry/York Timber Holdings Ltd","Sappi Ltd",54.00,"Pending","Materials","Materials",,98019.3,,104825
"AST",2015/3/25,"Cinqpet division","Boxmore Plastics SA Pty Ltd",44.40,"Pending","N.A.","Materials",,,,
"INV",2025/12/18,"Gobid Pty Ltd","We Buy Cars Pty Ltd",61.96,"Pending","Industrials","Consumer Discretionary",,,,
"M&A",2018/7/2,"Cryo-Save South Africa","Numeral Ltd",50.00,"Pending","Health Care","Health Care",,38.4552,,87.1777
"M&A",2017/2/22,"Marble Gold Pty Ltd,Oakleaf Investments Holdings 115 Pty Ltd","Jaxson 640 Pty Ltd",46.90,"Pending","Financials, Financials","Financials",,,,
"AST",2015/9/16,"Olifantskop feed mill","Quantum Foods Holdings Ltd",47.00,"Pending","N.A.","Consumer Staples",,7146.54,,3475.89
"M&A",2020/5/4,"Correl Tissue Pty Ltd","Novus Ventures Pty Ltd",65.00,"Pending","Financials","Financials",,,,
"M&A",2020/12/2,"L P Buhr Boerdery Pty Ltd","Quantum Foods Holdings Ltd",53.00,"Pending","Consumer Staples","Consumer Staples",,7146.54,,3475.89
"AST",2016/7/8,"Letting enterprises & properties business","Truzen Trust 124/The,Truzen Trust 123/The",49.60,"Pending","Real Estate","Financials, Financials",,,,
"M&A",2018/9/3,"Sportron International Pty Ltd,Ascendis Health Direct Pty Ltd,K2012021382 South Africa Pty Ltd,Heritage Resources Ltd/SA","Numeral Ltd",50.00,"Pending","Consumer Staples, Consumer Staples, Consumer Staples, Consumer Staples","Health Care",,38.4552,,87.1777
"AST",2018/9/3,"Health & Wellness brands","Numeral Ltd",50.00,"Pending","Health Care","Health Care",,38.4552,,87.1777
"AST",2019/8/7,"Aveng Duraset Alrode business","Videx-Wire Products Pty Ltd",50.00,"Pending","Materials","Materials",,,,
"JV",2018/11/30,"Aeroklas Duys Pty Ltd","",45.90,"Pending","Financials","Industrials, Financials",,,,
"M&A",2014/7/18,"Pioneer Minerals Pty Ltd","Bondeo 140 CC",35.00,"Pending","Materials","Materials",,,,
"AST",2015/3/27,"Mineral Technologies International Ltd Sulphide Copper Tailings Deposit","Xtract Resources PLC",38.43,"Pending","Materials","Energy",,,,410.75
"INV",2020/2/28,"M Jurgens Financial Services Proprietary Ltd","Anchor Group Ltd",49.50,"Pending","Financials","Financials",,501.132,,805.287
"M&A",2017/11/22,"CDR Live Ltd","AdaptIT Holdings Ltd",42.80,"Pending","Industrials","Technology",,1571.77,,1714.33
"AST",2024/10/14,"Henkries South Uranium Project/Eagle Uranium SA Pty Ltd","NEO ENERGY METALS PLC",53.94,"Pending","Industrials","Financials",,,,461.669
"AST",2022/8/5,"Fort Drury/Bloemfontein","Dmft Property Developers Pty Ltd",51.50,"Pending","Real Estate","Real Estate",,,,
"M&A",2017/7/12,"New Just Fun Group Pty Ltd","Deneb Investments Ltd",40.50,"Pending","Consumer Discretionary","Consumer Discretionary",,4339.29,,3431.78
"M&A",2021/2/1,"Southern African Tantalum Mining Pty Ltd","Orion Minerals Ltd",45.56,"Pending","Materials","Materials",,,,1668.37
"M&A",2024/8/5,"Genexperience Pty Ltd","Private Investor",55.58,"Pending","Technology","N.A.",,,,
"M&A",2021/6/29,"OracleMed Health Group Holdings Pty Ltd,OracleMed Health Investments Pty Ltd","Conduit Capital Ltd",42.00,"Pending","Health Care, Health Care","Financials",,1053.88,,1408.84
"AST",2025/12/1,"Goedehoop North Mining Area assets/Thungela Operations Pty Ltd","Bisichi PLC",50.00,"Pending","Industrials","Materials",,1179.96,,1267.71
"M&A",2017/10/11,"West Coast Resources Pty Ltd","Trans Hex Group Ltd",39.07,"Pending","Materials","Materials",,312.556,,800.273
"M&A",2019/5/7,"RLT Atwood International Ltd","Stewards Inc",40.83,"Pending","Financials","Financials",,,,0.000736442
"M&A",2020/8/7,"BETcoza Online RF Pty Ltd","Tsogo Sun Limited",49.00,"Pending","Technology","Consumer Discretionary",,10841,,14695
"M&A",2014/6/2,"Itakane Tradeing 243 Pty Ltd","Batla Minerals SA",29.61,"Pending","Materials","Materials",,113.074,,258.133
"INV",2022/9/12,"Namibia Nuclear Corp Pty Ltd","Critical One Energy Inc",46.79,"Pending","Materials","Materials",,,,193.464
"M&A",2021/2/1,"Nababeep Copper Co Pty Ltd,Bulletrap Copper Co Pty Ltd","Orion Minerals Ltd",40.50,"Pending","Materials, Materials","Materials",,,,1668.37
"AST",2021/2/16,"Cravenby Shopping Centre/Cape Town","Castleview Property Fund Ltd",39.00,"Pending","Real Estate","Real Estate",,1884.91,,24849.4
"AST",2023/9/21,"ERF 79 Edenburg Township/Rivonia","Rex Trueform Group Ltd",49.96,"Pending","Real Estate","Consumer Discretionary",,681.481,,1242.97
"AST",2020/6/22,"Erf 13021 Bloemfontein","Invest in CBD Pty Ltd",45.50,"Pending","Real Estate","Real Estate",,,,
"AST",2017/11/22,"1 Rental Accommodation Business/South Africa,64 Retirement Rooms & 1 Frail Care Facility/South Africa","Pembury Lifestyle Group Ltd",36.00,"Pending","Health Care, Health Care","Consumer Discretionary",,134.174,,243.484
"AST",2022/11/15,"96 First Avenue/Greyville","Zeder Trading Pty Ltd",44.00,"Pending","Real Estate","Financials",,,,
"AST",2015/6/11,"Mining Right for Intibane Phase 2","Salungano Group Ltd",30.84,"Pending","Materials","Materials",,4467.76,,3437.53
"AST",2023/11/29,"5 Walnut Road/Durban","Goldview Africa Pty Ltd",46.00,"Pending","Real Estate","Materials",,,,
"AST",2024/9/25,"9833 m sq industrial property/Putcoton,40174 m sq industrial property/Putcoton","Sky-Way BV",42.00,"Pending","Real Estate, Real Estate","Technology",,,,
"AST",2019/8/2,"Northcliff Atrium/Gauteng","Ubuntu Silicon Valley Pty Ltd",35.00,"Pending","Real Estate","Real Estate",,,,
"AST",2019/6/13,"Wendywood Shopping Centre/Johannesburg","Pacific Paramount Properties Pty Ltd",35.00,"Pending","Real Estate","Real Estate",,,,
"AST",2021/12/17,"Loop Street property/South Africa","Stonehill Property Group Ltd",37.00,"Pending","Real Estate","Real Estate",,,,
"AST",2023/5/30,"5 Walnut Road/Durban","ubud developments Pty Ltd",46.00,"Pending","Real Estate","Real Estate",,,,
"AST",2024/8/21,"Inter Alia Properties/South Africa","York Timber Holdings Ltd",41.36,"Pending","Real Estate","Materials",,1994.91,,4978.92
"AST",2022/7/28,"3 Simba Road/Johannesburg,5 Simba Road/Johannesburg","Twenty-five 15 Pty Ltd",37.58,"Pending","Real Estate, Real Estate","Real Estate",,,,
"M&A",2025/6/27,"Zeerust Chrome Mines Ltd","Plantcor Mining And Plant Hire Pty Ltd",40.00,"Pending","Materials","Materials",,,,
"AST",2016/4/11,"Candlestick Rental Property","SJJMC Property Pty Ltd",32.50,"Pending","Real Estate","Financials",,,,
"AST",2023/3/22,"Crates manufacturing business & ancillary plant/Nampak Ltd","Mpact Plastic Containers Castleview Pty Ltd",40.00,"Pending","Consumer Staples","Materials",,,,
"INV",2019/2/11,"Mediamark Pty Ltd","Kagiso Tiso Holdings Pty Ltd",30.00,"Pending","Communications","Financials",,,,
"AST",2019/7/19,"Office property/Parow","University of the Western Cape",30.00,"Pending","Real Estate","Consumer Discretionary",,6.89738,,13.0622
"AST",2019/7/12,"Rand Roads business unit,Ground engineering business","Ultra Asphalt Proprietary Ltd",30.00,"Pending","Industrials, Industrials","Financials",,,,
"INV",2014/3/17,"De Ville Shopping Centre","Tower Property Fund Ltd",23.04,"Pending","Real Estate","Real Estate",,322.96,,4298.35
"AST",2026/7/21,"1077 Arcadia St/Hatfield","NXTGEN Student Housing Pty Ltd",35.00,"Pending","Real Estate","Real Estate",,,,
"M&A",2020/8/21,"Disruptive Vision Pty Ltd","Ayo Technology Solutions Ltd",36.00,"Pending","Technology","Technology",,1879.84,,2019.68
"INV",2026/4/28,"Corridor Hill Rental Enterprise","Bidvest Group Ltd/The",34.70,"Pending","Real Estate","Industrials",,126605,,124590
"M&A",2013/12/4,"Global Airways Ltd","1time Holdings Ltd",21.60,"Pending","Industrials","Industrials",,1285.4,,623.742
"AST",2020/4/29,"ERF 11322 & ERF 1698 of Walmer Township","Slip Knot Investments 777 Pty Ltd",37.70,"Pending","Real Estate","Financials",,,,
"AST",2024/6/11,"215 Peter Mokaba Rd/Durban","Icebolethu Funerals Pty Ltd",37.38,"Pending","Real Estate","Consumer Discretionary",,,,
"AST",2017/11/17,"Erf 2229 Shorts Retreat/Pietermaritzburg","Rock Solid Properties Pty Ltd",28.00,"Pending","Real Estate","Real Estate",,,,
"AST",2019/5/23,"Namibia PEL 90 licence","Tullow Oil PLC",28.90,"Pending","Energy","Energy",,15143.9,,54319.6
"AST",2024/8/21,"Copper project G/Zambia","Jubilee Metals Group PLC",35.74,"Pending","Materials","Materials",,356.779,,10005.5
"AST",2014/5/13,"Property at Gauteng","Truzen 67 Trust/The",20.25,"Pending","N.A.","Industrials",,,,
"AST",2024/10/2,"63 Maitland Street/Bloemfontein,95 Du Toitspan Street/Kimberley","Currolink Investments Pty Ltd",33.00,"Pending","Real Estate, Real Estate","Financials",,,,
"M&A",2017/7/7,"Enjoy Beauty Pty Ltd,Dream Nails Beauty Pty Ltd,Placecol Skin Care Clinic Pty Ltd,Imbalie Beauty Training Pty Ltd","Cavi Brands Pty Ltd",25.00,"Pending","Consumer Staples, Consumer Staples, Consumer Discretionary, Consumer Discretionary","Consumer Staples",,,,
"AST",2022/8/5,"Wb Centre/Bloemfontein","Red Caviar Holdings Pty Ltd",31.00,"Pending","Real Estate","Real Estate",,,,
"M&A",2020/2/19,"Grand Foods Meat Plant Pty Ltd","Emerging Capital Partners LLC",27.00,"Pending","Consumer Staples","Financials",,,,
"M&A",2013/2/28,"Isolve Business Solutions Pty Ltd,SQLDB Technology Solutions Pty Ltd","Morvest Group Ltd",16.20,"Pending","Technology, Technology","Technology",,1100.76,,643.895
"M&A",2021/4/20,"Arnocure Pty Ltd","Workforce Holdings Ltd",25.65,"Pending","Health Care","Industrials",,4504.61,,1586.91
"M&A",2021/4/20,"GetSavvi Health Pty Ltd,GetSavvi Consult Pty Ltd","Workforce Holdings Ltd",25.65,"Pending","Health Care, Health Care","Industrials",,4504.61,,1586.91
"INV",2021/4/20,"FeelBetterFast Pty Ltd","Workforce Holdings Ltd",25.65,"Pending","Consumer Staples","Industrials",,4504.61,,1586.91
"AST",2017/11/8,"Plant & Equipment/Sentula Coal Pty Ltd","Close-Up Mining Proprietary Ltd",25.08,"Pending","Materials","Materials",,,,
"AST",2017/7/24,"Southernera Diamonds Inc Klipspringer Diamond Mine","Greenhurst Mining and Exploration Pty Ltd",23.00,"Pending","Materials","Materials",,,,
"AST",2026/5/22,"Montana Park township/Pretoria","Bluhire Pty Ltd",28.94,"Pending","Real Estate","Financials",,,,
"M&A",2019/9/13,"Zarenka Group Pty Ltd","Labat Africa Ltd",25.27,"Pending","Health Care","Technology",,199.4,,675.514
"AST",2021/2/12,"57 Kasteel Road/Lynnwood","Pacificus Developments Pty Ltd",25.00,"Pending","Real Estate","Financials",,,,
"M&A",2025/4/23,"X4 Solutions Pty Ltd,XFour Technology Pty Ltd","4Sight Holdings Ltd",31.81,"Pending","Communications, Communications","Financials",,1163.46,,632.188
"AST",2024/6/24,"Copper project M/Zambia","Jubilee Metals Group PLC",30.87,"Pending","Materials","Materials",,356.779,,10005.5
"M&A",2022/11/25,"Southern African Lithium & Tantalum Mining Pty Ltd","Marula Mining PLC",29.08,"Pending","Materials","Materials",,,,142.784
"M&A",2016/8/25,"Palm Chrome Holdings Pty Ltd","Sail Mining Group Ltd",23.80,"Pending","Materials","Materials",,1422.78,,1601.42
"M&A",2021/10/4,"Vertec Scientific SA","Management Group",25.00,"Pending","Health Care","N.A.",,,,
"M&A",2024/9/16,"AmeriCash Holding LLC","Finbond Group Ltd",28.98,"Pending","Financials","Financials",,1479.51,,4410.01
"INV",2024/12/20,"Byte Orbit Proprietary Ltd","African & Overseas Enterprises Ltd",30.00,"Pending","Consumer Discretionary","Consumer Discretionary",,681.481,,1232.41
"M&A",2024/5/13,"Birca Copper & Metals Pty Ltd","Mantengu Ltd",29.89,"Pending","Materials","Materials",,393.238,,1355.09
"M&A",2020/12/10,"OpenSource Intelligent Solutions Pty Ltd,OpenSource International Ltd","Workforce Holdings Ltd",24.21,"Pending","Industrials, Consumer Discretionary","Industrials",,4504.61,,1586.91
"INV",2014/2/7,"USC Metering Pty Ltd","Sebata Holdings Ltd",17.76,"Pending","Unclassifiable","Industrials",,33.149,,468.82
"AST",2018/2/19,"Chrome spiral circuit wash plant & primary crushing circuit","Bauba Resources Ltd",18.40,"Pending","Materials","Materials",,277.1,,545.089
"AST",2022/4/14,"Erf 17611 Cape Town/Paarden Eiland","Snow Storm Investments Pty Ltd",22.50,"Pending","Real Estate","Financials",,,,
"AST",2025/11/3,"Summit Place Erf 39/Gauteng","Veritas 1000 Pty Ltd",26.50,"Pending","Real Estate","Financials",,,,
"AST",2021/12/17,"Wale Street Chambers sections/South Africa","Stonehill Property Group Ltd",24.00,"Pending","Real Estate","Real Estate",,,,
"M&A",2019/3/15,"Thebe Turnstone Drilling Pty Ltd","Unicorn Capital Partners Ltd",21.80,"Pending","Energy","Materials",,958.289,,1075.94
"M&A",2015/7/9,"Polydrum Pty Ltd","Insimbi Industrial Holdings Ltd",18.75,"Pending","Industrials","Industrials",,5270.12,,1437.37
"INV",2024/7/29,"Belper Investments Pty Ltd","Rex Trueform Group Ltd",27.37,"Pending","Real Estate","Consumer Discretionary",,681.481,,1242.97
"M&A",2022/9/12,"Sable Exploration and Mining L","PBNJ Trading and Consulting Pty Ltd",25.31,"Pending","Financials","Unclassifiable",,,20.5406,
"M&A",2017/9/27,"Zeerust Chrome Mines Ltd","Afarak Group SE",20.00,"Pending","Materials","Materials",,2852.06,,2879.53
"AST",2021/5/27,"Island Business Park Property/Cape Town","Inospace 5 Pty Ltd",20.00,"Pending","Real Estate","Real Estate",,,,
"M&A",2024/8/28,"Kitsismart Pty Ltd,KWT Finance Pty Ltd","Finbond Group Ltd",25.75,"Pending","Financials, Financials","Financials",,1479.51,,4410.01
"M&A",2014/10/30,"Lifes' Comfort Solutions Pty Ltd","Woodbois Ltd",15.20,"Pending","Consumer Discretionary","Materials",,146.552,,3975.94
"AST",2025/6/13,"101 De Korte Street/Braamfontein","Vivid Yellow Investments Pty Ltd",25.00,"Pending","Real Estate","Industrials",,,,
"M&A",2015/11/30,"Ilangabi Investments 12 Pty Ltd","Brikor Ltd",20.00,"Pending","Materials","Materials",,317.702,,309.067
"AST",2019/10/29,"Maroelabult resource property/Brits","Northam Platinum Ltd",20.00,"Pending","Materials","Materials",,,,
"M&A",2023/3/2,"Freshmark Systems Pty Ltd","HelloChoice Pty Ltd",24.75,"Pending","Technology","Consumer Staples",,,,
"M&A",2026/2/25,"Namli Exploration & Mining Pty Ltd","Lithium Africa Corp",21.38,"Pending","Materials","Financials",,,,48.1609
"AST",2025/4/25,"62-72 Pritchard Street/Johannesburg","Suki Properties",25.00,"Pending","Real Estate","Communications",,,,
"AST",2014/11/19,"Sarie Marais Prospecting Right and the box cut consent","Salungano Group Ltd",14.60,"Pending","Materials","Materials",,4467.76,,3437.53
"AST",2024/10/28,"260 Monty Naicker St/Durban","Bemath Poverty Alleviation Trust",23.00,"Pending","Real Estate","Real Estate",,,,
"AST",2025/7/18,"Clifton Avenue/Lyttelton Manor","4Sight Holdings Ltd",21.66,"Pending","Real Estate","Financials",,1163.46,,632.188
"M&A",2021/1/28,"Advanced Vergelegen Surgical Centre Pty Ltd","Hibosys Pty Ltd",18.15,"Pending","Health Care","Health Care",,,,
"AST",2025/12/19,"Macadamia processing facility/Mpumalanga","Unnamed Buyer",20.10,"Pending","Consumer Staples","N.A.",,,,
"AST",2021/3/10,"Grand Central property/Midrand","Phumrello Property Pty Ltd",18.00,"Pending","Real Estate","Financials",,,,
"M&A",2026/5/18,"Peritum Agri Institute Pty Ltd","White Pearl Technologies AB",19.39,"Pending","Consumer Discretionary","Financials",,931.768,,588.923
"AST",2021/9/23,"Letting enterprise/Putprop Ltd","Brits Hardware Close Corp",17.00,"Pending","Real Estate","Industrials",,,,
"AST",2017/7/4,"slaughterhouse business and assets/South Africa","Unnamed Buyer",15.00,"Pending","Real Estate","N.A.",,,,
"AST",2019/11/5,"Inyoni operations chrome rights","Jubilee Metals Group PLC",16.39,"Pending","Materials","Materials",,356.779,,10005.5
"AST",2025/8/26,"142-144 Fourth Street/Parkmore","Afrocentric Intellectual Property Pty Ltd",19.00,"Pending","Real Estate","Technology",,,,
"M&A",2021/6/18,"Nutritional Foods Pty Ltd","Private Investor",15.20,"Pending","Consumer Staples","N.A.",,,,
"M&A",2019/2/5,"Chesanyama Pty Ltd","Private Investor,Future Equity Brands Pty Ltd",14.00,"Pending","Consumer Discretionary","Consumer Staples",,,,
"AST",2024/10/28,"25-29 Rissik St/Marshall Tow","Guder Properties Pty Ltd",18.50,"Pending","Real Estate","Real Estate",,,,
"AST",2023/7/20,"Diba Project/Kedougou - Kenieba Inlier","Allied Gold Corp",17.94,"Pending","Materials","Materials",,,,
"M&A",2025/12/23,"North West Vanadium Pty Ltd","Kingland Technology Co Ltd",16.70,"Pending","Materials","Industrials",,1180.9,,3023.06
"INV",2022/2/22,"Floatpays Pty Ltd","Naspers Ventures Ltd",15.00,"Pending","Technology","Communications, Financials",,,,
"INV",2020/3/23,"Kwena Group Holdings Ltd","Private Investor",17.17,"Pending","Industrials","N.A.",,,,
"M&A",2022/5/31,"Huge Networks Pty Ltd","Huge Telecom Pty Ltd",15.06,"Pending","Communications","Communications",,,,
"AST",2015/12/8,"Blain Capital Solutions sale assets","Sable Exploration and Mining L",14.00,"Pending","N.A.","Financials",,,,20.5406
"AST",2023/1/19,"107 Bromwell Street/Woodstock","Zerbans Cake & Coffee Shop Pty Ltd",16.25,"Pending","Real Estate","Consumer Staples",,,,
"AST",2023/1/19,"107 Bromwell Street/Woodstock","Zerbans Cake & Coffee Shop Pty Ltd",16.25,"Pending","Real Estate","Consumer Staples",,,,
"M&A",2019/2/21,"Pentafloor Proprietary Ltd","Private Investor",13.08,"Pending","Consumer Discretionary","N.A.",,,,
"AST",2014/3/25,"Zaaiplaats Tin Tailings Dump","Bushveld Minerals Ltd",10.00,"Pending","N.A.","Materials",,3156.58,,4193.67
"INV",2017/12/1,"Plastics Green Energy Pty Ltd","African Rainbow Capital Pty Ltd",12.70,"Pending","Energy","Financials",,,,
"AST",2016/4/4,"23 Saddle Drive Office building/Woodmead","BUKA INVESTMENTS LTD",13.20,"Pending","Real Estate","Consumer Discretionary",,19.004,,3.521
"AST",2024/11/21,"155 St Andrews Street/Bloemfontein","Nomnga Investments Pty Ltd",16.00,"Pending","Real Estate","Financials",,,,
"M&A",2020/6/29,"Contineo Virtual Communications Pty LTD","Telemasters Holdings Ltd",15.15,"Pending","Technology","Communications",,64.5461,,53.8002
"M&A",2021/11/15,"FML Logistics Pvt Ltd","Unnamed Buyer",13.21,"Pending","Industrials","N.A.",,,,
"INV",2017/2/13,"Hot-Hot B Holdings Ltd","Gold Brands Investments Ltd",11.31,"Pending","Consumer Discretionary","Consumer Discretionary",,40.1682,,41.1051
"M&A",2016/6/29,"Wavelengths 202 Proprietary Ltd,Magix Security Proprietary Ltd","M Fitec International Ltd",12.50,"Pending","Technology, Technology","Technology",,,,75.576
"M&A",2018/9/14,"EMD Investments Pty Ltd","Viridi Developments Pty Ltd",12.50,"Pending","Financials","Materials",,,,
"AST",2024/5/14,"149-151 St Andrews Street/Bloemfontein","Candy Sun Liquor Pty Ltd,Siguroni Investments Pty Ltd",15.00,"Pending","Real Estate","Consumer Staples, Financials",,,,
"M&A",2020/12/18,"Advanced East Rand Day Hospital Proprietary Ltd","52 Olivia Road Hospital Proprietary Ltd",11.80,"Pending","Real Estate","Real Estate",,,,
"M&A",2022/3/23,"TSE Engineering Pty Ltd","Triveni Turbine Ltd",11.90,"Pending","Industrials","Industrials",,3901.54,,4496.77
"M&A",2016/6/24,"Zolo Props Pty Ltd","Southern African Development Community",12.10,"Pending","Real Estate","N.A.",,,,
"AST",2022/9/19,"Soshanguwe property/South Africa","COLUMBIA FALLS PROPERTIES 80 Pty Ltd",14.00,"Pending","Real Estate","Real Estate",,,,
"INV",2024/7/10,"Telemedia Pty Ltd","Rex Trueform Group Ltd",14.15,"Pending","Technology","Consumer Discretionary",,681.481,,1242.97
"INV",2018/3/14,"VIPA Holdings Pty Ltd","Block Commodities Ltd",9.11,"Pending","Materials","Materials",,,,42.2489
"M&A",2014/1/28,"GEM Venus Holdings Pty Ltd","Magnum Mining and Exploration Ltd",8.50,"Pending","Materials","Materials",,0.116304,,
"AST",2017/2/21,"Erf 1210 & portion of Erf 1212","Boulder Processing Pty Ltd",10.00,"Pending","Real Estate","Real Estate",,,,
"AST",2020/7/13,"Jacomynspan Nickel-Copper-PGE Project","Orion Minerals Ltd",12.53,"Pending","Materials","Materials",,,,1668.37
"AST",2022/8/5,"Katleho building/Bloemfontein","Dmft Property Developers Pty Ltd",12.50,"Pending","Real Estate","Real Estate",,,,
"AST",2024/11/19,"Beacon Hill building/King Williams Town","Chipcor Developers Pty Ltd",13.00,"Pending","Real Estate","Real Estate",,,,
"INV",2019/5/30,"Neosho Trading 86 Pty Ltd","Salungano Group Ltd",10.50,"Pending","Financials","Materials",,4467.76,,3437.53
"AST",2020/10/26,"Inventory & Movable Assets","Theddan Farms Pty Ltd",11.50,"Pending","Consumer Staples","Consumer Staples",,,,
"AST",2016/10/16,"Riversdale Anthracite Colliery metallurgical coal project","Sparc Technologies Ltd",10.00,"Pending","Materials","Materials",,25.326,,62.1361
"M&A",2018/11/5,"Imali Medical Claims Proprietary Ltd","Mettle Investments Ltd",9.90,"Pending","Financials","Financials",,307.041,,1851.66
"AST",2016/4/22,"20 rental units/Stellendale","Private Investor",10.00,"Pending","N.A.","N.A.",,,,
"AST",2015/2/20,"Properties in Drakenstein Municipality","RFG Holdings Ltd",7.92,"Pending","N.A.","Consumer Staples",,8137.76,,6041.29
"M&A",2015/10/30,"Gim Holdings Pty Ltd","Kamberg Investment Holdings Pty Ltd",9.21,"Pending","Financials","Industrials",,,,
"M&A",2016/5/24,"Apple Way Props Pty Ltd","Hostprops 97 Proprietary Ltd,LLM Developments Proprietary Ltd",10.00,"Pending","Real Estate","Real Estate, Real Estate",,,,
"AST",2024/10/28,"67 Middle Rd/Boksburg","Private Investor",10.80,"Pending","Real Estate","N.A.",,,,
"M&A",2026/4/24,"Hulamin Extrusions Pty Ltd","Norsaf ERS Pty Ltd",10.00,"Pending","Consumer Discretionary","Materials",,,,
"M&A",2015/8/14,"Great 1 Line Invest Pty Ltd,Gemsbok Magnetite Pty Ltd,Caber Trade and Invest 1 Pty Ltd","Lemur Resources Ltd",7.68,"Pending","Materials, Materials, Materials","Materials",,,,233.403
"INV",2019/7/15,"ELB Flying Services Partnership Ltd","Private Investor",8.23,"Pending","Industrials","N.A.",,,,
"INV",2020/2/14,"Andulela Investment Holdings Ltd","Newshelf 1005 Pty Ltd",8.20,"Pending","Financials","Financials",1539.39,,714.472,
"AST",2021/6/3,"Property Technology Management division","Reach Group Pty Ltd",7.50,"Pending","Industrials","Industrials",,,,
"M&A",2018/6/18,"Innovation Proprietary Ltd","iKGB Media Information Service Proprietary Ltd",7.30,"Pending","Technology","Technology",,,,
"AST",2023/4/20,"Nimba Alliance Iron Ore Project/Guinea","Equatorial Resources Ltd",9.41,"Pending","Materials","Materials",,,,112.526
"M&A",2024/7/10,"Mansena Kruisrivier Cobalt Pty Ltd","Marula Mining PLC",9.31,"Pending","Industrials","Materials",,,,142.784
"M&A",2020/11/26,"Spear One Pty Ltd","Spear REIT Ltd",7.59,"Pending","Financials","Real Estate",,853.197,,7584.07
"AST",2026/5/5,"2nd Avenue/Houghton","Mobicon Group Ltd",8.27,"Pending","Real Estate","Technology",,602.938,,590.535
"AST",2026/5/5,"214 sqm residential property/Houghton","Mobicon Group Ltd",8.26,"Pending","Real Estate","Technology",,602.938,,590.535
"AST",2024/10/28,"17 Henshall St/Nelspruit","Aberaha Trading Pty Ltd",8.50,"Pending","Real Estate","Real Estate",,,,
"M&A",2025/12/2,"CannAfrica Proprietary Ltd","Africa Ntsha Trading Solution Pty Ltd",8.00,"Pending","Consumer Staples","Financials",,,,
"M&A",2024/9/17,"Cyberantix Pyt Ltd","Mustek Ltd",8.00,"Pending","Technology","Consumer Discretionary",,7183.09,,4036.93
"AST",2022/9/19,"Nancefield property/South Africa","Impac CMB Trust",7.60,"Pending","Real Estate","Financials",,,,
"AST",2018/3/20,"Pennylane Motozone,Eskom Phalaborwa,Ashley Panel shop,Midas Bloemfontein","Orion Real Estate Ltd",4.95,"Pending","Real Estate, Real Estate, Real Estate, Real Estate","Real Estate",,78.739,,818.336
"M&A",2018/3/23,"Prescient Holdings Pty Ltd,Prescient Capital Pty Ltd","Management Group",4.79,"Pending","Financials, Financials","N.A.",,,,
"INV",2024/10/4,"Novagen Pharma Pty Ltd","Novabee Pty Ltd",7.00,"Pending","Health Care","Health Care",,,,
"AST",2018/8/22,"Erf 1211","Taioguard Pty Ltd",5.50,"Pending","Real Estate","Financials",,,,
"INV",2025/3/8,"Sedibelo Platinum Mines Ltd","Smedvig GP Ltd",6.69,"Pending","Materials","Financials",2125.19,,3866.8,
"INV",2023/7/26,"CannAfrica Proprietary Ltd","Labat Africa Ltd",6.46,"Pending","Consumer Staples","Energy",,199.4,,675.514
"M&A",2015/9/7,"Afriboom Pty Ltd","CSG Holding Co Ltd",5.00,"Pending","Industrials","Materials",,34093.1,,74205.4
"INV",2022/3/10,"Digitech Africa Ltd","Launch Africa Ventures,Bamboo Finance Sarl (Fund: BLOC Smart Africa Fund)",4.97,"Pending","Technology","Financials, Financials",,,,
"M&A",2017/9/26,"Inversanda LLP","Helios Underwriting PLC",4.23,"Pending","Financials","Financials",,717.319,,5552.31
"M&A",2017/8/25,"Knife Capital Proprietary Ltd","Evitavonni International SA",3.63,"Pending","Financials","Financials",,,,
"INV",2019/7/29,"Afrisun KZN Manco Pty Ltd,National Casino Resort Manco Pty Ltd","Sun International Ltd/South Africa",3.90,"Pending","Financials, Financials","Consumer Discretionary",,12979,,13642
"AST",2024/5/14,"5 -7 Elliot Street/Kimberley","Candy Sun Liquor Pty Ltd,Siguroni Investments Pty Ltd",5.00,"Pending","Real Estate","Consumer Staples, Financials",,,,
"M&A",2025/1/22,"Mulilo Springbok Wind Power Pty Ltd","Copper 360 Ltd",5.00,"Pending","Energy","Materials",,143.233,,1794.23
"M&A",2024/11/27,"Belper Investments Pty Ltd","Rex Trueform Group Ltd",4.72,"Pending","Real Estate","Consumer Discretionary",,681.481,,1242.97
"INV",2016/12/15,"Picture Perfect Trading 203 Pty Ltd","International Housing Solutions Pty Ltd",3.50,"Pending","Real Estate","Financials",,,,
"AST",2026/2/11,"Tonto Tshipi Manganese mine/Johannesburg","Marula Mining PLC",3.78,"Pending","Materials","Materials",,,,142.784
"AST",2018/7/11,"Black Steer Franchise Business","Laudian Franchise Management One Pty Ltd",3.20,"Pending","Consumer Discretionary","Financials",,,,
"AST",2019/6/12,"3 exclusive prospecting licenses/Namibia","Thunder Gold Corp",3.46,"Pending","Real Estate","Materials",,,,182.985
"AST",2022/8/5,"CNA building/Bloemfontein","Private Investor",3.80,"Pending","Real Estate","N.A.",,,,
"M&A",2015/12/17,"Bravura Equity Services Pty Ltd","Bravura Holdings Ltd",3.14,"Pending","Industrials","Financials",,101.799,,254.826
"INV",2025/2/28,"Belper Investments Pty Ltd","Rex Trueform Group Ltd",3.86,"Pending","Real Estate","Consumer Discretionary",,681.481,,1242.97
"AST",2024/1/11,"Erf 382 Alrode Extension 5 Township & certain movable assets","Efora Energy Ltd",3.80,"Pending","Energy","Energy",,41.944,,41.266
"M&A",2015/3/17,"Zaaiplaats Tin Mining Pty Ltd","Lemur Resources Ltd",2.50,"Pending","Materials","Materials",,,,233.403
"M&A",2023/10/3,"Future Gems Pty Ltd","Marula Mining PLC",3.88,"Pending","Materials","Materials",,,,142.784
"JV",2024/9/2,"Nova Moto Pty Ltd","",3.50,"Pending","Consumer Discretionary","Consumer Discretionary, Industrials",,,,
"M&A",2021/5/19,"Leaf Botanicals Pty Ltd","Labat Africa Ltd",2.69,"Pending","Consumer Staples","Energy",,199.4,,675.514
"M&A",2014/6/30,"Secequip Pty Ltd","Secequip Supplies Pty Ltd",2.00,"Pending","Technology","Consumer Discretionary",,,,
"M&A",2019/11/25,"Nutritional Holdings LTD","Empire Cannabis Holdings Ltd",2.77,"Pending","Consumer Staples","N.A.",40.829,,48.021,
"AST",2017/7/24,"Rayton property/Rayton","Corobrik Pty Ltd",2.20,"Pending","Materials","Consumer Discretionary",,,,
"M&A",2025/7/24,"AfroCentric Distribution Services Pty Ltd","Sanlam Ltd",2.80,"Pending","Health Care","Financials",,237116,,1.2957e+06
"AST",2024/10/28,"244 Vonkprop Rd/Silverton","Tupelostax Investments Pty Ltd",2.80,"Pending","Real Estate","Real Estate",,,,
"INV",2022/11/9,"Blue Anchor 420 SPV Pty Ltd","Global Compliance Applications",2.63,"Pending","Financials","Technology",,0.0909104,,0.561902
"M&A",2020/8/17,"Tinique Pty","Southstone Minerals Ltd",2.50,"Pending","Materials","Materials",,46.8334,,10.1414
"M&A",2015/5/5,"AEMC Trading Agency Pty Ltd","Santova Ltd",1.60,"Pending","Industrials","Industrials",,1187.02,,2226.98
"AST",2017/6/14,"20-28 Jacobus Street","Private Investor",1.60,"Pending","Real Estate","N.A.",,,,
"INV",2016/9/28,"Masiqhame Trading 855 Pty Ltd","Orion Minerals Ltd",1.50,"Pending","Materials","Materials",,,,1668.37
"INV",2016/10/7,"Masstores Pty Ltd","SNM Global Holdings",1.39,"Pending","Consumer Staples","Communications",,2.4348,,
"M&A",2021/5/13,"CNA Holdings Pty Ltd","Management Group",1.20,"Pending","Consumer Discretionary","N.A.",,,,
"INV",2020/11/27,"African Dawn Capital Ltd","Caleo Private Equity Pty Ltd",1.22,"Pending","Financials","Financials",15.435,,13.604,
"AST",2023/9/21,"ERF 57 Richmond Township/Rivonia","Rex Trueform Group Ltd",1.50,"Pending","Real Estate","Consumer Discretionary",,681.481,,1242.97
"AST",2024/3/22,"Portfolio of 8 Properties/ Rivona","Rex Trueform Group Ltd",1.50,"Pending","Real Estate","Consumer Discretionary",,681.481,,1242.97
"M&A",2020/6/29,"Perfectworx Consulting Pty Ltd","Telemasters Holdings Ltd",1.35,"Pending","Technology","Communications",,64.5461,,53.8002
"M&A",2022/10/4,"CNA Holdings Pty Ltd","Management Group",1.10,"Pending","Consumer Discretionary","N.A.",,,,
"M&A",2021/3/26,"Consolidated Power Maintenance & Investments Pty Ltd","3 Energy Renewables Pty Ltd",0.90,"Pending","Industrials","Energy",,,,
"AST",2018/10/1,"Pouch business/Mapflex","Master Plastics Ltd",0.80,"Pending","N.A.","Materials",,504.479,,336.917
"INV",2018/8/3,"Kalahari Key Mineral Exploration Pty Ltd","BrandShield Systems PLC",0.66,"Pending","Materials","Technology",,104.751,,187.109
"INV",2015/6/26,"Iron Mineral Beneficiation Services Pty Ltd","Mantengu Ltd",0.59,"Pending","Materials","Technology",,393.238,,1355.09
"M&A",2016/1/26,"Diamond Resources Pty Ltd","BlueRock Diamonds plc",0.70,"Pending","Materials","Materials",,159.591,,185.062
"M&A",2015/6/3,"Maybach Mining Services Ltd","Dropsuite Ltd,Pinto Minerals Ltd",0.49,"Pending","Materials","Materials, Materials",,,,
"M&A",2019/7/15,"ELB Trident Equipment Pty Ltd","Tanjo Financial Services Pty Ltd",0.34,"Pending","Industrials","Financials",,,,
"INV",2020/2/14,"Ziiki Media SA Pty Ltd","Karma Ltd",0.31,"Pending","Financials","Financials",,,,
"AST",2024/10/17,"Tifernine Copper Project/Morocco","Morocco Strategic Minerals Cor",0.32,"Pending","Materials","Materials",,,,78.5301
"AST",2025/5/9,"Take-Back properties/Germiston","Trident Property Holdings Pty Ltd",0.00,"Pending","Real Estate","Financials",,,,
"M&A",2023/8/30,"Delta Property Asset Management Pty Ltd","Delta Property Fund Ltd",0.00,"Pending","Financials","Real Estate",,1166.6,,6476.37
"AST",2025/2/6,"Certain assets/Masorini Iron Beneficiation Pty Ltd","Mantengu Ltd",0.00,"Pending","Financials","Materials",,393.238,,1355.09
"M&A",2026/3/30,"Vital Distribution Solutions Pty Ltd,Staffing Logistics Pty Ltd,Vital Fleet Pty Ltd","Deutsche Post AG",N/A,"Pending","Industrials, Industrials, Industrials","Industrials",,1.67263e+06,,1.3808e+06
"AST",2026/4/13,"Chery Omoda & Jaecoo/Mbombela","Super Group Ltd/South Africa",N/A,"Pending","Consumer Discretionary","Consumer Discretionary",,44510.3,,38528.3
"M&A",2019/6/3,"Footgear","Old Mutual Private Equity",N/A,"Pending","Consumer Discretionary","Financials",,,,
"M&A",2019/6/10,"Club Travel SA Pty Ltd","Travelstart",N/A,"Pending","Consumer Discretionary","Consumer Discretionary",,,,
"AST",2019/6/12,"Assets/ESTEQ Group","Siemens AG",N/A,"Pending","Technology","Industrials",,1.57693e+06,,3.37339e+06
"M&A",2019/6/14,"Coal Agglomeration South Africa Pty Ltd","Clean Invest Africa PLC",N/A,"Pending","Energy","Financials",,0.00130882,,101.714
"AST",2019/5/10,"Fabrication & manufacturing businesses/South Africa,Fabrication & manufacturing businesses/Mozambique","SPS Holdings Co",N/A,"Pending","Consumer Discretionary, Consumer Discretionary","Industrials",,,,
"M&A",2019/5/14,"IoT.nxt Pty Ltd","Vodacom Group Ltd",N/A,"Pending","Technology","Communications",,167652,,276433
"AST",2019/5/15,"Water quality monitoring solution/Tesla Water","Cortex Group Pty Ltd",N/A,"Pending","Industrials","Technology",,,,
"M&A",2019/5/20,"Hyve Mobile Pty Ltd","Blu Label Unlimited Group Ltd",N/A,"Pending","Technology","Communications",,14050.2,,19769.9
"AST",2019/9/5,"Smirnoff & Guinness branded products","Anheuser-Busch InBev SA/NV",N/A,"Pending","Consumer Staples","Consumer Staples",,1.06061e+06,,3.62497e+06
"AST",2019/9/19,"Edgars Active,High Key","Footgear Pty Ltd",N/A,"Pending","Consumer Discretionary, Consumer Discretionary","Consumer Discretionary",,,,
"M&A",2019/4/12,"Celrose Pty Ltd","Industrial Development Corp of South Africa Ltd",N/A,"Pending","Consumer Discretionary","Government",,25556,,159323
"M&A",2019/4/26,"B&W Instrumentation and Electrical Ltd","Matatrim Pty Ltd",N/A,"Pending","Industrials","Financials",399.86,,287.945,
"M&A",2019/4/30,"KLK Landbou Ltd","Senwesbel Ltd",N/A,"Pending","Consumer Staples","Financials",,,,
"AST",2019/3/20,"Orapa AK10 Diamondiferous Kimberlite Pipe mine","Pangolin Diamonds Corp",N/A,"Pending","Materials","Materials",,,,1.51885
"M&A",2019/3/27,"VKB Landbou Ltd","Multi Green Ltd",N/A,"Pending","Consumer Staples","Materials",,,,
"M&A",2019/3/29,"Mundel Gien CC","Dis-Chem Pharmacies Ltd",N/A,"Pending","Consumer Staples","Consumer Staples",,42825.8,,20738.3
"M&A",2019/8/5,"Enablemed Pty Ltd","Unnamed Buyer",N/A,"Pending","Health Care","N.A.",,,,
"M&A",2019/8/23,"Crossroads Distribution Pty Ltd","Namane Logistics Pty Ltd",N/A,"Pending","Industrials","Industrials",,,,
"M&A",2019/8/23,"Gap Chemicals Pty Ltd","Zeder Investments Ltd",N/A,"Pending","Materials","Consumer Staples",,15,,2389
"M&A",2020/8/18,"Suidwes Holdings Ring Fenced Pty Ltd","Senwesbel Ltd",N/A,"Pending","Consumer Staples","Financials",,,,
"AST",2020/8/24,"Retailer units/Edcon Holdings Ltd","Retailability Pty Ltd",N/A,"Pending","Consumer Staples","Consumer Discretionary",,,,
"INV",2020/8/25,"Linebooker Pty Ltd","African Rainbow Capital Investments Ltd",N/A,"Pending","Industrials","Financials",,2557,,21129
"JV",2020/8/6,"Joint Venture","",N/A,"Pending","Financials","Materials, Materials",,,,
"INV",2019/2/5,"B Mcgillewie Pty Ltd","Metamax Pty Ltd",N/A,"Pending","Health Care","Financials",,,,
"INV",2019/2/5,"Magnacorp 84 Pty Ltd","Metamax Pty Ltd",N/A,"Pending","Health Care","Financials",,,,
"INV",2019/2/22,"Cell C Ltd","Buffet Investment Services Pty Ltd",N/A,"Pending","Communications","Industrials",15749.1,,25636.3,
"M&A",2020/1/10,"PaySense Services India Pvt Ltd","Naspers Ltd",N/A,"Pending","Communications","Communications",,188265,,1.35492e+06
"M&A",2020/1/22,"New Frontiers Tours Pty Ltd","Bidvest Group Ltd/The",N/A,"Pending","Communications","Consumer Discretionary",,126605,,124590
"AST",2020/7/20,"4 division/Capital Equipment Group","CNH Industrial NV",N/A,"Pending","Industrials","Industrials",,323528,,708185
"M&A",2020/7/31,"Imbalie Innovvation Pty Ltd","Siswe Investments Pty Ltd",N/A,"Pending","Consumer Discretionary","Consumer Discretionary",,,,
"M&A",2020/2/5,"PCL Transport 24/7 Ltd","Arla Foods amba",N/A,"Pending","Industrials","Consumer Staples",,304143,,183288
"M&A",2020/2/7,"Matlosana Medical Health Services Pty Ltd","Mediclinic International PLC",N/A,"Pending","Health Care","Health Care",,74047.6,,94014
"M&A",2020/2/11,"Mohlodi Oa Thaba Holdings Pty Ltd","Cannsun Medhel Group PLC",N/A,"Pending","Health Care","Health Care",,,,
"INV",2020/6/12,"Alzu Agri Pty Ltd","Government Employees Pension Fund",N/A,"Pending","Financials","Financials",,,,
"INV",2020/6/15,"Quantum Foods Holdings Ltd","Country Bird Holdings Ltd",N/A,"Pending","Consumer Staples","Consumer Staples",7146.54,3586.38,3475.89,1841.06
"AST",2020/6/26,"Air Traffic Management Defence & Security business units","Hensoldt AG",N/A,"Pending","Industrials","Industrials",,49560.1,,105517
"M&A",2020/5/15,"Mulilo Renewable Energy Solar PV Prieska RF Pty Ltd,Mulilo Renewable Energy Solar PV De Aar Pty Ltd","Standard Bank Group Ltd,Mulilo Renewable Energy Pty Ltd",N/A,"Pending","Energy, Energy","Financials, Energy",,,,
"AST",2020/5/15,"Mobile phone towers","Helios Towers PLC",N/A,"Pending","Communications","Industrials",,15270.8,,41836.4
"AST",2020/5/21,"Fibre-optic network business/South Africa","Gatsby SPV",N/A,"Pending","Communications","Financials",,,,
"AST",2020/4/2,"Merchant triethyl aluminum business/Sasol Ltd","Nouryon Chemicals Holding BV",N/A,"Pending","Materials","Materials",,,,
"M&A",2020/4/6,"Safic Pty Ltd","Private Investor",N/A,"Pending","Unclassifiable","N.A.",,,,
"AST",2020/4/8,"Data centre facility/Samrand","Africa Data Centres",N/A,"Pending","Real Estate","Technology",,,,
"M&A",2020/4/20,"LSD Information Technology Pty Ltd","iOCO Ltd",N/A,"Pending","Technology","Technology",,5583.22,,2798.11
"M&A",2001/11/27,"Cape Town private client ops","Investec Ltd",N/A,"Pending","N.A.","Financials",,111529,,1.43453e+06
"AST",2020/12/2,"Portfolio of assets/RAC Investment Holdings Pty Ltd","Astoria Investments Ltd",N/A,"Pending","Financials","Financials",,-174.892,,730.957
"AST",2020/12/5,"Viljoenshof prospecting diamond license","Metalex Ventures Ltd",N/A,"Pending","Materials","Materials",,,,113.925
"M&A",2020/12/18,"Solar Capital De Aar 3 Pty Ltd","STANLIB Asset Management Pty Ltd",N/A,"Pending","Energy","Financials",,,,
"INV",2020/12/21,"Kaelo Holdings Pty Ltd","Dis-Chem Pharmacies Ltd",N/A,"Pending","Financials","Consumer Staples",,42825.8,,20738.3
"M&A",2020/12/23,"Thabong Coal Pty Ltd","South32 Ltd",N/A,"Pending","Materials","Materials",,105025,,243277
"INV",2021/12/2,"Quench Pty Ltd","Foschini Group Ltd/The",N/A,"Pending","Technology","Consumer Discretionary",,62423,,60205
"M&A",2021/12/2,"Triclinium Clinical Development Pty Ltd","FHI Clinical Inc",N/A,"Pending","Health Care","Health Care",,,,
"M&A",2021/12/13,"MHMK Financial Services Ltd","Afristrat Investment Holdings",N/A,"Pending","Financials","Financials",,0.722,,705.664
"AST",2021/12/19,"Portfolio of trademarks","Shoprite Checkers Pty Ltd",N/A,"Pending","Consumer Staples","Consumer Staples",,,,
"M&A",2021/11/1,"BlackLynx Pty Ltd","Jacobs Engineering Group Inc",N/A,"Pending","Technology","Industrials",,208827,,217594
"INV",2021/11/9,"Swing Curve 345 Pty Ltd,AEE Thabametsi Pty Ltd","Sable Exploration and Mining L",N/A,"Pending","Financials, Financials","Financials",,,,20.5406
"M&A",2021/11/11,"Erfs 5434/Samrand Business Park,Erfs 859/Samrand Business Park","Pathisa Properties Two Pty Ltd",N/A,"Pending","Real Estate, Real Estate","Financials",,,,
"M&A",2021/11/17,"Skye Plastics Pty Ltd","Bowler Metcalf",N/A,"Pending","Materials","Materials",,945.851,,1030.63
"M&A",2021/11/18,"Stella Platinum Pty Ltd,Greenstone Platinum Pty Ltd","Skeleton Coast Uranium Corp",N/A,"Pending","Materials, Materials","Materials",,,,32.4464
"M&A",2021/11/23,"Aspen Logistic Services Pty Ltd","Aspen Business Trust LLC",N/A,"Pending","Industrials","Health Care",,,,
"M&A",2021/11/23,"Avis Southern Africa Ltd","Unnamed Buyer",N/A,"Pending","Consumer Discretionary","N.A.",,,,
"M&A",2022/3/2,"Rethink Digital Solutions Pty Ltd","Araxi Ltd",N/A,"Pending","Communications","Financials",,1166.16,,1828.16
"INV",2022/3/18,"Mentor Africa Pty Ltd","Meikles Ltd",N/A,"Pending","Financials","Consumer Staples",,8301.08,,1886.38
"M&A",2022/3/21,"Kalahari Key Mineral Exploration Pty Ltd","Kavango Resources PLC",N/A,"Pending","Materials","Materials",,30.6811,,383.673
"M&A",2022/3/30,"Lexi's Healthy Eatery Pty Ltd","Famous Brands Ltd",N/A,"Pending","Consumer Staples","Consumer Staples",,8744.2,,3574.8
"JV",2022/3/2,"Apollon SA Pty Ltd","",N/A,"Pending","Consumer Staples","Health Care, Consumer Staples",,,,
"JV",2022/3/29,"888AFRICA","",N/A,"Pending","Communications","Consumer Discretionary",,,,
"M&A",2022/1/10,"LIPO Einrichtungsmaerkte AG","XXXLutz KG",N/A,"Pending","Consumer Discretionary","Consumer Discretionary",,,,
"AST",2022/1/31,"Kroondal & Marikana mine","Sibanye Stillwater Ltd",N/A,"Pending","Materials","Materials",,129677,,149737
"JV",2022/2/9,"VFlowTech Africa","",N/A,"Pending","Financials","Energy, Energy",,,,
"AST",2022/4/7,"Network Solutions business/EOH Mthombo Pty Ltd","Hymax SA Pty Ltd",N/A,"Pending","Consumer Discretionary","Communications",,,,
"AST",2022/4/13,"Fiat Alfa Jeep business","Super Group Ltd/South Africa",N/A,"Pending","Consumer Discretionary","Consumer Discretionary",,44510.3,,38528.3
"M&A",2021/4/9,"Exxaro Coal Central Prop Ltd","Overlooked Colliery Pty Ltd",N/A,"Pending","Materials","Materials",,,,
"AST",2021/4/20,"FTTH assets/Gauteng & Kwa-Zulu Natal","Metro Fibre Networx Pty Ltd",N/A,"Pending","Technology","Communications",,,,
"INV",2021/4/21,"Invictus Education Group","Sommet Education Inc",N/A,"Pending","Consumer Discretionary","Consumer Discretionary",,,,
"M&A",2021/5/6,"Mister Sweet Pty Ltd","Premier Group Pty Ltd",N/A,"Pending","Consumer Staples","Consumer Staples",,,,
"M&A",2021/5/26,"VKB Landbou Ltd","Trade Retail Holdco,AgriFin HoldCo",N/A,"Pending","Consumer Staples","Financials, Financials",,,,
"M&A",2021/5/27,"Respiratory Care Africa Proprietary Ltd","Management Group",N/A,"Pending","Health Care","N.A.",,,,
"M&A",2021/5/28,"Agilitee SA","Visual International Holdings Ltd",N/A,"Pending","Real Estate","Real Estate",,1.76903,,48.1365
"JV",2021/5/6,"Livekindly Collective Africa Pty Ltd","",N/A,"Pending","Consumer Staples","Consumer Staples, Consumer Staples",,,,
"INV",2021/2/1,"Industrial Development Corp of South Africa Ltd","Orion Minerals Ltd",N/A,"Pending","Government","Materials",25556,,159323,1668.37
"AST",2021/2/17,"8 stores/Massmart Holdings Ltd","Devland Cash & Carry Pty Ltd",N/A,"Pending","Real Estate","Consumer Staples",,,,
"M&A",2021/1/7,"Sharks Pty Ltd/The","MVM Holdings LLC",N/A,"Pending","Consumer Discretionary","Financials",,,,
"AST",2021/1/11,"Oil gas production & exploration/Mediterranean","Zenith Energy Ltd",N/A,"Pending","Energy","Energy",,29.2227,,1932.42
"M&A",2021/1/18,"Spill Tech","Seche Environnement SA",N/A,"Pending","Industrials","Industrials",,25305.6,,50734.7
"AST",2021/1/19,"Portfolio of Sub-Saharan African Hotels","Kasada Capital Management Pty Ltd",N/A,"Pending","Consumer Discretionary","Financials",,,,
"AST",2021/1/29,"10 KFC franchised restaurants/ South Africa","Roos Holdings Ltd",N/A,"Pending","Consumer Discretionary","Consumer Discretionary",,,,
"JV",2021/1/7,"Joint Venture","",N/A,"Pending","Financials","Utilities, Financials",,,,
"M&A",2022/5/12,"CoreShares Index Tracker Managers RF Pty Ltd","10x Investments Pty Ltd",N/A,"Pending","Financials","Financials",,,,
"M&A",2022/5/20,"Avito Holding AB","Unnamed Buyer",N/A,"Pending","Communications","N.A.",189.637,,3029.2,
"INV",2022/5/23,"Distributed Power Africa Pty Ltd","Electricite de France SA",N/A,"Pending","Energy","Utilities",,2.28655e+06,,7.27859e+06
"INV",2022/5/25,"New Largo Coal Pty Ltd","Seriti Resources Holdings Proprietary Ltd",N/A,"Pending","Materials","Materials",,,,
"M&A",2022/5/31,"Q Link Holdings Pty Ltd","Sanlam Capital Markets Ltd",N/A,"Pending","Technology","Financials",,,,
"JV",2022/5/25,"Main Street 1878 Pty Ltd","",N/A,"Pending","Industrials","Industrials, Financials",,,,
"M&A",2022/7/6,"Tethys Mobile Pty Ltd","Huge Group Ltd",N/A,"Pending","Communications","Communications",,28.651,,1973.43
"M&A",2022/7/12,"Haygrove Africa Trading Pty Ltd","Driscoll's Inc",N/A,"Pending","Consumer Staples","Consumer Staples",,,,
"M&A",2022/7/15,"Caralli Leather Works Pty Ltd,Socrati Footwear Pty Ltd","BUKA INVESTMENTS LTD",N/A,"Pending","Consumer Discretionary, Consumer Discretionary","Consumer Discretionary",,19.004,,3.521
"M&A",2022/7/22,"Gumtree South Africa Pty Ltd","Impresa Capital",N/A,"Pending","Consumer Discretionary","Financials",,,,
"M&A",2022/7/26,"Sunshine Bakery Holdings Pty Ltd","RCL Foods Treasury Pty Ltd",N/A,"Pending","Consumer Staples","Consumer Staples",,,,
"M&A",2022/7/26,"Langpan Mining Co","Mantengu Ltd",N/A,"Pending","Materials","Materials",,393.238,,1355.09
"INV",2022/8/1,"Mentor Africa Pty Ltd","Eagle Owl JNB Ltd",N/A,"Pending","Financials","Financials",,,,
"AST",2022/8/3,"Cape Town Terminal/bp Southern Africa Ltd","Strategic Fuel Fund Association NPC",N/A,"Pending","Energy","Financials",,,,
"M&A",2022/8/5,"Retail Capital Ltd","Tyme Bank",N/A,"Pending","Financials","Financials",,,,
"M&A",2022/8/10,"Cape Foods Pty Ltd","Libstar Holdings Ltd",N/A,"Pending","Consumer Staples","Consumer Staples",,12329.2,,8819.16
"M&A",2022/9/5,"GENRIC Insurance Co Ltd","Old Mutual Ltd",N/A,"Pending","Financials","Financials",,137675,,1.36792e+06
"M&A",2022/9/21,"Transport Cooling SA","Beijer Ref AB",N/A,"Pending","Industrials","Industrials",,67658.6,,79969.5
"M&A",2022/9/23,"Namola EMS Group Pty Ltd","MultiChoice Group",N/A,"Pending","Technology","Communications",,49980,,39244
"INV",2022/9/29,"Fleetsimplify Inc,Drive to Own Pty Ltd","Mobility 54 Investment SAS",N/A,"Pending","Industrials, Technology","Financials",,,,
"M&A",2022/10/19,"Tracking Talent Pty Ltd","Wilson Human Capital Group LLC",N/A,"Pending","Communications","Industrials",,,,
"AST",2020/11/4,"Transkei & Algoa exploration/South Africa","Shell PLC",N/A,"Pending","Energy","Energy",,4.77177e+06,,6.13557e+06
"M&A",2020/11/16,"Silica Administration Services Pty Ltd","FNZ Group Ltd",N/A,"Pending","Financials","Financials",,,,
"M&A",2020/11/20,"Oltio Pty Ltd","Ukheshe Payment Solutions Pty Ltd",N/A,"Pending","Financials","Technology",,,,
"M&A",2020/11/26,"POWER Fashion","Mr Price Group Ltd",N/A,"Pending","Consumer Discretionary","Consumer Discretionary",,42654,,40687
"M&A",2019/12/3,"Canway Corp","Wipro Ltd",N/A,"Pending","Consumer Discretionary","Technology",,182243,,255609
"M&A",2019/12/9,"Nedbank Malawi Ltd","MyBucks SA",N/A,"Pending","Financials","Financials",,848.785,,3334.33
"M&A",2019/12/9,"Constantia Risk & Insurance Holdings Pty Ltd,Conduit Ventures Pty Ltd","Trustco Group Holdings Ltd",N/A,"Pending","Financials, Financials","Financials",,91,,3828
"M&A",2019/12/13,"Nampak Plastics Europe Ltd","Bellcave Ltd",N/A,"Pending","Industrials","Financials",868.286,,679.683,
"M&A",2019/12/19,"Broadband Infraco Pty Ltd","Sentech",N/A,"Pending","Communications","Communications",,,,
"M&A",2020/10/7,"PwC Research Services Pty Ltd","Old Mutual Life Assurance Co South Africa Ltd",N/A,"Pending","Financials","Financials",,132327,,1.2086e+06
"INV",2020/10/9,"Octotel Pty Ltd","Actis LLP",N/A,"Pending","Technology","Financials",,,,
"M&A",2020/10/13,"Barrie Cline Clothing Pty Ltd","Truworths International Ltd",N/A,"Pending","Consumer Discretionary","Consumer Discretionary",,21323,,19904
"INV",2020/10/16,"Ejuva One Solar Energy Pty Ltd,Ejuva Two Solar Energy Pty Ltd","Mergence Investment Managers Pty Ltd",N/A,"Pending","Industrials, Industrials","Financials",,,,
"M&A",2020/10/20,"BottlesApp","Pick n Pay Stores Ltd",N/A,"Pending","Technology","Consumer Staples",,120290,,45497
"JV",2020/9/21,"Joint Venture","",N/A,"Pending","Financials","Materials, Materials",,,,
"INV",2019/11/6,"Renergen Ltd","Notable Pioneer Ltd",N/A,"Pending","Financials","Unclassifiable",52.113,,2349.17,
"M&A",2019/11/19,"Tongaat Hulett Namibia Pty Ltd","Bokomo Botswana Pty Ltd",N/A,"Pending","Consumer Staples","Consumer Staples",,,,
"AST",2019/11/20,"Cold chain business/Imperial Logistics Ltd","RCL Foods Ltd/South Africa",N/A,"Pending","Real Estate","Consumer Staples",,26493.8,,18663.8
"INV",2019/11/29,"Anchor Stockbrokers Pty Ltd","Masimong Group Holdings Pty Ltd",N/A,"Pending","Financials","Financials",,,,
"JV",2019/11/6,"Brick Live South Africa Ltd","",N/A,"Pending","Consumer Discretionary","Communications",,,,
"M&A",2019/10/7,"Asean Copper Investments Ltd","Mining & Mineral Industries Holding Pte Ltd",N/A,"Pending","Materials","Financials",,,,
"INV",2018/5/3,"Cadiz Asset Management Pty Ltd","Warwick Capital Partners LLP",N/A,"Pending","Financials","Financials",,,,
"M&A",2018/5/7,"Versachem Pty Ltd","Iberchem SA",N/A,"Pending","Materials","Materials",,2928.07,,8621.94
"M&A",2018/5/31,"Glocell Pty Ltd","Cell C Ltd",N/A,"Pending","Communications","Communications",,15749.1,,25636.3
"M&A",2018/3/14,"Curo Health Pty Ltd","4Sight Holdings Ltd",N/A,"Pending","Health Care","Financials",,1163.46,,632.188
"AST",2018/3/28,"Production facilities/Grassroots","Lotus Bakeries NV",N/A,"Pending","Real Estate","Consumer Staples",,27355.2,,29874.4
"M&A",2018/4/17,"SCM DMA Pty Ltd","Sasfin Holdings Ltd,Management Group",N/A,"Pending","Financials","Financials",,,,
"M&A",2018/4/24,"ABV Brands Pty Ltd","Kotobuki Realty Co Ltd",N/A,"Pending","Consumer Staples","Consumer Staples",,,,
"M&A",2018/2/9,"XON Systems Pty Ltd","NEC Corp",N/A,"Pending","Communications","Technology",,413593,,477946
"AST",2018/6/6,"Lakeview Hospital/Benoni","Netcare Ltd",N/A,"Pending","Real Estate","Health Care",,26344,,29225
"M&A",2018/6/8,"Vumatel Pty Ltd","Community Investment Ventures Holdings Pty",N/A,"Pending","Technology","Financials",,,,
"AST",2018/6/19,"Certain Assets of Ingenuity","Sanlam Ltd",N/A,"Pending","Financials","Financials",,237116,,1.2957e+06
"M&A",2018/6/28,"Nikos Coalgrill Greek","Spur Corp Ltd",N/A,"Pending","Consumer Discretionary","Consumer Discretionary",,3863.17,,1533.94
"M&A",2018/7/2,"Consolidated Steel Industries Pty Ltd","Macsteel Service Centers SA",N/A,"Pending","Materials","Materials",,,,
"INV",2018/7/30,"Lebashe Financial Services Co","iOCO Ltd",N/A,"Pending","Financials","Technology",,5583.22,,2798.11
"M&A",2018/9/11,"Monash South Africa Ltd","Advtech Ltd",N/A,"Pending","Consumer Discretionary","Consumer Discretionary",,9330.4,,11297
"M&A",2018/9/20,"Catalyst Fund Managers Pty Ltd","Sanlam Ltd",N/A,"Pending","Financials","Financials",,237116,,1.2957e+06
"INV",2018/9/20,"Moloto Capital Investments Pty Ltd","African Rainbow Minerals Ltd",N/A,"Pending","Financials","Materials",,11709,,74325
"AST",2018/9/27,"Set top box manufacturing business","Shenzhen Skyworth Digital Technology Co Ltd",N/A,"Pending","Communications","Technology",,,,
"M&A",2018/8/14,"Radiant Group Pty Ltd","ARB Holdings Ltd",N/A,"Pending","Industrials","Industrials",,2922.92,,2052.93
"INV",2008/4/4,"Finance Bank Zambia Ltd","Credit Suisse Group AG",N/A,"Pending","Financials","Financials",,691927,,9.84755e+06
"M&A",2020/2/19,"Burger King South Africa Pty Ltd","Emerging Capital Partners LLC",N/A,"Pending","Consumer Discretionary","Financials",,,,
"M&A",2018/10/4,"PMR Hospitality Partners Pty Ltd","Valor Hospitality Partners LLC",N/A,"Pending","Industrials","Financials",,,,
"M&A",2018/10/8,"Private Property South Africa Pty Ltd","Cognition Holdings Ltd",N/A,"Pending","Real Estate","Industrials",,79.2048,,266.275
"M&A",2018/12/6,"Helam Mining Pty Ltd","Lindleys Mining Pty Ltd",N/A,"Pending","Materials","Materials",,,,
"AST",2005/12/7,"Gallagher Estate and Conference Centre","Unnamed Buyer",N/A,"Pending","N.A.","N.A.",,,,
"M&A",2021/3/15,"Yuppiechef Online Pty Ltd","Mr Price Group Ltd",N/A,"Pending","Consumer Discretionary","Consumer Discretionary",,42654,,40687
"M&A",2021/3/26,"Otto Brothers Distributors Pty Ltd","Mr Price Group Ltd",N/A,"Pending","Consumer Discretionary","Consumer Discretionary",,42654,,40687
"AST",2021/3/29,"8 prospecting licences/Kalahari Copper Belt","Power Metal Resources PLC,Kavango Resources PLC",N/A,"Pending","Materials","Materials, Materials",,,,
"AST",2021/6/1,"Digital portfolio application","Akastor ASA",N/A,"Pending","Technology","Energy",,671.723,,9885.33
"M&A",2021/6/2,"Energy Partners Holdings Pty Ltd","EOS Capital Pty Ltd",N/A,"Pending","Energy","Financials",,,,
"INV",2021/6/10,"SV Gaming Ltd","MultiChoice Group",N/A,"Pending","Consumer Discretionary","Communications",,49980,,39244
"M&A",2021/6/11,"Global Airways Ltd","Harith General Partners Pty Ltd",N/A,"Pending","Industrials","Financials",,,,
"M&A",2021/6/15,"Cool Ideas 129 Pty Ltd","Afrihost Pty Ltd",N/A,"Pending","Consumer Staples","Communications",,,,
"M&A",2021/6/17,"South African Roll Co Pty Ltd","South African Industrial Group",N/A,"Pending","Materials","Financials",,,,
"AST",2021/7/5,"South Outeniqua block,DWOB block,OBD block","Qatar Energy",N/A,"Pending","Energy, Energy","Energy",,1.4035e+06,,3.01475e+06
"M&A",2021/7/6,"Pioneer Foods Wellingtons Pty Ltd","RFG Holdings Ltd",N/A,"Pending","Consumer Staples","Consumer Staples",,8137.76,,6041.29
"INV",2021/7/6,"InTouch/Africa","CFAO SA,Mobility 54 Investment SAS",N/A,"Pending","Technology","Consumer Discretionary, Financials",,,,
"M&A",2021/7/29,"Greendoor Group Proprietary Ltd","Imperial Logistics Ltd",N/A,"Pending","Financials","Industrials",,52208,,30329
"M&A",2021/7/30,"A&R Engineering & Mining Supplies Pty Ltd,Lamp Room Solutions & Consulting Pty Ltd,Moxie Digital Pty Ltd,Embedded IQ Pty Ltd","Master Drilling Group Ltd",N/A,"Pending","Materials, Financials, Technology, Technology","Materials",,5220.45,,7196.51
"M&A",2021/9/16,"Payflex Pty Ltd","Zip Co Ltd",N/A,"Pending","Technology","Financials",,12605.5,,40825.9
"M&A",2021/9/16,"Cadac SA","Dometic Group AB",N/A,"Pending","Consumer Staples","Consumer Discretionary",,38408.1,,82297.5
"M&A",2021/9/16,"Joburg Stay Pty Ltd","Growthpoint Properties Ltd",N/A,"Pending","Real Estate","Real Estate",,13568,,152179
"INV",2021/9/21,"HelloChoice Pty Ltd","Standard Bank Group Ltd",N/A,"Pending","Consumer Staples","Financials",,307016,,3.62085e+06
"AST",2021/9/21,"Unnamed target","MBAK Energy Solutions Inc",N/A,"Pending","N.A.","Technology",,0.255545,,3.10579
"M&A",2021/9/23,"WBC Holdings Pty Ltd","Nutun Ltd",N/A,"Pending","Financials","Financials",26656.2,1500,5352.69,6604
"M&A",2021/10/6,"OneCart Pty Ltd","Massmart Holdings Ltd",N/A,"Pending","Technology","Consumer Staples",,77621.6,,40144.7
"AST",2021/10/6,"Certain Assets/Goldman Sachs Group Inc/The","Juven",N/A,"Pending","Financials","Financials",,,,
"M&A",2021/10/18,"Fast & Furious Distribution Pty Ltd","DPD Laser Express Pty Ltd",N/A,"Pending","Industrials","Industrials",,,,
"M&A",2021/10/22,"Regional Wholesale Service Pty Ltd","Super Group Ltd/South Africa",N/A,"Pending","Industrials","Consumer Discretionary",,44510.3,,38528.3
"INV",2021/8/30,"Dis-Chem Pharmacies Ltd","Zungu Investments Co Pty Ltd,Royal Bafokeng Holdings Pty Ltd",N/A,"Pending","Consumer Staples","Financials, Financials",42825.8,,20738.3,
"M&A",2021/8/30,"Mooivallei Suiwel Pty Ltd","Sea Harvest Group Ltd",N/A,"Pending","Consumer Staples","Consumer Staples",,6642.96,,9519.88
"M&A",2021/8/31,"Cannon Asset Managers Pty Ltd","Seriti Capital Partners Pty Ltd",N/A,"Pending","Financials","Financials",,,,
"JV",2013/5/30,"Zamhatch","",N/A,"Pending","Consumer Staples","Consumer Staples, Consumer Staples",,,,
"M&A",2024/7/4,"Problast BS Pty Ltd","Solar Mining Services Pty Ltd",N/A,"Pending","Energy","Materials",,,,
"AST",2024/7/10,"Animal Health business/AECI Ltd","SHV Holdings NV",N/A,"Pending","Materials","Utilities",,,,
"AST",2024/7/16,"Khi Solar One Solar Thermal Plant/South Africa","Cox De Mexico SAB De CV",N/A,"Pending","Energy","Energy",,10028.8,,13787.5
"M&A",2024/7/19,"Northern Cape Lithium & Tungsten Pty Ltd","Marula Mining PLC",N/A,"Pending","Materials","Materials",,,,142.784
"INV",2024/7/19,"Public Investment Corp Ltd","Private Investor",N/A,"Pending","Financials","N.A.",1261.76,,4617.25,
"AST",2024/7/30,"Marmite & Bovril brands,Savoury Food Ingredients business unit/Pepsico South Africa Pty Ltd","Rymco Pty Ltd",N/A,"Pending","Consumer Staples, Consumer Staples","Industrials",,,,
"AST",2024/7/30,"Baltic Jack-Up Drilling Unit/Southt Africa","Unnamed Buyer",N/A,"Pending","Energy","N.A.",,,,
"AST",2024/5/7,"Mall of Africa/Waterfall","Attacq Waterfall Investment Co Pty Ltd",N/A,"Pending","Real Estate","Financials",,,,
"M&A",2024/5/14,"West Point Fishing Corp Pty Ltd,Saldanha Sales & Marketing Pty Ltd","Sea Harvest Group Ltd",N/A,"Pending","Consumer Staples, Consumer Staples","Consumer Staples",,6642.96,,9519.88
"M&A",2024/5/21,"Aero Wind Properties Pty Ltd","Thabazimbi Iron Ore Asia Holding Pte Ltd",N/A,"Pending","Energy","Materials",,,,
"AST",2024/5/25,"Refinery Assets/Shell Downstream South Africa Pty Ltd","CEF SOC Ltd",N/A,"Pending","Utilities","Utilities",,,,
"AST",2024/6/11,"Cherry Lane shopping centre/Pretoria","Qspace Pty Ltd",N/A,"Pending","Real Estate","Real Estate",,,,
"AST",2024/6/13,"Metalloys manganese alloy smelter/South Africa","Khwelamet Pty Ltd",N/A,"Pending","Materials","Financials",,,,
"AST",2024/6/14,"Neighbourhood Square/Johannesburg","Burstone Group Limited,Flanagan & Gerard Frontiers Pty Ltd",N/A,"Pending","Real Estate","Real Estate, Real Estate",,,,
"M&A",2024/6/17,"CPS Chemicals Coatings Pty Ltd","Azelis Group NV",N/A,"Pending","Materials","Materials",,82986,,105121
"M&A",2024/6/20,"AML GO Pty Ltd","UPAY Inc",N/A,"Pending","Financials","Technology",,13.0457,,3.61542
"INV",2024/6/26,"Cradle Gold Mining Pty Ltd,Freepay Inc","Unnamed Buyer",N/A,"Pending","Materials, Financials","N.A.",,,,
"M&A",2017/6/29,"Grindrod Rail Construction Co Pty Ltd,Grindrod Rail Construction SA Pty Ltd","WBHO Construction Pty Ltd,Faku Family Enterprises Pty Ltd",N/A,"Pending","Industrials, Industrials","Industrials, Financials",,,,
"M&A",2017/7/18,"House of Hemp Pty Ltd","Elixxer Ltd,Apollon Formularies PLC",N/A,"Pending","Materials","Communications, Health Care",,,,
"AST",2017/7/25,"Engineered conveyor solutions service","Invicta Holdings Ltd",N/A,"Pending","Industrials","Consumer Discretionary",,8442.75,,9603.56
"M&A",2017/7/26,"EGH Elementum Pty Ltd","Assa Abloy AB",N/A,"Pending","Financials","Industrials",,278191,,374297
"AST",2017/5/17,"Checkers Centre,Hawama Noor Centre,Shoprite & Noor Centre","Fairvest Ltd",N/A,"Pending","Real Estate, Real Estate, Real Estate","Real Estate",,2182.11,,15864
"M&A",2017/5/29,"Information Delivery Systems Consultants Pty Ltd","Assa Abloy AB",N/A,"Pending","Technology","Industrials",,278191,,374297
"M&A",2017/4/11,"Siyanda Smelting & Refining Pty Ltd","Ironveld PLC",N/A,"Pending","Industrials","Industrials",,0.0940396,,858.317
"M&A",2017/4/11,"Power Alt Pty Ltd","Ironveld PLC",N/A,"Pending","Utilities","Industrials",,0.0940396,,858.317
"M&A",2017/4/24,"Transformer Chemistry Services CC","Torre Industries Ltd",N/A,"Pending","Industrials","Industrials",,1450,,1161
"AST",2022/11/9,"Jangamo Project/Savannah Resources PLC","MRG Metals Ltd",N/A,"Pending","Materials","Materials",,0.0687214,,82.5568
"INV",2022/11/16,"New Okiep Mining Co Pty Ltd","Industrial Development Corp/The",N/A,"Pending","Materials","Financials",,,,
"M&A",2022/11/24,"Anglo American Inyosi Coal Pty Ltd","Thungela Resources Ltd",N/A,"Pending","Materials","Materials",,29599,,37785
"INV",2022/11/24,"Amrod","Oppenheimer Partners Ltd",N/A,"Pending","Consumer Discretionary","Financials",,,,
"AST",2022/11/30,"Certain assets/Tongaat Hulett Pvt Ltd","Kagera Sugar Estate Ltd",N/A,"Pending","Consumer Staples","Consumer Staples",,,,
"M&A",2023/3/9,"IQ Business Group Ltd","Reunert Ltd",N/A,"Pending","Industrials","Industrials",,13881,,12759
"AST",2023/3/10,"Lithium Property/Prolific Mining District","Tamino Minerals Inc",N/A,"Pending","Industrials","Communications",,21.5953,,22.2584
"AST",2023/3/15,"Device insurance business/Mobile Telephone Networks Holdings Pty Ltd","Santam Ltd",N/A,"Pending","Communications","Financials",,50952,,82392
"M&A",2023/3/27,"InSig Technologies Pty Ltd","AvidSys Pty Ltd",N/A,"Pending","Technology","Financials",,,,
"M&A",2023/3/30,"Twisto payments as,Payflex Pty Ltd","Unnamed Buyer",N/A,"Pending","Technology, Technology","N.A.",,,,
"AST",2023/3/30,"Erf 103610 Cape Town/Epping","Rex Trueform Group Ltd",N/A,"Pending","Real Estate","Consumer Discretionary",,681.481,,1242.97
"JV",2023/3/28,"Pan African Airline Group","",N/A,"Pending","Industrials","Industrials, Industrials",,,,
"INV",2022/12/5,"Valemount Trading Pty Ltd","Sabvest Capital Ltd",N/A,"Pending","Materials","Financials",,140.002,,6058.14
"M&A",2022/12/28,"Minerva Green Pty Ltd","Carbon Blockchain Inc/The",N/A,"Pending","Consumer Staples","Technology",,,,
"M&A",2022/12/30,"Avedia Energy Pty Ltd","Strategic Fuel Fund Association NPC",N/A,"Pending","Industrials","Financials",,,,
"M&A",2023/6/8,"Dannys Auto Body Parts Pty Ltd,Dannys Auto Property Holdings Pty Ltd","K2023647843 South Africa Pty Ltd",N/A,"Pending","Consumer Discretionary, Consumer Discretionary","Financials",,,,
"AST",2023/6/9,"Lithium spodumene ore/South Africa","American Resources Corp",N/A,"Pending","Materials","Materials",,,,2798.28
"AST",2023/6/27,"Castle Gate Property,Club Retail Property","Twin City Trading 2 Pty Ltd",N/A,"Pending","Real Estate, Real Estate","Financials",,,,
"AST",2023/6/27,"Castle Gate Property,Club Retail Property","Twin City Trading 2 Pty Ltd",N/A,"Pending","Real Estate, Real Estate","Financials",,,,
"AST",2023/5/19,"51 renal dialysis clinics/Southern Africa","Life Healthcare Group Pty Ltd",N/A,"Pending","Health Care","Health Care",,,,
"M&A",2023/2/2,"Impilo Products Pty Ltd,Sizwe Foods Pty Ltd","Synercore Holdings Pty Ltd",N/A,"Pending","Consumer Staples, Consumer Staples","Consumer Staples",,,,
"M&A",2023/2/3,"Sanlam Trust Ltd","Capital Legacy Solutions Pty Ltd",N/A,"Pending","Unclassifiable","Financials",,,,
"AST",2023/2/6,"Great Westerford/Cape Town","Great Westerford Holdings Pty Ltd",N/A,"Pending","Real Estate","Financials",,,,
"M&A",2023/2/15,"VKB Beleggings Pty Ltd","Griekwaland Wes Korporatief Ltd",N/A,"Pending","Financials","Consumer Staples",,,,
"M&A",2023/2/16,"CPS Chemicals Oil-Tech Pty Ltd","IMCD South Africa Pty Ltd",N/A,"Pending","Energy","Materials",,,,
"JV",2023/1/27,"IPace Pty Ltd","",N/A,"Pending","Materials","Materials, Industrials",,,,
"M&A",2024/2/5,"Touchsides SA Pty Ltd","Lesaka Technologies Inc",N/A,"Pending","Technology","Financials",,11987.1,,11585.4
"INV",2024/2/28,"Safcor Freight Pty Ltd","Akhona Trade And Investment Ltd",N/A,"Pending","Financials","Financials",,,,
"AST",2024/3/6,"Block 2B offshore","TotalEnergies SE",N/A,"Pending","Energy","Energy",,3.26021e+06,,4.82188e+06
"AST",2024/3/18,"Boundiali South exploration tenement","Aurum Resources Ltd",N/A,"Pending","Materials","Materials",,,,710.099
"M&A",2024/3/27,"RUC Cementation Mining Contractors Pty Ltd","Redpath Mining Inc",N/A,"Pending","Industrials","Industrials",,,,
"M&A",2024/1/17,"Datacentrix Holdings Ltd","Convergence Partners",N/A,"Pending","Technology","Financials",2609.26,,1185.04,
"AST",2024/1/22,"Pelagic business/Terrasan Group Ltd,Abalone business/Terrasan Group Ltd","Sea Harvest Group Ltd",N/A,"Pending","Financials, Financials","Consumer Staples",,6642.96,,9519.88
"M&A",2024/1/23,"Amecor Power Services Pty Ltd","Assa Abloy AB",N/A,"Pending","Utilities","Industrials",,278191,,374297
"M&A",2024/1/23,"Royal Investment Managers Pty Ltd,Investment Managers Group Pty Ltd","Momentum Group Limited",N/A,"Pending","Financials, Financials","Financials",,73780,,803213
"INV",2014/12/2,"Weaver Fintech Ltd","Development Partners International LLP",N/A,"Pending","Consumer Discretionary","Financials",5455,329.88,9320,252.272
"M&A",2014/12/12,"Ellerines Furnishers Pty Ltd","Shoprite Holdings Ltd",N/A,"Pending","Consumer Discretionary","Consumer Staples",,256682,,124944
"M&A",2014/12/19,"Swartland Winery","Private Investor",N/A,"Pending","Consumer Staples","N.A.",,,,
"INV",2014/12/29,"House of Hemp Pty Ltd","Global Hemp Group Inc",N/A,"Pending","Materials","Financials",,,,0.59649
"M&A",2014/12/31,"Nkunzi Milkyway Pty Ltd","Clover Industries Ltd",N/A,"Pending","Consumer Staples","Consumer Staples",,8312.48,,6258.61
"M&A",2017/1/16,"Kalagadi Manganese Pty Ltd","Kgalagadi Alloys Pty Ltd",N/A,"Pending","Materials","Materials",,,,
"M&A",2017/1/24,"Life Path Health Pty Ltd","Mediclinic International PLC",N/A,"Pending","Health Care","Health Care",,74047.6,,94014
"M&A",2017/2/16,"Rinwell Investments Pty Ltd","Araxi Ltd",N/A,"Pending","Technology","Financials",,1166.16,,1828.16
"M&A",2014/9/8,"Sese Diamonds Pty Ltd","Goldoz Ltd",N/A,"Pending","Materials","Energy",,,,5.94364
"M&A",2014/9/10,"Aspen International Services Pty Ltd","Capespan Group Ltd",N/A,"Pending","Industrials","Consumer Staples",,,,
"INV",2014/9/12,"Broll Property Group Pty Ltd","Centum Investment Co Ltd",N/A,"Pending","Real Estate","Financials",,1344.64,,11693.8
"AST",2014/9/24,"assets of MWEB connect","NTT Inc",N/A,"Pending","Technology","Communications",,1.6634e+06,,4.99917e+06
"JV",2014/9/26,"Joint Venture","",N/A,"Pending","Financials","Materials",,,,
"INV",2014/10/20,"Nkomati Polymetallic Mine","BCL Ltd",N/A,"Pending","Materials","Materials",,,,
"M&A",2014/10/30,"Dial-A-Bed","Coricraft Group Pty Ltd",N/A,"Pending","Consumer Discretionary","Consumer Discretionary",,,,
"M&A",2014/11/3,"Parsec Holdings Pty Ltd","Etion Ltd",N/A,"Pending","Financials","Technology",,,,512.325
"M&A",2014/11/3,"Sumo Coal Pty Ltd,Horizon Enerji AS","Giyani Metals Corp",N/A,"Pending","Materials, Energy","Materials",,,,682.544
"M&A",2014/8/4,"Save River Diamonds Pty Ltd","Goldoz Ltd",N/A,"Pending","Materials","Energy",,,,5.94364
"M&A",2014/8/7,"Tolcon Group/The","Unnamed Buyer",N/A,"Pending","Industrials","N.A.",,,,
"JV",2014/8/21,"Grand Tellumat Manufacturing Pty Ltd","",N/A,"Pending","N.A.","Financials, Technology",,,,
"INV",2023/12/1,"National Petroleum Refiners of South Africa Pty Ltd","Prax Group Holdings Ltd",N/A,"Pending","Energy","Financials",,,,
"M&A",2023/12/11,"African Energy Week Pty Ltd","Calvert International AG",N/A,"Pending","Energy","Industrials",,67.6666,,170.449
"AST",2023/12/13,"Koffiefontein Diamond Mine/South Africa","Unnamed Buyer",N/A,"Pending","Energy","N.A.",,,,
"INV",2023/12/19,"Vametco Minerals Corp","Bushveld Minerals Ltd",N/A,"Pending","Materials","Materials",,3156.58,,4193.67
"M&A",2023/11/8,"OUTvest Pty Ltd","Alexander Forbes Group Holdings Ltd",N/A,"Pending","Financials","Financials",,6518,,567786
"M&A",2023/11/16,"Allan Gray Proprietary Ltd","Private Investor",N/A,"Pending","Financials","N.A.",,,,
"AST",2023/10/11,"Sodium Cyanide Business/Sasol South Africa Pty Ltd","Draslovka Holding AS",N/A,"Pending","Materials","Materials",,,,
"INV",2023/10/11,"Mergence Investment Managers Pty Ltd","Harith General Partners Pty Ltd",N/A,"Pending","Financials","Financials",,,,
"M&A",2023/10/16,"OnQ SA","P95 BV",N/A,"Pending","Health Care","Health Care",,,,
"AST",2023/8/29,"Blesberg Project Mine/Northern Cape Province","Marula Mining PLC",N/A,"Pending","Materials","Materials",,,,142.784
"JV",2023/8/9,"Thaba Joint Venture","",N/A,"Pending","Materials","Materials, Materials",,,,
"M&A",2023/7/11,"Kamoso Africa Pty Ltd","Choppies Enterprises Ltd",N/A,"Pending","Consumer Discretionary","Consumer Staples",,12184.9,,3911.47
"M&A",2023/7/12,"Independent Software Solutions Consulting Pty Ltd","White Pearl Technologies AB",N/A,"Pending","Technology","Financials",,931.768,,588.923
"AST",2023/7/17,"Battery storage & renewable energy projects/South Africa","Globeleq Inc",N/A,"Pending","Energy","Utilities",,,,
"INV",2023/7/20,"Dynamic Intertrade Agri Ltd","Athena Trading SAS",N/A,"Pending","Consumer Staples","Technology",,,,
"INV",2023/9/11,"RMI Investment Managers Group Pty Ltd","Momentum Group Limited",N/A,"Pending","Financials","Financials",,73780,,803213
"JV",2013/10/21,"Iveco South Africa Works Pty Ltd","",N/A,"Pending","Industrials","Industrials, Industrials",,,,
"JV",2013/9/4,"Oiltanking MOGS Saldanha Pty Ltd","",N/A,"Pending","Industrials","Industrials, Materials",,,,
"INV",2024/10/2,"Sibanye Stillwater Ltd","Public Investment Corp Ltd",N/A,"Pending","Materials","Financials",129677,1261.76,149737,4617.25
"INV",2024/10/3,"Momentum Group Limited","Public Investment Corp Ltd",N/A,"Pending","Financials","Financials",73780,1261.76,803213,4617.25
"M&A",2024/10/10,"Blue Ridge Platinum Pty Ltd","Mantengu Ltd",N/A,"Pending","Materials","Materials",,393.238,,1355.09
"INV",2024/10/28,"Lanseria International Airport","Public Investment Corp Ltd",N/A,"Pending","Industrials","Financials",,1261.76,,4617.25
"AST",2024/10/31,"On the Dot distributions business/Media24 Ltd","Novus Holdings Ltd",N/A,"Pending","Communications","Industrials",,4194.86,,3920.17
"AST",2024/10/31,"Market Square Shopping Centre/Plettenberg Bay","Plett Market Square Properties Pty Ltd",N/A,"Pending","Real Estate","Real Estate",,,,
"INV",2024/10/31,"Empower Fin Pty Ltd","ARC Financial Services Investment Pty Ltd",N/A,"Pending","Financials","Financials",,,,
"AST",2024/11/28,"Urban Ridge East/Gauteng,Urban Ridge South/Gauteng,Urban Ridge West/Gauteng","Newco Pty Ltd",N/A,"Pending","Real Estate, Real Estate, Real Estate","Materials",,,,
"AST",2024/9/3,"Furniture business/Shoprite Holdings Ltd","Pepkor Holdings Ltd",N/A,"Pending","Consumer Discretionary","Consumer Staples",,95340,,115035
"AST",2024/9/9,"Lithium Ridge project/Namibia","Sociedad Quimica y Minera de Chile SA",N/A,"Pending","Industrials","Materials",,81820.3,,240302
"INV",2024/9/10,"Chet Chemicals Pty Ltd","Morvest Group Ltd",N/A,"Pending","Materials","Technology",,1100.76,,643.895
"M&A",2024/9/27,"Mobalyz Group Holdings Pty Ltd","Management Group,Private Investor",N/A,"Pending","Financials","N.A.",,,,
"M&A",2024/8/2,"Resonant Holdings Pty Ltd","Rheinmetall AG",N/A,"Pending","Industrials","Industrials",,200562,,326096
"INV",2024/8/7,"Smollan Holdings Proprietary Ltd","BCJ-70 KK",N/A,"Pending","Communications","Financials",,,,
"M&A",2024/8/12,"Nkomati Nickel Joint Venture","African Rainbow Minerals Ltd",N/A,"Pending","N.A.","Materials",,11709,,74325
"AST",2024/8/12,"Area 2 offshore South Africa/Silver Wave Energy","Impact Oil & Gas Ltd",N/A,"Pending","Real Estate","Energy",,,,3510.28
"AST",2024/8/13,"90 Mlbs of Uranium/South Africa,4.2 Mozs of Gold Resources/South Africa","NEO ENERGY METALS PLC",N/A,"Pending","Materials, Materials","Financials",,,,461.669
"AST",2024/8/13,"78708 sq km block offshore/South Africa","Impact Oil & Gas Ltd",N/A,"Pending","Real Estate","Energy",,,,3510.28
"M&A",2024/8/19,"Sonko Sp zoo","Euricom SpA",N/A,"Pending","Consumer Staples","Consumer Staples",719.993,17451.8,757.196,14519.5
"M&A",2024/8/19,"Sail Group Pty Ltd","Morecentral Pty Ltd",N/A,"Pending","Materials","Communications",,,,
"AST",2024/8/20,"Fourways Mall/South Africa","Unnamed Buyer",N/A,"Pending","Real Estate","N.A.",,,,
"M&A",2024/8/27,"Big Box Retail Fund Pty Ltd","Om Residual UK Ltd",N/A,"Pending","Financials","Financials",,174991,,910113
"M&A",2017/10/6,"Analytical Risk Management Pty Ltd","Fidelity Security Group Pty Ltd",N/A,"Pending","Technology","Industrials",,,,
"AST",2017/10/12,"Orange Basin Deep TCP","TotalEnergies SE",N/A,"Pending","Energy","Energy",,3.26021e+06,,4.82188e+06
"M&A",2017/9/6,"Sintrex Integration Services Pty Ltd","Alviva Holdings Ltd",N/A,"Pending","Technology","Consumer Discretionary",,23429.2,,9722.62
"AST",2017/8/14,"South African renewable energy independent power producer procurement programme","Mahube Infrastructure Ltd",N/A,"Pending","Utilities","Financials",,,,592.729
"INV",2017/8/15,"Interaction Market Services Holdings Pty Ltd","Ubuntu-Botho Investments Pty Ltd",N/A,"Pending","Consumer Staples","Financials",,,,
"AST",2017/8/17,"Modimolle Property/Pembury Lifestyle Group Ltd","Pembury Lifestyle Group Ltd",N/A,"Pending","Real Estate","Consumer Discretionary",,134.174,,243.484
"INV",2017/8/24,"Multisource Telecoms Pty Ltd","African Rainbow Capital Investments Ltd",N/A,"Pending","Communications","Financials",,2557,,21129
"M&A",2017/8/29,"Dimension Data Advanced Infrastructure Pty Ltd","Vulatel Pty Ltd",N/A,"Pending","Technology","Technology",,,,
"AST",2024/11/28,"Sandown Road & Wood Drive/Milnerton","Fpg Holdings Pty Ltd",N/A,"Pending","Real Estate","Real Estate",,,,
"M&A",2024/11/29,"Bestinver Co South Africa Pty Ltd","Slip Knot Investments 777 Pty Ltd",N/A,"Pending","Real Estate","Financials",,,,
"M&A",2014/7/11,"EXP Momentum Experiential Marketing Pty Ltd","Wpp Scangroup Ltd",N/A,"Pending","Communications","Communications",,282.618,,812.781
"M&A",2014/6/18,"CareCross Pty Ltd","Momentum Group Limited",N/A,"Pending","Industrials","Financials",,73780,,803213
"M&A",2014/6/25,"Agri Voedsel Ltd","Zeder Investments Ltd",N/A,"Pending","Industrials","Consumer Staples",,15,,2389
"JV",2014/6/27,"Hareonsolar Sa Pty Co Ltd","",N/A,"Pending","Energy","Energy, Energy",,,,
"M&A",2014/4/23,"Gourmet Fresh Pty Ltd","Barclays PLC,Mohebi Investments LLC",N/A,"Pending","Consumer Staples","Financials, Financials",,,,
"JV",2014/4/4,"Aviat Ubuntu Telecommunication Pty Ltd","",N/A,"Pending","Communications","Technology, Technology",,,,
"M&A",2014/5/15,"Volcano Advertising Pty Ltd","WPP PLC",N/A,"Pending","Communications","Communications",,319316,,536531
"INV",2014/5/19,"Hytec Holdings Pty Ltd","Bosch Rexroth AG",N/A,"Pending","Financials","Consumer Discretionary",,,,
"M&A",2014/5/27,"Pembani Group Pty Ltd","Shanduka Group Pty Ltd",N/A,"Pending","Financials","Financials",,,,
"INV",2014/5/28,"Living Facts Pty Ltd","Cognition Holdings Ltd",N/A,"Pending","Industrials","Industrials",,79.2048,,266.275
"M&A",2014/3/6,"Gold Circle KwaZulu-Natal Slots Pty Ltd","Grand Parade Investments Ltd",N/A,"Pending","Consumer Discretionary","Financials",,0.292,,1142.11
"AST",2014/3/25,"Wakaberry frozen yoghurt bar business","Famous Brands Ltd",N/A,"Pending","N.A.","Consumer Staples",,8744.2,,3574.8
"JV",2014/1/22,"Joint Venture","",N/A,"Pending","Financials","Energy, Energy",,,,
"M&A",2014/2/27,"Freshmark Systems Pty Ltd","Sebata Holdings Ltd",N/A,"Pending","Technology","Industrials",,33.149,,468.82
"M&A",2013/11/4,"Thebe Exhibitions and Projects Group Pty Ltd","RELX PLC",N/A,"Pending","Industrials","Industrials",,225996,,328872
"JV",2013/11/16,"Joint Venture","",N/A,"Pending","Financials","Materials, Materials",,,,
"M&A",2024/12/2,"Dimopoint Pty Ltd","Collins Property Group",N/A,"Pending","Industrials","Real Estate",,,,
"M&A",2024/12/2,"RC Value Added Services Holdings Pty Ltd","Unnamed Buyer",N/A,"Pending","Financials","N.A.",,,,
"M&A",2024/12/2,"Longevity Lab Pty Ltd","Numeral Ltd",N/A,"Pending","Health Care","Health Care",,38.4552,,87.1777
"M&A",2024/12/2,"KHI Solar One RF Pty Ltd","Cox Energy Solar SA",N/A,"Pending","Industrials","Energy",,23005.4,,30607.9
"AST",2024/12/3,"Life St Mary's Private Hospital/Mthatha","Summit Group Holdings Pty Ltd",N/A,"Pending","Communications","Financials",,,,
"INV",2024/12/10,"Flexo line Products Pty Ltd","Amicus Investments Pty Ltd",N/A,"Pending","Industrials","Financials",,,,
"INV",2024/12/10,"Amicus Investments Pty Ltd","Sabvest Capital Ltd",N/A,"Pending","Financials","Financials",,140.002,,6058.14
"AST",2024/12/14,"South African assets & businesses/Tongaat Hulett Pvt Ltd","Vision Sugar South Africa Pty Ltd",N/A,"Pending","Consumer Staples","Consumer Discretionary",,,,
"M&A",2017/12/6,"SafariNow.com Pty Ltd","Travelstart Online Travel Operations Pty Ltd",N/A,"Pending","Communications","Communications",,,,
"AST",2015/6/2,"Daybreak Farms Pty Ltd,AFGRI Kinross Animal Feeds Mill","AFPO Consortium Pty Ltd",N/A,"Pending","Consumer Staples","Financials",,,,
"AST",2015/6/19,"Vanadium assets/South Africa","Lemur Resources Ltd",N/A,"Pending","N.A.","Materials",,,,233.403
"M&A",2015/6/23,"Korbitec Pty Ltd","Lexisnexis Pty Ltd",N/A,"Pending","Industrials","Communications",,,,
"JV",2015/6/16,"Joint Venture","",N/A,"Pending","Financials","Industrials, Industrials",,,,
"M&A",2015/3/2,"Ovation Capital","Montero Mining and Exploration Ltd",N/A,"Pending","Financials","Materials",,,,42.3297
"M&A",2015/3/4,"Mmelesi Investment & Logistics Pty Ltd","Rainforest Resources Inc",N/A,"Pending","Materials","Materials",,,,0.0167247
"AST",2015/3/12,"Ice cream business of Nestle South Africa","R&R Pik PLC",N/A,"Pending","N.A.","Consumer Staples",,,,
"INV",2015/3/15,"Sphere Holdings Pty Ltd","Private Investor",N/A,"Pending","Financials","N.A.",,,,
"M&A",2015/3/17,"Spraymate Pty Ltd","RPM International Inc",N/A,"Pending","Consumer Discretionary","Materials",,133836,,135259
"JV",2015/4/21,"Afro Energy Co","",N/A,"Pending","Unclassifiable","Materials, Unclassifiable",,,,
"AST",2015/5/7,"34 MW diversified energy portfolio","SunEdison Inc,Unnamed Buyer",N/A,"Pending","N.A.","Energy",,,,
"INV",2015/5/17,"Leader Rubber Co SA Ltd","Marangoni SpA",N/A,"Pending","Industrials","Consumer Discretionary",,3782.42,,2561.58
"AST",2015/5/26,"48.5MW Solar Sind Power Plant","SunEdison Inc",N/A,"Pending","Energy","Energy",,26954,,132834
"INV",2015/5/28,"Adcock Ingram Holdings Ltd","Adi-zinyosi RF Pty Ltd",N/A,"Pending","Health Care","Unclassifiable",9760.33,,8735.68,
"M&A",2015/2/23,"Wireless Business Solutions Pty Ltd","Multisource Telecoms Pty Ltd",N/A,"Pending","Communications","Communications",,,,
"AST",2015/2/25,"Darling South Africa & Mozambique businesses","Godrej Consumer Products Ltd",N/A,"Pending","N.A.","Consumer Staples",,29710.4,,38421.8
"M&A",2015/1/27,"Price's Candles Pty Ltd","Lion Match Holdings Ltd",N/A,"Pending","Consumer Discretionary","N.A.",,,,
"AST",2017/11/20,"Heidelberg mall/Gauteng","Community Property Co Pty Ltd",N/A,"Pending","Real Estate","Real Estate",,,,
"AST",2017/11/20,"Sandton properties/South Africa","Absa Bank Ltd",N/A,"Pending","Real Estate","Financials",,163991,,1.82142e+06
"AST",2017/11/20,"Stellenbosch Ford dealership/South Africa,Paarl Ford & Mazda dealership/South Africa","McCarthy Pty Ltd",N/A,"Pending","Consumer Discretionary, Consumer Discretionary","Consumer Discretionary",,,,
"M&A",2017/11/21,"FinGlobal Pty Ltd","Bidvest Group Ltd/The",N/A,"Pending","Financials","Consumer Discretionary",,126605,,124590
"M&A",2017/11/27,"Safair Operations Pty Ltd","SA Airlink Pty Ltd",N/A,"Pending","Industrials","Industrials",,,,
"M&A",2025/7/11,"Solarworld Africa Pty Ltd","IBC Solar SARLU",N/A,"Pending","Materials","Industrials",,0.00980632,,6.79202
"M&A",2025/7/12,"My Space Hostel Pty Ltd","Respublica Pty Ltd",N/A,"Pending","Real Estate","Real Estate",,,,
"AST",2025/7/30,"Oiltanking MOGS Saldanha/Oiltanking GmbH","Aquarius Energy Ltd",N/A,"Pending","Energy","Energy",,,,
"M&A",2025/3/3,"Mylotex Pty Ltd","Amandlamanzi Resources Pty Ltd",N/A,"Pending","Materials","Materials",,,,
"M&A",2025/3/4,"Guardrisk Life Ltd","Old Mutual Life Assurance Co South Africa Ltd",N/A,"Pending","Industrials","Financials",,132327,,1.2086e+06
"M&A",2025/3/5,"Good Hope Sales Cape Pty Ltd","Pepkor Holdings Ltd",N/A,"Pending","Consumer Discretionary","Consumer Staples",,95340,,115035
"M&A",2025/3/12,"Sanlam Life Insurance Ltd","Slip Knot Investments 777 Pty Ltd",N/A,"Pending","Financials","Financials",228691,,1.27221e+06,
"M&A",2025/3/14,"Acudeo Kirkney Pty Ltd,Acudeo Protea Glen Pty Ltd,Acudeo Thornview Pty Ltd,Acudeo Crystal Park Pty Ltd,Acudeo Property RF Pty Ltd","Education Investment Impact Fund of South Africa Pty Ltd",N/A,"Pending","Industrials, Industrials, Consumer Discretionary, Financials, Real Estate","Consumer Discretionary",,,,
"M&A",2025/3/14,"Plumstead Family Store Pty Ltd","Pick n Pay Stores Ltd",N/A,"Pending","Consumer Discretionary","Consumer Staples",,120290,,45497
"AST",2025/3/31,"Public Water business/Improchem Pty Ltd","Nsukutech Pty Ltd,Junaco T Ltd",N/A,"Pending","Utilities","Financials, Financials",,,,
"M&A",2025/6/12,"SSG Holdings Pty Ltd","Fidelity Security Group Pty Ltd",N/A,"Pending","Industrials","Industrials",,,,
"M&A",2025/6/25,"Eatfresh Holdings Pty Ltd","Tsebo Solutions Group Pty Ltd",N/A,"Pending","Consumer Staples","Industrials",,,,
"JV",2025/6/1,"ReinPower","",N/A,"Pending","Consumer Staples","Industrials, Consumer Staples, Consumer Staples",,,,
"BUY",2025/6/3,"Absa Bank Ltd","Shareholders",N/A,"Pending","Financials","Financials",163991,163991,1.82142e+06,1.82142e+06
"M&A",2025/5/14,"Tshipi e Ntle Manganese Mining Pty Ltd","Exxaro Resources Ltd",N/A,"Pending","Materials","Materials",,41771,,103210
"M&A",2025/5/19,"Cementation Co Africa Ltd,Murray & Roberts United Kingdom Ltd","Differential Capital Pty Ltd",N/A,"Pending","Industrials, Industrials","Financials",,,,
"INV",2025/8/14,"Emira Property Fund Ltd","IG EMI Holdings Pty Ltd",N/A,"Pending","Real Estate","Financials",1459.26,,16388.7,
"M&A",2025/8/14,"Comm Equipment Co Pty Ltd","Cell C Ltd",N/A,"Pending","Financials","Communications",,15749.1,,25636.3
"M&A",2025/8/26,"Byte Orbit Proprietary Ltd","Rex Trueform Group Ltd",N/A,"Pending","Technology","Consumer Discretionary",,681.481,,1242.97
"JV",2025/8/11,"Biosteam Energy Pty Ltd","",N/A,"Pending","Energy","Energy, Energy",,,,
"M&A",2025/2/14,"Lagoon Bay Lifestyle Estate Pty Ltd","RMB Property Holdco 1 Pty Ltd",N/A,"Pending","Consumer Discretionary","Real Estate",,,,
"M&A",2025/2/14,"MAS Corp Pty Ltd","AFGRI AGRI Services Pty Ltd",N/A,"Pending","Industrials","Consumer Staples",,,,
"INV",2016/6/27,"Close-Up Mining Proprietary Ltd","Unicorn Capital Partners Ltd",N/A,"Pending","Materials","Materials",,958.289,,1075.94
"INV",2016/6/29,"Comsol Networks Pty Ltd","Nedbank Group Ltd",N/A,"Pending","Communications","Financials",,164033,,1.55863e+06
"AST",2016/5/4,"Pet food - South Africa Purina business","Martin and Martin Pty Ltd",N/A,"Pending","Consumer Staples","Consumer Staples",,,,
"AST",2016/5/6,"Pet Food/PURINA Business","Martin and Martin Pty Ltd",N/A,"Pending","Consumer Staples","Consumer Staples",,,,
"M&A",2016/5/8,"Donavans Property Consultants Ltd","Pam Golding Property Group/The",N/A,"Pending","Real Estate","Real Estate",,,,
"INV",2016/5/17,"Novo Energy Pty Ltd","Harith General Partners Pty Ltd",N/A,"Pending","Consumer Discretionary","Financials",,,,
"M&A",2016/5/25,"Go Life Health Products Pty Ltd","Numeral Ltd",N/A,"Pending","Consumer Staples","Health Care",,38.4552,,87.1777
"M&A",2016/5/31,"Maverick Engineering Pty Ltd","Liqui-Box Corp",N/A,"Pending","Industrials","Materials",,,,
"JV",2016/7/6,"Joint Venture","",N/A,"Pending","Financials","Real Estate, Real Estate",,,,
"M&A",2016/4/4,"Port2Port","Neptune Maritime Security Ltd",N/A,"Pending","Industrials","Industrials",,,,
"INV",2016/4/19,"Prescient Financial Services operations PFH","Stellar Capital Partners Ltd",N/A,"Pending","Financials","Financials",,75.586,,1151.61
"M&A",2016/4/25,"Aero Wind Properties Pty Ltd","China Mining International Ltd",N/A,"Pending","Energy","Real Estate",,,,119.987
"M&A",2016/2/12,"Clarkbiz Trading Pty Ltd","Imperial Logistics Ltd",N/A,"Pending","Financials","Consumer Discretionary",,52208,,30329
"AST",2016/1/10,"21 stores/ZA","Choppies Enterprises Ltd",N/A,"Pending","N.A.","Consumer Staples",,12184.9,,3911.47
"M&A",2016/1/13,"Consolidated Financial Planning Pty Ltd","Peregrine Holdings Ltd",N/A,"Pending","Financials","Financials",,1653.08,,9218.02
"INV",2016/1/19,"Cat - WWL Logistics Pty Ltd","Wallenius Wilhelmsen Logistics AS",N/A,"Pending","Industrials","Industrials",,,,
"INV",2026/5/18,"Nafasi Water Technologies Pty Ltd","Norfund AS",N/A,"Pending","Industrials","Financials",,,,
"M&A",2015/12/15,"Nigerian division","Dangote Industries Ltd",N/A,"Pending","N.A.","Materials",,,,
"AST",2015/7/20,"Le Quartier Francais in Franschhoek","Leeu Collection Pty Ltd",N/A,"Pending","N.A.","Consumer Discretionary",,,,
"INV",2015/10/7,"Siyanda Resources Ltd","Government Employees Pension Fund",N/A,"Pending","Materials","Financials",,,,
"JV",2015/10/29,"Newco/South Africa","",N/A,"Pending","Financials","Financials, Financials",,,,
"AST",2015/9/8,"2 Excellent Meat Burger Properties/ South Africa","Grand Parade Investments Ltd",N/A,"Pending","Real Estate","Financials, Unclassifiable",,0.292,,1142.11
"AST",2015/9/15,"Southern African LPG operations","Easigas Pty Ltd",N/A,"Pending","Materials","Energy",,,,
"JV",2015/9/30,"Gayatri GZI Beverage Cans","",N/A,"Pending","Materials","Materials, Materials",,,,
"M&A",2016/9/20,"Outdoor Network Ltd","Provantage Media Group",N/A,"Pending","Communications","Communications",,,,
"AST",2016/9/29,"Guar bean production/South Africa","Brasnova Energy Materials Inc",N/A,"Pending","Consumer Staples","Energy",,,,1.15225
"M&A",2016/11/7,"Venlai Strategic Solutions Pty Ltd","Nutritional Holdings LTD",N/A,"Pending","Industrials","Consumer Staples",,40.829,,48.021
"M&A",2016/11/22,"Units 1-4 Somerset West Business Park CC","Stor-Age Property REIT Ltd",N/A,"Pending","Financials","Real Estate",,1452.88,,14324
"M&A",2016/11/29,"Botha Roodt Agency","Thebe Investment Corp Pty Ltd",N/A,"Pending","Consumer Staples","Financials",,,,
"AST",2016/10/6,"Mine waste dumps","Central Rand Gold Ltd",N/A,"Pending","Materials","Materials",,70.9118,,193.765
"AST",2016/10/11,"Amandelbult mining rights & Elandsfontein 386 KQ farm","Northam Platinum Ltd",N/A,"Pending","Materials","Materials",,,,
"M&A",2026/5/7,"MTO Forestry Pty Ltd,PG Bison Southern Cape Pty Ltd","Cape Forests Products Pty Ltd",N/A,"Pending","Materials, Consumer Discretionary","Consumer Discretionary",,,,
"AST",2026/5/20,"Solar & battery storage project/South Africa","Solarafrica Energy Pty Ltd",N/A,"Pending","Energy","Energy",,,,
"INV",2009/3/3,"PSV Holdings Ltd","Iandra Industries Ltd",N/A,"Pending","Industrials","Industrials",237.533,,103.104,
"JV",2009/1/25,"CarbonStream Africa","",N/A,"Pending","Energy","Energy, Financials",,,,
"M&A",2025/12/1,"Culross Property Co Pty Ltd","Dimension Data Facilities Pty Ltd",N/A,"Pending","Financials","Industrials",,,,
"M&A",2025/12/4,"Resilea Pty Ltd","Arthur J Gallagher & Co",N/A,"Pending","Financials","Financials",,249275,,1.1707e+06
"AST",2025/12/9,"Block 2C /South Africa","Shell Offshore Inc",N/A,"Pending","Energy","Energy",,,,
"M&A",2025/12/22,"East Rand Value Mart Pty Ltd","Ivlyn Consolidated Holdings Pty Ltd",N/A,"Pending","Consumer Discretionary","Consumer Discretionary",,,,
"INV",2025/9/1,"SA Corporate Real Estate Ltd","Catalyst Fund Managers SA Pty Ltd",N/A,"Pending","Real Estate","Financials",2922.45,,21463.5,
"M&A",2025/9/4,"Cell C Ltd","Blu Label Unlimited Group Ltd",N/A,"Pending","Communications","Communications",15749.1,14050.2,25636.3,19769.9
"M&A",2025/9/11,"New Salt Rock City Pty Ltd","Mantengu Ltd",N/A,"Pending","Real Estate","Materials",,393.238,,1355.09
"INV",2025/9/28,"Community Investment Ventures Holdings Pty","Vodacom Group Ltd",N/A,"Pending","Financials","Communications",,167652,,276433
"M&A",2025/9/29,"Agrimark Operations Ltd,Tego Plastics Pty Ltd","Unnamed Buyer",N/A,"Pending","Communications, Industrials","N.A.",,,,
"INV",2025/11/4,"Kopanang Gold Mine","Kopanang Empowerment Co RF Pty Ltd",N/A,"Pending","Industrials","Communications",,,,
"AST",2025/11/18,"Portfolio of 19 properties/South Africa","Propsky Holdings Pty Ltd",N/A,"Pending","Real Estate","Real Estate",,,,
"INV",2025/11/18,"Ferroport Logistica Comercial Exportadora SA","3Point2 Investimentos em Logistica Ltda",N/A,"Pending","Industrials","Financials",3804.13,,7521.02,
"M&A",2025/11/21,"Honoris Holdings Ltd","K2025283350 South Africa Pty Ltd",N/A,"Pending","Communications","Consumer Discretionary",,,,
"JV",2026/5/22,"Fuchs Electronics Pty Ltd","",N/A,"Pending","Industrials","Industrials, Industrials",,,,
"INV",2026/6/9,"Tracr Ltd","Gemological Institute of America Inc",N/A,"Pending","Financials","Consumer Discretionary",297.775,5201.54,107.214,13067.6
"AST",2026/1/23,"Certain manufacturing assets/Rosslyn","Chery International Pty Ltd",N/A,"Pending","Consumer Discretionary","Consumer Discretionary",,,,
"INV",2026/2/4,"Cassava Africa Data Centres SA","STANLIB Asset Management Pty Ltd",N/A,"Pending","Technology","Financials",,,,
"M&A",2026/2/5,"DIG Earthmoving,Digdeep Mining Pty Ltd,DIG-B Plant Hire","Super Group Ltd/South Africa",N/A,"Pending","Consumer Discretionary, Industrials, Consumer Discretionary","Consumer Discretionary",,44510.3,,38528.3
"M&A",2026/2/9,"Bidvest Life Ltd","Unnamed Buyer",N/A,"Pending","Financials","N.A.",,,,
"M&A",2026/2/12,"ThoroughTec Simulation Pty Ltd","Sandvik AB",N/A,"Pending","Energy","Industrials",,220278,,305120
"M&A",2026/2/17,"Innovo Agri","Lexham Power Srl",N/A,"Pending","Consumer Staples","Energy",,,,
"M&A",2026/2/25,"Coca-Cola Sabco Pty Ltd","Coca-Cola HBC AG",N/A,"Pending","Consumer Staples","Consumer Staples",,234265,,225524
"M&A",2023/3/16,"Grand Foods Meat Plant Pty Ltd","Cavalier Group of Cos Pty Ltd",N/A,"Pending","Consumer Staples","Consumer Staples",,,,
"M&A",2026/6/10,"Mediclinic International RF Pty Ltd","Remgro Ltd",N/A,"Pending","Health Care","Financials",35238,51506,79179,142174
"M&A",2026/6/10,"Tiauto Investments Pty Ltd","Marubeni Corp",N/A,"Pending","Consumer Discretionary","Consumer Staples",,954214,,1.1269e+06
"M&A",2022/8/3,"Retail Capital Ltd","Ubuntu-Botho Investments Pty Ltd",N/A,"Pending","Financials","Financials",,,,
"M&A",2026/7/9,"Evergreen Retirement Holdings Pty Ltd","Amdec Investments Pty Ltd",N/A,"Pending","Financials","Real Estate",,,,
"AST",2026/7/9,"Operating business/Eventspec Pty Ltd","Epiroc Holdings South Africa Pty Ltd,Evrypart Pty Ltd",N/A,"Pending","Technology","Financials, Industrials",,,,
"M&A",2025/2/14,"RSAWeb Pty Ltd","Seacom South Africa Pty Ltd",N/A,"Pending","Communications","Communications",,,,
"AST",2026/6/30,"Renewable energy platform/South Africa","AP Moeller Capital P/S",N/A,"Pending","Energy","Financials",,,,
"M&A",2023/6/8,"Enso Security Ltd","Snyk Ltd",N/A,"Pending","Technology","Technology",,527.743,,6041.48
"AST",2026/7/31,"Standard Bank de Angola SA","Unnamed Buyer",N/A,"Pending","Financials","N.A.",,,,
"M&A",2021/5/26,"BKB Ltd","Trade Retail Holdco,AgriFin HoldCo",N/A,"Pending","Consumer Staples","Financials, Financials",,,,
"M&A",2026/7/21,"Frontline Research Group Pty Ltd","Native Intelligence LLC",N/A,"Pending","Financials","Technology",,,,
"M&A",2026/6/17,"Mainstream Renewable Power Ltd/South Africa","AP Moller Capital EMIF II Cooperative WA",N/A,"Pending","Energy","Financials",,,,
"M&A",2026/7/16,"Astraia Technologies Pty Ltd","iOCO Ltd",N/A,"Pending","Technology","Technology",,5583.22,,2798.11
"JV",2011/4/11,"Joint Venture","",N/A,"Pending","Financials","Industrials, Consumer Discretionary",,,,
"M&A",2026/2/10,"Safair Operations Pty Ltd","Harith General Partners Pty Ltd",N/A,"Pending","Industrials","Financials",,,,
"M&A",2023/6/20,"BTE Renewables","Engie SA,Meridiam Infrastructure Partners SAS",N/A,"Pending","Energy","Utilities, Financials",,,,
"INV",2026/3/5,"Bochabela Mining Pty Ltd,SBS Mining Pty Ltd","Dorstfontein Coal Mines Pty Ltd",N/A,"Pending","Materials, Materials","Materials",,,,
"M&A",2026/3/6,"Sunpac Pty Ltd","CA Sales Holdings Ltd",N/A,"Pending","Consumer Staples","Financials",,12808.1,,6310.49
"M&A",2026/3/16,"RA Cellular Pty Ltd","Shoprite Holdings Ltd",N/A,"Pending","Financials","Consumer Staples",,256682,,124944
"M&A",2026/3/17,"In2food Holdings Pty Ltd","Woolworths Holdings Ltd/South Africa",N/A,"Pending","Consumer Staples","Consumer Staples",,79537,,40847
"M&A",2026/3/18,"MySky Group of Cos","iOCO Ltd",N/A,"Pending","Communications","Technology",,5583.22,,2798.11
"AST",2026/7/29,"Botshabelo Mall/Liberty Group Ltd","Vukile Property Fund Ltd",N/A,"Pending","Real Estate","Real Estate",,5890,,64436
"JV",2011/6/3,"Joint Venture","",N/A,"Pending","Financials","Materials, Materials",,,,
"JV",2011/6/21,"Joint Venture","",N/A,"Pending","Financials","Materials, Financials",,,,
"JV",2011/9/19,"Joint Venture","",N/A,"Pending","Financials","Industrials, Industrials",,,,
"INV",2025/10/27,"Optasia Ltd","FirstRand Ltd",N/A,"Pending","Technology","Financials",4744.43,155879,5005.97,2.58654e+06
"M&A",2017/5/25,"Retail Apparel Group Pty Ltd","Foschini Group Ltd/The",2912019.50,"Completed","Consumer Discretionary","Consumer Discretionary",,62423,,60205
"M&A",2001/2/15,"De Beers Consolidated Mines Ltd / De Beers Centenary AG","Consortium",81169.95,"Completed","Materials","N.A.",40043,,,
"AST",2009/6/11,"Sanlam Properties' Asset Management Business","Vukile Property Fund Ltd",34311.05,"Completed","N.A.","Real Estate",,5890,,64436
"M&A",2007/2/8,"Edgars Consolidated Stores Ltd","Bain Capital Private Equity LP",26269.23,"Completed","Consumer Discretionary","Financials",,,,
"M&A",2022/1/3,"Teraco Data Environments Pty Ltd","Digital Realty Trust Inc",55452.95,"Completed","Communications","Real Estate",,109292,,818578
"M&A",2016/12/21,"Coca-Cola Beverages South Africa Pty Ltd","Coca-Cola Co/The",43958.25,"Completed","Consumer Staples","Consumer Staples",,857158,,1.73648e+06
"M&A",2008/10/9,"Vodacom Group Ltd","Vodafone Group PLC",22500.03,"Completed","Communications","Communications",167652,813593,276433,2.5496e+06
"M&A",2008/12/15,"Newshelf 664 Ltd","MTN Group Ltd",21653.76,"Completed","Communications","Communications",,226707,,498712
"M&A",2012/12/6,"Barclays Africa Ltd","Absa Group Ltd",18302.01,"Completed","Financials","Financials",,207703,,2.23948e+06
"AST",2020/10/2,"LCCP Base Chemicals business","LyondellBasell Industries NV",33046.40,"Completed","Materials","Materials",,539119,,563324
"M&A",2012/2/1,"Richards Bay Minerals","Rio Tinto PLC",14656.38,"Completed","Materials","Materials",,1.03054e+06,,2.12225e+06
"M&A",2021/7/8,"Imperial Logistics Ltd","Dubai World Corp",24085.85,"Completed","Industrials","Financials",52208,,30329,
"M&A",2000/7/10,"Mobile Telephone Networks Holdings Pty Ltd","MTN Group Ltd",11366.08,"Completed","Communications","Communications",226707,226707,498712,498712
"INV",2006/9/28,"Impala Platinum Holdings Ltd","Royal Bafokeng Holdings Pty Ltd",12043.76,"Completed","Materials","Financials",85459,,135857,
"M&A",2011/7/5,"Metorex Ltd","Jinchuan Group Co Ltd",9471.98,"Completed","Materials","Materials",507.315,1.2167e+06,972.895,533982
"M&A",2014/11/25,"Pepkor Holdco Proprietary Ltd","Steinhoff International Holdings Pty Ltd",15000.07,"Completed","Consumer Discretionary","Consumer Discretionary",,,,
"AST",2010/5/10,"Lisheen Mine,Black Mountain Mining Pty Ltd,Skorpion Zinc Mine","Vedanta Resources Ltd",10037.14,"Completed","Materials, Materials","Materials",,332285,,471474
"M&A",2011/2/14,"Lexshell 44 General Trading Pty Ltd","Growthpoint Properties Ltd,Public Investment Corp Ltd",9717.03,"Completed","Financials","Real Estate, Financials",,,,
"M&A",2010/12/6,"Attfund Retail Ltd","Hyprop Investments Ltd",8986.01,"Completed","Real Estate","Real Estate",,4879.83,,41638.4
"AST",2000/9/20,"Dimension Data International Ltd","Dimension Data Holdings PLC",8961.98,"Completed","N.A.","Technology",,54282.7,,36905.8
"AST",2012/6/6,"Store Card Portfolio","Absa Group Ltd",9999.96,"Completed","N.A.","Financials",,207703,,2.23948e+06
"AST",1999/11/16,"European Network Business","Dimension Data Holdings Ltd",7392.00,"Completed","N.A.","Technology",,6506.05,,4982.25
"M&A",2014/6/4,"Ashakacem PLC,Atlas Cement Co Ltd,Lafarge South Africa Pty Ltd,United Cement Co of Nigeria Ltd","Lafarge Africa PLC",12500.07,"Completed","Materials, Materials, Materials, Materials","Materials",,12541.4,,13892.3
"M&A",2019/1/28,"KEX eCommerce LLC","Naspers Ltd",15884.11,"Completed","Consumer Discretionary","Communications",,188265,,1.35492e+06
"M&A",2024/12/11,"Barloworld Ltd","Zahid Group,Entsha Pty Ltd",20498.12,"Completed","Industrials","Industrials, Financials",37711,,44307,
"M&A",2011/10/18,"PG Bison Holdings Pty Ltd,Unitrans Holdings Pty Ltd,Steinhoff Raw Materials","KAP Ltd",8921.02,"Completed","Consumer Discretionary, Consumer Discretionary, Consumer Discretionary","Consumer Discretionary",,29615,,30805
"INV",2021/11/9,"Royal Bafokeng Platinum Ltd","Northam Platinum Holdings Ltd",16597.89,"Completed","Materials","Materials",15911.3,32901.2,36396.3,58076.9
"AST",2002/2/21,"South African coal business","Xstrata AG",12582.77,"Completed","N.A.","Materials",,5299.67,,15655.4
"INV",2007/4/23,"Holcim South Africa Pty Ltd","AfriSam South Africa Pty Ltd",7587.01,"Completed","Materials","Materials",,6843.75,,17859.6
"M&A",2006/10/19,"Alexander Forbes Ltd","Caisse de Depot et Placement du Quebec,Ontario Teachers' Pension Plan Board,Actis LLP (Fund: Actis Africa Fund 2 LP),Ethos Private Equity Pty Ltd (Fund: Ethos Private Equity Fund V LP),HarbourVest Partners LLC (Fund: HarbourVest 2007 Direct Fund LP)",8051.32,"Completed","Financials","Financials, Financials, Financials, Financials, Financials",411,,,
"INV",2004/11/8,"Telkom SA SOC Ltd","Consortium",6623.71,"Completed","Communications","N.A.",44477,,64418,
"AST",2002/3/14,"BOE homeloan ops","FirstRand Ltd",11899.97,"Completed","N.A.","Financials",,155879,,2.58654e+06
"AST",2006/9/20,"Victoria & Alfred Waterfront shopping mall","London & Regional Properties Ltd,Istithmar World PJSC",7386.50,"Completed","Real Estate","Real Estate, Financials",,,,
"INV",2024/4/26,"Anglo American PLC","Elliott Management Corp",18827.20,"Completed","Materials","Financials",331592,,927647,
"M&A",2021/11/26,"Consol Holdings Proprietary LTD","Ardagh Group SA",16060.40,"Completed","Materials","Materials",,171607,,184920
"M&A",2017/10/6,"Chevron South Africa Pty Ltd,Chevron Botswana Pty Ltd","Glencore PLC",13356.96,"Completed","Energy, Energy","Materials",,4.42579e+06,,2.3558e+06
"M&A",2006/8/24,"Holcim South Africa Pty Ltd","AfriSam South Africa Pty Ltd",6830.02,"Completed","Materials","Materials",,6843.75,,17859.6
"M&A",2006/1/17,"Waco International Ltd/South Africa","CCMP Capital Advisors LP (Fund: JP Morgan Partners Global Investors LP),Unitas Capital Pte Ltd (Fund: Unitas Capital Asia Opportunity Fund II LP)",5400.00,"Completed","Industrials","Financials, Financials",2012.24,,2198.61,
"M&A",2006/12/18,"Consol Ltd","Sanlam Ltd,Public Investment Corp Ltd,Capital Group Cos Inc/The (Fund: Capital International Private Equity Fund IV LP),HarbourVest Partners LLC (Fund: HarbourVest 2004 Direct Fund LP),Brait PLC (Fund: Brait IV LP),Old Mutual Private Equity (Fund: Old Mutual Private Equity Fund II)",6294.00,"Completed","Materials","Financials, Financials, Financials, Financials, Financials, Financials",2456.9,,2339.6,
"INV",2005/5/5,"Telkom SA SOC Ltd","BEE investor group",5204.08,"Completed","Communications","Financials",44477,,64418,
"AST",2018/9/13,"Infant formula business","Groupe Lactalis SADIR",12801.04,"Completed","Consumer Staples","Consumer Staples",,70803.9,,98093.5
"AST",2019/5/22,"Nutritionals business","BSA SA",11879.57,"Completed","Health Care","Consumer Staples",,,,
"INV",2010/7/13,"Tonkolili Iron Ore Ltd,African Railway & Port Services Ltd,African Power Ltd","Shandong Iron & Steel Group Co Ltd",6022.88,"Completed","Materials, Industrials, Industrials","Materials",,281542,,405683
"M&A",2014/1/29,"ICBC Standard Bank PLC","Industrial & Commercial Bank of China Ltd",8647.95,"Completed","Financials","Financials",22342.1,3.76158e+06,626240,1.26764e+08
"M&A",2022/1/7,"BUKA INVESTMENTS LTD","B&B Media",11910.45,"Completed","Consumer Discretionary","Communications",19.004,,3.521,
"INV",2004/4/6,"Absa Group Ltd","Main Street 169 Pty Ltd",4710.00,"Completed","Financials","Financials",207703,,2.23948e+06,
"M&A",2007/7/5,"Old Primedia Ltd","Management Group,Mineworkers Investment Co,Kirsh consortium,Brait SE/Private Equity (Fund: Brait IV LP)",5155.89,"Completed","Communications","Financials, Financials",,,,
"INV",2016/7/13,"SA Home Loans Ltd","Public Investment Corp Ltd",10500.06,"Completed","Financials","Financials",,1261.76,,4617.25
"M&A",2008/8/29,"Vodacom Business Africa Group Services Ltd,Gateway Communications Pty Ltd,Gateway Communications Mozambique LDA,Gateway Communications Tanzania Ltd,GS Telecom Pty Ltd","Vodacom Group Ltd",5198.18,"Completed","Communications, Communications, Communications, Communications, Communications","Communications",,167652,,276433
"M&A",2011/4/4,"Taung Gold Ltd","Taung Gold International Ltd",4502.83,"Completed","Materials","Materials",,,,7091.64
"AST",2009/1/23,"Product portfolio/African,Product Portfolio/Taiwan,Product Portfolio/Egypt,Product Portfolio/Argentina","GSK PLC",6802.98,"Completed","N.A.","Health Care",,769823,,1.36206e+06
"M&A",2006/11/22,"Peermont Global Pty Ltd","Management Group,Private Investor,Mineworkers Investment Co",4613.85,"Completed","Consumer Discretionary","Financials",35255,,8907,
"M&A",2025/5/13,"Ntsimbintle Mining Pty Ltd,Hotazel Manganese Mines Pty Ltd,Ntsimbintle Marketing & Trading Pte Ltd,Mokala Manganese Pty Ltd","Exxaro Resources Ltd",11670.04,"Completed","Materials, Consumer Discretionary, Energy, Materials","Materials",,41771,,103210
"SPIN",2005/1/14,"Consol Ltd","Shareholders",3683.71,"Completed","Materials","Consumer Staples",2456.9, ,2339.6, 
"M&A",2023/8/2,"MIH PayU BV","Rapyd Financial Network 2016 Ltd",11281.77,"Completed","Financials","Technology",,,2231.19,
"M&A",2011/8/5,"Standard Investments SA SGFCI/Argentina,Inversora Diagonal SA,Industrial & Commercial Bank of China Argentina SA","Industrial & Commercial Bank of China Ltd",4133.88,"Completed","Unclassifiable, Financials","Financials",,3.76158e+06,,1.26764e+08
"M&A",2000/2/3,"Saturn Partnership","De Beers Consolidated Mines Ltd / De Beers Centenary AG",3699.99,"Completed","N.A.","Materials",,40043,,
"AST",2013/11/18,"Growthpoint TPG Pty Ltd,Real estate assets/Tiber Group,Asset management & property management business/Tiber Projects","Growthpoint Properties Ltd",5943.15,"Completed","Real Estate","Real Estate",,13568,,152179
"AST",2000/11/22,"Financial Services & Life Business","Investec Ltd",4519.57,"Completed","N.A.","Financials",,111529,,1.43453e+06
"INV",2005/11/8,"De Beers Consolidated Mines Ltd / De Beers Centenary AG","Ponahalo Holdings Pty Ltd",3800.00,"Completed","Materials","Financials",40043,,,
"M&A",2007/9/4,"Northam Platinum Ltd,Booysendal project","Mvelaphanda Resources Ltd",4000.01,"Completed","Materials","Materials",,,,
"AST",2015/8/11,"26 Retail & Industrial & Office Properties","Burstone Group Limited",7059.97,"Completed","Real Estate","Real Estate",,2024.64,,17662.3
"M&A",2010/12/15,"OUTsurance Insurance Co Ltd","RMB Holdings Ltd",3750.00,"Completed","Financials","Financials",,13,,720
"M&A",2005/6/7,"Boart Longyear Ltd","Advent International Corp (Fund: Advent International GPE V LP),Bain Capital Private Equity LP (Fund: Bain Capital VIII-E LP)",3652.10,"Completed","Materials","Financials, Financials",,,0.0190848,
"M&A",2003/11/17,"Afrox Healthcare Ltd","Business Venture Investments No 790 Ltd",3531.16,"Completed","Health Care","Financials",4913.78,,3249.87,
"M&A",2011/9/1,"Optimum Coal Holdings Pty Ltd","Glencore PLC,Lexshell 849 Investments Proporietary Ltd",3663.99,"Completed","Materials","Materials, Financials",5289.39,,11462.1,
"AST",2003/6/10,"South African mining assets","Mvelaphanda Resources Ltd",4100.02,"Completed","N.A.","Materials",,,,
"M&A",2002/11/7,"Hernic Ferrochrome Pty Ltd","Mitsubishi Corp",5000.00,"Completed","Materials","Energy",,2.18367e+06,,2.58423e+06
"INV",2010/7/13,"Tonkolili Iron Ore Ltd,African Railway & Port Services Ltd,African Power Ltd","Shandong Iron & Steel Group Co Ltd",3764.30,"Completed","Materials, Industrials, Industrials","Materials",,281542,,405683
"M&A",2025/12/4,"Vodafone Kenya Ltd","Vodacom Group Ltd",8491.60,"Completed","Financials","Communications",,167652,,276433
"M&A",2007/9/4,"Lebowa Platinum Mines Ltd,Ga-Phasha Project","Atlatsa Resources Corp",3600.01,"Completed","Materials","Materials",,,,1048.23
"INV",2000/4/3,"Mobile Telephone Networks Holdings Pty Ltd","MTN Group Ltd",3190.80,"Completed","Communications","Communications",226707,226707,498712,498712
"M&A",1999/12/20,"Thawte Consulting Pty Ltd","VeriSign Inc",2944.80,"Completed","Technology","Communications",,29619.1,,21966.1
"INV",2002/1/8,"MTN Group Ltd","Ice Finance BV",5460.14,"Completed","Communications","Financials",226707,,498712,
"M&A",2005/2/17,"Samancor Chrome Ltd","Kermas Ltd",2802.87,"Completed","Materials","Materials",4082.13,,6260.85,
"M&A",2013/9/27,"Afgri Ltd","AgriGroupe Holdings Pty Ltd",4743.09,"Completed","Consumer Staples","Consumer Staples",8573,,7396,
"M&A",2025/3/18,"African Rainbow Capital Investments Ltd","African Rainbow Capital Pty Ltd,K2025167229 South Africa Pty Ltd",8452.60,"Completed","Financials","Financials, Financials",2557,,21129,
"M&A",2011/3/14,"Unitrans Motor Enterprises Pty Ltd","JD Group Ltd/South Africa",3000.01,"Completed","Consumer Discretionary","Consumer Discretionary",,30582,,21035
"INV",2012/11/15,"Kalagadi Manganese Pty Ltd","Private Investor",3900.01,"Completed","Materials","N.A.",,,,
"M&A",2012/4/24,"Scaw South Africa Pty Ltd","Industrial Development Corp of South Africa Ltd,Shanduka Group Pty Ltd,Izingwe Holdings Pty Ltd,Southern Palace Group of Cos Pty Ltd",3400.00,"Completed","Materials","Government, Financials, Industrials, Financials",,,,
"M&A",2011/10/3,"Tracker Connect Pty Ltd","Management Group,Mineworkers Investment Co,Actis LLP (Fund: Actis Emerging Markets 3 LP),RMB Ventures Six Pty Ltd",3571.78,"Completed","Technology","Financials, Financials, Financials",,,,
"INV",2008/9/3,"Kalagadi Manganese Pty Ltd","ArcelorMittal SA",3409.87,"Completed","Materials","Materials",,1.09694e+06,,1.61864e+06
"M&A",2016/6/28,"Liquid Telecommunications South Africa Pty Ltd","Royal Bafokeng Holdings Pty Ltd,Econet Wireless Global Ventures Ltd",6549.96,"Completed","Communications","Financials, Communications",,,,
"M&A",2008/4/15,"Kroondal Operations Pty Ltd","Aquarius Platinum Ltd",3370.49,"Completed","Materials","Materials",,2353.79,,7218.72
"INV",2013/12/2,"Adcock Ingram Holdings Ltd","Bidvest Group Ltd/The,Community Investment Holdings Pty Ltd",4238.29,"Completed","Health Care","Consumer Staples, Financials",9760.33,,8735.68,
"AST",2020/12/9,"Portfolio of13000 telecom towers/South Africa","IHS Holding Ltd",6184.51,"Completed","Technology","Industrials",,28285.3,,74378.8
"AST",2021/11/17,"5709 telecommunication towers","IHS Holding Ltd",6400.05,"Completed","Communications","Industrials",,28285.3,,74378.8
"AST",2022/6/1,"5701 telecom towers/South Africa","IHS Holding Ltd",6400.01,"Completed","Communications","Industrials",,28285.3,,74378.8
"M&A",2012/3/27,"Optimum Coal Holdings Pty Ltd","Glencore PLC,Lexshell 849 Investments Proporietary Ltd",3083.73,"Completed","Materials","Materials, Financials",5289.39,,11462.1,
"M&A",2019/2/4,"Clover Industries Ltd","Central Bottling Co Ltd",5387.83,"Completed","Consumer Staples","Consumer Staples",8312.48,,6258.61,
"INV",2024/6/12,"Tyme Bank","Private Investor,M&G PLC,NU Holdings Ltd/Cayman Islands",7343.88,"Completed","Financials","Financials, Financials",,,,
"INV",2007/10/25,"Nungu Trading 740 Pty Ltd","Carlton Resources PLC",2627.27,"Completed","Materials","Materials",,,,4.09155
"M&A",2013/11/21,"TSB Sugar International Pty Ltd,TSB Sugar RSA","RCL Foods Ltd/South Africa",4046.56,"Completed","Industrials, Consumer Staples","Consumer Staples",,26493.8,,18663.8
"INV",2011/6/28,"Assore Ltd","Main Street 904 Pty Ltd",2683.70,"Completed","Materials","Financials",6301.57,,34106.3,
"INV",2004/4/2,"MTN Group Ltd","Umthunzi Telecoms Consortium Pty Ltd",2500.00,"Completed","Communications","Financials",226707,,498712,
"M&A",2003/10/23,"Pepkor Ltd","Castellina Investments Ltd",2699.44,"Completed","Consumer Discretionary","Financials",7045.12,,3211.55,
"AST",2009/5/12,"Rights to distribute GSK products in South Africa,Manufacturing facility/Bad Oldesloe,Eight specialist products for worldwide distribution","Aspen Pharmacare Holdings Ltd",3183.19,"Completed","N.A.","Health Care",,43363,,135893
"M&A",2010/5/10,"Incwala Resources Pty Ltd","Shanduka Group Pty Ltd",2800.00,"Completed","Materials","Financials",,,,
"M&A",2016/6/30,"EnX Leasing Investments Proprietary Ltd","enX Group Ltd",5464.72,"Completed","Financials","Industrials",,378.355,,1554.24
"M&A",2016/9/19,"Tsebo Solutions Group Pty Ltd","Wendel SE",5193.89,"Completed","Industrials","Financials",,152776,,324350
"INV",2010/12/15,"RMB Holdings Ltd","Royal Bafokeng Holdings Pty Ltd",2500.00,"Completed","Financials","Financials",13,,720,
"M&A",2000/7/10,"MTN Group Ltd","Johnnic Holdings Ltd",2475.01,"Completed","Communications","Real Estate",226707,,498712,
"INV",2004/8/19,"Mpact Ltd","Shanduka Resources Ltd",2388.88,"Completed","Materials","Materials",13954.6,,12499.7,
"INV",2015/12/10,"Cell C Ltd","Blu Label Unlimited Group Ltd",5500.02,"Completed","Communications","Communications",15749.1,14050.2,25636.3,19769.9
"M&A",2018/10/24,"Karan Beef Pty Ltd","Public Investment Corp Ltd,Pelo Agricultural Ventures",5199.99,"Completed","Consumer Staples","Financials, Financials",,,,
"M&A",2024/3/22,"Swiftnet Soc Ltd","Royal Bafokeng Holdings Pty Ltd,Actis LLP (Fund: Actis Energy Fund 5 LP)",6749.94,"Completed","Communications","Financials, Financials",,,,
"AST",2015/1/29,"Leaf Capital Portfolio of Properties","Redefine Properties Ltd",4100.00,"Completed","N.A.","Real Estate",,11007.4,,106323
"SPIN",2011/4/7,"Mpact Ltd","Shareholders",2350.33,"Completed","Materials","Materials",13954.6, ,12499.7, 
"SPIN",2018/9/14,"Ninety One Ltd","Shareholders",5245.98,"Completed","Financials","Financials",15122.3, ,334314, 
"M&A",2011/2/4,"Black Mountain Mining Pty Ltd","Sterlite Industries India Ltd",2524.43,"Completed","Materials","Materials",,70207.8,,166981
"M&A",2014/7/28,"Total Coal South Africa Pty Ltd","Exxaro Resources Ltd",3676.10,"Completed","Materials","Materials",,41771,,103210
"AST",2011/2/4,"Black Mountain Mining Zinc Interest","Vedanta Resources Ltd",2509.92,"Completed","N.A.","Materials",,332285,,471474
"M&A",1999/10/1,"Plate Glass & Shatterprufe","D'ieteren Group",2078.02,"Completed","Consumer Discretionary","Consumer Discretionary",6889.47,162178,4956.59,120602
"INV",1999/8/2,"Polifin Ltd","Sasol Ltd",2134.72,"Completed","Materials","Materials",,249096,,359555
"M&A",2018/7/16,"MTN Cyprus Ltd","Co Monegasque de Communication SAM",4500.01,"Completed","Communications","Financials",,,,
"INV",2011/12/12,"RMB Holdings Ltd","Royal Bafokeng Holdings Pty Ltd",2795.11,"Completed","Financials","Financials",13,,720,
"M&A",2002/12/17,"2 African generation businesses","British International Investment PLC",3068.28,"Completed","N.A.","Financials",,4514.29,,201411
"M&A",2012/3/2,"First Uranium Pty Ltd South Africa","AngloGold Ashanti Ltd",2518.16,"Completed","Materials","Materials",,,,
"M&A",2019/11/11,"Aspen Japan KK","Novartis AG",4927.31,"Completed","Consumer Staples","Health Care",,1.0133e+06,,1.83808e+06
"INV",2019/6/19,"Lafarge South Africa Holdings Pty Ltd","Caricement BV",4590.41,"Completed","Materials","Financials",,,,
"M&A",2016/8/10,"Safripol Holdings Pty Ltd","KAP Ltd",4100.03,"Completed","Materials","Industrials",,29615,,30805
"M&A",2006/10/20,"Paramount Property Fund Ltd","Growthpoint Properties Ltd",2319.08,"Completed","Real Estate","Real Estate",,13568,,152179
"INV",2019/3/7,"Mascom Wireless Botswana Pty Ltd","Econet Wireless Zimbabwe Ltd",4350.93,"Completed","Communications","Communications",,23496.9,,16577.3
"M&A",2017/10/19,"Nuclear Fuels Corp of SA Ltd,Moab Khotsong Gold Mine,Margaret Water Co","Harmony Gold Mining Co Ltd",4072.11,"Completed","Materials, Materials","Materials",,73896,,77503
"M&A",2008/8/4,"Enviroserv Holdings Ltd","ABSA Capital Private Equity Pty Ltd",2170.27,"Completed","Industrials","Financials",,,,
"INV",2000/2/3,"African Rainbow Minerals Ltd","Investor Group",1858.09,"Completed","Materials","N.A.",11709,,74325,
"INV",2006/9/26,"MultiChoice South Africa Holdings Pty Ltd","Phuthuma Nathi Investments Ltd",2249.99,"Completed","Communications","Financials",,,,
"INV",2021/5/14,"Republic Of Mozambique Pipeline Investments Co Pty Ltd","Reatile Group Pty Ltd,Old Mutual Ltd",4145.00,"Completed","Energy","Financials, Financials",,,,
"AST",2004/5/10,"Certain businesses & assets/Mvela","New Bond Capital Ltd",2016.53,"Completed","N.A.","Financials",,,,2416.14
"INV",2011/6/3,"Beales Ltd","ITOCHU Corp",1867.77,"Completed","Materials","Materials",,1.71119e+06,,1.79041e+06
"INV",2026/2/6,"Reatile Group Pty Ltd","Rand Merchant Bank",4450.02,"Completed","Financials","Financials",,55580,,284712
"M&A",2020/3/13,"Peregrine Holdings Ltd","Capitalworks Investment Partners Pty Ltd",4513.68,"Completed","Financials","Financials",1653.08,,9218.02,
"INV",2007/10/11,"Sasol Mining Holdings Pty Ltd","Sasol Ltd,Women Investment Portfolio Holdings Ltd",1855.01,"Completed","Materials","Materials, Financials",,,,
"INV",2008/6/25,"Oresteel Investments Pty Ltd","Sumitomo Corp",2189.43,"Completed","Financials","Industrials",,847018,,1.4593e+06
"M&A",2020/9/19,"Comair Ltd","K2020704995 South Africa Pty Ltd",4433.97,"Completed","Industrials","Unclassifiable",7125.64,,8146.76,
"M&A",2011/7/21,"Defy Appliances Pty Ltd","Arcelik AS",1843.75,"Completed","Consumer Discretionary","Consumer Discretionary",,238078,,230688
"M&A",2010/2/9,"African Petroleum Corp Ltd/South Africa","PetroNor E&P Ltd",2085.81,"Completed","Energy","Energy",,1486.03,,3502.72
"AST",2006/1/26,"Ppty portfolio","Growthpoint Properties Ltd",1632.66,"Completed","Real Estate","Real Estate",,13568,,152179
"INV",2011/4/21,"Shanduka Resources Ltd","Unicorn Capital Partners Ltd",1779.11,"Completed","Materials","Materials",,958.289,,1075.94
"M&A",2022/5/24,"Analysys Mason Ltd","Bridgepoint Advisers II Ltd",4130.29,"Completed","Industrials","Financials",1550.23,1166.73,2064.99,2545.26
"M&A",2008/4/25,"Tourism Investment Corp Ltd","Industrial Development Corp of South Africa Ltd,Om Residual UK Ltd,Guma Tourism",1991.48,"Completed","Consumer Discretionary","Government, Financials, Consumer Discretionary",1623.78,,1328.08,
"INV",2005/9/22,"Airports Co South Africa SOC Ltd","Public Investment Corp Ltd",1657.61,"Completed","Real Estate","Financials",7892.13,1261.76,32018.7,4617.25
"M&A",2008/11/5,"EnviroServ Waste Management Pty Ltd","Rockwood Private Equity Pty Ltd",2535.33,"Completed","Industrials","Financials",,,,
"M&A",2021/1/7,"Cartrack Holdings Ltd","Karooooo Ltd",4009.35,"Completed","Technology","Technology",1941.89,5479.12,1844.45,5794.14
"M&A",2014/4/10,"BNP Paribas Personal Finance South Africa Ltd","BNP Paribas SA",2650.01,"Completed","Financials","Financials",85985.9,2.17164e+06,291752,5.43037e+07
"INV",2005/12/22,"Airports Co South Africa SOC Ltd","Unnamed Buyer",1618.46,"Completed","Real Estate","N.A.",7892.13,,32018.7,
"AST",2012/11/23,"East Rand Mall","Redefine Properties Ltd",2230.00,"Completed","N.A.","Real Estate",,11007.4,,106323
"AST",2006/7/4,"Djibouti Epithermal Gold project","Green River Resources Ltd",1759.62,"Completed","N.A.","Materials",,,,
"M&A",2011/4/28,"Rand Uranium Pty Ltd","Gold One International Ltd",1656.25,"Completed","Materials","Materials",,3243.97,,7052.91
"INV",2026/8/5,"Moove Vehicle Ltd","Private Investor,Uber Technologies Inc,Maya Capital LLP,Sona Asset Management Ltd,Mubadala Investment Co PJSC,Speedinvest GmbH (Fund: SpeedInvest F),Clocktower Technology Ventures LLC (Fund: Clocktower Technologies II LP),MUFG Innovation Partners Co Ltd (Fund: MUFJ Innovation Partners No1 Fun...",4080.03,"Completed","Technology","Financials, Financials, Financials, Financials, Real Estate, Communications, Financials, Financials, Unclassifiable, Financials, Financials, Financials, Financials",,,,
"AST",2013/3/28,"Somerset Mall Shopping Centre","Hyprop Investments Ltd",2300.01,"Completed","N.A.","Real Estate",,4879.83,,41638.4
"M&A",2006/10/9,"Exxaro Resources Ltd","Main Street 333 Pty Ltd",1950.90,"Completed","Materials","Materials",41771,,103210,
"AST",2017/2/10,"Portfolio of hotel assets/Tsogo Sun Holdings Ltd","Hospitality Property Fund Ltd",3300.00,"Completed","N.A.","Real Estate",,6047,,13674
"INV",2011/12/22,"Shanduka Group Pty Ltd","China Investment Corp",2000.01,"Completed","Financials","Financials",,2.76617e+06,,2.96201e+07
"AST",2009/5/25,"Mogale Alloys","Afarak Group SE",2000.00,"Completed","Materials","Materials",,2852.06,,2879.53
"AST",2017/5/18,"29 Hotels/ South Africa","Hospitality Property Fund Ltd",3264.32,"Completed","Consumer Discretionary","Real Estate",,6047,,13674
"M&A",2001/7/24,"Columbus Stainless Pty Ltd","Acerinox SA",1980.74,"Completed","Materials","Materials",,116694,,109279
"M&A",2012/12/11,"Palabora Mining Co Ltd","General Nice Development Ltd,Industrial Development Corp,HBIS Group Co Ltd,Tewoo Group Co Ltd",2089.98,"Completed","Materials","Materials, Financials, Materials, Industrials",11625,,8894,
"AST",2004/12/9,"Joint venture investments & mineral rights","Orlyfunt Holdings Pty Ltd",1400.00,"Completed","N.A.","Financials",,,,
"M&A",2021/11/1,"Connect Group/The","Lesaka Technologies Inc",3700.01,"Completed","Financials","Financials",,11987.1,,11585.4
"M&A",2005/10/5,"Virgin Active Ltd","Virgin Models Ltd",1549.88,"Completed","Consumer Discretionary","Financials",3121.84,,11402.4,
"M&A",2020/1/27,"KSNET Inc","Payletter Inc,Stonebridge Capital Inc (Fund: Stonebridge Digital-AD Private Equity Fund)",3460.51,"Completed","Industrials","Technology, Financials",,,,
"AST",2004/3/29,"Equipment finance book","FirstRand Ltd",1500.00,"Completed","N.A.","Financials",,155879,,2.58654e+06
"M&A",2010/9/14,"KSNET Inc","Lesaka Technologies Inc",1649.93,"Completed","Industrials","Financials",,11987.1,,11585.4
"M&A",2007/12/4,"CH Warman Pump Group","Weir PLC",1585.17,"Completed","Industrials","Industrials",,60434.4,,101166
"M&A",2011/9/30,"Lehnkering GmbH","Imperial Logistics Ltd",1870.53,"Completed","Industrials","Consumer Discretionary",,52208,,30329
"M&A",2023/6/28,"Natal Portland Cement Co Pty Ltd","Huaxin Building Materials Grou",4321.05,"Completed","Materials","Materials",,87844.2,,192176
"INV",2003/5/2,"African Rainbow Minerals Ltd","Harmony Gold Mining Co Ltd",1725.26,"Completed","Materials","N.A.",11709,73896,74325,77503
"INV",1999/6/24,"South African Airways","SAir Group",1400.00,"Completed","Industrials","Industrials",28120,66659.2,13376,94822.5
"M&A",2018/11/23,"Mercantile Bank Holdings Ltd","Capitec Bank Holdings Ltd",3200.02,"Completed","Financials","Financials",804.09,61650.7,6215.27,263284
"INV",2005/9/22,"Uhambo Oil Ltd","Tshwarisano LFB Investment Pty Ltd",1450.00,"Completed","Energy","Financials",,,,
"M&A",2010/5/24,"Wesizwe Platinum Ltd","China Development Bank,Jinchuan Group Co Ltd",1776.46,"Completed","Materials","Materials, Government",,,27833.3,
"M&A",2016/11/10,"Kwikot Pty Ltd","Electrolux AB",3180.02,"Completed","Industrials","Consumer Discretionary",,239630,,205903
"M&A",1999/7/15,"Plate Glass & Shatterprufe","Joint Venture",1392.92,"Completed","Consumer Discretionary","Financials",6889.47,,4956.59,
"M&A",2013/2/18,"Independent News & Media/South Africa","Unnamed Buyer,Sekunjalo Holdings",1999.99,"Completed","Communications","Financials",,,,
"M&A",2009/7/2,"Swedish Match South Africa Proprietary Ltd","Philip Morris International In",1750.01,"Completed","Consumer Staples","Consumer Staples",,726763,,1.14618e+06
"AST",2012/2/2,"Ga-Phasha Project,Boikgantsho PGM Deposit","Anglo American PLC",1700.00,"Completed","Materials","Materials",,331592,,927647
"AST",2001/11/21,"4 Free State mines","Freegold JV",2200.00,"Completed","N.A.","Materials",,,,
"M&A",2021/12/20,"Bokoni Mine/South Africa","African Rainbow Minerals Ltd",3500.02,"Completed","Materials","Materials",,11709,,74325
"M&A",2018/11/6,"MSSA Investments BV","Macsteel Global BV",3113.26,"Completed","Financials","Financials",,,,
"AST",2011/10/20,"Fourteen High Quality Office","Redefine Properties Ltd",1804.22,"Completed","Real Estate","Real Estate",,11007.4,,106323
"AST",2001/7/5,"MPF ppty portfolio","Growthpoint Properties Ltd",1781.68,"Completed","N.A.","Real Estate",,13568,,152179
"M&A",2007/3/22,"CBS Property Portfolio Ltd","Public Investment Corp Ltd",1564.94,"Completed","Industrials","Financials",171.126,1261.76,2013.13,4617.25
"AST",2010/3/1,"Tshipi Kalahari Manganese Project","Jupiter Mines Ltd",1645.56,"Completed","N.A.","Materials",,110.93,,7017.5
"AST",2009/9/28,"Tshipi Kalahari Manganese Project","OM Holdings Ltd",1561.98,"Completed","N.A.","Materials",,11376.8,,13840.6
"M&A",2006/9/27,"Eyesizwe Coal Ltd","Exxaro Resources Ltd",1603.01,"Completed","Materials","Materials",,41771,,103210
"AST",2007/12/19,"Cooke Section uranium ore dump","Pamodzi Resources Pty Ltd",1450.36,"Completed","N.A.","Materials",,,,
"INV",2003/12/4,"Sanlam Ltd","Ubuntu-Botho Investments Pty Ltd",1300.00,"Completed","Financials","Financials",237116,,1.2957e+06,
"INV",2011/12/12,"OUTsurance Group Ltd","Royal Bafokeng Holdings Pty Ltd",1717.10,"Completed","Financials","Financials",38580,,38649,
"M&A",2017/7/31,"Bidvest Noonan UK Ltd","Bidvest Group Ltd/The",2702.45,"Completed","Industrials","Consumer Discretionary",11763.9,126605,7103.95,124590
"INV",2003/12/9,"Imperial Logistics Ltd","Ukhamba Holdings Pty Ltd",1300.00,"Completed","Consumer Discretionary","Financials",52208,,30329,
"AST",1999/5/17,"BFS Group Ltd","BID Shelf 03 Ltd",1250.35,"Completed","Financials","Consumer Staples",55888.7,19754,25934.9,4525.95
"M&A",2015/10/26,"Netretail Holdings BV,Naspers OCS Czech Republic sro","Rockaway Capital SE",2741.84,"Completed","Industrials, Consumer Discretionary","Financials",,,,
"AST",2020/2/12,"Mponeng & Mine Waste Solutions","Harmony Gold Mining Co Ltd",2969.86,"Completed","Materials","Materials",,73896,,77503
"INV",2019/1/31,"Anglo American PLC","Vedanta Ltd",2662.68,"Completed","Materials","Materials",331592,150857,927647,420060
"AST",2006/11/15,"Chrome mine and chromite processing plant","Sinosteel Corp",1451.10,"Completed","N.A.","Materials",,201554,,134580
"M&A",2011/11/9,"Tremont Holdings","Denham Capital Management LP (Fund: Denham Commodity Partners Fund VI LP),Pangea Exploration",1598.46,"Completed","Materials","Financials, Materials",,,,
"AST",2023/8/14,"Financial technology business/MTN Group Ltd","Mastercard Inc",3803.58,"Completed","Communications","Financials",,586285,,897214
"INV",2010/7/13,"Tonkolili Iron Ore Ltd,African Railway & Port Services Ltd,African Power Ltd","Shandong Iron & Steel Group Co Ltd",1505.72,"Completed","Materials, Industrials, Industrials","Materials",,281542,,405683
"SPIN",2017/9/15,"Stadio Holdings Ltd","Shareholders",2627.58,"Completed","Financials","Consumer Discretionary",1841, ,2674.64, 
"M&A",2011/9/30,"Prescient Holdings Ltd","PBT Holdings Ltd",1590.69,"Completed","Financials","Technology",,1153.1,,412.967
"SPIN",2022/11/21,"Zeda Ltd/South Africa","Shareholders",3413.55,"Completed","Unclassifiable","Industrials",10649.4, ,14158.4, 
"AST",2013/11/7,"Protea Hotels' brand and management business","Marriott International Inc/MD",2020.01,"Completed","N.A.","Consumer Discretionary",,468191,,456252
"AST",2004/12/13,"Tresso ppty portfolio","Growthpoint Properties Ltd",1125.05,"Completed","N.A.","Real Estate",,13568,,152179
"M&A",2019/2/28,"Cartrack Holdings Ltd","Karooooo Ltd",2748.49,"Completed","Technology","Technology",1941.89,5479.12,1844.45,5794.14
"INV",2021/8/2,"Movile Internet Movel SA","Prosus NV",2815.44,"Completed","Industrials","Communications",3051.5,168428,2098.1,1.34462e+06
"M&A",2007/8/16,"Protea Hospitality Corp","Stella Group Ltd",1480.00,"Completed","Consumer Discretionary","Consumer Discretionary",,,,
"M&A",2007/5/22,"Furnco","Management Group,ABSA Capital Private Equity Pty Ltd,Black Economic Empowerment Partners",1375.00,"Completed","Consumer Discretionary","Financials, Financials",,,,
"M&A",2018/12/12,"Bafokeng-Rasimone PGM Mine","Royal Bafokeng Platinum Ltd",2733.00,"Completed","Materials","Materials",,15911.3,,36396.3
"AST",2010/12/6,"Simmer & Jack Mines Ltd Buffelsfontein Gold Tailings,Simmer & Jack Mines Ltd Buffelsfontein Gold Mine,Simmer & Jack Mines Ltd Hartebeest Tailings Gold Mine,Simmer & Jack Mines Ltd Hartebeest Gold Mine,Simmer & Jack Mines Ltd Buffelsfontein Harties Gold Mine,Simmer & Jack Mines Ltd Buffelsfont...","Village Main Reef Ltd",1334.25,"Completed","Materials, Materials","Materials",,1480.08,,2326.38
"INV",2002/12/3,"ArcelorMittal South Africa Ltd","Mittal Steel Holdings AG",1793.12,"Completed","Materials","Materials",32291,,21126,
"AST",2018/3/2,"Domestic thermal coal operations","Seriti Resources Holdings Proprietary Ltd",2300.01,"Completed","Materials","Materials",,,,
"M&A",2006/4/4,"Bromor Foods Pty Ltd","Tiger Brands Ltd",1160.00,"Completed","Consumer Staples","Consumer Staples",,34392,,26955
"M&A",2007/5/21,"Brandcorp Holdings Ltd","Ethos Private Equity Pty Ltd",1342.35,"Completed","Consumer Discretionary","Financials",916.249,,483.978,
"AST",2013/1/25,"Letting enterprises and properties","Delta Property Fund Ltd",1713.06,"Completed","N.A.","Real Estate",,1166.6,,6476.37
"M&A",2005/6/9,"Savcio Holdings Pty Ltd","Om Residual UK Ltd,Actis LLP (Fund: Actis Africa Fund 2 LP),Aka Capital Pty Ltd,Ethos Private Equity Pty Ltd (Fund: Ethos Private Equity Fund IV),Sphere Holdings Pty Ltd (Fund: Sphere Fund I)",1287.74,"Completed","Industrials","Financials, Financials, Financials, Financials, Financials",,,,
"AST",2004/5/5,"African business & assets","Consortium",1300.00,"Completed","N.A.","N.A.",,,,
"M&A",2000/2/14,"Duiker Mining Ltd","Glencore PLC",1210.93,"Completed","Materials","Materials",1817.85,4.42579e+06,3052.18,2.3558e+06
"M&A",2022/12/14,"Alviva Holdings Ltd","Management Group,Day One Asset Management Co Ltd,Tham Investments Pty Ltd",3265.94,"Completed","Consumer Discretionary","Financials, Financials",23429.2,,9722.62,
"M&A",2022/2/11,"ARISE Integrated Industrial Platforms,ARISE Infrastructure Services","Africa Finance Corp",2849.29,"Completed","Industrials, Consumer Discretionary","Government",,22272.9,,318640
"M&A",2013/9/10,"Kagiso Media Ltd","Kagiso Trust Investments Ltd",1869.03,"Completed","Communications","Financials",1335.95,,1826.15,
"M&A",2011/2/15,"Davita Trading Pty Ltd","Tiger Brands Ltd",1345.00,"Completed","Consumer Staples","Consumer Staples",,34392,,26955
"AST",2013/3/27,"Eastern Section of Ga-Pasha Mine","Anglo American PLC",1700.00,"Completed","N.A.","Materials",,331592,,927647
"INV",2021/6/11,"Yoco Technologies Pty Ltd","Private Investor,Partech International Inc (Fund: Partech Entrepreneur II),Quona Capital Management Ltd (Fund: Accion Frontier Inclusion Fund LP),Orange Digital Ventures SASU,Velocity Capital BV (Fund: Velocity Capital FinTech Venture Fund),Uncovered Fund Inc (Fund: Uncovered Fund I),4DX Vent...",2514.95,"Completed","Technology","Financials, Financials, Financials, Financials, Financials, Financials, Financials, Financials",,,,
"M&A",2006/12/7,"Kangra Coal Pty Ltd","Union Fenosa SA",1270.00,"Completed","Materials","Utilities",,86726.2,,254129
"INV",2021/2/23,"Tyme Bank","JG Summit Holdings Inc,British International Investment PLC,Tencent Holdings Ltd,Apis Partners LLP (Fund: Apis Growth Fund II LP),African Rainbow Capital Investments Ltd",2628.29,"Completed","Financials","Consumer Staples, Financials, Communications, Financials, Financials",,,,
"M&A",2000/11/14,"UUNET SA Ltd","WorldCom Inc - WorldCom Group",1360.00,"Completed","Unclassifiable","Communications",,183929,,1.10143e+06
"M&A",2012/5/30,"Evander Gold Mines Ltd","Pan African Resources PLC",1500.00,"Completed","Materials","Materials",,9812.67,,17802.4
"M&A",2000/6/30,"Cougar Investment Holding Co Ltd","Old Mutual Insure Ltd",1186.96,"Completed","Financials","Financials",1596.01,,2111.37,
"AST",2013/10/18,"Buzi EPCC Block in Mozambique","Energi Mega Persada Tbk PT",1708.52,"Completed","N.A.","Energy",,8906.23,,30190.2
"M&A",2017/3/14,"Niveus Invest 19 Ltd","Tsogo Sun Limited",2276.09,"Completed","Financials","Consumer Discretionary",,10841,,14695
"M&A",2005/9/26,"Cipla Medpro Holdings Pty Ltd","Cipla Medpro South Africa Ltd",1100.00,"Completed","Health Care","Health Care",,2297.22,,3012.93
"SPIN",2004/4/8,"Business Connexion Group Ltd","Shareholders",1075.09,"Completed","Technology","Technology",6512.28, ,4001.55, 
"M&A",2011/10/13,"Universal Industries Corp Ltd","Management Group",1335.57,"Completed","Industrials","Financials",702.318,,784.801,
"INV",2006/7/6,"MTN Uganda Ltd","MTN Group Ltd",1196.47,"Completed","Communications","Communications",17887.8,226707,24556.6,498712
"AST",2024/7/30,"African hydropower assets","TotalEnergies SE",3064.63,"Completed","Utilities","Energy",,3.26021e+06,,4.82188e+06
"AST",2017/4/10,"South African assets/Anglo American Plc","Seriti Resources Holdings Proprietary Ltd",2299.99,"Completed","Materials","Materials",,,,
"M&A",2013/10/23,"Bayport Financial Services 2010 Pty Ltd,Zenthyme Investments Proprietary Ltd","Bayport Management Ltd",1610.00,"Completed","Financials, Financials","Financials",,4996.71,,22439.5
"M&A",2007/3/30,"First Lifestyle Pty Ltd","First Lifestyle Group Pty Ltd",1200.00,"Completed","Consumer Staples","Consumer Staples",,,,
"M&A",2006/7/18,"Mvelaphanda Resources Ltd","Mvelaphanda Holdings Pty Ltd",1180.00,"Completed","Materials","Financials",,,,
"M&A",2023/12/19,"Beverage Co Pty Ltd/The","Varun Beverages Ltd",3000.01,"Completed","Consumer Staples","Consumer Staples",,42760.2,,47091
"AST",2008/4/22,"Mapochs Mine Pty Ltd,Vanchem operations,South Africa Japan Vanadium Proprietary Ltd","Duferco Investment Partners Inc",1224.40,"Completed","Materials, Materials","Financials",,,,
"INV",2023/9/27,"Red Rocket Pty Ltd","Private Investor,Nederlandse Financierings-Maatschappij voor Ontwikkelingslanden NV,Inspired Evolution Investment Management Ltd (Fund: Evolution II),STOA Infra & Energy SAS,Inspired Evolution Investment Management Ltd (Fund: Evolution III)",3073.55,"Completed","Energy","Government, Financials, Financials",,,,
"INV",2015/7/28,"Namibia Breweries Ltd,DHN Drinks Pty Ltd,Sedibeng Brewery Pty Ltd","Heineken NV",2000.01,"Completed","Consumer Staples, Consumer Staples, Consumer Staples","Consumer Staples",,580448,,1.04511e+06
"INV",2011/3/31,"Premier Foods Ltd","Brait PLC",1070.00,"Completed","Consumer Staples","Financials",,1796,,15445
"M&A",2013/11/4,"Euroguard Insurance Co PCC Ltd,Guardrisk Holdings Ltd","Momentum Group Limited",1600.00,"Completed","Financials, Financials","Financials",,73780,,803213
"M&A",2006/12/29,"LIL-Lets Group Ltd","Management Group,Epiris Managers LLP",1093.97,"Completed","Financials","Financials",,,1.69551e-05,
"M&A",2022/3/4,"Tapestry Home Brands Pty Ltd","Foschini Group Ltd/The",2350.01,"Completed","Consumer Discretionary","Consumer Discretionary",,62423,,60205
"AST",2013/3/12,"National government-tenanted properties","Vukile Property Fund Ltd",1400.01,"Completed","N.A.","Real Estate",,5890,,64436
"INV",2006/11/20,"Reunert Ltd","Retona Investment Holdings Pty Ltd",1100.00,"Completed","Industrials","Financials",13881,,12759,
"INV",2006/12/11,"Afplats SA,Imbasa Platinum Pty Ltd,Inkosi Platinum","Impala Platinum Holdings Ltd",1068.00,"Completed","Materials, Materials, Materials","Materials",,85459,,135857
"INV",2017/8/1,"Cell C Ltd","Net1 Applied Technologies South Africa Pty Ltd",2000.01,"Completed","Communications","Financials",15749.1,,25636.3,
"AST",2019/8/13,"Coal mine/Botswana","Maatla Energy Ltd",2267.61,"Completed","Materials","Materials",,,,
"INV",2008/11/9,"BioTherm Energy Pty Ltd","Denham Capital Management LP",1521.66,"Completed","Energy","Financials",,,,
"AST",2016/8/18,"ADT security services business/South Africa","Fidelity Security Group Pty Ltd",1999.99,"Completed","Technology","Industrials",,,,
"AST",2006/6/5,"Berkshire Property Portfolio","Emira Property Fund Ltd",985.64,"Completed","Real Estate","Real Estate",,1459.26,,16388.7
"INV",2024/6/30,"Attacq Waterfall Investment Co Pty Ltd","Government Employees Pension Fund",2700.01,"Completed","Financials","Financials",,,,
"M&A",2008/3/11,"Stocks Ltd","Stefanutti Stocks Holdings Ltd",1156.36,"Completed","Industrials","Industrials",,7839.87,,5740.61
"AST",2007/11/22,"Cullinan Diamond Mine","Petra Diamonds Ltd,Al Rajhi Holdings WLL,Thembinkosi Mining Investments Pty Ltd",1000.00,"Completed","N.A.","Materials, Unclassifiable, Materials",,,,
"M&A",2020/10/19,"Oro Agri SA Pty Ltd,Oro Agri International Ltd,Oro Agri India Pvt Ltd,ORO AGRI Inc,Oro Agri S De RL","Rovensa SA",2422.67,"Completed","Materials","Consumer Staples",,,,
"M&A",2008/8/28,"Continental Outdoor Media","RMB Corvest Pty Ltd,MSG Afrika Investment Holdings Pty Ltd,Citi Venture Capital International (Fund: TRG Growth Partnership II LP),Helios Investment Partners LLP (Fund: Helios Investors LP)",1132.93,"Completed","Communications","Financials, Financials, Financials, Financials",,,,
"M&A",2017/6/27,"3G Mobile Pty Ltd","Blu Label Unlimited Group Ltd",1900.01,"Completed","Consumer Discretionary","Communications",,14050.2,,19769.9
"AST",2011/8/30,"Boardwalk Shopping Centre","Resilient REIT Ltd",1030.00,"Completed","N.A.","Real Estate",,3926.84,,41469.4
"M&A",2007/12/12,"Tiger Automotive Ltd","Ethos Private Equity Pty Ltd",976.01,"Completed","Consumer Discretionary","Financials",,,,
"AST",2004/12/24,"Caesars Gauteng","Peermont Global Pty Ltd",818.90,"Completed","N.A.","Consumer Discretionary",,35255,,8907
"AST",2007/5/8,"Portfolio of 52 pptys","SA Corporate Real Estate Ltd",1000.00,"Completed","Real Estate","Real Estate",,2922.45,,21463.5
"M&A",2013/8/1,"Palabora Mining Co Ltd","General Nice Development Ltd,Industrial Development Corp,HBIS Group Co Ltd,Tewoo Group Co Ltd",1429.21,"Completed","Materials","Materials, Financials, Materials, Industrials",11625,,8894,
"M&A",2007/5/3,"Viamax Holdings Ltd","Bidvest Group Ltd/The",1000.00,"Completed","Industrials","Consumer Staples",,126605,,124590
"M&A",1999/10/18,"Teljoy Holdings Ltd","Vodacom Group Ltd",870.00,"Completed","Financials","Communications",1091.51,167652,604.824,276433
"AST",2008/9/2,"Western Bushveld JV","Wesizwe Platinum Ltd",1088.59,"Completed","N.A.","Materials",,,,27833.3
"AST",2010/8/25,"Ambatovy Nickel Mine","Samsung C&T Corp/Old,HYUNDAI Corp,HD Korea Shipbuilding & Offsho",1031.11,"Completed","Materials","Industrials, Materials, Industrials",,,,
"AST",2014/11/20,"Corrugated & Tissue divisions","Ethos Private Equity Pty Ltd",1530.01,"Completed","Materials","Financials",,,,
"INV",2002/3/12,"African Rainbow Minerals Ltd","Anglo American PLC",1582.76,"Completed","Materials","Materials",11709,331592,74325,927647
"AST",2014/9/17,"strategic land & property assets","Pivotal Fund Ltd",1500.01,"Completed","Real Estate","Consumer Discretionary",,,,
"INV",2017/7/10,"Movile Internet Movel SA","Naspers Ltd,Innova Capital SA",1819.67,"Completed","Industrials","Communications, Financials",3051.5,,2098.1,
"M&A",2016/2/1,"Optimum Coal Mine","Tegeta Exploration & Resources Pty Ltd",2150.01,"Completed","Materials","Materials",,,,
"INV",2007/2/27,"Santam Ltd","Central Plaza Investments 112 Pty Ltd",969.30,"Completed","Financials","Financials",50952,,82392,
"M&A",2013/6/28,"Rocla Pty Ltd,Much Asphalt Pty Ltd,Concor Technicrete Pty Ltd,Oconbrick","Capitalworks Ltd,RMB Ventures Six Pty Ltd",1325.01,"Completed","Materials, Materials, Industrials, Materials","Financials, Financials",,,,
"INV",2010/3/24,"Hyprop Investments Ltd","Redefine Properties Ltd",984.33,"Completed","Real Estate","Real Estate",4879.83,11007.4,41638.4,106323
"M&A",2015/12/11,"Tegeta Exploration & Resources Pty Ltd","Oakbay Resources and Energy Ltd",2100.01,"Completed","Materials","Materials",,462.622,,9650.08
"INV",2006/12/6,"STANLIB Ltd","Liberty Group Ltd",937.56,"Completed","Financials","Financials",,74224,,569778
"INV",2000/4/5,"Randgold Resources Morila Ltd","AngloGold Ashanti Ltd",865.81,"Completed","N.A.","Materials",,,,
"M&A",2005/3/9,"Servistar Pty Ltd","Massmart Holdings Ltd",750.00,"Completed","Consumer Discretionary","Consumer Staples",,77621.6,,40144.7
"AST",2000/12/19,"2 South African mines","Harmony Gold Mining Co Ltd",1000.00,"Completed","N.A.","Materials",,73896,,77503
"AST",2012/11/23,"East Rand Mall","Vukile Property Fund Ltd",1150.00,"Completed","N.A.","Real Estate",,5890,,64436
"M&A",2006/8/21,"Alexander Forbes International Risk Services","Lockton Insurance Agency LLC,Stone Point Capital LLC (Fund: Trident III LP)",900.61,"Completed","Financials","Financials, Financials",,,,
"INV",2021/8/9,"Moove Vehicle Ltd","Private Investor,EMSO Asset Management Ltd,Kreos Capital Management UK Ltd,Tekton Ventures,AfricInvest-TunInvest Group (Fund: Tuninvest Croissance FCPR),Palm Drive Capital LLC (Fund: Palm Drive Capital II LP),Speedinvest GmbH (Fund: SpeedInvest F),Class 5 Global LLC,Clocktower Technology Vent...",1886.18,"Completed","Technology","Financials, Financials, Financials, Financials, Financials, Financials, Financials, Financials, Financials, Financials, Financials, Financials, Financials, Financials, Financials, Financials, Financials, Financials, Financials",,,,
"JV",2006/2/28,"African Rainbow Minerals Coal Pty Ltd","",784.00,"Completed","Materials","Materials, Materials",,,,
"AST",2001/9/20,"Richway ppty portfolio","Primegro Properties Ltd",1107.00,"Completed","Real Estate","Real Estate",,339.939,,2465.73
"M&A",2025/12/21,"Twizza Pty Ltd","Varun Beverages Ltd",2094.99,"Completed","Consumer Staples","Consumer Staples",,42760.2,,47091
"M&A",2008/12/9,"Sedibelo Platinum Mines Ltd","Ivy Lane Capital Ltd",1254.60,"Completed","Materials","Financials",2125.19,,3866.8,
"INV",2018/7/12,"Movile Internet Movel SA","Naspers Ventures Ltd,Innova Capital SA",1646.32,"Completed","Industrials","Financials, Financials",3051.5,,2098.1,
"AST",2013/3/25,"Somerset Mall Shopping Centre","Sycom Property Fund",1150.00,"Completed","N.A.","Real Estate",,915.74,,9272.69
"INV",2010/7/31,"Umcebo Mining Pty Ltd","Glencore PLC",900.00,"Completed","Materials","Materials",,4.42579e+06,,2.3558e+06
"M&A",2021/10/22,"Portfolio of 6 South African products","Acino International AG",1799.99,"Completed","Consumer Staples","Health Care",,3365.79,,6644.9
"M&A",2006/6/27,"Letseng Diamonds Ltd","Gem Diamonds Ltd",879.50,"Completed","Materials","Materials",,1759.59,,4635.48
"M&A",2008/8/8,"DMC Energy Pty Ltd","London Mining PLC",925.26,"Completed","Materials","Materials",,2889.3,,7513.29
"INV",2002/12/12,"Vodacom Group Ltd","Vodafone Group PLC",1050.00,"Completed","Financials","Communications",167652,813593,276433,2.5496e+06
"AST",2018/9/4,"Discovery card business/South Africa","Discovery Ltd",1800.01,"Completed","Financials","Financials",,58327,,327450
"INV",2022/3/4,"Virgin Active Holdings Ltd","Private Investor",1786.89,"Completed","Consumer Discretionary","N.A.",,,,
"AST",2008/4/16,"11 property portfolio","Ingenuity Property Investments Ltd",918.20,"Completed","Real Estate","Real Estate",,468.379,,3969.21
"M&A",2021/5/27,"WBC Holdings Pty Ltd","Nutun Ltd",1599.99,"Completed","Financials","Financials",26656.2,1500,5352.69,6604
"INV",2006/9/7,"Life Healthcare Group Holdings Ltd","Business Venture Investments No 813 Ltd",850.00,"Completed","Health Care","Financials",25104,,25690,
"INV",2005/5/13,"Columbus Stainless Pty Ltd","Acerinox SA",729.48,"Completed","Materials","Materials",,116694,,109279
"M&A",2025/9/17,"Metrofile Holdings Ltd","Mango Holding Corp",2001.72,"Completed","Technology","Financials",1066.13,,1379.22,
"M&A",2012/11/14,"New Foodcorp Holdings Pty Ltd","RCL Foods Ltd/South Africa",1026.00,"Completed","Consumer Staples","Consumer Staples",,26493.8,,18663.8
"M&A",2011/11/16,"Nampak Wiegand Glass Pty Ltd","Nampak Ltd",938.00,"Completed","Materials","Materials",,10726.8,,10992.4
"M&A",2025/6/24,"SMSPortal Pty Ltd","LINK Mobility Group Holding ASA",2040.38,"Completed","Technology","Technology",,12199.7,,18014.8
"AST",2012/5/30,"Equipment Distribution & Support Business","Barloworld Ltd",977.50,"Completed","N.A.","Consumer Discretionary",,37711,,44307
"INV",2007/7/18,"Akanani Mining Ltd","Lonmin Ltd",800.00,"Completed","Materials","Materials",,17584.6,,14154.6
"AST",2012/12/5,"Nthwese office portfolio","Rebosis Property Fund Ltd",1000.00,"Completed","N.A.","Real Estate",,1666.66,,13512.2
"M&A",2010/10/28,"Universal Print Group Pty Ltd,Hirt & Carter Pty Ltd","BlackstarTiso Pty Ltd",788.47,"Completed","Industrials, Communications","Communications",,5963,,4174
"M&A",2001/10/23,"Fintech Ltd","Altron Ltd",1061.90,"Completed","Technology","Communications",177.253,9637,1022.71,9648
"AST",2007/7/18,"Transalloys Division","Gruppa Kompaniy Renova AO",780.00,"Completed","N.A.","Financials",,,,
"AST",2016/6/1,"15 Industrial properties/Nampak","Collins Property Group",1743.99,"Completed","Real Estate","Real Estate",,,,
"M&A",2008/4/16,"Woolworths Financial Services Pty Ltd","Absa Group Ltd",875.00,"Completed","Financials","Financials",,207703,,2.23948e+06
"INV",2026/7/8,"Adcock Ingram Holdings Ltd","Natco Pharma Ltd",1814.75,"Completed","Health Care","Health Care",9760.33,8024.31,8735.68,19943.7
"M&A",2010/8/10,"Imperial Crown Trading 289 Pty Ltd","ArcelorMittal South Africa Ltd",800.00,"Completed","Materials","Materials",,32291,,21126
"M&A",2024/10/4,"Autozone Holdings Pty Ltd","Metair Investments Ltd",1925.66,"Completed","Consumer Discretionary","Consumer Discretionary",,17868.3,,12581
"AST",2016/9/13,"Oil blocks/Chad","CEFC China Energy Co Ltd",1592.77,"Completed","Energy","Industrials",,,,
"M&A",2011/6/9,"Fundamo Pty Ltd","Visa Inc",740.86,"Completed","Financials","Financials",,723390,,1.71993e+06
"M&A",2011/6/9,"Fundamo Pty Ltd","Visa Inc",740.86,"Completed","Financials","Financials",,723390,,1.71993e+06
"AST",2015/9/9,"Rustenburg operations","Sibanye Gold Ltd",1500.01,"Completed","Materials","Materials",,,,
"AST",2000/10/16,"Ticor South Africa","Tronox Australia Pty Ltd",820.00,"Completed","N.A.","Materials",,1108.57,,3331.4
"M&A",2012/1/30,"Kevro","Management Group,Ethos Private Equity Pty Ltd (Fund: Ethos Fund VI Jersey LP)",850.00,"Completed","Consumer Discretionary","Financials",,,,
"M&A",2011/4/13,"Afarak Platinum Ltd","Aquarius Platinum Ltd",733.39,"Completed","Materials","Materials",,2353.79,,7218.72
"INV",2004/6/10,"Gold Fields Operations Ltd","Consortium",696.60,"Completed","Materials","N.A.",,,,
"AST",2015/11/18,"Portfolio of 10 hotel properties","Hospitality Property Fund Ltd",1523.49,"Completed","N.A.","Real Estate",,6047,,13674
"M&A",2007/1/10,"Madagascar Energy International Ltd","Yanchang Petroleum International Ltd",784.04,"Completed","Energy","Energy",,39739.1,,5882.75
"M&A",2007/7/17,"Dulux Pty Ltd","Imperial Chemical Industries Ltd",745.00,"Completed","Materials","Materials",,7101.17,,130208
"M&A",2025/5/13,"Ntsimbintle Mining Pty Ltd","Exxaro Resources Ltd",1950.01,"Completed","Materials","Materials",,41771,,103210
"M&A",2007/3/28,"Lenco Holdings Ltd","Anglo American PLC",780.00,"Completed","Financials","Materials",133.993,331592,318.8,927647
"M&A",2019/9/17,"Cennergi Pty Ltd","Exxaro Resources Ltd",1550.01,"Completed","Energy","Materials",,41771,,103210
"M&A",2023/11/3,"1Life Insurance Ltd","Clientele Ltd",1914.02,"Completed","Financials","Financials",,5220.91,,20074.7
"INV",2018/6/5,"AgriProtein Pty Ltd","Private Investor",1339.68,"Completed","Materials","N.A.",,,,
"AST",2013/11/4,"Land & Building,Aeci Real Estate Pty Ltd,Heartland Properties Pty Ltd","DevGreat Group Ltd",1060.97,"Completed","Industrials","Real Estate",,419.809,,1666.55
"INV",2006/11/21,"Quarry Cats","Group Five Ltd/South Africa",750.00,"Completed","Materials","Industrials",,7348.46,,6416.26
"INV",2003/12/10,"Kroondal Operations Pty Ltd","Investor Group",673.34,"Completed","Materials","N.A.",,,,
"INV",2012/12/11,"Palabora Mining Co Ltd","Hesteel Co Ltd,General Nice Development Ltd,Industrial Development Corp,Tewoo Group Co Ltd",893.00,"Completed","Materials","Materials, Financials, Materials, Industrials",11625,,8894,
"INV",2008/12/11,"Ampath Group","Investor Group",1026.50,"Completed","Health Care","N.A.",,,,
"M&A",2012/10/23,"TWP Holdings Pty Ltd","Worley Ltd",900.00,"Completed","Industrials","Energy",,132008,,128360
"M&A",2010/12/15,"Destiny Electronic Commerce Pty Ltd,Accsys Pty Ltd,UCS Solutions Ltd,CEB Maintenance Africa Ltd,UCS Technology Services Ltd","Business Connexion Group Ltd",699.22,"Completed","Technology, Technology, Technology, Technology, Consumer Discretionary","Technology",,6512.28,,4001.55
"M&A",2006/8/21,"Drillcorp Africa Pty Ltd","Boart Longyear Ltd",719.10,"Completed","Energy","Materials",,,,0.0190848
"INV",2023/7/19,"Release Management BV","Climate Fund Managers BV",1826.32,"Completed","Energy","Financials",,,,
"M&A",2010/6/1,"Dangote Cement South Africa Pty Ltd","Dangote Industries Ltd",779.00,"Completed","Materials","Materials",,,,
"M&A",2016/7/28,"Rose Bridge 59 Pty Ltd","Zeder Investments Ltd",1438.38,"Completed","Financials","Consumer Staples",,15,,2389
"AST",2008/9/2,"PTM Projects","Platinum Group Metals Ltd",785.50,"Completed","N.A.","Materials",,,,1095.51
"AST",2008/11/28,"25% life-of-mine gold production of MWS ops","Gold Wheaton Gold Corp",1016.38,"Completed","N.A.","Materials",,545.754,,5004.08
"AST",2006/4/12,"12 Properties","CBS Property Portfolio Ltd",615.59,"Completed","Real Estate","Industrials",,171.126,,2013.13
"INV",2023/2/22,"Planet42","Private Investor,Rivonia Road Capital LLC,Naspers Foundry,ARS Holding LLC",1819.24,"Completed","Consumer Discretionary","Financials, Financials, Financials",,,,
"INV",2024/3/19,"Moove Vehicle Ltd","Uber Technologies Inc,Mubadala Investment Co PJSC",1891.52,"Completed","Technology","Communications, Financials",,,,
"INV",2013/12/31,"Bayport Management Ltd","Helios Investment Partners LLP",1052.06,"Completed","Financials","Financials",4996.71,477.399,22439.5,243.751
"M&A",2024/10/28,"Sublime Technologies Pty Ltd","Mantengu Ltd",1769.01,"Completed","Technology","Materials",,393.238,,1355.09
"INV",2014/5/26,"Takealot Online RA Pty Ltd","Tiger Global Management LLC",1035.94,"Completed","Consumer Discretionary","Financials",,,,
"INV",2004/5/18,"RTT Group Pty Ltd","Tiso Private Equity Ltd",675.00,"Completed","Industrials","Financials",,,,
"AST",2001/2/1,"Sappi Ltd","Unnamed Buyer",767.30,"Completed","Materials","N.A.",98019.3,,104825,
"M&A",2021/10/20,"OneLogix Group Ltd","Management Group",1429.82,"Completed","Industrials","N.A.",3065.79,,3138.17,
"INV",2008/6/27,"Johnnic Holdings Ltd","Hosken Consolidated Investments Ltd",783.46,"Completed","Real Estate","Consumer Discretionary",,24172.5,,64182
"M&A",2019/9/27,"Nampak Glass Pty Ltd","Anheuser-Busch InBev SA/NV,Kwande Capital Pty Ltd",1500.00,"Completed","Materials","Consumer Staples, Energy",,,,
"AST",2008/10/13,"Middle east and Africa business","Investcorp Holdings BSC",904.24,"Completed","Technology","Financials",,7443.75,,37332.8
"M&A",2016/1/25,"Eazi Group Ltd","Ethos Private Equity Pty Ltd",1599.99,"Completed","Industrials","Financials",,,,
"M&A",2002/6/25,"Toyota South Africa Pty Ltd","Toyota Motor Corp",994.08,"Completed","Consumer Discretionary","Consumer Discretionary",7718.39,5.8511e+06,3725.34,1.12909e+07
"INV",2006/9/27,"Media24 Holdings Pty Ltd","Welkom Yizani Investments Ltd",730.00,"Completed","Communications","Financials",,,,
"M&A",2022/5/26,"Grindrod Financial Holdings Ltd","African Bank Holdings Ltd",1499.99,"Completed","Financials","Financials",,7706,,49341
"M&A",2015/3/16,"Pharma Dynamics Pty Ltd","Lupin Ltd",1178.69,"Completed","Health Care","Health Care",,55009.2,,69095.1
"M&A",2015/4/7,"Dimopoint Pty Ltd","Collins Property Group",1126.99,"Completed","Industrials","Real Estate",,,,
"INV",2009/7/22,"Hulamin Ltd","Coronation Asset Management Pty Ltd",732.00,"Completed","Industrials","Financials",13048.8,,7452.87,
"M&A",2024/10/2,"Adumo RF Pty Ltd","Lesaka Technologies Inc",1639.22,"Completed","Technology","Financials",,11987.1,,11585.4
"M&A",2021/11/24,"Crossfin Technology Holdings","Management Group,African Rainbow Capital Investments Ltd,Ethos Private Equity Pty Ltd (Fund: Ethos Mid Market Fund I A Partnership),Ethos Private Equity Pty Ltd (Fund: Ethos AI Fund I)",1500.01,"Completed","Financials","Financials, Financials",,,,
"M&A",2025/10/10,"Riversands Residential Apartments Pty Ltd","SA Corporate Real Estate Ltd",1639.99,"Completed","Real Estate","Real Estate",,2922.45,,21463.5
"AST",2005/12/14,"Videocon Mozambique Rovuma 1 Ltd","Republic of South Africa",595.00,"Completed","Energy","Government",,,,
"AST",2002/9/13,"Housing finance book","FirstRand Ltd",984.00,"Completed","N.A.","Financials",,155879,,2.58654e+06
"INV",2020/1/23,"United Manganese of Kalahari Pty Ltd","Unnamed Buyer",1341.05,"Completed","Materials","N.A.",,,,
"M&A",2025/8/13,"Ikhokha Pty Ltd","Nedbank Group Ltd",1629.14,"Completed","Technology","Financials",,164033,,1.55863e+06
"M&A",2008/3/26,"South Africa Congo Oil Co Pty Ltd","Efora Energy Ltd",748.96,"Completed","Energy","Materials",,41.944,,41.266
"M&A",2015/8/18,"Molopo South Africa Exploration & Production Pty Ltd","Renergen Ltd",1190.42,"Completed","Energy","Financials",,52.113,,2349.17
"M&A",2013/11/1,"Paycorp Holdings Pty Ltd","Actis LLP",937.00,"Completed","Financials","Financials",,,,
"INV",2024/9/17,"Capevin Holdings Ltd","Davide Campari-Milano NV",1616.31,"Completed","Consumer Staples","Consumer Staples",,61595.8,2842.8,157709
"INV",2004/5/12,"Incwala Resources Pty Ltd","Lonmin Ltd",623.75,"Completed","Materials","Materials",,17584.6,,14154.6
"AST",2005/12/22,"South African Branch Business","Absa Group Ltd",578.00,"Completed","N.A.","Financials",,207703,,2.23948e+06
"AST",2010/1/18,"Koornfontein Coal Mine","Optimum Coal Holdings Pty Ltd",670.00,"Completed","Materials","Materials",,5289.39,,11462.1
"M&A",2020/11/26,"Scanmed SA","Abris Capital Partners Sp zoo",1377.97,"Completed","Health Care","Financials",1544.22,26.5069,2478.29,16.0413
"AST",2026/1/2,"Chrome & PGM operations/South Africa","Chrome One Pty Ltd",1483.90,"Completed","Materials","Financials",,,,
"INV",2005/9/23,"Netcare Ltd","Netpartner Investments Ltd",570.00,"Completed","Health Care","Financials",26344,,29225,
"INV",2006/12/6,"STANLIB Ltd","Liberty Group Ltd",630.43,"Completed","Financials","Financials",,74224,,569778
"M&A",2021/11/12,"Logistics Group Pty Ltd/The","TLG Midco Pty Ltd",1353.56,"Completed","Industrials","Financials",,,,
"M&A",2015/12/3,"Aberdare Cables Pty Ltd,Aberdare Holdings Europe BV Ltd","Hengtong Optic-electric Co Ltd",1232.01,"Completed","Industrials, Industrials","Industrials",,166141,,171526
"AST",2011/9/1,"Fishing Division/ZA","Unnamed Buyer",600.00,"Completed","N.A.","N.A.",,,,
"AST",2002/10/15,"Car loans","FirstRand Ltd",890.00,"Completed","N.A.","Financials",,155879,,2.58654e+06
"INV",1999/8/2,"Polifin Ltd","Sasol Ltd",528.34,"Completed","Materials","Materials",,249096,,359555
"M&A",2024/5/7,"Adumo","Lesaka Technologies Inc",1576.12,"Completed","Technology","Financials",,11987.1,,11585.4
"AST",2004/11/24,"Afgri ops & assets","Consortium",501.65,"Completed","N.A.","N.A.",,,,
"AST",2013/2/20,"R Wales & Son Ltd,Malaysian foundry,Heavy bay foundry/ South Africa","Weir PLC",747.50,"Completed","Industrials","Industrials",,60434.4,,101166
"M&A",2011/12/14,"Shanduka Coal Pty Ltd","Shanduka Group Pty Ltd",700.00,"Completed","Materials","Financials",,,,
"INV",2004/6/17,"Momentum Group Limited","Kagiso Trust Investments Ltd",540.00,"Completed","Financials","Financials",73780,,803213,
"M&A",2003/8/7,"AMB Holdings Ltd","Heywood Investments Pty Ltd",599.77,"Completed","Financials","Financials",269.386,,1849.95,
"M&A",2002/10/21,"Natal Portland Cement Co Ltd","Intercement Portugal SA",840.40,"Completed","Materials","Materials",,20694,,62144.4
"INV",2004/5/12,"Incwala Resources Pty Ltd","Industrial Development Corp of South Africa Ltd",564.34,"Completed","Materials","Government",,25556,,159323
"INV",2020/11/17,"SV Gaming Ltd","MultiChoice Group",1249.86,"Completed","Consumer Discretionary","Communications",,49980,,39244
"M&A",2007/5/21,"Intaprop Investments Ltd","Acucap Properties Ltd",565.00,"Completed","Financials","Real Estate",,679.829,,12572.8
"M&A",2005/12/21,"Tusk Casino Resorts and Hotels Group","Peermont Global Pty Ltd",511.50,"Completed","Consumer Discretionary","Consumer Discretionary",,35255,,8907
"M&A",2005/8/29,"Home of Living Brands Holdings Ltd","Investor Group,Interactive Capital Ltd",518.00,"Completed","Consumer Discretionary","N.A.",995.7,,,
"AST",2006/9/14,"Two platinum group metal farms","Nkwe Platinum Ltd",591.87,"Completed","N.A.","Materials",,,,1111.86
"INV",2002/8/30,"Saambou's vehicle & ppty loan book","IBL Asset Finance & Services Pty Ltd",838.00,"Completed","N.A.","Financials",,6519.35,,48768.1
"M&A",2012/2/21,"Pharmaplan Pty Ltd","Litha Healthcare Group Ltd",608.94,"Completed","Health Care","Health Care",,1045.33,,1944.3
"AST",2007/1/9,"Rhovan Business","Unnamed Buyer",575.00,"Completed","N.A.","N.A.",,,,
"M&A",2022/7/5,"Swartland Investments,Swartland Insulation Pty Ltd","Lonsa Everite Pty Ltd,Legacy Africa Fund Managers Pty Ltd (Fund: Legacy Africa Capital Partners Fund I)",1299.99,"Completed","Financials, Consumer Discretionary","Financials, Financials",,,,
"AST",2001/11/1,"ArcelorMittal South Africa Ltd","Stimela Mining Ltd",746.24,"Completed","Materials","Materials",32291,,21126,
"M&A",2003/6/5,"Prochem Pty Ltd","Omnia Holdings Ltd",617.77,"Completed","Materials","Materials",,24200,,17755
"INV",2023/5/23,"Tyme Bank","Private Investor,Blue Earth Capital AG (Fund: PG Life),Norrsken Foundation/The (Fund: Norrsken22 African Tech Growth Fund)",1493.97,"Completed","Financials","Financials, Financials",,,,
"AST",2014/7/9,"Diversified property portfolio/South Africa","Emira Property Fund Ltd",830.00,"Completed","N.A.","Real Estate",,1459.26,,16388.7
"AST",2000/3/23,"Smartcall (Johannesburg)","Brait PLC",500.00,"Completed","N.A.","Financials",,1796,,15445
"M&A",2024/9/17,"Terminal de Carvao DA Matola Ltda","Grindrod Ltd",1358.99,"Completed","Consumer Staples","Industrials",,5558.33,,16129.9
"M&A",2014/11/3,"Grohe Dawn WaterTech Holdings Pty Ltd","Lixil Corp,LIXIL Europe SARL",851.88,"Completed","Consumer Discretionary","Consumer Discretionary, Financials",,,,
"INV",2004/2/4,"Global Resorts SA Pty Ltd","Consortium",527.00,"Completed","Consumer Discretionary","N.A.",,,,
"INV",2002/9/18,"South African ops","Shanduka Group Pty Ltd",810.00,"Completed","N.A.","Financials",,,,
"M&A",2000/1/28,"Fedics Group Ltd/The","Consortium",486.00,"Completed","Industrials","N.A.",1016.82,,261.054,
"INV",2023/8/10,"Moove Vehicle Ltd","BlackRock Inc,Mubadala Investment Co PJSC",1424.96,"Completed","Technology","Financials, Financials",,,,
"INV",2004/5/4,"Energy Africa Gabon Holdings Ltd","Tullow Oil PLC",523.29,"Completed","Energy","Energy",,15143.9,,54319.6
"AST",2021/2/8,"Atterbury Value Mart/Pretoria","Primegrowth Retail Property Pty Ltd,Twin City Trading 2 Pty Ltd,Atterbury Mile Pty Ltd",1124.76,"Completed","Real Estate","Financials, Financials, Financials",,,,
"AST",2006/7/18,"Koornfontein Mine","Siyanda Resources Ltd,Aka Resources Holdings Pty Ltd",539.07,"Completed","N.A.","Materials, Materials",,,,
"AST",2010/11/29,"Chapudi Coal Project","MC Mining Ltd",536.90,"Completed","N.A.","Materials",,317.112,,2037.15
"AST",2001/9/4,"Interest in 2 Mvelaphanda cos","Mvelaphanda Resources Ltd",634.25,"Completed","N.A.","Materials",,,,
"M&A",2004/10/31,"Vector Logistics Ltd","RCL Foods Ltd/South Africa",454.90,"Completed","Industrials","Consumer Staples",,26493.8,,18663.8
"M&A",2024/3/18,"Docfox Inc","nCino Inc",1405.56,"Completed","Technology","Technology",,10510.4,,26581.3
"M&A",2017/9/6,"Maseve Investments 11 Pty Ltd","Royal Bafokeng Platinum Ltd",944.97,"Completed","Unclassifiable","Materials",,15911.3,,36396.3
"M&A",1999/12/27,"Granja Rezende SA","Sadia SA",450.14,"Completed","N.A.","Consumer Staples",,45936,,41865.8
"M&A",2008/10/23,"Maskew Miller Longman Pty Ltd","Pearson PLC",819.93,"Completed","Communications","Communications",,84294.8,,143922
"M&A",2016/12/19,"Petmin Ltd","Capitalworks Investment Partners Pty Ltd",1022.43,"Completed","Materials","Financials",1282.62,,2139.91,
"M&A",2000/11/16,"BBR Security","Chubb PLC",556.20,"Completed","Industrials","Industrials",,23640.5,,20710.1
"INV",2006/1/31,"Vukile Property Fund Ltd","BEEShareCo",439.00,"Completed","Real Estate","Financials",5890,,64436,
"AST",2000/12/14,"Data Systems Division","Bytes Technology Group Ltd/South Africa",557.86,"Completed","N.A.","Technology",,,,
"M&A",2003/5/6,"NamITech Holdings Ltd","Allied Technologies Ltd",522.50,"Completed","Industrials","Communications",,10161,,3764
"INV",2003/12/11,"Mondi's newsprint business","MCI Resources Ltd",460.02,"Completed","N.A.","Financials",,,,
"M&A",2004/12/28,"Rockover Oil & Gas Ltd","Etablissements Maurel et Prom SA",404.46,"Completed","Energy","Energy",,10325.8,,41120.4
"M&A",2004/3/9,"Barplats Investments Pty Ltd","Consortium",469.87,"Completed","Materials","N.A.",385.624,,685.425,
"M&A",2004/12/17,"Tsogo Sun Limited","Hosken Consolidated Investments Ltd",412.12,"Completed","Consumer Discretionary","Consumer Discretionary",10841,24172.5,14695,64182
"AST",2018/1/29,"New Largo thermal coal project,Old New Largo closed colliery","Industrial Development Corp of South Africa Ltd",850.00,"Completed","Materials, Materials","Government",,25556,,159323
"INV",2005/9/29,"Kagiso Trust Investments Ltd","Remgro Ltd",450.00,"Completed","Financials","Financials",,51506,,142174
"M&A",2017/8/10,"Sovereign Food Investments Ltd","CapitalWorks LLC",943.06,"Completed","Consumer Staples","Financials",2163.68,,1558.11,
"M&A",2007/6/7,"Coal of Africa Ltd/Old","MC Mining Ltd",506.40,"Completed","Materials","Materials",,317.112,,2037.15
"M&A",2006/12/1,"Be-Tabs Pharmaceuticals Pty Ltd","Ranbaxy Laboratories Ltd",501.12,"Completed","Health Care","Health Care",,18689.4,,24734.5
"M&A",2012/3/2,"Ezulwini Mining Co Pty Ltd","Gold One International Ltd",526.18,"Completed","Materials","Materials",,3243.97,,7052.91
"AST",2007/9/4,"Orkney mine","Pamodzi Gold Ltd",503.84,"Completed","N.A.","Materials",,,,862.653
"M&A",2008/9/23,"Lethimvula Investments Ltd","AfroCentric Investment Corp Ltd",568.92,"Completed","Consumer Staples","Consumer Staples",,7358.39,,4180.45
"AST",2003/12/5,"Property portfolio","ApexHi Properties Ltd",439.08,"Completed","N.A.","Real Estate",,,,
"INV",2006/12/8,"Metair Investments Ltd","Coronation Capital Ltd",490.57,"Completed","Consumer Discretionary","Financials",17868.3,32.3947,12581,36.1545
"M&A",2017/4/11,"Takealot Online RA Pty Ltd","Naspers Ltd",960.00,"Completed","Consumer Discretionary","Communications",,188265,,1.35492e+06
"INV",2007/9/11,"Sasfin Holdings Ltd","Circle Capital Ventures Ltd",495.00,"Completed","Financials","Financials",1932.99,,12860.6,
"AST",2001/5/31,"Dwars Rivier PGM rights","Two Rivers Platinum Pty Ltd",551.00,"Completed","N.A.","Materials",,,,
"AST",2018/6/13,"Peresec Fund Platform Pty Ltd,Peregrine Securities Pty Ltd,Peresec International Ltd/South Africa","Legae Securities Pty Ltd",909.99,"Completed","Financials, Financials, Financials","Financials",,,,
"M&A",2006/12/9,"Barloworld Robor Pty Ltd","Management Group,Robor Pty Ltd,RMB Ventures Six Pty Ltd",480.00,"Completed","Materials","Materials, Financials",,,,
"M&A",2018/2/28,"Sembcorp Silulumanzi Pty Ltd,Sembcorp Siza Water RF Pty Ltd","Water Works Pty Ltd",790.00,"Completed","Industrials, Industrials","Industrials",,,,
"M&A",2002/9/13,"Petrex Ppty Ltd","EAGC Ventures Corp",701.00,"Completed","Materials","N.A.",,,,
"M&A",2019/7/25,"Alexander Forbes Administration Services Pty Ltd,Alexander Forbes Direct Pty Ltd,Alexander Forbes Insurance Co Ltd","Momentum Group Limited",938.00,"Completed","Financials, Financials, Financials","Financials",,73780,,803213
"INV",2007/1/12,"Oresteel Investments Pty Ltd","Sumitomo Corp",480.20,"Completed","Financials","Industrials",,847018,,1.4593e+06
"M&A",2022/1/19,"Peg Retail Holdings Pty Ltd","KAL Group Ltd",1017.03,"Completed","Real Estate","Consumer Staples",,20305.2,,8229.85
"INV",2007/11/23,"House of Busby Ltd/The","Ethos Private Equity Pty Ltd",452.03,"Completed","Consumer Discretionary","Financials",,,,
"M&A",2005/4/26,"Moresport Holdings Ltd","Massmart Holdings Ltd",403.80,"Completed","Consumer Discretionary","Consumer Staples",520.01,77621.6,302.782,40144.7
"M&A",2011/7/14,"Vox Telecom Ltd","Lereko Metier Trustees Pty Ltd",452.37,"Completed","Communications","Financials",,,,
"AST",2015/6/5,"Griffin Property Portfolio","Burstone Group Limited",826.00,"Completed","Real Estate","Real Estate",,2024.64,,17662.3
"M&A",2000/11/14,"IBL Asset Finance & Services Pty Ltd","Nedbank Group Ltd",500.00,"Completed","Financials","Financials",6519.35,164033,48768.1,1.55863e+06
"M&A",2003/6/13,"Chambishi Ltd","J&W Investment Group Ltd",514.00,"Completed","Materials","Financials",,,,
"INV",2013/12/12,"Control Instruments Group Pty Ltd","Torre Industries Ltd",680.59,"Completed","Industrials","Industrials",553.549,1450,329.789,1161
"M&A",2000/9/15,"Gray Security Services Ltd","G4S Holdings 102 UK Ltd",467.64,"Completed","Industrials","Industrials",686.169,16813.7,,8259.41
"INV",2014/10/31,"Tekkie Town Pty Ltd","Actis LLP (Fund: Actis Global 4 LP),Actis LLP (Fund: Actis Africa Fund 4 LP)",717.07,"Completed","Consumer Discretionary","Financials",,,,
"M&A",2008/11/20,"Kwikspace Modular Buildings Pty Ltd","Absa Group Ltd,Management Group,Vantage Capital Kwikspace Investments Ltd",682.55,"Completed","Consumer Discretionary","Financials, Financials",402.051,,378.586,
"INV",2015/9/21,"South African Distilleries & Wines SA Ltd","Distell Beverages RF Proprietary Ltd",869.40,"Completed","Consumer Staples","Consumer Staples",,,,
"M&A",2014/5/9,"Bytes Technology Group South Africa Pty Ltd","Altron Ltd",669.19,"Completed","Technology","Communications",,9637,,9648
"M&A",2014/9/16,"Nanospan Investments Proprietary Ltd,Innospan Investments Proprietary Ltd","Advtech Ltd",698.90,"Completed","Consumer Discretionary, Consumer Discretionary","Consumer Discretionary",,9330.4,,11297
"AST",2012/11/15,"Sunnypark Shopping centre","Rebosis Property Fund Ltd",572.90,"Completed","N.A.","Real Estate",,1666.66,,13512.2
"INV",2023/10/5,"Sanari Capital Pvt Co","Public Investment Corp Ltd,Alexander Forbes Investments Ltd",1250.01,"Completed","Financials","Financials, Financials",,,,
"AST",2018/8/3,"New Largo thermal coal project","New Largo Coal Pty Ltd",850.00,"Completed","Materials","Materials",,,,
"AST",2014/8/18,"African assets","Minor International PCL",677.97,"Completed","Technology","Consumer Discretionary",,87352.8,,187955
"INV",2020/11/17,"Metro Fibre Networx Pty Ltd","African Infrastructure Investment Managers Pty Ltd",980.00,"Completed","Communications","Financials",,,,
"AST",2021/1/21,"Motor retail business/Barloworld South Africa Pty Ltd","NMI Durban South Motors Pty Ltd",947.27,"Completed","Consumer Discretionary","Consumer Discretionary",,,,
"M&A",2024/11/4,"Much Asphalt Pty Ltd","Old Mutual Private Equity,Sphere Investments Pty Ltd",1100.00,"Completed","Materials","Financials, Financials",,,,
"M&A",2022/5/24,"FerroChrome Furnaces","Ironveld PLC",980.00,"Completed","Materials","Industrials",,0.0940396,,858.317
"AST",1999/12/21,"Underlying assets","Investec Ltd",383.55,"Completed","N.A.","Financials",,111529,,1.43453e+06
"M&A",2017/12/20,"Bisquit Dubouche ET Cie","Davide Campari-Milano NV",785.72,"Completed","Consumer Staples","Consumer Staples",5634.14,61595.8,31604.2,157709
"M&A",2006/2/3,"Energem Petroleum Corp Chad Ltd","FirstAfrica Oil Ltd",380.76,"Completed","Energy","Energy",,,,1037.02
"M&A",2006/1/30,"Apollo Tyres South Africa Pty Ltd","Apollo Tyres Ltd",380.52,"Completed","Consumer Discretionary","Consumer Discretionary",,55513.7,,52660.7
"M&A",2013/12/12,"Harveys Composites Pty Ltd,Arkema Resins Pty Ltd","Ferro Industrial Products Pty Ltd",645.20,"Completed","Consumer Discretionary, Materials","Materials",,,,
"AST",2005/1/17,"15 pptys portfolio","Monyetla Property Fund Ltd",371.25,"Completed","Real Estate","Real Estate",,151.191,,1296.07
"AST",2012/3/14,"Eqstra Mining Services business units","Caterpillar Inc",475.00,"Completed","N.A.","Industrials",,1.20845e+06,,1.63325e+06
"AST",2001/5/31,"Cash & carry ops","Massmart Holdings Ltd",490.00,"Completed","N.A.","Consumer Staples",,77621.6,,40144.7
"M&A",2006/12/20,"Barberton Mines Pty Ltd","Pan African Resources PLC",422.39,"Completed","Materials","Materials",,9812.67,,17802.4
"INV",2015/2/20,"African Reinsurance Corp South Africa Ltd","AXA SA",709.02,"Completed","Financials","Financials",,1.8489e+06,,1.23567e+07
"AST",2012/9/18,"Pharmaceutical and Consumer Healthcare Supply Chain Services Business","Imperial Logistics Ltd",500.00,"Completed","N.A.","Consumer Discretionary",,52208,,30329
"M&A",2009/10/29,"Nucoal Mining Pty Ltd","MC Mining Ltd",467.00,"Completed","Materials","Materials",,317.112,,2037.15
"AST",2003/5/16,"34 Properties","Momentum Property Investments Pty Ltd",467.00,"Completed","Real Estate","Real Estate",,,,
"M&A",2014/8/11,"BAE Systems-Land Systems South Africa Pty Ltd","Denel SOC Ltd",641.00,"Completed","Industrials","Industrials",,2729,,8525
"AST",2006/12/14,"Rustenburg Platinum Mines' Union business","Investor Group",420.00,"Completed","N.A.","N.A.",,,,
"INV",2008/3/19,"City Lodge Hotels Ltd","Vuwa Investments Pty Ltd",485.00,"Completed","Consumer Discretionary","Financials",1997.45,,3076.1,
"AST",2013/3/22,"Four capital acquisitions","Dipula Properties Ltd",559.03,"Completed","N.A.","Real Estate",,1522.33,,11219.6
"M&A",2009/9/23,"Vergenoeg Mining Co Pty Ltd","Minerales y Productos Derivados SA",445.64,"Completed","Materials","Materials",,9446.7,,17823.7
"M&A",2000/11/23,"Mettle Ltd/Old","Mettle Ltd",469.22,"Completed","Financials","Financials",,,,
"AST",2016/8/26,"28 Harrison Street -124 Main Street & 64 Eloff Street properties/ZA","Southern Palace Group of Cos Pty Ltd",847.50,"Completed","Real Estate","Financials",,,,
"INV",2009/4/9,"Mapochs Mine Pty Ltd","Lashka 81 Proprietary Ltd,Mapochs Mine Community Trust",543.96,"Completed","Materials","Materials, Consumer Discretionary",,,,
"AST",2004/4/21,"AECI's explosives ops","EmpCo",401.00,"Completed","N.A.","Financials",,,,
"AST",2011/1/25,"Access Park erf 142906","Fountainhead Property Trust",418.57,"Completed","N.A.","Real Estate",,1282.03,,12601.5
"INV",2023/4/25,"Keliber Oy","Terrafame Group Oy",1084.78,"Completed","Materials","Materials",,,,
"M&A",2021/5/6,"Afro Energy Co","Kinetiko Energy Ltd",833.91,"Completed","Unclassifiable","Materials",,,,847.351
"M&A",2001/7/2,"Corpcom Ltd","Joint Venture",468.00,"Completed","Communications","Financials",239.888,,350.199,
"M&A",2017/5/11,"Umongo Petroleum Pty Ltd","Omnia Holdings Ltd",780.00,"Completed","Energy","Materials",,24200,,17755
"AST",2009/2/17,"Tau Lekoa Mine","Simmer & Jack Mines Pty Ltd",600.00,"Completed","N.A.","Materials",,,,42.978
"M&A",2002/11/12,"OZZ Ltd","RMB Corvest Pty Ltd",570.14,"Completed","Financials","Financials",552.967,,462.9,
"INV",2005/11/7,"Sun International Ltd/South Africa","Dinokana Investments Ltd",392.00,"Completed","Consumer Discretionary","Financials",12979,,13642,
"INV",2010/3/29,"Ntsimbintle Mining Pty Ltd","OM Holdings Ltd",430.00,"Completed","Materials","Materials",,11376.8,,13840.6
"AST",2006/2/8,"Gum manufacturing business/South Africa","Cadbury Ltd",356.76,"Completed","N.A.","Consumer Staples",,78196.6,,96874.9
"AST",2001/11/21,"Peoples Bank Ltd","Brimstone/PAI consortium",569.30,"Completed","Financials","N.A.",,,,
"M&A",2017/2/16,"African Resonance Business Solutions Pty Ltd","Araxi Ltd",747.30,"Completed","Financials","Financials",,1166.16,,1828.16
"AST",2002/12/9,"Corridor Sands titanium dioxide project","BHP Billiton Nickel West Pty Ltd",523.19,"Completed","N.A.","Materials",,18153.3,,36188.7
"M&A",1999/2/11,"Infracom Ltd","Computer Configurations Holdings Ltd",346.50,"Completed","Industrials","Technology",,421.545,,
"M&A",2008/2/11,"Rural Maintenance Pty Ltd,Netelek UK Ltd,Netelek Holdings Pty Ltd","Southern Electricity Co Ltd",441.60,"Completed","Utilities, Utilities, Utilities","Utilities",,77.171,,47.087
"AST",2023/2/2,"258 MW solar power plant/Upington","STANLIB Asset Management Pty Ltd",969.53,"Completed","Energy","Financials",,,,
"M&A",1999/4/6,"South African Marine Corp Pty Ltd","Capital Finance SA",349.45,"Completed","Financials","N.A.",,,,
"AST",2013/10/17,"Portfolio of properties/South Africa","Burstone Group Limited",555.00,"Completed","N.A.","Real Estate",,2024.64,,17662.3
"M&A",2008/3/25,"Abalengani Mining Investment Pty Ltd","Andulela Investment Holdings Ltd",454.22,"Completed","Financials","Financials",,1539.39,,714.472
"M&A",2017/10/13,"NOSA Group/South Africa","Carlyle Group Inc/The",750.00,"Completed","Financials","Financials",,87568.1,,482362
"INV",2014/12/15,"Distribution and Warehousing Network Ltd","Distribution and Warehousing Network Ltd",664.13,"Completed","Consumer Discretionary","Consumer Discretionary",3478.63,3478.63,1222.27,1222.27
"M&A",2010/8/4,"Mashala Resources","Continental Coal Ltd",406.30,"Completed","Materials","Materials",,,,609.755
"M&A",2015/2/4,"Village Main Reef Ltd","HEAVEN-SENT Capital Management Group Co Ltd",637.42,"Completed","Materials","Financials",1480.08,,2326.38,
"AST",2009/9/16,"Free State assets","Harmony Gold Mining Co Ltd",405.00,"Completed","N.A.","Materials",,73896,,77503
"INV",2005/8/29,"BNP Paribas Personal Finance South Africa Ltd","Standard Bank Group Ltd",358.00,"Completed","Financials","Financials",85985.9,307016,291752,3.62085e+06
"AST",2016/5/31,"UK & South African Portfolio","Texton Property Fund Ltd",863.40,"Completed","Real Estate","Real Estate",,278.371,,2473.35
"M&A",2001/2/7,"Omnipless Pty Ltd","Cobham Ltd",434.06,"Completed","Communications","Industrials",,225.026,,31865.5
"INV",2020/2/25,"Jumo/South Africa","Goldman Sachs Group Inc/The,Odey Asset Management Group Ltd,LeapFrog Investments Ltd (Fund: LeapFrog Emerging Consumer Fund III LP)",837.72,"Completed","Technology","Financials, Financials, Financials",,,,
"INV",2006/7/24,"MTN Uganda Ltd","MTN Group Ltd",386.00,"Completed","Communications","Communications",17887.8,226707,24556.6,498712
"INV",2025/4/15,"Stitch Money Proprietary Ltd","Private Investor,Flourish Ventures Ltd,Raba Partnership/The (Fund: Raba Partnership 1 LP),PayPal Ventures,Norrsken Foundation/The (Fund: Norrsken22 African Tech Growth Fund),Glynn Capital Management LLC (Fund: Glynn Partners VI LP),Ribbit Management Co LLC (Fund: Ribbit Capital X LP),Firstmin...",1048.61,"Completed","Financials","Financials, Financials, Financials, Financials, Financials, Financials, Financials, Financials",,,,
"AST",2012/3/7,"Alberton City Shopping Centre","Growthpoint Properties Ltd",418.00,"Completed","N.A.","Real Estate",,13568,,152179
"AST",2004/9/22,"Property letting enterprises","Freestone Property Holdings Ltd",354.90,"Completed","N.A.","Real Estate",,256.962,,2198.85
"M&A",2001/12/21,"Shaft Sinkers Pty Ltd","AMCO Investments Ltd",667.40,"Completed","Energy","Financials",,24161.9,,10421.4
"AST",2008/8/7,"Tubatse Farms","Nkwe Platinum Ltd",407.32,"Completed","N.A.","Materials",,,,1111.86
"M&A",2011/1/18,"Peresys Pty Ltd","IRESS Ltd",375.00,"Completed","Financials","Financials",,6410.59,,7399.04
"INV",2016/9/29,"Alexander Forbes Ltd","Ubuntu-Botho Investments Pty Ltd",753.45,"Completed","Financials","Financials",411,,,
"M&A",2008/7/21,"Consolidated Power Projects Proprietary Ltd","Consolidated Infrastructure Group Ltd",409.50,"Completed","Utilities","Materials",,3168.57,,4822.44
"M&A",2021/9/13,"Sanlam Life & Pensions UK Ltd","Chesnara PLC",764.20,"Completed","Financials","Financials",38.6948,9294.34,54409.3,324838
"INV",2000/7/19,"South African Eagle","Zurich Allied AG",376.91,"Completed","N.A.","Financials",,139307,,775936
"AST",2012/3/29,"Megamine Business","Goliath Gold Mining Ltd",416.30,"Completed","N.A.","Materials",,,,168.204
"AST",2009/10/14,"East Rand operations","Aurora Empowerment Systems",390.00,"Completed","N.A.","Financials",,,,
"AST",2019/5/1,"Vanadium plant/Vanchem Vanadium Products Pty Ltd,SAJV ferrovanadium production business,Ivanti Resources","Bushveld Minerals Ltd",768.80,"Completed","Materials, Materials, Materials","Materials",,3156.58,,4193.67
"AST",2013/3/1,"Access Park Kenilworth Property","Vividend Income Fund Ltd",483.38,"Completed","N.A.","Financials",,198.702,,2276.2
"AST",2007/8/8,"Mozambique Coal Exploration Tenements","Riversdale Mining Ltd",374.46,"Completed","N.A.","Materials",,154.377,,2596.91
"INV",2017/8/31,"Prescient Holdings Pty Ltd","Stellar Capital Partners Ltd",691.70,"Completed","Financials","Financials",,75.586,,1151.61
"INV",2002/4/17,"ArcelorMittal South Africa Ltd","Mittal Steel Holdings AG",591.92,"Completed","Materials","Materials",32291,,21126,
"INV",2015/12/4,"Fruit & Veg City Holdings Ltd","Actis LLP",760.00,"Completed","Consumer Staples","Financials",,,,
"INV",2015/12/4,"Food Lovers Holdings Pty Ltd","Private Investor",760.00,"Completed","Consumer Staples","N.A.",,,,
"M&A",2005/12/22,"ICS Holdings Ltd","Private Investor",337.30,"Completed","Consumer Staples","N.A.",3136.61,,1566.67,
"M&A",2014/7/30,"Mogale Ba Bapo Mining Co","Lonmin Ltd",564.00,"Completed","Materials","Materials",,17584.6,,14154.6
"M&A",2016/8/11,"Conlog Pty Ltd","Consolidated Infrastructure Group Ltd",700.00,"Completed","Technology","Industrials",,3168.57,,4822.44
"M&A",2006/11/15,"Orion Telecom Investment Holdings Pte Ltd","Vox Telecom Ltd",380.00,"Completed","Communications","Communications",,,,
"AST",2003/12/4,"Boschendal Ltd","Consortium",326.46,"Completed","Consumer Staples","N.A.",,,,
"AST",2007/6/1,"Discom business","Edgars Consolidated Stores Ltd",369.00,"Completed","N.A.","Consumer Discretionary",,,,
"INV",2018/9/17,"Jumo/South Africa","Goldman Sachs Group Inc/The,Societe de Promotion et de Participation pour la Cooperation Economique SA,Finnfund,Gemcorp Capital LLP,VEF Ltd,LeapFrog Investments Ltd (Fund: LeapFrog Emerging Consumer Fund III LP)",773.42,"Completed","Technology","Financials, Government, Financials, Financials, Financials, Financials",,,,
"AST",2012/1/1,"Sable oil field,South Coast gas pj","Petroleum Oil & Gas Corp of South Africa Pty Ltd/The",419.91,"Completed","N.A.","Energy",,,,
"M&A",2004/8/20,"Certain businesses","KAP Ltd",340.90,"Completed","N.A.","Consumer Discretionary",,29615,,30805
"AST",2026/2/9,"Woodlands boulevard/shopping centre","Prime Growth Investments Ltd,Twin City AS,Witfontein Mile Pty Ltd",824.65,"Completed","Real Estate","Financials, Unclassifiable, Financials",,,,
"INV",2020/12/18,"African Rainbow Capital Financial Services Holdings Pty Ltd","Sanlam Ltd",754.01,"Completed","Financials","Financials",,237116,,1.2957e+06
"AST",2013/10/21,"Greenacres Shopping Centre","Acucap Properties Ltd",508.00,"Completed","N.A.","Real Estate",,679.829,,12572.8
"M&A",2014/9/4,"Partquip Group Pty Ltd","Hudaco Industries Ltd",550.00,"Completed","Consumer Discretionary","Industrials",,8748.36,,6727.25
"AST",2007/9/5,"10 properties","Ingenuity Property Investments Ltd",370.75,"Completed","Real Estate","Real Estate",,468.379,,3969.21
"M&A",2014/4/9,"Rift Petroleum Holdings Ltd","Tower Resources PLC",534.03,"Completed","Unclassifiable","Energy",,,,410.268
"INV",2018/11/26,"iSON Bpo Ltd","AfricInvest-TunInvest Group (Fund: AfricInvest Fund III),Gulf Capital PJSC (Fund: Gulf Credit Opportunities Fund II LP)",708.62,"Completed","Technology","Financials, Financials",,,,
"INV",2002/12/12,"Vodacom Group Ltd","VenFin Pty Ltd",450.00,"Completed","Communications","Financials",167652,,276433,
"INV",2022/3/1,"VALR Pty Ltd/South Africa","Private Investor,CMT Digital Venture LLC,Bittrex Inc,Coinbase Ventures,Distributed Global LLC,Alameda Research LLC,Third Prime Capital Management LLC (Fund: Third Prime Alpha Fund II LP),4D Innovative Capital Pty Ltd (Fund: 4Di Capital Fund III),Avon Ventures Ltd,GSR Ventures Management Co Lt...",773.27,"Completed","Technology","Financials, Financials, Financials, Financials, Financials, Financials, Financials, Financials, Financials, Financials, Financials",,,,
"INV",2022/8/16,"Custom Fundraising Solutions LLC","Private Investor",820.35,"Completed","Financials","N.A.",,,,
"M&A",2018/4/6,"D&A Cosmetics Pty Ltd,Atlanta Body & Health Products Pty Ltd","Dabur India Ltd",602.39,"Completed","Consumer Staples, Consumer Staples","Consumer Staples",,25957.2,,31481.3
"M&A",2021/6/3,"Highlands Investments Pty Ltd","Goodleaf Co Pty Ltd/The",682.04,"Completed","Consumer Staples","Consumer Staples",,,,
"M&A",2010/2/11,"Aardvark","Alphabet Inc",382.04,"Completed","Communications","Communications",,7.20248e+06,,9.86196e+06
"AST",2013/10/9,"Geotechnical Division","Keller Group PLC",500.00,"Completed","N.A.","Industrials",,72754.6,,40747.4
"AST",2004/5/17,"Gledhow sugar mill & refinery & estates","Grand Bridge Trading 40 Pty Ltd",335.00,"Completed","N.A.","Financials",,,,
"AST",2019/5/10,"Wealth management business/Investec PLC","Brewin Dolphin Holdings PLC",700.45,"Completed","Financials","Financials",,8196.65,,13960.4
"M&A",2010/11/22,"CTI Education Group of South Africa","Pearson PLC",346.50,"Completed","Communications","Communications",,84294.8,,143922
"INV",2000/8/28,"Northam Platinum Ltd","Mvelaphanda Holdings Pty Ltd",342.00,"Completed","Materials","Financials",,,,
"AST",2004/8/20,"South African unit","M-Web Holdings Ltd",323.34,"Completed","N.A.","Communications",,227.337,,610.653
"M&A",2009/11/10,"Boteti Exploration Pty Ltd","Lucara Diamond Corp",362.44,"Completed","Materials","Materials",,2854.69,,12801.4
"AST",2002/9/26,"South African ops","Unnamed Buyer",515.43,"Completed","N.A.","N.A.",,,,
"M&A",2022/11/9,"Grand Parade Investments Ltd","GMB Liquidity Corp",864.12,"Completed","Financials","Unclassifiable",0.292,,1142.11,
"AST",2008/9/2,"WBJV's Project 2","Wesizwe Platinum Ltd",376.90,"Completed","N.A.","Materials",,,,27833.3
"AST",2005/2/2,"Nkomati Nickel & Chrome Mine","LionOre Mining International Ltd",292.48,"Completed","N.A.","Materials",,6563.88,,12023.6
"INV",2000/6/28,"Internet Solutions","Nedbank Group Ltd",330.00,"Completed","Technology","Financials",,164033,,1.55863e+06
"INV",2021/11/17,"Ozow Pty Ltd","Futuregrowth Asset Management Pty Ltd,Tencent Holdings Ltd,Endeavor Global Inc,Endeavor Catalyst Inc (Fund: Endeavor Catalyst III LP)",744.85,"Completed","Financials","Financials, Communications, Consumer Discretionary, Financials",,,,
"M&A",2005/4/18,"Verimark Holdings Pty Ltd","Verimark Holdings Ltd",300.00,"Completed","Consumer Discretionary","Consumer Discretionary",,508.137,,226.367
"INV",2023/9/11,"Wetility Pty Ltd","Private Investor",902.27,"Completed","Energy","N.A.",,,,
"M&A",2000/11/15,"Liberty International Ltd/Jersey","Liberty Group Ltd",367.19,"Completed","N.A.","Financials",,74224,,569778
"INV",2009/4/6,"la Nouvelle Societe Interafricaine d'Assurance Participations SA","Emerging Capital Partners LLC",434.36,"Completed","Financials","Financials",,,,
"INV",2004/4/8,"Super Group Ltd/South Africa","PEU Investment Group Pty Ltd",300.00,"Completed","Industrials","Financials",44510.3,,38528.3,
"INV",2020/4/1,"DNI-4PL Contracts Pty Ltd","MIC Investment Investment Holdings Pty Ltd",860.00,"Completed","Technology","Financials",,,,
"M&A",2008/12/22,"Century Casinos Africa Pty Ltd","Hosken Consolidated Investments Ltd,Abi Sab Group Holding Ltd",460.00,"Completed","Consumer Discretionary","Consumer Discretionary, Consumer Staples",,,,
"M&A",2000/11/7,"NewCoal Services Ltd","Eyesizwe Coal Ltd",360.00,"Completed","Materials","Materials",,,,
"M&A",2023/9/4,"Actor Pharma Pty Ltd","Cipla Ltd/India",902.07,"Completed","Health Care","Health Care",,54524.5,,76535.3
"INV",2015/8/6,"Credit Guarantee Insurance Corp of Africa Ltd","Om Residual UK Ltd",600.00,"Completed","Financials","Financials",,174991,,910113
"INV",2006/11/7,"Kroondal Operations Pty Ltd","Aquarius Platinum Ltd",342.53,"Completed","Materials","Materials",,2353.79,,7218.72
"AST",2012/1/31,"Centurion Boulevard","Fountainhead Property Trust",366.00,"Completed","N.A.","Real Estate",,1282.03,,12601.5
"M&A",2001/7/2,"Corpcom Ltd","Clidet No 355 Pty Ltd",374.00,"Completed","Communications","Financials",239.888,,350.199,
"M&A",2013/5/17,"HCI Invest 3 Holdco Pty Ltd","E Media Holdings Ltd",437.50,"Completed","Financials","Consumer Discretionary",,3011.86,,6209.85
"M&A",2017/11/28,"Chill Holdings Pty Ltd","Long4Life Ltd",634.00,"Completed","Consumer Staples","Consumer Discretionary",,3582.54,,5721.8
"AST",2005/5/4,"Mining & smelting assets","Joint Venture",276.16,"Completed","N.A.","N.A.",,,,
"INV",2022/2/14,"Stitch Money Pty Ltd","Private Investor,TrueLayer Ltd,Firstminute Capital LLP (Fund: Firstminute Capital I LP),Village Global Management LLC (Fund: Village Global LP),Raba Partnership/The (Fund: Raba Partnership 1 LP),Spruce House Partnership LLC/The,Ribbit Management Co LLC (Fund: Ribbit Capital VI LP),9Yards Capi...",695.02,"Completed","Technology","Financials, Financials, Technology, Financials, Financials, Financials, Financials, Financials, Financials, Financials",,,,
"M&A",2004/7/12,"IST Group Ltd","Ethos Private Equity Pty Ltd",278.22,"Completed","Financials","Financials",320.207,,235.739,
"M&A",2012/5/17,"Green Cross Manufacturers Pty Ltd,Green Cross Retail Holdings Pty Ltd,Green Cross Properties Pty Ltd/South Africa","AVI Ltd",382.50,"Completed","Financials, Financials, Financials","Consumer Staples",,16021.5,,10497.2
"M&A",2011/12/21,"KWV Holdings Ltd","Hosken Consolidated Investments Ltd",378.61,"Completed","Consumer Staples","Consumer Discretionary",,24172.5,,64182
"M&A",2000/11/17,"Lion Match Co Pty Ltd/The","Consortium",352.76,"Completed","Consumer Staples","N.A.",245.982,,435.004,
"AST",2016/10/31,"7 properties letting enterprises","Trematon Capital Investments Ltd",614.10,"Completed","Real Estate","Financials",,267.313,,642.32
"INV",2010/3/15,"Clover Industries Ltd","Clover Industries Ltd",337.40,"Completed","Consumer Staples","Consumer Staples",8312.48,8312.48,6258.61,6258.61
"AST",2013/6/4,"Foodcorp Fishing Division","Oceana Group Ltd",445.00,"Completed","N.A.","Consumer Staples",,9995,,13556
"INV",2004/10/5,"Fabcos Investment Holding Co Ltd","Johnnic Holdings Ltd",295.00,"Completed","Communications","Real Estate",,,,
"INV",2022/1/27,"ARB Holdings Ltd","Masimong Group Holdings Pty Ltd,Sabvest Capital Ltd",696.91,"Completed","Industrials","Financials, Financials",2922.92,,2052.93,
"INV",2013/9/11,"Senwes Ltd","Grindrod Ltd",444.00,"Completed","Consumer Staples","Industrials",,5558.33,,16129.9
"M&A",2016/9/15,"Edcon Ltd","Retailability Pty Ltd",637.00,"Completed","Consumer Discretionary","Consumer Discretionary",25343,,20809,
"INV",2013/9/19,"Van Schaik Bookstores,Bookmark at UP Pty Ltd,Van Schaik Namibia Pty Ltd,Exclusive Books Airport Pty Ltd,Airport Bookshop Pty Ltd","Global Capital Securities PTY Ltd,Medu Capital (Fund: Medu Capital Fund III)",435.00,"Completed","Consumer Discretionary, Consumer Discretionary, Consumer Discretionary, Consumer Discretionary, Consumer Discretionary","Industrials, Financials",,,,
"M&A",2006/7/7,"Wakefield Investments Pty Ltd","Lexshell 668 Investments Pty Ltd",314.50,"Completed","Materials","Materials",,,,
"AST",2012/7/11,"Woodlands Office Park","Sycom Property Fund",365.00,"Completed","N.A.","Real Estate",,915.74,,9272.69
"M&A",2001/6/21,"Cashbank Ltd","BOE Ltd",356.00,"Completed","Financials","Financials",,9089,,67236
"M&A",2007/2/28,"Zhejiang Galico Cobalt & Nickel Material Co Ltd,Alliance Minerals and Resources Trading Pty","ENRC Africa Holdings Ltd",315.95,"Completed","Materials, Consumer Discretionary","Materials",,,,0.0600846
"INV",2025/11/5,"Airnergize Capital","Standard Bank Group Ltd",750.00,"Completed","Financials","Financials",,307016,,3.62085e+06
"M&A",2022/10/4,"Commercial Cold Storage Group Ltd","African Infrastructure Investment Managers Pty Ltd (Fund: African Infrastructure Investment Fund 4),Bauta Logistics Ltd,Mokobela Shakati Pty Ltd",760.00,"Completed","Industrials","Financials, Industrials, Financials",,,,
"M&A",2000/9/19,"Integrear","Best Cut Ltd",313.22,"Completed","Technology","Technology",,,,
"INV",2006/10/24,"Atlas Properties Ltd","Acucap Properties Ltd",331.39,"Completed","Real Estate","Real Estate",624.298,679.829,1391.51,12572.8
"AST",2003/9/18,"Mining area Block 1C11","AngloGold Ashanti Ltd",315.00,"Completed","N.A.","Materials",,,,
"AST",2000/12/20,"Killarney Mall Properties Pty Ltd","Octodec Investments Ltd",325.00,"Completed","Real Estate","Real Estate",,2172.6,,11479.6
"M&A",2021/5/12,"Everite Pty Ltd","Management Group,Lonsa Group Ltd,Legacy Africa Fund Managers Pty Ltd (Fund: Legacy Africa Capital Partners Fund I)",600.00,"Completed","Industrials","Financials, Financials",,,,
"AST",2002/2/20,"74 High-yielding pptys","ApexHi Properties Ltd",482.18,"Completed","N.A.","Real Estate",,,,
"INV",2005/10/4,"Mediclinic International RF Pty Ltd","Management Group,Phodiso Holdings Ltd,Circle Capital Ventures Ltd",273.75,"Completed","Health Care","Financials",35238,,79179,
"INV",2009/9/28,"Ntsimbintle Mining Pty Ltd","OM Holdings Ltd",313.56,"Completed","Materials","Materials",,11376.8,,13840.6
"M&A",2001/8/13,"PG Holdings","Private Investor",349.60,"Completed","Industrials","N.A.",,,,
"AST",2014/10/6,"Weskus Mall/Vredenburg","Fortress Real Estate Investmen",469.90,"Completed","Real Estate","Real Estate",,6015.61,,59861.6
"AST",2004/4/29,"11 pptys portfolio/Lyons","Growthpoint Properties Ltd",287.55,"Completed","Real Estate","Real Estate",,13568,,152179
"M&A",2012/11/12,"Metier Mixed Concrete Pty Ltd","Sephaku Holdings Ltd",365.00,"Completed","Materials","Materials",,1291.49,,1741.72
"M&A",2005/4/4,"A&D Spitz Pty Ltd","AVI Ltd",260.00,"Completed","Consumer Discretionary","Consumer Staples",,16021.5,,10497.2
"M&A",2000/12/15,"Health and Racquet Club","Virgin Active Holdings Ltd",320.00,"Completed","N.A.","Consumer Discretionary",,,,
"AST",2015/6/2,"15 property letting enterprises","Delta Property Fund Ltd",507.00,"Completed","N.A.","Real Estate",,1166.6,,6476.37
"M&A",2017/5/10,"Dialogue Group Holdings Ltd","Sinch AB",557.19,"Completed","Technology","Technology",343.988,49429.2,184.685,72126.8
"M&A",2018/6/13,"Viking Aquaculture Pty Ltd","Sea Harvest Group Ltd",548.35,"Completed","Consumer Staples","Consumer Staples",,6642.96,,9519.88
"AST",2016/11/1,"Infrastructure & building businesses","Management Group,Public Investment Corp Ltd,Concor Pty Ltd,Southern Palace Group of Cos Pty Ltd",564.00,"Completed","Industrials","Financials, Financials, Financials",,,,
"M&A",2006/9/4,"African Harvest Fund Managers Proprietary Ltd,African Harvest Collective Investments Ltd","Cadiz Holdings Ltd",295.00,"Completed","Financials, Financials","Financials",,623.113,,6668.99
"M&A",2020/8/31,"Zarclear Holdings Ltd","Peresec Prime Brokers Pty Ltd",695.49,"Completed","Financials","Financials",-79.953,,3664.12,
"AST",2013/10/16,"Residential property portfolio/Johannesburg","Arrowhead Properties Ltd/Old",406.00,"Completed","N.A.","Real Estate",,2222.09,,14434.1
"M&A",1999/3/25,"Tisec SA Ltd","Tisec Ltd",254.00,"Completed","N.A.","Financials",,0.103,,0.415
"AST",2014/6/26,"Dihlabeng Mall/South Africa,Foschini Building/South Africa","Burstone Group Limited",434.90,"Completed","N.A.","Real Estate",,2024.64,,17662.3
"M&A",2008/10/23,"Cofiparinter Ltd","ENRC Africa Holdings Ltd",457.48,"Completed","Materials","Materials",,,,0.0600846
"M&A",2011/6/20,"Cycad Pipelines Pty Ltd","Stefanutti Stocks Holdings Ltd",276.00,"Completed","Industrials","Industrials",,7839.87,,5740.61
"INV",2010/1/19,"Delta Mining Consolidated Pty Ltd","Consolidated Growth Holdings Ltd",300.60,"Completed","Materials","Materials",,,,80.0834
"AST",2018/10/5,"Grand Central Building/Cape Town","Rebosis Property Fund Ltd",600.00,"Completed","Real Estate","Real Estate",,1666.66,,13512.2
"INV",2004/10/10,"Makwiro Platinum Mines Pvt Ltd","Zimplats Holdings Ltd",264.98,"Completed","Materials","Materials",,15019.5,,46536.9
"M&A",2022/5/18,"Enyuka Prop Holdings Ltd","One Property Holdings Pty Ltd",641.50,"Completed","Financials","Real Estate",,,,
"INV",2021/8/24,"Sustainable Power Solutions Investments","New GX Capital Holdings Pty Ltd,Gridworks Development Partners LLP",600.03,"Completed","Financials","Financials, Financials",,,,
"AST",2025/7/22,"Zafiri","African Development Bank",702.34,"Completed","Financials","Government",,47857.2,,1.0468e+06
"INV",2016/2/3,"Travelstart Online Travel Operations Pty Ltd","MTN Group Ltd,Private Investor,Amadeus Capital Partners Ltd (Fund: Amadeus IV Digital Prosperity Fund)",644.82,"Completed","Communications","Communications, Financials",,,,
"M&A",2012/9/5,"Trinergy Brand Connectors Pty Ltd","Kagiso Media Ltd",335.00,"Completed","Communications","Communications",,1335.95,,1826.15
"AST",1999/2/17,"KFM Radio Pty Ltd","Old Primedia Ltd",246.00,"Completed","Communications","Communications",,,,
"INV",2013/7/1,"New Foodcorp Holdings Pty Ltd","RCL Foods Ltd/South Africa",393.00,"Completed","Consumer Staples","Consumer Staples",,26493.8,,18663.8
"INV",2026/3/2,"Commercial Energy SA","Vantage Capital Pty Ltd,Greenpoint Capital Pty Ltd",635.00,"Completed","Energy","Financials, Financials",,,,
"AST",2025/10/29,"Tugela Ferry Mall/KwaZulu-Natal,Jozini Mall/KwaZulu-Natal","Unnamed Buyer",674.00,"Completed","Real Estate, Real Estate","N.A.",,,,
"M&A",2001/4/20,"m Cubed Capital Holdings Ltd","m Cubed Holdings Ltd",320.63,"Completed","Financials","Financials",,23.316,,76.433
"M&A",2022/10/3,"Trident Steel Pty Ltd","Ambassador Enterprise LLC,Trident Steel Pty Ltd,Arbor Capital Sponsors Pty Ltd,Joseph Investment LLC",700.00,"Completed","Materials","Financials, Materials, Financials",,,,
"AST",2018/10/3,"Mining Indaba business","Hyve Group PLC",564.97,"Completed","Materials","Industrials",,,,19408
"AST",2000/10/26,"5 business units","Chemical Services Ltd",300.00,"Completed","N.A.","Materials",,,,
"M&A",2018/11/12,"Torre Industries Ltd","Ethos Private Equity Pty Ltd (Fund: Ethos Mid Market Fund I A Partnership),Apex Partners Proprietary Ltd",561.87,"Completed","Industrials","Financials, Financials",1450,,1161,
"AST",2015/2/27,"Dwarsrivier Chrome Mine","Assore Ltd",450.00,"Completed","Materials","Materials",,6301.57,,34106.3
"AST",2015/2/10,"Everest South PGM Mine","Northam Platinum Ltd",450.00,"Completed","Materials","Materials",,,,
"M&A",2010/6/7,"Agnes Gold Mining Pty Ltd","Wesco Investments Ltd",300.00,"Completed","Materials","Consumer Discretionary",,18.797,,121.406
"M&A",2007/4/26,"Consolidated Steel Industries Pty Ltd","Tiso Blackstar Group SE,Management Group",269.00,"Completed","Materials","Financials",,,,
"AST",2003/7/31,"25 commercial pptys","iFour Properties Ltd",281.25,"Completed","Real Estate","Real Estate",,360.516,,2938.82
"M&A",2013/7/31,"Phamog Properties Pty Ltd","Delta Property Fund Ltd",377.50,"Completed","Consumer Discretionary","Real Estate",,1166.6,,6476.37
"M&A",2012/2/21,"O-line Holdings Ltd","Grundstuecksverwaltung Bettermann GmbH & Co KG",293.46,"Completed","Industrials","Industrials",427.358,,332.783,
"AST",2014/2/11,"Water treatment unit","AECI Ltd",416.46,"Completed","N.A.","Materials",,32183,,24402
"M&A",2022/3/4,"Real Foods Group/The","Brait PLC",578.11,"Completed","Consumer Staples","Financials",,1796,,15445
"INV",2011/2/7,"KWV Holdings Ltd","Hosken Consolidated Investments Ltd",274.12,"Completed","Consumer Staples","Consumer Discretionary",,24172.5,,64182
"M&A",2004/3/5,"Earlybird Farm Pty Ltd","Astral Foods Ltd",250.00,"Completed","Consumer Staples","Consumer Staples",,22619.2,,9325.82
"AST",2021/9/16,"Portfolio of inner city residential properties/Johannesburg","Lonsa Group Ltd",546.25,"Completed","Real Estate","Financials",,,,
"AST",1999/11/4,"Capespan International Holdings Ltd","Fyffes PLC",229.02,"Completed","Industrials","Consumer Staples",,13962.6,,7466.12
"M&A",2011/12/8,"Hotel Formula 1","Tsogo Sun Limited",308.65,"Completed","Consumer Discretionary","Consumer Discretionary",,10841,,14695
"M&A",2004/4/26,"Golden Arrow Bus Services Pty Ltd","Hosken Consolidated Investments Ltd",250.00,"Completed","Industrials","Consumer Discretionary",,24172.5,,64182
"M&A",2018/8/28,"Ladismith Cheese Co Pty Ltd","Sea Harvest Group Ltd",527.00,"Completed","Consumer Staples","Consumer Staples",,6642.96,,9519.88
"AST",2003/8/7,"Corpbuild","Iliad Africa Ltd",271.74,"Completed","N.A.","Consumer Discretionary",,4365.45,,1640.62
"AST",2004/2/9,"Nkomati Nickel Joint Venture","African Rainbow Minerals Ltd",257.37,"Completed","N.A.","Materials",,11709,,74325
"INV",2002/9/5,"Energy Africa Pty Ltd","Petroliam Nasional Bhd",392.48,"Completed","Energy","Energy",1793.83,1.11107e+06,2357.54,3.16375e+06
"INV",2010/4/1,"Delta Mining Consolidated Pty Ltd","Consolidated Growth Holdings Ltd",267.70,"Completed","Materials","Materials",,,,80.0834
"INV",2003/3/12,"Ocfish Holding Co Ltd","Public Investment Corp Ltd",296.16,"Completed","Financials","Financials",,1261.76,,4617.25
"M&A",2010/12/10,"Pro Roof Steel Merchants Pty Ltd","Andulela Investment Holdings Ltd",252.00,"Completed","Materials","Financials",,1539.39,,714.472
"M&A",2005/2/16,"Peters Papers","Management Group,Izingwe Capital,Actis LLP (Fund: Actis Africa Fund 2 LP)",220.00,"Completed","Consumer Discretionary","Financials, Financials",,,,
"M&A",1999/11/3,"Alstom South Africa Pty Ltd","Alstom SA",225.00,"Completed","Utilities","Industrials",,385492,,686963
"INV",2000/9/14,"Peoples Bank Ltd","Investor Group",260.00,"Completed","Financials","N.A.",,,,
"AST",2021/2/24,"Telecom operations/South Africa","Convergence Partners Management Pty Ltd",529.00,"Completed","Technology","Financials",,,,
"M&A",2019/9/26,"Blue Label Mobile Group Proprietary Ltd","Lesaka Technologies Inc",544.00,"Completed","Communications","Financials",,11987.1,,11585.4
"M&A",2003/7/28,"Viking Pony Properties 359 Pty Ltd","Randgold & Exploration Co Ltd",266.22,"Completed","Real Estate","Materials",,,,50.495
"INV",2021/7/5,"Divercity Urban Property Fund Pvt Ltd","British International Investment PLC,Futuregrowth Asset Management Pty Ltd,Private Investor",513.37,"Completed","Real Estate","Financials, Financials",,,,
"INV",2007/10/30,"AfriCap Microfinance Investment Co","European Investment Bank,Accion International,Nederlandse Financierings-Maatschappij voor Ontwikkelingslanden NV,Calmeadow,Finfund Ltd,Norfund AS,Swedfund International AB",235.67,"Completed","Financials","Government, Consumer Discretionary, Government, Financials, Financials, Financials, Financials",,,,
"M&A",2005/6/2,"Samancor Chrome Ltd","Hanwa Co Ltd",245.03,"Completed","Materials","Materials",4082.13,307380,6260.85,129755
"AST",2016/4/10,"InterContinental Hotel Lusaka","QG Investments Africa Management Ltd",538.10,"Completed","Consumer Discretionary","Financials",,,,
"M&A",2014/12/4,"Wirecard Africa Holding Pty Ltd","Wirecard AG",401.33,"Completed","Financials","Financials",,31475.2,,96426.7
"M&A",2011/12/19,"Juta & Co Ltd","Kagiso Media Ltd",300.00,"Completed","Communications","Communications",,1335.95,,1826.15
"INV",2025/1/27,"ISA Carstens Holdings SA Pty Ltd","NetEd Education Holdings SA Pty Ltd",668.00,"Completed","Consumer Discretionary","Consumer Discretionary",,,,
"M&A",2000/12/18,"RCI Southern Africa","Avis Budget Group Inc",272.75,"Completed","N.A.","Consumer Discretionary",,208331,,517832
"AST",2011/9/9,"Property portfolio","Arrow Creek Investments 227 Pty Ltd",258.30,"Completed","N.A.","Financials",,,,
"M&A",2000/12/5,"Three units","Chemical Services Ltd",271.04,"Completed","N.A.","Materials",,,,
"M&A",2007/11/1,"President Steyn Gold Mines Ltd","Pamodzi Gold Ltd",232.80,"Completed","Materials","Materials",48.145,,,862.653
"M&A",2013/8/7,"Safika Cement Holdings Pty Ltd","PPC Ltd",350.00,"Completed","Materials","Materials",,10255,,10106
"AST",2002/11/4,"Rosebank Mall & JHI House","Acucap Properties Ltd",350.00,"Completed","Real Estate","Real Estate",,679.829,,12572.8
"M&A",2002/12/20,"Monyetla Property Fund Ltd","Edge to Edge 188 Ltd",313.77,"Completed","Real Estate","Real Estate",151.191,,1296.07,
"AST",2002/12/17,"Rosebank Mall & JHI House","Hyprop Investments Ltd",320.00,"Completed","Real Estate","Real Estate",,4879.83,,41638.4
"M&A",2003/5/9,"Coronation Holdings Ltd","Coronation Investments and Trading Ltd",254.84,"Completed","Financials","Financials",1383,,7026,
"INV",2016/7/12,"Dorper Wind Farm RF Pty Ltd","Mahube Infrastructure Ltd",501.00,"Completed","Utilities","Financials",,,,592.729
"M&A",2022/11/4,"MTN Afghanistan Ltd","M1 Ventures LLC",628.00,"Completed","Communications","Financials",,,,
"INV",2023/2/1,"Lulalend","DEG-Deutsche Investitions- und Entwicklungsgesellschaft mbH,Triodos Investment Management BV,International Finance Corp (Fund: IFC Financial Institutions Growth Fund LP),Quona Capital Management Ltd (Fund: Accion Quona Inclusion Fund LP),Women's World Banking Inc,Lightrock LLP (Fund: Lightroc...",601.71,"Completed","Financials","Financials, Financials, Financials, Government, Financials, Financials",,,,
"INV",2014/8/7,"Movile Internet Movel SA","Naspers Ltd,Innova Capital SA",376.58,"Completed","Industrials","Financials, Communications",3051.5,,2098.1,
"M&A",2010/6/28,"Indwe Broker Holdings Group Ltd","Santam Ltd",263.40,"Completed","Financials","Financials",,50952,,82392
"AST",2008/8/11,"Two medium sized hotels/South Africa","African Sun Ltd",270.00,"Completed","N.A.","Real Estate",,989.663,,2602.43
"M&A",2016/8/11,"Snowball Wealth Pty Ltd,Midbrook Lane Pty Ltd","Conduit Capital Ltd",464.00,"Completed","Financials, Financials","Financials",,1053.88,,1408.84
"M&A",2006/2/6,"LA Group Ltd","Clifton Dunes Investments 327 Pty Ltd",211.30,"Completed","Consumer Discretionary","Financials",,,,
"M&A",2004/6/8,"Stenham Group Ltd","Unnamed Buyer,Management Group",227.29,"Completed","Financials","N.A.",,,,
"M&A",2000/2/7,"Mercury Alpha Capital Ltd","Mercury Consolidated Holdings Pty Ltd",216.84,"Completed","Financials","Financials",,,,
"M&A",2007/4/27,"Sasol Dyno Nobel","Dyno Nobel Pty Ltd",243.55,"Completed","Materials","Materials",,,,
"INV",2007/4/27,"Sasol Dyno Nobel","Dyno Nobel Pty Ltd",243.55,"Completed","Materials","Materials",,,,
"INV",2019/1/30,"United Exports Ltd/South Africa","Nederlandse Financierings-Maatschappij voor Ontwikkelingslanden NV,International Finance Corp (Fund: IFC Global Financial Institutions Fund),Investment Fund for Developing Countries (Fund: Danish SDG Investment Fund)",465.32,"Completed","Consumer Staples","Government, Government, Financials",,,,
"M&A",2007/5/29,"Gope Exploration Co Pty Ltd","Gem Diamonds Ltd",242.97,"Completed","Materials","Materials",,1759.59,,4635.48
"INV",2012/10/1,"Norsad Finance","Finnfund,Norfund AS,Swedfund International AB,Investment Fund for Developing Countries",284.49,"Completed","Financials","Financials, Financials, Financials, Financials",,,,
"INV",2004/5/13,"African Life Assurance Co Ltd","Mvelaphanda Holdings Pty Ltd",235.00,"Completed","Financials","Financials",3604.3,,13106,
"AST",2011/5/6,"Namaqualand Mines","Emerald Panther Investments 78 Pty Ltd",225.00,"Completed","N.A.","Materials",,,,
"INV",2008/2/7,"Platinum Mile Resources Pty Ltd","Aquarius Platinum Ltd",258.41,"Completed","Materials","Materials",,2353.79,,7218.72
"AST",2002/10/10,"Portfolio of 27 investment pptys","Redefine Properties Ltd",349.50,"Completed","Real Estate","Real Estate",,11007.4,,106323
"AST",2002/2/14,"South African Airways","Transnet SOC Ltd",384.09,"Completed","Industrials","Industrials",28120,82691,13376,366867
"M&A",2018/7/11,"Mirren Pty Ltd","Cipla Ltd/India",450.00,"Completed","Health Care","Health Care",,54524.5,,76535.3
"M&A",2007/2/16,"Fidelity Cash Management Services Pty Ltd","G4S Ltd",237.73,"Completed","Industrials","Industrials",,146796,,105669
"M&A",2022/2/23,"ONE Financial Services Holdings Pty Ltd","Old Mutual Ltd",500.00,"Completed","Financials","Financials",,137675,,1.36792e+06
"M&A",2019/5/2,"Efekto Zambia Ltd,Agro-Serve Pty Ltd,Afrikelp Holdings Pty Ltd,Efekto Care Pty Ltd,Marltons Pets and Products Pty Ltd","Private Investor,Nedbank Capital Private Equity,RMB Ventures Seven Pty Ltd",480.00,"Completed","Health Care, Health Care, Health Care, Health Care, Consumer Staples","Financials, Financials",,,,
"INV",2022/5/31,"LifeCheq Pty Ltd","Private Investor,Naspers Ventures Ltd",514.41,"Completed","Financials","Financials",,,,
"M&A",2007/2/27,"Capital Outsourcing Group Pty Ltd","Adcorp Holdings Ltd",238.00,"Completed","Industrials","Industrials",,12458,,3026.54
"AST",2016/5/17,"Western Cape dealership business","Super Group Ltd/South Africa",512.00,"Completed","Consumer Discretionary","Consumer Discretionary",,44510.3,,38528.3
"INV",2010/8/6,"Business Connexion Group Ltd","BCG South Africa",237.51,"Completed","Technology","Technology",6512.28,,4001.55,
"M&A",2002/6/18,"Alcatel Altech Telecoms Ltd","Alcatel Lucent SAS",335.00,"Completed","Technology","Technology",,202291,,400223
"AST",2012/12/18,"Radisson Blu Gautrain Hotel","Hospitality Property Fund Ltd",275.00,"Completed","N.A.","Real Estate",,6047,,13674
"AST",2008/8/4,"12 General Electric locomotives","PME African Infrastructure Opportunities PLC",235.00,"Completed","N.A.","Financials",,,,38.2394
"M&A",2007/12/4,"Meyker Construction Pty Ltd,Meyker Re Teng Construction Pty Ltd","Sanyati Holdings Ltd",220.00,"Completed","Industrials, Industrials","Industrials",,,,
"AST",2023/10/13,"Capital equipment finance business/Sasfin Bank Ltd","African Bank Holdings Ltd",610.00,"Completed","Financials","Financials",,7706,,49341
"AST",2001/10/29,"3 President Steyn subsids","Thistle Mining Inc",298.22,"Completed","N.A.","Materials",,,,
"M&A",2005/5/5,"Sovereign Health Pty Ltd","FirstRand Ltd",190.00,"Completed","Health Care","Financials",,155879,,2.58654e+06
"INV",2004/10/11,"Pepkor Ltd","Consortium",208.00,"Completed","Consumer Discretionary","N.A.",7045.12,,3211.55,
"SPIN",2014/8/28,"Deneb Investments Ltd","Shareholders",337.37,"Completed","Consumer Discretionary","Consumer Discretionary",4339.29, ,3431.78, 
"M&A",2006/12/4,"Funerary Management Services Ltd","Adcorp Holdings Ltd",226.87,"Completed","Industrials","Industrials",,12458,,3026.54
"M&A",2014/9/25,"Alpha Pharm Pty Ltd/South Africa","Shogun Holdings & Finanz",350.00,"Completed","Consumer Staples","Financials",,,,
"M&A",2004/4/23,"New Africa Media Holdings Pty Ltd","Old Primedia Ltd",208.80,"Completed","Communications","Communications",,,,
"AST",2017/2/15,"Masa Chrome Co Pty Ltd,Rustenburg Platinum Mines Ltd Union Mine","Siyanda Resources Pty Ltd",400.00,"Completed","Materials, Materials","Financials",,,,
"M&A",2001/7/27,"Advent Properties Pty Ltd","Atlas Properties Ltd",253.25,"Completed","Real Estate","Real Estate",32.518,624.298,223.693,1391.51
"M&A",2002/9/17,"Robertsons Homecare Holdings Ltd","Tiger Brands Ltd",325.00,"Completed","Materials","Consumer Staples",,34392,,26955
"AST",2001/3/26,"Ngezi project","Impala Platinum Holdings Ltd",243.85,"Completed","N.A.","Materials",,85459,,135857
"M&A",2022/5/10,"Burger King South Africa Pty Ltd","Emerging Capital Partners LLC",493.97,"Completed","Consumer Discretionary","Financials",,,,
"INV",2006/9/28,"Peregrine Holdings Ltd","BEE consortium",234.52,"Completed","Financials","N.A.",1653.08,,9218.02,
"M&A",2000/3/2,"Grove Property Fund Ltd","Pangbourne Properties Ltd",194.50,"Completed","Real Estate","Real Estate",,,,
"AST",2003/2/17,"ETC gold mine complex","Metorex Ltd",255.00,"Completed","N.A.","Materials",,507.315,,972.895
"M&A",2015/2/16,"Set Point Group Ltd","Torre Industries Ltd",354.46,"Completed","Industrials","Industrials",359.376,1450,235.593,1161
"M&A",2004/6/2,"Denny Mushrooms Pty Ltd","AVI Ltd",197.50,"Completed","Consumer Staples","Consumer Staples",,16021.5,,10497.2
"AST",2009/4/1,"Four coal mines/Waterberg Coalfield","Firestone Energy Ltd",282.50,"Completed","N.A.","Materials",,,,
"INV",2020/1/21,"Skynamo Pty Ltd","Five Elms Capital LLC",433.88,"Completed","Technology","Financials",,,,
"INV",2022/12/9,"Moove Vehicle Ltd","Franklin Templeton Investments ME Ltd",520.29,"Completed","Technology","Financials",,,,
"M&A",2014/1/30,"C&L Mining & Resources Pty Ltd","Sedibelo Platinum Mines Ltd",336.10,"Completed","Materials","Materials",,2125.19,,3866.8
"INV",2023/4/5,"Peach Payments","Private Investor,Apis Partners LLP (Fund: Apis Growth Fund II LP)",541.65,"Completed","Technology","Financials",,,,
"M&A",2013/2/20,"Bilston Investments Proprietary Ltd","Unnamed Buyer",266.70,"Completed","Financials","N.A.",,,,
"INV",2024/1/10,"Seedstars Africa Ventures","European Investment Bank",560.43,"Completed","Financials","Government",,510570,,1.11266e+07
"M&A",2008/6/23,"Limosa Business Finance Pte Ltd","African Dawn Capital Ltd",240.00,"Completed","Financials","Financials",,15.435,,13.604
"M&A",2008/6/5,"Multimedia Solutions Corp","Lenco Mobile Inc",232.50,"Completed","Communications","Communications",,147.4,,79.5883
"INV",2016/3/9,"Universal Coatings Pty Ltd","Medu Capital",450.00,"Completed","Consumer Discretionary","Financials",,,,
"AST",2006/1/1,"Mozambican sugar plant","Origny-Naples SAS",187.48,"Completed","N.A.","Consumer Staples",,,,
"M&A",2001/10/30,"Bateman Project Holdings Ltd","Charton Investments SA",277.56,"Completed","Industrials","Financials",2605.95,,,
"M&A",2006/2/1,"Multinet/South Africa","PSG Group Ltd",180.00,"Completed","Financials","Financials",,7453,,26793
"AST",2013/2/25,"Clearwater Office Park Letting Enterprise","Annuity Properties Pty Ltd",258.52,"Completed","N.A.","Real Estate",,229.584,,1940.51
"M&A",2007/10/30,"Global Roofing Solutions Pty Ltd","Consolidated Steel Industries Pty Ltd",190.00,"Completed","Consumer Discretionary","Materials",,,,
"M&A",2021/10/11,"Alaris Holdings Ltd","Tadvest Ltd,CRH Investments Pty Ltd,Conexus Venture Capital Fund,Nguni Investments Proprietary Ltd,Chauke Investments Proprietary Ltd,Brazen Force Investments Proprietary Ltd",434.94,"Completed","Technology","Financials, Real Estate, Financials, Financials, Financials",563.762,,583.963,
"AST",2020/7/13,"Certain commercially viable stores & selected assets","Foschini Group Ltd/The",480.00,"Completed","Consumer Discretionary","Consumer Discretionary",,62423,,60205
"M&A",2000/11/7,"KSDP Group Pty Ltd","Tempus Group Ltd",218.61,"Completed","Communications","Communications",,,,2058.53
"M&A",2018/12/14,"Amalgamated Electronic Corp Ltd","Carlyle Group Inc/The",413.00,"Completed","Industrials","Financials",131.28,87568.1,164.709,482362
"AST",2002/3/22,"Natal Portland Cement Co Ltd","Intercement Portugal SA",328.90,"Completed","Materials","Materials",,20694,,62144.4
"INV",2013/4/17,"Capespan Group Ltd","Zeder Financial Services Ltd",263.44,"Completed","Consumer Staples","Financials",,,,
"M&A",2007/4/4,"Mine Waste Solutions Pty Ltd","First Uranium Corp",204.50,"Completed","Industrials","Materials",,,,42.705
"INV",2024/10/22,"Trevally Group Pty Ltd,Sherpa Trade And Invest 31 Pty Ltd","African Bank Holdings Ltd",500.00,"Completed","Consumer Discretionary, Consumer Discretionary","Financials",,7706,,49341
"INV",2009/11/24,"MTN Cote d'Ivoire SA","AfricInvest-TunInvest Group",211.77,"Completed","Communications","Financials",,,,
"AST",2001/11/27,"Siemens Telecommunications Pty Ltd","Reunert Ltd",282.06,"Completed","Communications","Industrials",,13881,,12759
"M&A",2002/10/4,"Plessey Corp Ltd","Pembani Group Pty Ltd",293.27,"Completed","Technology","Financials",1441.82,,985.556,
"M&A",2008/2/25,"Queensgate Leisure Holdings Pty Ltd","Queensgate Hotel and Leisure Ltd",215.89,"Completed","Financials","Consumer Discretionary",,121.011,,457.958
"M&A",2007/3/1,"Radiant Group Pty Ltd","South Ocean Holdings Ltd",204.75,"Completed","Industrials","Industrials",,2502.28,,1433.45
"M&A",2011/8/15,"Ferro Industrial Products Pty Ltd","Unnamed Buyer",200.00,"Completed","Materials","N.A.",,,,
"M&A",2022/3/11,"Hoonar Tekwurks Consulting Pty Ltd,Xpert Decision Sytems Pty Ltd,Managed Integrity Evaluation Pty Ltd,Zenaptix Pty Ltd","LR Africa Holdings Ltd",422.00,"Completed","Technology, Technology, Technology, Technology","Financials",,,,
"M&A",2024/11/20,"Recharger Pty Ltd","Lesaka Technologies Inc",507.00,"Completed","Industrials","Financials",,11987.1,,11585.4
"M&A",2007/4/4,"New Way Motor & Diesel Engineering","enX Group Ltd",200.00,"Completed","Industrials","Industrials",,378.355,,1554.24
"AST",1999/5/7,"Standard General Insurance Co Ltd/The","Capital Alliance Holdings Ltd",170.94,"Completed","Financials","Financials",,,,
"AST",2000/7/24,"Asset mgmt business","Franklin Templeton International",193.50,"Completed","N.A.","N.A.",,,,
"M&A",1999/1/5,"Sabot Management Ltd","Terrafin Holdings Ltd",160.00,"Completed","Industrials","Industrials",,68.321,,21.41
"AST",2003/3/5,"DNA assets","Super Group Ltd/South Africa",220.00,"Completed","N.A.","Industrials",,44510.3,,38528.3
"AST",2000/2/8,"Ppty portfolio","IPROP Holdings Ltd",173.87,"Completed","N.A.","Real Estate",,67.959,,265.545
"M&A",1999/8/27,"Irvin & Johnson Ltd","AVI Ltd",167.56,"Completed","Consumer Staples","Consumer Staples",,16021.5,,10497.2
"M&A",2019/7/29,"Crest Chemicals Ltd","Brenntag SE",390.00,"Completed","Materials","Materials",,306273,,206596
"M&A",2005/8/10,"African Life Health Pty Ltd","FirstRand Ltd",175.80,"Completed","Financials","Financials",,155879,,2.58654e+06
"M&A",2015/8/6,"P & L Hardware Ltd","Cashbuild Ltd",350.00,"Completed","Consumer Discretionary","Consumer Discretionary",,11477.6,,6606.85
"AST",2011/11/14,"Yellow maize milling business","Afgri Ltd",220.00,"Completed","N.A.","Consumer Staples",,8573,,7396
"M&A",2004/7/13,"African Cables Ltd","Reunert Ltd",167.54,"Completed","Industrials","Industrials",,13881,,12759
"AST",2009/10/23,"Shoprite Mayville Property Lending Business","Fortress Real Estate Investmen",203.80,"Completed","Real Estate","Real Estate",,6015.61,,59861.6
"M&A",2004/8/31,"SAIL Group Ltd","Consortium",181.91,"Completed","Consumer Discretionary","N.A.",185.596,,,
"INV",2014/8/13,"Evraz Highveld Steel & Vanadium Ltd","Macrovest",289.00,"Completed","Materials","Industrials",5192,,3588,
"INV",2009/2/23,"Grindrod South Africa Pty Ltd","Calulo Petrochemicals Pty Ltd,Adopt-a-School Foundation",274.00,"Completed","Industrials","Materials, Consumer Discretionary",,,,
"AST",2025/8/19,"Protea Gardens Mall/ Johannesburg","Setso Group Pty Ltd",478.10,"Completed","Consumer Discretionary","Financials",,,,
"M&A",2024/9/13,"DAM Nai Wind Power JSC","SUSI Partners AG",478.84,"Completed","Energy","Financials",,,,
"INV",2005/5/18,"Barplats Investments Pty Ltd","Gubevu Consortium Investment Holdings Pty Ltd",172.80,"Completed","Materials","Materials",385.624,,685.425,
"AST",2005/8/11,"Erf 170 Roggebaai/Cape Town","Spearhead Property Holdings Ltd",170.84,"Completed","N.A.","Real Estate",,,,
"M&A",2023/9/18,"Capespan Group Ltd","3 Sisters Pty Ltd",511.00,"Completed","Consumer Staples","Financials",,,,
"M&A",2010/2/15,"Bauba A Hlabirwa Mining Investments Pty Ltd","Bauba Resources Ltd",207.78,"Completed","Materials","Materials",,277.1,,545.089
"INV",2004/10/27,"Astrapak Ltd","Royal Bafokeng Nation",165.40,"Completed","Materials","Government",1348.37,,1840.51,
"M&A",2016/11/22,"Kanu Equipment Ltd","Management Group,Phatisa Group Ltd (Fund: African Agriculture Fund LLC),Kanthu Nkhama Capital Pty Ltd",376.05,"Completed","Industrials","Financials, Financials",,,,
"M&A",2006/8/25,"Franki Africa Pty Ltd","Esor Ltd",190.52,"Completed","Industrials","Industrials",,959.357,,636.305
"AST",2016/3/22,"5 buildings/Summit Place","Emira Property Fund Ltd",403.00,"Completed","Real Estate","Real Estate",,1459.26,,16388.7
"INV",2007/7/17,"Siyathenga Property Fund Ltd","Siyam Investments Pty Ltd,Siyat Investments Pty Ltd",183.97,"Completed","Real Estate","Financials, Financials",202.922,,1828.72,
"M&A",2014/11/26,"Future Indefinite Investments 82 Pty Ltd,Maravest Pty Ltd,Maramedia Pty Ltd,Shetland Investments Pty Ltd","Advtech Ltd",289.24,"Completed","Financials, Financials, Financials, Financials","Consumer Discretionary",,9330.4,,11297
"M&A",2007/12/4,"Megatron Federal Pty Ltd","Ellies Holdings Ltd",179.24,"Completed","Utilities","Industrials",,993,,419.561
"AST",2000/10/4,"4 Fedsure Properties","Primegro Properties Ltd",190.77,"Completed","N.A.","Real Estate",,339.939,,2465.73
"AST",2011/12/7,"28 Harrison Street 88 Fox Street & Drummond Garage/Johannesburg","Rebosis Property Fund Ltd",211.00,"Completed","N.A.","Real Estate",,1666.66,,13512.2
"AST",2004/12/6,"2 Chemical businesses","AECI Ltd",150.00,"Completed","N.A.","Materials",,32183,,24402
"AST",2003/4/3,"Brakspruit platinum mining concession","Salplats",206.19,"Completed","N.A.","Materials",,,,
"AST",2004/4/29,"22 pptys portfolio/Lyons","Metboard Properties Ltd",177.89,"Completed","Real Estate","Real Estate",,,,
"M&A",2008/4/21,"Staff U Need Pty Ltd,Dithomo Labour Services Pty Ltd","Adcorp Holdings Ltd",200.00,"Completed","Industrials, Industrials","Industrials",,12458,,3026.54
"M&A",2001/12/13,"Malbak Rigids","Management Group",297.68,"Completed","Materials","N.A.",,,,
"AST",2012/7/2,"Menlyn Corner office building","Growthpoint Properties Ltd",210.00,"Completed","N.A.","Real Estate",,13568,,152179
"M&A",2010/1/29,"Lesego Platinum Mining Ltd","Village Main Reef Ltd",193.60,"Completed","Materials","Materials",,1480.08,,2326.38
"M&A",2014/5/20,"Milpark Education Pty Ltd","Apollo Education Group Inc",265.00,"Completed","Consumer Discretionary","Consumer Discretionary",,30990.6,,29614.1
"AST",2012/7/9,"Giuricich Portfolio","Investec Ltd",208.93,"Completed","N.A.","Financials",,111529,,1.43453e+06
"INV",2018/3/1,"TPF International","Oryx Properties Ltd",300.00,"Completed","Real Estate","Real Estate",,514.027,,5128.92
"INV",2007/1/19,"Black Mountain Mining Pty Ltd","Exxaro Resources Ltd",180.00,"Completed","Materials","Materials",,41771,,103210
"AST",2003/12/5,"Tanzanite business and assets","Bonheur 19 General Trading Proprietary Ltd",157.90,"Completed","N.A.","Materials",,,,
"AST",2002/2/8,"African packaging interests","Nampak Ltd",286.47,"Completed","N.A.","Materials",,10726.8,,10992.4
"AST",2025/3/10,"Cobre's Kitlanya projects/Botswana","BHP Group UK LTD",458.23,"Completed","Materials","Materials",,1.04144e+06,,1.86653e+06
"M&A",2015/9/30,"Robertson & Caine Pty Ltd","CapitalWorks LLC",346.58,"Completed","Industrials","Financials",,,,
"INV",2026/6/19,"Westcon International Group Holdings Ltd","General Atlantic Ltd",411.53,"Completed","Technology","Financials",,1259.04,,1345.78
"M&A",2007/7/18,"Evercrest Castle Rock Three LLC","DataTec Ltd",174.22,"Completed","Technology","Consumer Discretionary",,64153.5,,73847.9
"INV",2003/8/6,"Petroplus Africa Ltd","Petroplus International NV",183.40,"Completed","Energy","Energy",,,,
"M&A",2010/9/17,"Roymec Ltd","FLSmidth & Co A/S",177.39,"Completed","Industrials","Industrials",,39522.9,,57499.5
"INV",2004/3/10,"Aberdare Cables Pty Ltd","Izingwe Capital",165.00,"Completed","Industrials","Financials",,,,
"AST",2004/12/9,"Various mineral rights","Orlyfunt Holdings Pty Ltd",144.90,"Completed","N.A.","Financials",,,,
"M&A",2016/11/14,"DLJ Holding Co Pty Ltd","Nutun Ltd",358.54,"Completed","Technology","Financials",,1500,,6604
"INV",2005/1/26,"Coronation Investment Management SA Pty Ltd","Imvula Trust",147.00,"Completed","Financials","Unclassifiable",,,,
"M&A",2011/3/14,"Steinhoff Doors and Building Materials Proprietary Ltd","JD Group Ltd/South Africa",169.00,"Completed","Consumer Discretionary","Consumer Discretionary",,30582,,21035
"INV",2005/12/8,"Peregrine Holdings Ltd","Vunani Ltd",156.00,"Completed","Financials","Financials",1653.08,808.796,9218.02,1989.22
"M&A",2017/9/14,"Grohe Dawn WaterTech Holdings Pty Ltd","Lixil Corp",324.50,"Completed","Consumer Discretionary","Consumer Discretionary",,174397,,201580
"M&A",2021/6/8,"Sybrin Systems Pty Ltd","Private Investor,One Thousand and One Voices LLC (Fund: ONE Thousand & One Voices Africa Fund I LP),Crossfin Technology Holdings",334.40,"Completed","Financials","Financials, Financials",,,,
"AST",2025/7/25,"Erf 13337/Cape Town,Erf 21212/Cape Town,Erf 13336/Cape Town","Spear REIT Ltd",437.30,"Completed","Real Estate, Real Estate, Real Estate","Real Estate",,853.197,,7584.07
"AST",2000/10/4,"4 Sanlam properties","Primegro Properties Ltd",177.03,"Completed","N.A.","Real Estate",,339.939,,2465.73
"INV",2015/11/26,"Capricorn Fund Managers Pty Ltd,CFM Malta Ltd","Anchor Group Ltd",348.40,"Completed","Financials, Financials","Financials",,501.132,,805.287
"M&A",2008/6/16,"Alg Bio Oils Ltd","C2E Energy Inc",196.98,"Completed","Energy","Energy",,,,5.42796
"M&A",2011/12/30,"Beige Holdings Ltd","Lion Match Co Pty Ltd/The",195.73,"Completed","Consumer Staples","Consumer Staples",478.074,245.982,288.112,435.004
"M&A",2009/6/22,"Barberton Mines Pty Ltd","Pan African Resources PLC",198.27,"Completed","Materials","Materials",,9812.67,,17802.4
"AST",2012/12/14,"Zandkopsdrift/South Africa","Korea Resources Corp",208.20,"Completed","N.A.","Financials",,,,67559.2
"INV",2023/3/31,"Youi Holdings Pty Ltd","OUTsurance Group Ltd",427.68,"Completed","Financials","Financials",,38580,,38649
"AST",2002/2/8,"Crown Nampak Pty Ltd","Nampak Ltd",275.01,"Completed","Materials","Materials",,10726.8,,10992.4
"INV",2026/6/29,"Stocks & Strauss Pty Ltd","Private Investor,University Technology Fund",394.28,"Completed","Real Estate","Financials",,,,
"M&A",2017/3/23,"Blend Property 15 Pty Ltd","Spear REIT Ltd",298.00,"Completed","Real Estate","Real Estate",,853.197,,7584.07
"M&A",2009/9/23,"Velvogen Pty Ltd","CVI Energy Corp Ltd",176.53,"Completed","Materials","Energy",,,,0.0772233
"M&A",2015/4/30,"Metmar Ltd","Traxys Sarl",281.42,"Completed","Materials","Industrials",1951.26,,1219.34,
"M&A",2022/10/31,"Austell Pharmaceuticals Pty Ltd","Unnamed Buyer",432.00,"Completed","Health Care","N.A.",,,,
"M&A",2020/5/11,"Fairy Tales Boutiques Proprietary Ltd,Somerset Baby Hyper Proprietary Ltd","Dis-Chem Pharmacies Ltd",430.00,"Completed","Consumer Discretionary, Consumer Discretionary","Consumer Staples",,42825.8,,20738.3
"M&A",2002/3/28,"Unihold Ltd","Cidet No 390 Ltd",265.40,"Completed","Financials","Financials",948.823,,,
"INV",2008/3/27,"Fountainhead Properties Pty Ltd","Liberty Group Ltd",186.00,"Completed","Financials","Financials",,74224,,569778
"M&A",2010/1/19,"Set Point Group Ltd","Sabvest Ltd",172.45,"Completed","Industrials","Financials",359.376,1067.47,235.593,5476.29
"M&A",2001/3/27,"NEI Africa Operations Ltd","Alstom SA",186.30,"Completed","Unclassifiable","Industrials",,385492,,686963
"AST",2014/2/7,"Three retail centres and an office block","Dipula Properties Ltd",256.60,"Completed","N.A.","Real Estate",,1522.33,,11219.6
"M&A",2003/5/6,"Five telecom units","Banque Atlantique",167.28,"Completed","N.A.","Financials",,,,
"AST",2017/5/11,"Certain assets/MCC Contracts Pty Ltd","Tharisa PLC",303.30,"Completed","Materials","Materials",,12120.8,,21373.8
"AST",2003/11/5,"Ppty portfolio","Zelpy 2095 Pty Ltd",157.00,"Completed","N.A.","Financials",,,,
"INV",2008/11/12,"Ambit Properties Ltd","ApexHi Properties Ltd",233.91,"Completed","Real Estate","Real Estate",,,,
"AST",2001/11/22,"Nashua Mobile Pty Ltd","Reunert Ltd",224.60,"Completed","Communications","Industrials",,13881,,12759
"AST",2011/12/7,"Revenue Building/Pietermaritzburg,270 Jabu Ndlovu Street/Pietermaritzburg","Rebosis Property Fund Ltd",181.00,"Completed","N.A.","Real Estate",,1666.66,,13512.2
"AST",2018/11/21,"Northgate Island/Cape Town","Spear REIT Ltd",313.00,"Completed","Real Estate","Real Estate",,853.197,,7584.07
"M&A",2010/7/20,"Axiz Technology Pty Ltd","Alviva Holdings Ltd",170.89,"Completed","Technology","Consumer Discretionary",,23429.2,,9722.62
"AST",2008/8/15,"Santam Corporate Office Complex","Ingenuity Property Investments Ltd",177.50,"Completed","N.A.","Real Estate",,468.379,,3969.21
"M&A",2013/7/29,"Tuinweg Property Investments Pty Ltd","Oryx Properties Ltd",220.00,"Completed","Real Estate","Real Estate",,514.027,,5128.92
"AST",2023/2/13,"Erf 6281 Montague Gardens/Century City","Capitec Bank Holdings Ltd",400.00,"Completed","Real Estate","Financials",,61650.7,,263284
"M&A",2024/10/1,"Caledonia Mining Services Pvt Ltd","Crossboundary Energy Holdings",389.62,"Completed","Materials","Financials",,,,
"AST",2010/2/26,"Tyger Hills Office Park","Sycom Property Fund",171.24,"Completed","N.A.","Real Estate",,915.74,,9272.69
"M&A",2008/10/27,"Bond Exchange of South Africa","JSE Ltd",240.50,"Completed","Financials","Financials",,3401.17,,67543.9
"M&A",2013/4/26,"Klamflex Pipe Couplings Pty Ltd","Zurn Elkay Water Solutions Cor",202.32,"Completed","Industrials","Industrials",,30321.7,,44389.4
"AST",2009/11/2,"South African Gaming operations","Grand Parade Investments Ltd",174.10,"Completed","N.A.","Financials",,0.292,,1142.11
"INV",2020/3/2,"WhereIsMyTransport Pty Ltd","Toyota Tsusho Corp,Nedbank Group Ltd,Private Investor,GV Management Co LLC (Fund: Google Ventures/Fund),Goodwell Investments BV,Naspers Ventures Ltd,Global Innovation Fund,360 Tec SA de CV,SBI Investment Co Ltd (Fund: SUBARU-SBI Innovation Fund),Cathay Capital Private Equity SASU (Fund: Catha...",341.86,"Completed","Communications","Materials, Financials, Financials, Financials, Financials, Financials, Financials, Financials, Financials",,,,
"INV",2023/11/14,"Pineapple Tech Pty Ltd","Hannover Rueck SE,Futuregrowth Asset Management Pty Ltd,Private Investor,Old Mutual Ltd,E4E Africa (Fund: E4E Africa Fund),Association for Savings & Investment SA,Mineworkers Investment Co (Fund: MIC Khulisani Ventures)",402.44,"Completed","Technology","Financials, Financials, Financials, Financials, Financials, Financials",,,,
"INV",2026/8/7,"Moment Payco","AlphaCode Pty Ltd,MultiChoice Group,Canal+ SA,General Catalyst Partners LLC (Fund: GC Customer Value Fund III LP)",355.55,"Completed","Technology","Financials, Financials, Communications, Communications",,,,
"AST",2015/1/6,"Remhoogte/Holsloot operations & assets","Rockwell Diamonds Inc",256.27,"Completed","Materials","Materials",,,,0.234374
"M&A",2016/1/19,"Tadvest SA Pty Ltd","Tadvest Ltd",366.11,"Completed","Unclassifiable","Financials",,657.803,,1967.77
"M&A",1999/6/18,"Suburban & Industrial Sign Design CC","Corpcom Ltd",130.40,"Completed","N.A.","Communications",,239.888,,350.199
"AST",2011/8/5,"Orkney Gold Mine/South Africa","China African Precious Metals Pty Ltd",150.00,"Completed","N.A.","Materials",,,,
"M&A",2010/4/29,"Fuelogic Pty Ltd","Grindrod Ltd",160.00,"Completed","Utilities","Industrials",,5558.33,,16129.9
"AST",2007/10/4,"Koornfontein Coal Mine","Unicorn Capital Partners Ltd",150.00,"Completed","Materials","Materials",,958.289,,1075.94
"INV",2006/8/2,"ApexHi Properties Ltd","DEC Investment Holding Co,Cida Empowerment Fund,Maafrika Tikkunn,Makhulong a Matala Community Development Services,Soul City Broad Based Empowerment Co/The,Clearwater Capital",149.50,"Completed","Real Estate","Financials, Consumer Discretionary, Consumer Discretionary",,,,
"M&A",2011/8/4,"BNP Paribas Securities South Africa Holdings Pty Ltd","BNP Paribas SA",150.00,"Completed","Financials","Financials",,2.17164e+06,,5.43037e+07
"AST",2012/3/7,"Iron Ore Assets/South Africa","Ironveld PLC",164.26,"Completed","Materials","Industrials",,0.0940396,,858.317
"M&A",2000/12/1,"Infracom Ltd","Lisianthus Pty Ltd",165.13,"Completed","Industrials","N.A.",,,,
"M&A",2015/12/1,"International Ferro Metals SA Pty Ltd","Creditors",310.00,"Completed","Materials","N.A.",,,,
"INV",2005/10/3,"Nampak Glass Pty Ltd","Wiegand-Glas GmbH",137.89,"Completed","Materials","Materials",,,,
"M&A",2007/10/25,"Old Mutual Bank","Nedbank Group Ltd",140.00,"Completed","Financials","Financials",,164033,,1.55863e+06
"M&A",2016/9/22,"Storage RSA Investments Pty Ltd","Stor-Age Property REIT Ltd",288.77,"Completed","Industrials","Real Estate",,1452.88,,14324
"AST",1999/3/18,"SOK Ltd","Afgri Ltd",132.60,"Completed","N.A.","Consumer Staples",,8573,,7396
"AST",2006/12/15,"Bedding Springs Business","Steinhoff International Holdings Pty Ltd",148.69,"Completed","N.A.","Consumer Discretionary",,,,
"M&A",2010/6/10,"Blue Financial Services Ltd","Mayibuye Group Pty Ltd",162.98,"Completed","Financials","Financials",553.082,,1426.64,
"AST",2015/3/25,"Nampak flexible unit","Amcor PLC",250.00,"Completed","N.A.","Materials",,397310,,608236
"AST",2001/6/6,"Aberdare Fiber Optic Cables","Corning Inc",169.63,"Completed","Technology","Technology",,279438,,513176
"INV",2021/6/16,"JME Financial Services Pty Ltd","Moore & Moore Rentals Inc,Growth Box Ventures Ltd",288.24,"Completed","Financials","Consumer Discretionary, Financials",,,,
"AST",2001/4/6,"Main Pipesystems","AG Petzetakis SA",169.00,"Completed","N.A.","Industrials",,863.236,,1359.7
"AST",2008/10/3,"Elsburg Tailings Complex","DRDGOLD Ltd",177.00,"Completed","N.A.","Materials",,7878.2,,12246
"M&A",2015/12/2,"MoreCorp/South Africa","Old Mutual Private Equity",300.00,"Completed","Consumer Discretionary","Financials",,,,
"M&A",2015/10/12,"Cape Lime Pty Ltd","Afrimat Ltd",276.00,"Completed","Materials","Materials",,10009,,9900.95
"M&A",2012/7/20,"Sable Platinum Holdings Pty Ltd","Sable Exploration and Mining L",172.16,"Completed","Materials","Financials",,,,20.5406
"INV",2011/8/3,"Continental Coal Ltd SA","Sishen Iron Ore Co Community Development Trust",140.00,"Completed","Materials","Financials",,,,
"AST",2003/11/13,"53 property letting businesses","Prima Property Trust",139.11,"Completed","N.A.","N.A.",,123.436,,887.838
"INV",1999/5/5,"Kimberly-Clark Southern Africa Holdings Pty Ltd","Lion Match Co Pty Ltd/The",126.00,"Completed","Consumer Staples","Consumer Staples",,245.982,,435.004
"INV",2000/8/28,"IQ Business Group Ltd","Nedbank Group Ltd",142.40,"Completed","Industrials","Financials",,164033,,1.55863e+06
"M&A",2008/5/26,"Roadcrete Africa Pty Ltd","Basil Read Holdings Ltd",157.80,"Completed","Industrials","Industrials",,4581.14,,2748.98
"M&A",2003/8/19,"Pleasure Foods Pty Ltd","Famous Brands Ltd",150.60,"Completed","Consumer Discretionary","Consumer Staples",,8744.2,,3574.8
"M&A",2005/5/25,"Springlake Holdings Pty Ltd","Petmin Ltd",132.95,"Completed","Materials","Materials",,1282.62,,2139.91
"M&A",2012/4/13,"Baoding Changcheng Vehicle AxLes Industries Co Ltd,Baoding Xinyuan Automobile Inner Decoration Co Ltd,Mind Electronics Co Ltd","Great Wall Motor Co Ltd",161.95,"Completed","Consumer Discretionary, Consumer Discretionary, Consumer Discretionary","Consumer Discretionary",,553742,,534022
"M&A",2005/7/4,"m Cubed Life Ltd","Fidentia Holdings Ltd",139.00,"Completed","Financials","Financials",,,,
"M&A",2009/3/20,"Diamonex Botswana Ltd","Robert Fleming Holdings Ltd",194.77,"Completed","Materials","Financials",,,,
"AST",1999/6/22,"Underlying assets","Capital Alliance Holdings Ltd",120.64,"Completed","N.A.","Financials",,,,
"M&A",2000/12/22,"Furniture and bedding business","Relyant Retail Ltd",152.00,"Completed","N.A.","Consumer Discretionary",,2061.18,,2347.61
"AST",2004/10/4,"Retail component of Golden Acre","Paramount Property Fund Ltd",130.00,"Completed","Real Estate","Real Estate",,,,
"M&A",2000/6/1,"Masterpack International Holdings","FrontRange Ltd",139.81,"Completed","N.A.","Technology",,409.482,,337.967
"M&A",2006/11/6,"Petrex Ppty Ltd","Unnamed Buyer",147.62,"Completed","Materials","N.A.",,,,
"INV",2023/8/10,"Upstream Energy","Private Investor",374.99,"Completed","Energy","N.A.",,,,
"INV",2023/4/12,"Citra Construction Pty Ltd","Private Investor",368.08,"Completed","Consumer Discretionary","N.A.",,,,
"INV",2023/4/14,"CITRA Development 1 Pty Ltd","Private Investor",361.81,"Completed","Consumer Discretionary","N.A.",,,,
"M&A",2012/6/27,"Chemical & Monitoring Solutions Unit","AECI Ltd",168.15,"Completed","Industrials","Materials",,32183,,24402
"INV",2011/3/7,"Afrifresh Export Ltd","Standard Chartered Private Equity Ltd",137.67,"Completed","Financials","Financials",,,,
"INV",2021/12/7,"Revego Africa Energy Ltd","UK Climate Investments LLP",315.75,"Completed","Financials","Financials",28.8,,,2790.66
"M&A",2016/9/14,"Amalgamated Metals Recycling Pty Ltd,Amalgamated Metals Recycling SA Pty Ltd,Amalgamated Metals West Rand Pty Ltd,Spring Lights 1135 Pty Ltd","Insimbi Industrial Holdings Ltd",284.00,"Completed","Materials, Materials, Materials, Financials","Industrials",,5270.12,,1437.37
"INV",2008/10/30,"Buildmax Ltd","Brait SE/Private Equity",198.95,"Completed","Materials","Financials",910.462,,534.318,
"M&A",2003/5/29,"Messina Investments Ltd","Crown Diamonds Pty Ltd",159.97,"Completed","Materials","Materials",,,,
"M&A",2003/11/10,"Investec Bank Botswana Ltd","Standard Bank Group Ltd",137.00,"Completed","Financials","Financials",,307016,,3.62085e+06
"AST",2000/8/8,"Old Mutual Property Portfolio","Metboard Properties Ltd",137.76,"Completed","N.A.","Real Estate",,,,
"M&A",2017/3/28,"MyGate Communications Pty Ltd","Wirecard AG",255.02,"Completed","Financials","Financials",,31475.2,,96426.7
"AST",2013/1/23,"Indite Property Fund","Arrowhead Properties Ltd/Old",178.00,"Completed","N.A.","Real Estate",,2222.09,,14434.1
"M&A",2005/12/6,"Senwes Ltd","Royal Bafokeng Nation",123.00,"Completed","Consumer Staples","Government",,,,
"M&A",2007/10/3,"Petro Energy Africa Ltd","CVI Energy Corp Ltd",134.71,"Completed","Energy","Energy",,,,0.0772233
"INV",2010/2/9,"Pinnacle Point Group Ltd","Trilinear Empowerment Trust",150.00,"Completed","Consumer Discretionary","Financials",,,,
"M&A",2011/7/5,"TSS Managed Services Pty Ltd","iOCO Ltd",130.50,"Completed","Technology","Technology",,5583.22,,2798.11
"AST",2009/3/31,"Astraflex Pty Ltd,Cape Wrappers Pty Ltd,Diverse Labelling Consultants Pty Ltd,Astra Repro Pty Ltd,Tamperpak Pty Ltd,Astrapak Flexibles","Afripack Pty Ltd",183.65,"Completed","Materials, Materials, Materials, Materials, Materials","Materials",,,,
"M&A",2001/1/10,"AMB-DLJ Securities","Credit Suisse Group AG",152.75,"Completed","Financials","Financials",,691927,,9.84755e+06
"INV",2018/4/9,"SoftBev Pty Ltd","BidCo Pty Ltd",233.00,"Completed","Consumer Staples","Consumer Staples",,,,
"M&A",2008/12/11,"DCD-Dorbyl Pty Ltd","Investec PLC,Siyahamba Engineering Pty Ltd",192.00,"Completed","Industrials","Financials, Industrials",,,,
"M&A",2004/5/24,"Sipan 1 Pty Ltd","iFour Properties Ltd",128.30,"Completed","Real Estate","Real Estate",,360.516,,2938.82
"M&A",2007/8/20,"Premium Ideas Pty Ltd","Morvest Group Ltd",142.42,"Completed","Industrials","Technology",,1100.76,,643.895
"INV",2007/8/21,"Isegen","Nedbank Group Ltd,Imbewu Capital Partners",141.00,"Completed","Materials","Financials, Financials",,,,
"M&A",2001/2/15,"Consolidated News Agencies Holdings Pty Ltd","Gordon Kay & Associates Pty Ltd",150.00,"Completed","Consumer Discretionary","N.A.",,,,
"M&A",2009/6/15,"Cura Risk Management Software Pty Ltd","Cura Technologies Ltd",153.85,"Completed","Technology","Technology",,1.64272,,41.6755
"AST",2004/12/13,"Information technology businesses","Gijima Group Ltd",109.00,"Completed","N.A.","Communications",,1518.64,,777.542
"AST",2007/6/28,"Wedge/The","CBS Property Portfolio Ltd",134.18,"Completed","N.A.","Industrials",,171.126,,2013.13
"M&A",2011/4/21,"International Diamond Consultants Ltd","Paragon Diamonds Ltd",126.79,"Completed","Materials","Materials",,,,609.705
"INV",2011/3/16,"GEW Technologies Pty Ltd","Airbus SE",133.74,"Completed","Industrials","Industrials",,1.48216e+06,,2.62361e+06
"INV",2022/2/16,"Tharisa Minerals Pty Ltd","Tharisa PLC",283.75,"Completed","Materials","Materials",,12120.8,,21373.8
"M&A",2017/11/28,"Kyron Laboratories Pty Ltd","Ascendis Health Ltd",256.90,"Completed","Health Care","Health Care",,,,777.442
"AST",2001/7/27,"6 commercial units","Atlas Properties Ltd",154.53,"Completed","N.A.","Real Estate",,624.298,,1391.51
"AST",2007/2/21,"Witbank Coal project","Firestone Energy Ltd",133.50,"Completed","N.A.","Materials",,,,
"M&A",2007/1/25,"Smokey Hills Platinum Pty Ltd","Platinum Australia Ltd",135.62,"Completed","Materials","Materials",,,,2000.86
"M&A",2015/7/31,"Waterlinx Pty Ltd","Fluidra SA",237.03,"Completed","Consumer Discretionary","Industrials",,44083.4,,66385.9
"M&A",2000/5/22,"Acumen Holdings Ltd","Adcorp Holdings Ltd",133.26,"Completed","Consumer Discretionary","Industrials",91.844,12458,90.174,3026.54
"AST",2013/6/6,"Property and letting enterprise/Bellville","Delta Property Fund Ltd",185.00,"Completed","N.A.","Real Estate",,1166.6,,6476.37
"INV",2011/3/7,"Bushveld Resources Pty Ltd","Woodbois Ltd",128.19,"Completed","Materials","Materials",,146.552,,3975.94
"AST",2013/7/29,"McCarthy/Unitrans Property Portfolio","Annuity Properties Pty Ltd",181.75,"Completed","Real Estate","Real Estate",,229.584,,1940.51
"INV",2024/4/8,"Procera Group Pty Ltd","Vantage Capital Pty Ltd",346.00,"Completed","Technology","Financials",,,,
"M&A",2016/8/25,"Black Chrome Holdings Pty Ltd,Sail Minerals Pty Ltd","Sail Mining Group Ltd",263.33,"Completed","Materials, Materials","Materials",,1422.78,,1601.42
"AST",2012/6/22,"2 Properties/Johannesburg","Vividend Income Fund Ltd",155.60,"Completed","N.A.","Financials",,198.702,,2276.2
"AST",2005/9/1,"Vessel Solar Oceania","Pacific Basin Shipping Ltd",116.64,"Completed","N.A.","Industrials",,37207.8,,37746.5
"M&A",2005/11/28,"Plessey Pty Ltd","Dimension Data Holdings PLC",120.00,"Completed","Communications","Technology",,54282.7,,36905.8
"M&A",2014/10/28,"AspiviaUnison","Adapt IT Pty Ltd",200.00,"Completed","Technology","Technology",,,,
"M&A",2000/6/8,"Vanadium & Magnetite Exploration & Development Pty Ltd","Iron Eagle Group Inc",129.52,"Completed","Materials","Industrials",,,,5.98802
"AST",2013/9/5,"Q Link business unit","Summit Garnishee Solutions Pty Ltd",187.50,"Completed","N.A.","N.A.",,,,
"M&A",2000/3/30,"JR 145 Investments Ltd","President Steyn Gold Mines Ltd",120.00,"Completed","N.A.","Materials",,48.145,,
"INV",2016/11/17,"GPI Slots Proprietary Ltd","Sun International Ltd/South Africa",262.10,"Completed","Consumer Discretionary","Consumer Discretionary",,12979,,13642
"M&A",2007/2/7,"Malan Quarries Pty Ltd,Olympic Sand Pty Ltd,Propateez 66 Pty Ltd,Malric Properties Ltd,Brickrush Pty Ltd,Melani Materials Pty Ltd,Jeffreys Bay Crushers CC,Denver Quarries Pty Ltd","Afrimat Ltd",130.59,"Completed","Materials, Materials, Materials, Materials, Materials, Materials, Materials, Materials","Materials",,10009,,9900.95
"M&A",2006/11/30,"Micro Access Financial Services Ltd","Blue Financial Services Ltd",129.93,"Completed","Financials","Financials",,553.082,,1426.64
"M&A",2014/10/31,"Aspivia Pty Ltd","AdaptIT Holdings Ltd",200.00,"Completed","Technology","Technology",,1571.77,,1714.33
"INV",2014/9/25,"Country Bird Holdings Ltd","Proterra Investment Partners LP",202.85,"Completed","Consumer Staples","Financials",3586.38,,1841.06,
"INV",2010/3/11,"Lesego Platinum Mining Ltd","Village Main Reef Ltd",133.49,"Completed","Materials","Materials",,1480.08,,2326.38
"AST",2004/3/24,"Century City Property business","Rabie Investment Hldgs Ltd",118.00,"Completed","Real Estate","N.A.",,,,
"M&A",2006/6/19,"Little Swift Investments 36 Pty Ltd","Kagiso Media Ltd",125.00,"Completed","Financials","Communications",,1335.95,,1826.15
"M&A",2017/11/23,"Buildmax Ltd","Business Venture Investments No 2021",248.68,"Completed","Materials","Financials",910.462,,534.318,
"M&A",2008/6/13,"Springlake Holdings Pty Ltd","Shanduka Coal Pty Ltd",145.00,"Completed","Materials","Materials",,,,
"M&A",2007/5/4,"Sky Sands Pty Ltd","Group Five Ltd/South Africa",124.00,"Completed","Industrials","Industrials",,7348.46,,6416.26
"M&A",2008/10/23,"Continental Coal Ltd SA","Continental Coal Ltd",200.12,"Completed","Materials","Materials",,,,609.755
"AST",2013/10/24,"Bryanston Gate Property","Texton Property Fund Ltd",174.00,"Completed","N.A.","Real Estate",,278.371,,2473.35
"AST",2006/5/25,"Ridge/The","Oasis Crescent Property Fund Pty Ltd",117.00,"Completed","N.A.","N.A.",,145.551,,1876.28
"M&A",2001/10/4,"Barloworld Logistics Pty Ltd","Barloworld Ltd",165.00,"Completed","Industrials","Industrials",,37711,,44307
"M&A",2008/2/29,"TPS Architects Proprietary Ltd","TWP Holdings Ltd",138.00,"Completed","Industrials","Materials",,,,
"M&A",2002/8/8,"Boxer Holdings Pty Ltd","Pick n Pay Stores Ltd",185.00,"Completed","Consumer Staples","Consumer Staples",,120290,,45497
"M&A",2000/4/25,"Holding Co of PSGM Ltd","President Steyn Gold Mines Ltd",119.20,"Completed","N.A.","Materials",,48.145,,
"M&A",2010/6/25,"JHI","Excellerate Holdings Ltd",135.00,"Completed","Real Estate","Consumer Staples",,792.052,,636.692
"AST",2005/7/20,"Barloworld Ltd logistics business","Investor Group",118.00,"Completed","N.A.","N.A.",,,,
"AST",2005/10/27,"East Rand Value Mall","Acucap Properties Ltd",118.50,"Completed","Real Estate","Real Estate",,679.829,,12572.8
"AST",2021/9/10,"Slow Lounge business/South Africa","FirstRand Ltd",250.00,"Completed","Industrials","Financials",,155879,,2.58654e+06
"M&A",2009/9/22,"Civcontract Civils Pty Ltd","Erbacon Investment Holdings Ltd",130.20,"Completed","Industrials","Industrials",,757.926,,275.979
"INV",2010/2/17,"Delta Mining Consolidated Pty Ltd","Consolidated Growth Holdings Ltd",133.83,"Completed","Materials","Materials",,,,80.0834
"M&A",2000/2/14,"Tweefontein United Colleries","Glencore PLC",111.44,"Completed","Materials","Materials",,4.42579e+06,4.631,2.3558e+06
"M&A",2007/8/16,"Zetachem Pty Ltd","Omnia Holdings Ltd",133.00,"Completed","Materials","Materials",,24200,,17755
"M&A",2018/4/17,"Cooper College Pty Ltd","Curro Holdings Ltd",210.00,"Completed","Consumer Discretionary","Consumer Discretionary",,5144,,12321
"M&A",2007/8/3,"Bayport Management Ltd,Bayport Holdings South Africa Pty Ltd","Management Group",124.10,"Completed","Financials, Financials","N.A.",,,,
"INV",2016/12/1,"AgriProtein Pty Ltd","Private Investor",247.39,"Completed","Materials","N.A.",,,,
"AST",2015/11/9,"Ellerines and Beares businesses","Lewis Group Ltd",250.00,"Completed","N.A.","Consumer Discretionary",,10319.9,,9159.1
"M&A",2010/1/8,"Capevin Holdings Ltd","Remgro Ltd,Zeder Investments Ltd",127.62,"Completed","Consumer Staples","Financials, Consumer Staples",,,2842.8,
"M&A",2023/6/28,"Tomis Meat Packers Pty Ltd","Pick n Pay Stores Ltd",324.52,"Completed","Consumer Staples","Consumer Staples",,120290,,45497
"M&A",2013/1/24,"General Healthcare Group Ltd","Netcare Ltd",157.25,"Completed","Health Care","Health Care",,26344,6807.63,29225
"AST",2006/1/17,"Reduth Shopping center","Diversified Property Fund Ltd/fund",104.00,"Completed","N.A.","N.A.",,,,
"INV",2007/12/21,"Palm-CI","Olam International Ltd,Wilmar Holdings Pte Ltd",120.79,"Completed","Consumer Staples","Consumer Staples, Consumer Staples",,,,
"AST",2004/5/25,"Office Building","Standard Bank Group Ltd",113.00,"Completed","Real Estate","Financials",,307016,,3.62085e+06
"INV",2016/7/1,"Vumatel Pty Ltd","Vantage Capital Pty Ltd",250.00,"Completed","Technology","Financials",,,,
"INV",2021/4/23,"Emira Property Fund Ltd","Clearance Capital Cayman Ltd,I Group Consolidated Holdings Pty Ltd",243.34,"Completed","Real Estate","Financials",1459.26,,16388.7,
"INV",2023/2/15,"Naked Insurance","International Finance Corp,DEG-Deutsche Investitions- und Entwicklungsgesellschaft mbH,Hollard Group,Yellowwoods Group",307.39,"Completed","Financials","Financials, Government, Communications, Financials",,,,
"INV",2010/10/1,"Iron Mineral Beneficiation Services Pty Ltd","Severstal PAO",117.98,"Completed","Materials","Materials",,153219,,178670
"M&A",2011/6/1,"Platinum Mile Resources Pty Ltd","Aquarius Platinum Ltd",115.50,"Completed","Materials","Materials",,2353.79,,7218.72
"INV",2003/11/7,"Business Connexion Group Ltd","Business Connexion Investments Pty Ltd",117.00,"Completed","Technology","Technology",6512.28,,4001.55,
"INV",2019/2/11,"Jacaranda FM Pty Ltd","Kagiso Tiso Holdings Pty Ltd",233.00,"Completed","Communications","Financials",,,,
"INV",2022/10/19,"Moove Vehicle Ltd","EMSO Asset Management Ltd",307.75,"Completed","Technology","Financials",,,,
"AST",2004/5/21,"Glen Shopping Centre/Johannesburgh","Hyprop Investments Ltd",112.72,"Completed","N.A.","Real Estate",,4879.83,,41638.4
"M&A",2001/5/24,"Sentrasure Ltd","Old Mutual Insure Ltd",132.79,"Completed","Financials","Financials",,,,
"M&A",2004/4/29,"Hudson & Knight Pty Ltd","Golden Hope Plantations Bhd",114.61,"Completed","Consumer Staples","Consumer Staples",,9486.51,,14155.6
"M&A",2021/10/21,"Umongo Petroleum Pty Ltd","Azelis Group NV",242.48,"Completed","Energy","Materials",,82986,,105121
"INV",2020/12/11,"Aerobotics Pty Ltd","Naspers Ventures Ltd,Cathay Innovation SAS (Fund: Cathay Africinvest Innovation Fund),FMO Entrepreneurial Development Bank",250.00,"Completed","Technology","Financials, Financials, Financials",,,,
"M&A",2005/6/30,"Daybreak Farms Pty Ltd","Afgri Ltd",110.00,"Completed","Consumer Staples","Consumer Staples",,8573,,7396
"M&A",2001/11/19,"Daisy Street Investments 172 Pty Ltd","Fairvest Property Holdings Ltd",159.42,"Completed","Real Estate","Real Estate",,579.566,,3822.85
"M&A",2003/4/3,"Gubb & Inggs Ltd","Merwool Ltd",129.60,"Completed","Consumer Discretionary","Financials",,,,
"M&A",2014/11/20,"Elephant Lifting Equipment Pty Ltd","Torre Industries Ltd",180.00,"Completed","Industrials","Industrials",,1450,,1161
"INV",2007/10/4,"Dialogue Group Holdings Ltd","MSG Afrika Investment Holdings Pty Ltd,Tlhalefang Investments Pty Ltd",113.30,"Completed","Technology","Financials, Financials",343.988,,184.685,
"AST",2005/7/19,"Weltevreden gold mine","Aflease Gold and Uranium Resources Ltd",109.87,"Completed","N.A.","Materials",,16.128,,337.258
"M&A",2008/5/19,"Portland Group/The","WG Wearne Ltd",122.62,"Completed","Materials","Materials",,269.662,,290.763
"INV",2019/8/6,"African Phoenix Investments Ltd","Zarclear Holdings Ltd",245.05,"Completed","Financials","Financials",102.993,-79.953,1400.32,3664.12
"AST",2005/10/3,"City Mall","Growthpoint Properties Ltd",105.00,"Completed","Real Estate","Real Estate",,13568,,152179
"M&A",2016/2/19,"West African International Pty Ltd","enX Group Ltd",250.00,"Completed","Materials","Industrials",,378.355,,1554.24
"AST",2013/11/14,"Berkshire Property Portfolio","Fairvest Property Holdings Ltd",165.60,"Completed","Real Estate","Real Estate",,579.566,,3822.85
"M&A",2014/12/15,"PostNet Holdings Pty Ltd","Aramex UK International Courier Ltd",190.56,"Completed","Industrials","Industrials",,1958.05,,5764.89
"INV",2018/9/6,"Yoco Technologies Pty Ltd","Futuregrowth Asset Management Pty Ltd,Nederlandse Financierings-Maatschappij voor Ontwikkelingslanden NV,Velocity Capital BV,Partech International Inc (Fund: Partech Entrepreneur II),Quona Capital Management Ltd (Fund: Accion Frontier Inclusion Fund LP),Orange Digital Ventures SASU",245.23,"Completed","Technology","Financials, Financials, Government, Financials, Financials, Financials",,,,
"M&A",2025/1/22,"Williamson Diamonds Ltd","Pink Diamond Investments Pty Ltd",295.85,"Completed","Materials","Financials",,,,
"INV",2010/4/18,"Zanzibar Telecom Ltd","Emirates Telecommunications Group Co PJSC",118.46,"Completed","Communications","Communications",,354594,,924940
"AST",2001/9/20,"Westgate Shopping Centre","Fountainhead Property Trust",139.20,"Completed","N.A.","Real Estate",,1282.03,,12601.5
"M&A",2001/6/5,"Medicross Healthcare Group Pty Ltd","Netcare Ltd",128.50,"Completed","Health Care","Health Care",,26344,,29225
"AST",2015/6/8,"Shanduka Resources Ltd Uitkomst Thermal Coal Export Mine","Pan African Resources PLC",200.00,"Completed","Materials","Materials",,9812.67,,17802.4
"AST",2005/1/11,"Phalaborwa phosphoric acid plant","Foskor Ltd",95.00,"Completed","N.A.","Materials",,,,
"M&A",2024/10/23,"Theewaterskloof farm Pty Ltd","Unnamed Buyer",283.00,"Completed","Energy","N.A.",,,,
"M&A",2009/12/10,"Merchant Commercial Finance Pty Ltd","Management Group,Mvelaphanda Holdings Pty Ltd",120.00,"Completed","Financials","Financials",,,,
"AST",2006/6/19,"94.7 Highveld Stereo-FM","Old Primedia Ltd",110.66,"Completed","N.A.","Communications",,,,
"AST",1999/5/12,"TLC's underlying business","Primeserv Group Ltd",98.11,"Completed","N.A.","Industrials",,1096.37,,311.574
"M&A",2025/6/24,"Mamba Cement Co","Tanzania Portland Cement Co Ltd",280.93,"Completed","Materials","Consumer Discretionary",,3143.69,,2981.62
"AST",2011/12/7,"SASSA Campus/Mafikeng","Rebosis Property Fund Ltd",127.00,"Completed","N.A.","Real Estate",,1666.66,,13512.2
"INV",2023/9/27,"Secha Capital VCC Pty Ltd","RMB Ventures Six Pty Ltd,27four Investment Managers Pty Ltd,SA SME Fund/The,Caleo Private Equity Pty Ltd",301.88,"Completed","Financials","Financials, Financials, Financials, Financials",,,,
"M&A",2012/6/21,"Fusion Outsourcing Services Pty Ltd","WNS Holdings Ltd",130.21,"Completed","Industrials","Technology",,23981.1,,28421.4
"INV",2006/7/19,"Monyetla Property Fund Ltd","Pangbourne Properties Ltd",109.92,"Completed","Real Estate","Real Estate",151.191,,1296.07,
"INV",2006/7/7,"Wakefield Investments Pty Ltd","Lexshell 668 Investments Pty Ltd",110.50,"Completed","Materials","Materials",,,,
"M&A",2009/12/14,"Litha Healthcare Holdings Ltd","Myrexis Inc",114.20,"Completed","Health Care","Health Care",,,,12.2866
"INV",2024/12/13,"Zestcor Eleven Pty Ltd","Abakhulu Investments Pty Ltd",275.67,"Completed","Energy","Financials",,,,
"M&A",2012/9/25,"Barloworld Logistics Africa Pty Ltd","Barloworld Ltd",125.00,"Completed","Industrials","Consumer Discretionary",,37711,,44307
"AST",2023/10/13,"Commercial Property Finance Business/Sasfin Bank Ltd","African Bank Holdings Ltd",290.20,"Completed","Financials","Financials",,7706,,49341
"M&A",2000/7/25,"Stuttafords Ltd","Consortium",106.00,"Completed","Consumer Discretionary","N.A.",,,,
"INV",2022/9/28,"iiDENTIFii Pty Ltd","Private Investor,Norfinance Gestion SA,Norfund AS,Arise Pty Ltd,FMO Entrepreneurial Development Bank,Sanari Capital Pvt Co (Fund: Sanari 3S Growth Fund)",272.00,"Completed","Technology","Financials, Financials, Financials, Financials, Financials",,,,
"M&A",2013/2/20,"Superkolong Pty Ltd","Batla Minerals SA,Emu NL",135.00,"Completed","Materials","Materials, Materials",,,,
"AST",2006/8/22,"Kulingile Building","Paramount Property Fund Ltd",108.00,"Completed","N.A.","Real Estate",,,,
"AST",2005/1/6,"SBSA ppty portfolio","Prima Property Trust",92.04,"Completed","Real Estate","N.A.",,123.436,,887.838
"M&A",2015/9/30,"Indwe Broker Holdings Pty Ltd","Sanlam Ltd,Ubuntu-Botho Investments Pty Ltd",208.00,"Completed","Financials","Financials, Financials",,,,
"INV",2019/5/9,"DNI-4PL Contracts Pty Ltd","FirstRand Ltd",215.00,"Completed","Technology","Financials",,155879,,2.58654e+06
"M&A",2008/4/4,"Shimoda Biotech Pty Ltd","Abraxis BioScience Inc",117.22,"Completed","Health Care","Health Care",,,,
"INV",2008/4/17,"Homeland Mining and Energy SA Pty Ltd","GMR Airports Ltd",117.13,"Completed","Materials","Utilities",,29134.5,,98630.5
"INV",2016/8/17,"Zoona Transactions International Ltd","Private Investor,Omidyar Network Fund Inc,International Finance Corp (Fund: IFC Global Financial Institutions Fund),Adolf H Lundin Charitable Foundation/The,Quona Capital Management Ltd (Fund: Accion Frontier Inclusion Fund LP),4D Innovative Capital Pty Ltd (Fund: 4Di Exponential Tech Fund I)",202.48,"Completed","Financials","Government, Consumer Discretionary, Financials, Consumer Discretionary, Financials",,,,
"M&A",2016/4/21,"Docufile Pty Ltd","Iron Mountain Inc",214.31,"Completed","Technology","Real Estate",,123399,,349976
"INV",2025/10/24,"PURA Beverage Co/The","Private Investor",258.99,"Completed","Consumer Discretionary","N.A.",,,,
"INV",2025/11/18,"Maxwell and Spark Pty Ltd","Idemitsu Kosan Co Ltd,Klima AG,Alantra Partners SA (Fund: Klima Energy Transition Fund),Chevron Technology Ventures LLC (Fund: CTV Fund IX)",257.65,"Completed","Technology","Financials, Energy, Financials, Industrials",,,,
"AST",1999/7/16,"Pentow Marine","Smit Internationale NV",92.00,"Completed","N.A.","Industrials",,,,
"AST",2013/10/25,"Surrey House/Johannesburg","Ascension Properties Ltd",146.20,"Completed","N.A.","Real Estate",,533.595,,4331.78
"M&A",2006/5/16,"ISCA Ltd","Distribution and Warehousing Network Ltd",95.00,"Completed","Consumer Discretionary","Consumer Discretionary",,3478.63,,1222.27
"INV",2021/6/7,"WhereIsMyTransport Pty Ltd","Naspers Ltd,SBI Investment Co Ltd (Fund: SUBARU-SBI Innovation Fund),Cathay Innovation SAS (Fund: Cathay Africinvest Innovation Fund)",201.00,"Completed","Communications","Communications, Financials, Financials",,,,
"M&A",2005/6/6,"Sasani Ltd","Amrite Investments Pty Ltd",99.65,"Completed","Industrials","Financials",287.021,,221.008,
"AST",2013/7/22,"BEKA Industrial Parks Properties","Vividend Income Fund Ltd",145.00,"Completed","N.A.","Financials",,198.702,,2276.2
"M&A",2003/12/12,"Boardmans","Edgars Consolidated Stores Ltd",94.00,"Completed","N.A.","Consumer Discretionary",,,,
"AST",2004/2/19,"2 properties","Pangbourne Properties Ltd",98.15,"Completed","Real Estate","Real Estate",,,,
"M&A",1999/8/16,"Reinforcing Steel Holdings Pty Ltd","Murray & Roberts Holdings Ltd",90.00,"Completed","N.A.","Industrials",,13452.4,,8160.3
"INV",2024/3/12,"Simera Sense Pty Ltd","Knife Capital Proprietary Ltd (Fund: KNF Ventures II),NewSpace Capital GP SA (Fund: NewSpace Capital Fund SCS)",275.22,"Completed","Industrials","Financials, Financials",,,,
"M&A",1999/8/20,"Astas","Investor Group",90.00,"Completed","N.A.","N.A.",,,,
"M&A",2008/5/19,"Pro Plant Engineering Design Pty Ltd","TWP Holdings Ltd",110.30,"Completed","Industrials","Materials",,,,
"AST",2005/2/7,"Zululand Anthracite Colliery Pty Ltd","Riversdale Mining Ltd",91.26,"Completed","Materials","Materials",,154.377,,2596.91
"M&A",2007/6/6,"Madibeng Platinum Pty Ltd","Eland Platinum Holdings Ltd",106.00,"Completed","Materials","Materials",,,,
"AST",2024/8/1,"Versapak business/Mpact Operations Pty Ltd","Sinica Manufacturing Pty Ltd",267.75,"Completed","Materials","Industrials",,,,
"M&A",2021/3/1,"BM 620 LIN D GmbH,BM 549 SAL M GmbH,BM 521 RIE GmbH,BM 778 SAL L GmbH,BM 791 ZWE GmbH,BM 547 WEL GmbH","Collins Property Group Ltd",220.52,"Completed","Consumer Discretionary, Consumer Discretionary, Consumer Discretionary, Consumer Discretionary, Consumer Discretionary, Consumer Discretionary","Real Estate",,1264.85,,12209
"INV",2021/3/9,"Adumo","World Bank Group/The,IFC Asset Management Co LLC (Fund: IFC Financial Institutions Growth Fund LP)",225.00,"Completed","Financials","Government, Financials",,,,
"AST",2005/8/24,"Palm Springs Shopping Centre","iFour Properties Ltd",94.52,"Completed","N.A.","Real Estate",,360.516,,2938.82
"M&A",2013/11/1,"Dosco Precision Hydraulics Pty Ltd,Joseph Grieveson Pty Ltd,Engineering Technology Services Pty Ltd,Gear Pump Manufacturers Pty Ltd","Hudaco Industries Ltd",148.20,"Completed","Consumer Discretionary, Consumer Discretionary, Consumer Discretionary, Consumer Discretionary","Industrials",,8748.36,,6727.25
"M&A",2000/2/18,"SA International Capital Investment Holdings Proprietary Ltd","Sebata Holdings Ltd",91.45,"Completed","Industrials","Industrials",,33.149,,468.82
"M&A",2025/11/3,"Exxaro FerroAlloys Pty Ltd","EverSeed Energy Pty Ltd",250.00,"Completed","Materials","Energy",,,,
"AST",2013/12/9,"333 Residential Properties & Property Letting Enterprise/Johannesburg","Arrowhead Properties Ltd/Old",150.00,"Completed","N.A.","Real Estate",,2222.09,,14434.1
"AST",2011/12/7,"Capital Towers/Pietermaritzburg","Rebosis Property Fund Ltd",115.00,"Completed","N.A.","Real Estate",,1666.66,,13512.2
"INV",1999/3/15,"Southern Mining Corp Ltd","Invus Group LLC/The,Capital Group Cos Inc/The (Fund: Capital International Private Equity Fund III LP)",88.85,"Completed","Materials","Financials, Financials",,,775.45,
"AST",2016/10/31,"Ma Baker in Kwa-zulu Natal","RFG Holdings Ltd",193.00,"Completed","Industrials","Consumer Staples",,8137.76,,6041.29
"AST",2009/7/22,"11 retail branches","MGK Bedryfsmaatskappy Eiendoms Beperk",110.00,"Completed","N.A.","Consumer Staples",,,,
"M&A",2016/10/4,"Pakco Pty Ltd","RFG Holdings Ltd",197.00,"Completed","Consumer Staples","Consumer Staples",,8137.76,,6041.29
"INV",2014/11/5,"Fairvest Ltd","Vukile Property Fund Ltd",158.81,"Completed","Real Estate","Real Estate",2182.11,5890,15864,64436
"INV",2003/11/24,"Communications Business","Consortium",93.50,"Completed","N.A.","N.A.",,,,
"AST",2006/11/8,"Forest Road Design and Decor Centre","SA Corporate Real Estate Ltd",104.00,"Completed","Consumer Discretionary","Real Estate",,2922.45,,21463.5
"M&A",2019/3/25,"South African Ventures Inc","Stem Holdings Inc",203.67,"Completed","Health Care","Consumer Staples",,,,252.185
"AST",2014/8/11,"6 brands/Arctic Healthcare Pty Ltd","Ascendis Health Ltd",151.00,"Completed","N.A.","Health Care",,,,777.442
"M&A",2011/1/21,"Rare Earth Extraction Co Ltd","Great Western Minerals Group Ltd",100.58,"Completed","Materials","Materials",,162.761,14.875,717.122
"M&A",2007/10/31,"Pharmaceutical Consumer Division","Marico Ltd",92.80,"Completed","N.A.","Consumer Staples",,26780.5,,18145.1
"AST",2002/7/1,"Crane hire business","Mettle Ltd",142.00,"Completed","N.A.","Financials",,,,
"M&A",2003/1/22,"Nando's Group Holdings Ltd/South Africa","Consortium",126.73,"Completed","Consumer Discretionary","N.A.",458.14,,278.943,
"M&A",2007/6/19,"Western Utilities Corp Ltd","Armadale Capital PLC",100.00,"Completed","Industrials","Industrials",,,,23.472
"INV",2007/8/7,"Elandsfontein Project","Xstrata Ltd",100.00,"Completed","N.A.","Materials",,259595,,704615
"M&A",2015/1/23,"HM&K Properties Ltd","Grit Real Estate Income Group Ltd",160.88,"Completed","Financials","Real Estate",,1315.07,,19190.2
"M&A",2015/1/7,"Pacmar Pty Ltd","RFG Holdings Ltd",165.00,"Completed","Materials","Consumer Staples",,8137.76,,6041.29
"M&A",2014/12/2,"Fintech Pty Ltd","Sasfin Holdings Ltd",156.30,"Completed","Financials","Financials",,1932.99,,12860.6
"M&A",2003/3/26,"Ondeo Nalco Sa Ltd","Chemical Services Ltd",111.18,"Completed","Industrials","Materials",,,,
"INV",2007/3/27,"Pfula Investments Ltd","ENRC Africa Holdings Ltd",101.50,"Completed","Financials","Materials",,,,0.0600846
"AST",2008/3/5,"Bonmerci Investments 103 Pty Ltd","AMCOL International Corp",108.73,"Completed","Materials","Materials",,9772.92,,9244.45
"AST",2012/7/3,"106 Booysens Rd","Arrowhead Properties Ltd/Old",112.30,"Completed","Real Estate","Real Estate",,2222.09,,14434.1
"INV",2003/1/15,"Abvest Associates Ltd","Mvelaphanda Holdings Pty Ltd",120.00,"Completed","Financials","Financials",,,,
"M&A",2013/7/1,"Atterbury Parkdev Consortium Pty Ltd","Delta Property Fund Ltd",136.00,"Completed","Real Estate","Real Estate",,1166.6,,6476.37
"INV",2016/6/22,"Val de Vie Estate","Ubuntu-Botho Investments Pty Ltd",200.00,"Completed","Consumer Staples","Financials",,,,
"M&A",2011/8/3,"Ardor Property Holdings Pty Ltd","Ardor SA",92.27,"Completed","Financials","Real Estate",,,,
"M&A",2020/11/18,"MARS Holdings Pty Ltd","K2020776145 South Africa Pty Ltd",211.00,"Completed","Technology","Technology",,,,
"M&A",2012/9/4,"Nampak Liquid Cartons Pty Ltd","Nampak Ltd",115.00,"Completed","Industrials","Materials",,10726.8,,10992.4
"AST",2002/6/13,"Mining & alkylates chemical businesses","Chemical Services Ltd",140.26,"Completed","N.A.","Materials",,,,
"M&A",2018/11/16,"First Impression Labels Pty Ltd","Tiso Blackstar Group SE",190.00,"Completed","Industrials","Financials",,2209.25,,3837.64
"M&A",2006/8/29,"Advance Wealth Management Pty Ltd","PSG Group Ltd",97.00,"Completed","Financials","Financials",,7453,,26793
"M&A",2007/3/22,"Blasting & Excavating Pty Ltd","Basil Read Holdings Ltd",97.00,"Completed","Industrials","Industrials",,4581.14,,2748.98
"AST",2006/8/22,"New Heritage Market","Paramount Property Fund Ltd",96.00,"Completed","N.A.","Real Estate",,,,
"AST",2007/3/5,"Middle Orange Operations","Rockwell Diamonds Inc",100.41,"Completed","N.A.","Materials",,,,0.234374
"AST",2014/11/20,"Shoprite distribution centre","Accelerate Property Fund Ltd",147.00,"Completed","N.A.","Real Estate",,678.938,,6843.37
"M&A",2008/2/18,"Zululand Quarries Group of Cos","Brikor Ltd",102.00,"Completed","Consumer Discretionary","Materials",,317.702,,309.067
"M&A",2009/7/27,"Mugg & Bean","Famous Brands Ltd",104.00,"Completed","Consumer Discretionary","Consumer Discretionary",,8744.2,,3574.8
"M&A",2002/10/9,"Builders Warehouse and Tile Warehouse","Massmart Holdings Ltd",140.00,"Completed","Consumer Discretionary","Consumer Staples",,77621.6,,40144.7
"M&A",2002/10/9,"Consolidated News Agencies Holdings Pty Ltd","Edgars Consolidated Stores Ltd",140.00,"Completed","Consumer Discretionary","Consumer Discretionary",,,,
"M&A",2014/1/29,"Benicon Coal Pty Ltd","Union Atlantic Minerals Ltd,Mochiba Investments Pty Ltd",150.00,"Completed","Materials","Materials, Financials",,,,
"AST",2008/8/15,"Schmidtsdrift mine","New African Mining AG",105.13,"Completed","N.A.","Materials",,,,
"M&A",2016/4/14,"Aptronics Pty Ltd","iOCO Ltd",194.00,"Completed","Technology","Technology",,5583.22,,2798.11
"M&A",2010/8/20,"Fresh Direct Ltd","Lonrho Ltd",97.67,"Completed","Industrials","Consumer Staples",,,,
"INV",2025/9/29,"Contactable Pty Ltd","Capitalworks Investment Partners Pty Ltd (Fund: Capitalworks Private Equity Fund III LP),Fireball Capital Pty Ltd,Ke Nako Capital Pty Ltd,Mavovo Capital Pty Ltd",230.00,"Completed","Technology","Financials, Financials, Financials, Financials",,,,
"INV",2002/7/12,"Omnia Holdings Ltd","Joint Venture",132.50,"Completed","Materials","N.A.",24200,,17755,
"AST",2008/9/18,"Galvanizing & construction products businesses","O-line Holdings Ltd",110.52,"Completed","N.A.","Industrials",,427.358,,332.783
"AST",2007/3/23,"2 Sun Chains","Luxottica Group SpA",95.94,"Completed","N.A.","Consumer Discretionary",,139390,,172340
"AST",2017/3/1,"Shoprite Empangeni","Fairvest Property Holdings Ltd",172.50,"Completed","Real Estate","Real Estate",,579.566,,3822.85
"M&A",2008/12/31,"Truvo Services South Africa Pty Ltd","Truvo Luxembourg Sarl",124.77,"Completed","Communications","Communications",,,,
"AST",2012/12/10,"Hanger/The","Premium Properties Ltd",114.92,"Completed","N.A.","Real Estate",,897.962,,5536.63
"M&A",2017/10/2,"Mooiplaats Mining Ltd","Mooiplaats Coal Holdings Pty Ltd",179.90,"Completed","Materials","Unclassifiable",,,,
"M&A",2012/12/14,"Deposita Systems Pty Ltd","G4S Ltd",114.00,"Completed","Financials","Industrials",,146796,,105669
"M&A",2008/3/13,"B One Holdings Pty Ltd","Iliad Africa Ltd",104.37,"Completed","Industrials","Consumer Discretionary",,4365.45,,1640.62
"INV",2010/1/21,"Real People Finance Ltd","Norfund AS",100.00,"Completed","Financials","Financials",177.185,,,
"AST",2007/8/25,"Gauteng head office and Durban office buildings","Growthpoint Properties Ltd",95.00,"Completed","Real Estate","Real Estate",,13568,,152179
"INV",2016/11/14,"West Coast Leisure Pty Ltd","Tsogo Sun Limited",190.00,"Completed","Consumer Discretionary","Consumer Discretionary",,10841,,14695
"M&A",2013/4/15,"Tosas Holdings Pty Ltd","Raubex Group Ltd",120.00,"Completed","Industrials","Industrials",,22048.1,,16458.7
"M&A",2026/4/10,"Saturc Pty Ltd","Afrimat Ltd",215.00,"Completed","Consumer Discretionary","Materials",,10009,,9900.95
"M&A",2013/7/29,"Telesto Communications Pty Ltd,Sizwe Africa It Group Proprietary Ltd","Private Co,Private Investor",127.30,"Completed","Communications, Technology","Energy",,,,
"M&A",2000/1/28,"Skynet","ING Beijing Investment Co Ltd",82.55,"Completed","N.A.","N.A.",,,,
"M&A",1999/7/29,"Unicorn Lines Pty Ltd","Grindrod Ltd",80.00,"Completed","Industrials","Industrials",,5558.33,,16129.9
"M&A",2002/1/10,"Star Mining Ltd","Crown Diamonds Pty Ltd",150.00,"Completed","Materials","Materials",,,,
"AST",2009/5/21,"One and Only Hotel","Rosehip Properties 14 Pty Ltd",108.00,"Completed","N.A.","Consumer Discretionary",,,,
"AST",2003/11/13,"Kalplats platinum discovery & mineral rights","African Rainbow Minerals Ltd",86.60,"Completed","N.A.","Materials",,11709,,74325
"AST",2001/2/16,"Fresh Produce Terminals Pty Ltd","Mersey Docks & Harbour Co/The",100.93,"Completed","Industrials","Industrials",,1141.73,,10183.9
"M&A",2024/7/25,"Equites Newlands Group Ltd","Newland Property Leasing Ltd",236.14,"Completed","Financials","Real Estate",,,117.81,
"AST",2000/4/12,"Head & Sub Leases","Primegro Properties Ltd",84.50,"Completed","N.A.","Real Estate",,339.939,,2465.73
"M&A",2003/10/16,"Innofin Management Co Ltd","Sanlam Ltd",90.00,"Completed","Financials","Financials",,237116,,1.2957e+06
"AST",2001/3/22,"24 property portfolio","Metboard Properties Ltd",102.51,"Completed","N.A.","Real Estate",,,,
"INV",2006/12/12,"Incwala Resources Pty Ltd","Thelo Incwala Investments Pty Ltd",89.50,"Completed","Materials","Financials",,,,
"AST",2013/3/19,"Property on 5 Bond Street Midrand","Burstone Group Limited",118.36,"Completed","N.A.","Real Estate",,2024.64,,17662.3
"AST",2001/5/23,"Maize milling ops","Pride Milling Co Pty Ltd",100.79,"Completed","N.A.","Consumer Staples",,,,
"M&A",2022/5/20,"Etion Create Pty Ltd","Reunert Ltd",201.91,"Completed","Technology","Industrials",,13881,,12759
"M&A",2016/3/15,"IDS Fund Services Holdings Pty Ltd","Sanne Group PLC",201.60,"Completed","Financials","Financials",,3948.95,,11187.9
"AST",2004/4/29,"Portfolio of properties","Metboard Properties Ltd",87.00,"Completed","Real Estate","Real Estate",,,,
"M&A",2017/5/26,"Winhold Ltd","Wafima Manufacturing and Distribution Holdings Proprietary Ltd",162.02,"Completed","Materials","Industrials",1149.04,,521.812,
"M&A",2019/1/16,"RAP Plumbing Supplies Pty Ltd","Norcros SA Pty Ltd",172.00,"Completed","Consumer Discretionary","Consumer Discretionary",,,,
"M&A",2021/12/6,"Alexander Forbes Individual Client Administration Pty Ltd","Sanlam Ltd",200.00,"Completed","Financials","Financials",,237116,,1.2957e+06
"M&A",2006/12/1,"Raldril Pty Ltd,RA Longstaff Botswana Pty Ltd,RA Longstaff Namibia Pty Ltd","Major Drilling Group International Inc",89.49,"Completed","Materials, Materials, Materials","Materials",,11053,,9406.58
"INV",2008/5/23,"African Iron Ore Group Ltd","Severstal PAO",95.66,"Completed","Materials","Materials",,153219,,178670
"M&A",2025/11/14,"Unitrans Swazi Holdings Pty Ltd","Freight-X Pty Ltd",214.00,"Completed","Industrials","Industrials",,,,
"AST",2011/12/7,"Portion 1 2 and 3 of Erf 1752 and Erf 368 incl First Avenue Building/Durban","Rebosis Property Fund Ltd",100.00,"Completed","N.A.","Real Estate",,1666.66,,13512.2
"AST",2011/9/12,"Bush Valley Chickens","RCL Foods Ltd/South Africa",92.50,"Completed","N.A.","Consumer Staples",,26493.8,,18663.8
"M&A",2009/2/23,"Bonmerci Investments 103 Pty Ltd","AMCOL International Corp",124.86,"Completed","Materials","Materials",,9772.92,,9244.45
"M&A",2011/10/26,"WK Croxton Pty Ltd,Protank Pty Ltd","AECI Ltd,Brenntag SE",99.23,"Completed","Consumer Discretionary, Industrials","Materials, Materials",,,,
"INV",2007/9/13,"Discovery Ltd","Discovery Holdings Ltd Share Trust",88.30,"Completed","Financials","N.A.",58327,,327450,
"AST",2003/4/29,"Property portfolio","Pangbourne Properties Ltd",88.30,"Completed","Real Estate","Real Estate",,,,
"M&A",1999/8/24,"Intella Ltd","Cape Empowerment Trust Ltd",75.03,"Completed","N.A.","Financials",,57.928,,356.288
"M&A",2011/8/4,"Meshcape Industries Pty Ltd","Ludowici Pty Ltd",85.20,"Completed","Industrials","Industrials",,1644.1,,1873.84
"M&A",2014/6/12,"Respiratory Care Africa Proprietary Ltd","Ascendis Health Ltd",130.58,"Completed","Health Care","Health Care",,,,777.442
"INV",2007/10/31,"Bell Equipment Sales South Africa Ltd","Kagiso Trust Investments Ltd",79.50,"Completed","Industrials","Financials",,,,
"INV",2008/6/10,"Edge Holding Proprietary Ltd","Vunani Ltd",96.25,"Completed","Financials","Financials",,808.796,,1989.22
"INV",2007/1/25,"UCS Solutions Holdings Pty Ltd","UCS Eye Investments Ltd",87.67,"Completed","Technology","Technology",,,,
"AST",2003/11/10,"Tzaneng Mall/Tzaneen district","Resilient REIT Ltd",83.80,"Completed","N.A.","Real Estate",,3926.84,,41469.4
"M&A",2018/4/25,"Dynamics Africa Services Pty Ltd,AccTech Systems Pty Ltd","4Sight Holdings Ltd",150.00,"Completed","Communications, Technology","Financials",,1163.46,,632.188
"M&A",2006/6/20,"Gabriel South Africa","Control Instruments Group Pty Ltd",85.08,"Completed","Consumer Discretionary","Industrials",,553.549,,329.789
"AST",2008/2/22,"New Order Prospecting rights","Xstrata Ltd",93.05,"Completed","N.A.","Materials",,259595,,704615
"M&A",2002/5/24,"St Helena Gold Tailings","Freegold JV",120.00,"Completed","N.A.","Materials",,,,
"M&A",2008/11/14,"Tiffski Property Investments Ltd","Bonatla Property Holdings Ltd",120.00,"Completed","Real Estate","Real Estate",,7.648,,376.524
"M&A",2007/1/2,"KSB Pumps SA Pty Ltd","KSB Ltd",82.50,"Completed","Industrials","Industrials",,5499.58,,5143.88
"M&A",2004/8/20,"Glodina Holdings Ltd","KAP Ltd",78.42,"Completed","Consumer Discretionary","Consumer Discretionary",166.704,29615,146.537,30805
"M&A",2020/11/12,"Tarsus Technology Group Pty Ltd","Alviva Holdings Ltd",185.39,"Completed","Technology","Consumer Discretionary",,23429.2,,9722.62
"AST",2008/10/3,"Elsburg Tailings Complex","DRDGOLD Ltd",100.00,"Completed","N.A.","Materials",,7878.2,,12246
"M&A",2008/4/8,"NWJ Holdings Pty Ltd","Luxe Holdings Ltd",91.50,"Completed","Consumer Discretionary","Consumer Discretionary",,361.951,,431.551
"AST",2001/7/24,"15 ABSA pptys","ApexHi Properties Ltd",96.00,"Completed","Real Estate","Real Estate",,,,
"M&A",2013/8/8,"I-Net Bridge Pty Ltd","Mcgregor Bfa Pty Ltd",115.00,"Completed","Financials","Technology",,,,
"M&A",2006/2/1,"Consol Glass Pty Ltd","Consol Ltd",71.20,"Completed","Materials","Materials",4188.7,2456.9,8889.5,2339.6
"INV",2006/9/1,"Barberton Mines Pty Ltd","Metorex Ltd",84.00,"Completed","Materials","Materials",,507.315,,972.895
"M&A",2000/3/13,"Totalsports","Foschini Group Ltd/The",75.00,"Completed","N.A.","Consumer Discretionary",,62423,,60205
"AST",2006/12/18,"Koffiefontein Mine","Petra Diamonds Ltd",81.90,"Completed","N.A.","Materials",,3761.29,,9552.43
"M&A",2005/10/6,"Reinsurance Consultants and Intermediaries Ltd","Willis Towers Watson PLC",76.00,"Completed","Financials","Financials",,173574,,489221
"AST",2003/10/3,"Nelspruit Plaza","Resilient REIT Ltd",81.09,"Completed","N.A.","Real Estate",,3926.84,,41469.4
"M&A",2014/2/19,"New Foodcorp Holdings Pty Ltd","RCL Foods Ltd/South Africa",127.70,"Completed","Consumer Staples","Consumer Staples",,26493.8,,18663.8
"INV",2021/9/30,"Founders Factory Ltd","Aviva PLC",174.87,"Completed","Financials","Financials",,636677,,8.80967e+06
"AST",2019/12/10,"2 Capita building","RDC Properties Ltd/Botswana",171.00,"Completed","Real Estate","Real Estate",,790.36,,7539.49
"AST",2001/11/15,"Securities business","Computershare Ltd",110.00,"Completed","N.A.","Financials",,55059.9,,81437.5
"M&A",2002/9/9,"East Rand Proprietary Mines Ltd","Crown Gold Recoveries Pty Ltd",120.24,"Completed","Materials","Materials",,,,
"INV",2023/11/29,"GoMetro Pty Ltd","Private Investor,Zenobe Energy Ltd",213.33,"Completed","Technology","Energy",,,,
"M&A",2005/10/18,"Criterion Equipment","J&J Enterprises",75.00,"Completed","Consumer Discretionary","Financials",,,,
"M&A",2017/3/6,"Phembani Oil Pty Ltd","Efora Energy Ltd",147.30,"Completed","Energy","Energy",,41.944,,41.266
"M&A",2011/3/14,"Metago International Holdings Pty Ltd","SLR Management Ltd",77.41,"Completed","Industrials","Industrials",,,,9234.64
"M&A",2014/7/3,"Tension Overhead Electrification Pty Ltd","Consolidated Infrastructure Group Ltd",121.30,"Completed","Industrials","Materials",,3168.57,,4822.44
"AST",2001/1/18,"Industrial portfolio","Paramount Property Fund Ltd",88.70,"Completed","N.A.","Real Estate",,,,
"M&A",2013/11/11,"Vunani Property Asset Management Pty Ltd","Texton Property Investments Pty Ltd",117.00,"Completed","Real Estate","Real Estate",,,,
"INV",2025/6/12,"Nile fresh Pty Ltd","Private Investor,AfricInvest-TunInvest Group",200.00,"Completed","Consumer Staples","Financials",,,,
"M&A",2000/2/14,"Tweefontein United Colleries","Glencore PLC",71.09,"Completed","Materials","Materials",,4.42579e+06,4.631,2.3558e+06
"INV",2008/3/25,"NewPlats Pty Ltd","Jubilee Metals Group PLC",89.06,"Completed","Materials","Materials",,356.779,,10005.5
"INV",2022/9/29,"Shift South Pty Ltd","Futuregrowth Asset Management Pty Ltd,Private Investor,Michael & Susan Dell Foundation,Alitheia Capital (Fund: Alitheia Identity Fund),Naspers Ventures Ltd,E4E Africa (Fund: E4E Africa Fund),Endeavor Catalyst Inc (Fund: Harvest Fund II),Caruso Ventures LLC",200.00,"Completed","Communications","Financials, Industrials, Financials, Financials, Financials, Financials, Financials",,,,
"M&A",2011/12/23,"Capespan International Holdings Ltd","Capespan Group Ltd",90.30,"Completed","Industrials","Consumer Staples",,,,
"INV",2000/12/18,"Murray & Roberts Holdings Ltd","Unnamed Buyer",84.50,"Completed","Industrials","N.A.",13452.4,,8160.3,
"INV",2022/11/18,"Adumo","International Finance Corp (Fund: IFC Financial Institutions Growth Fund LP),Crossfin Technology Holdings,Apis Partners LLP (Fund: Apis Insurtech Fund I LP)",190.00,"Completed","Financials","Financials, Financials, Government",,,,
"M&A",2021/10/14,"Cortex Group Pty Ltd","GIX Internet Ltd",162.61,"Completed","Technology","Technology",,141.272,,279.771
"INV",2021/8/4,"Naked Insurance","Naspers Ltd,Hollard Group,Yellowwoods Group",158.18,"Completed","Financials","Communications, Financials, Communications",,,,
"INV",2021/8/4,"Naked Financial Technology Pty Ltd","Naspers Ltd,Hollard Insurance Co Ltd,Yellowwoods Group",158.18,"Completed","Financials","Communications, Financials, Communications",,,,
"INV",2024/3/21,"Float Technologies Pty Ltd","Standard Bank Group Ltd",207.33,"Completed","Financials","Financials",,307016,,3.62085e+06
"INV",2025/10/8,"Invigilator Pty Ltd/The","Private Investor,Kaltroco US Advisory Inc",188.62,"Completed","Technology","Financials",,,,
"M&A",2002/3/1,"Master Plastics Ltd","Astrapak Ltd",123.75,"Completed","Materials","Materials",504.479,1348.37,336.917,1840.51
"M&A",2010/1/21,"Ergo Mining Pty Ltd","DRDGOLD Ltd",82.10,"Completed","Materials","Materials",,7878.2,,12246
"INV",2014/2/12,"Overberg Agri Bedrywe Pty Ltd","Overberg Agri Bedrywe Pty Ltd",119.50,"Completed","Consumer Staples","Consumer Staples",,,,
"M&A",2003/10/31,"McCarthy Motor Holdings Ltd","Unnamed Buyer",74.60,"Completed","N.A.","N.A.",,,,
"M&A",2002/7/22,"Citadel Holdings Pty Ltd","Peregrine Holdings Ltd",107.68,"Completed","Financials","Financials",,1653.08,,9218.02
"M&A",2016/9/27,"Red Cape Investments Pty Ltd,Eurocape Renewables Pty Ltd","Hulisani Ltd",145.26,"Completed","Energy, Energy","Utilities",,62.392,,557.701
"AST",2004/7/1,"Claremont Pick 'n Pay Centre","Paramount Property Fund Ltd",67.00,"Completed","N.A.","Real Estate",,,,
"M&A",2017/2/16,"Synthesis Software Technology Pty Ltd","Araxi Ltd",140.29,"Completed","Technology","Financials",,1166.16,,1828.16
"M&A",2006/5/16,"Definity Telecommunications Ltd","Vox Telecom Ltd",68.48,"Completed","Communications","Communications",,,,
"M&A",2011/11/28,"Ezimbokodweni Mining Proprietary Ltd","Salungano Group Ltd",89.95,"Completed","Materials","Materials",,4467.76,,3437.53
"M&A",2023/11/29,"Nama Copper Resources Pty Ltd","Copper 360 Ltd,Mazule Resources Pty Ltd",200.00,"Completed","Materials","Materials, Materials",,,,
"AST",2002/4/2,"22 pptys portfolio","Metboard Properties Ltd",119.26,"Completed","Real Estate","Real Estate",,,,
"M&A",2024/7/30,"Novo Fruit Packers Pty Ltd","Dutoit Agri Pty Ltd",195.00,"Completed","Consumer Staples","Consumer Staples",,,,
"M&A",2004/3/5,"Jacaranda FM Pty Ltd","Kagiso Media Ltd",70.17,"Completed","Communications","Communications",,1335.95,,1826.15
"AST",2016/8/26,"Non-core assets outside of the retail sector","Unnamed Buyer",150.00,"Completed","Real Estate","N.A.",,,,
"AST",2015/8/19,"Tunney Ridge Business Park","Equites Property Fund Ltd",137.00,"Completed","Real Estate","Real Estate",,3153.59,,31400.3
"M&A",2017/4/3,"KWA Holding East Africa Ltd","Distell Group Holdings Ltd",144.73,"Completed","Consumer Staples","Consumer Staples",,34133.6,,29389.6
"M&A",2014/12/15,"Momentum SP Reid Securities Pty Ltd","Momentum Group Limited",123.72,"Completed","Financials","Financials",,73780,,803213
"INV",2015/5/19,"SAAB Grintek Defence Pty Ltd","African Equity Empowerment Investments Ltd,Unnamed Buyer",125.00,"Completed","Industrials","Consumer Staples",,,,
"M&A",2008/6/2,"Maid O' Mist Pty Ltd,Barbrook Mines Ltd","Eastern Goldfields Inc",81.14,"Completed","Materials, Materials","Materials",,,,
"M&A",2005/3/23,"Powermite businesses/The","Hudaco Industries Ltd",65.00,"Completed","N.A.","Industrials",,8748.36,,6727.25
"M&A",2010/4/9,"TMT Services and Supplies Ltd","Kapsch TrafficCom AG",75.00,"Completed","Technology","Industrials",,8657.92,,7528.31
"M&A",2016/9/13,"IRESS MD RSA Pty Ltd","IRESS Ltd",149.60,"Completed","Technology","Financials",,6410.59,,7399.04
"M&A",2024/9/3,"New Polish Investments Sp zoo","Przedsiebiorstwo Produkcyjno Handlowo Uslugowe Specjal Sp zoo",185.32,"Completed","Financials","Consumer Staples",,10684.9,,3254.85
"INV",2008/6/30,"Vital Distribution Solutions Pty Ltd,Staffing Logistics Pty Ltd,Vital Fleet Pty Ltd","Excellerate Holdings Ltd",80.19,"Completed","Industrials, Industrials, Industrials","Consumer Staples",,792.052,,636.692
"M&A",2011/10/25,"Eurolux Pty Ltd","ARB Holdings Ltd",81.00,"Completed","Consumer Discretionary","Industrials",,2922.92,,2052.93
"AST",2000/7/13,"Acrylics Unit","Lucite International Group Holdings Ltd",70.00,"Completed","N.A.","Materials",,10281.5,,12293.5
"M&A",2019/7/31,"STANLIB Ghana Ltd","Standard Bank Group Ltd",145.00,"Completed","Financials","Financials",,307016,,3.62085e+06
"AST",2004/5/5,"Spitzkop Colliery in South Africa","iLanga Coal Mines Pty Ltd",69.47,"Completed","N.A.","Materials",,,,
"AST",2005/10/20,"Select Personal Protective Equipment Pty Ltd","Samsac Holdings Pty Ltd",67.40,"Completed","Industrials","Financials",,,,
"M&A",2007/7/19,"Generator and Plant Hire SA Proprietary Ltd","enX Group Ltd",70.00,"Completed","Consumer Discretionary","Industrials",,378.355,,1554.24
"M&A",2011/2/8,"RNE Engineering and Projects Pty Ltd","Kentz Corp Ltd",73.00,"Completed","Industrials","Energy",,15995.2,,8267.46
"M&A",2004/3/29,"Samquarz Pty Ltd","Petmin Ltd",65.00,"Completed","Materials","Materials",,1282.62,,2139.91
"AST",2003/4/1,"House of Coffees","AVI Ltd",80.00,"Completed","N.A.","Consumer Staples",,16021.5,,10497.2
"AST",2017/7/27,"Sumitomo Warehouse Facility/South Africa","Burstone Group Limited",131.89,"Completed","Real Estate","Real Estate",,2024.64,,17662.3
"INV",2025/12/1,"Swift Livestock Pty Ltd","Private Investor,EXEO Capital Pty Ltd (Fund: Agri-Vie Fund II),Havaic General Partners (Fund: African Innovation Fund 3),Zire Africa Pty Ltd",172.50,"Completed","Consumer Staples","Financials, Financials, Consumer Discretionary",,,,
"AST",2003/10/3,"Isando Industrial Park","Resilient REIT Ltd",70.30,"Completed","N.A.","Real Estate",,3926.84,,41469.4
"M&A",2000/9/13,"Dimension Data Pty Ltd","Paracon Holdings Ltd",71.76,"Completed","Financials","Technology",,,,
"M&A",2012/11/30,"Comztek Holdings Pty Ltd","DataTec Ltd",89.52,"Completed","Technology","Consumer Discretionary",,64153.5,,73847.9
"M&A",2022/10/11,"Steer Properties Pty Ltd,Halamandaris Props Pty Ltd","Famous Brands Ltd",181.00,"Completed","Real Estate, Financials","Consumer Staples",,8744.2,,3574.8
"M&A",2001/10/30,"ABSA Bank Mocambique SA","Absa Group Ltd",93.89,"Completed","Financials","Financials",,207703,,2.23948e+06
"M&A",1999/2/24,"Samrand Mitrajaya Development Pty Ltd","Mitrajaya Holdings Bhd",61.96,"Completed","Real Estate","Industrials",,3375.46,,4704.51
"INV",2020/8/25,"DataProphet Pty Ltd","Industrial Development Corp of South Africa Ltd,Norican Group,Knife Capital Proprietary Ltd (Fund: KNF Ventures)",168.85,"Completed","Technology","Government, Industrials, Financials",,,,
"AST",2022/10/27,"ATM hardware & support business/Altron TMT Pty Ltd","NCR Voyix Corp",179.42,"Completed","Technology","Technology",,48042.1,,64958.8
"M&A",2007/8/30,"Calulo Petrochemicals Pty Ltd","Investec Private Equity",71.28,"Completed","Materials","Financials",,,,
"M&A",2008/5/23,"African Iron Ore Group Ltd","Severstal PAO",76.53,"Completed","Materials","Materials",,153219,,178670
"INV",2023/2/7,"Space ID Pty Ltd","Private Investor,Polychain Capital LP (Fund: Polychain Ventures II LP),DAO Capital Group",174.62,"Completed","Consumer Discretionary","Financials, Communications",,,,
"INV",2025/6/23,"My Next Car Pty Ltd","EMSO Asset Management Ltd,Assembly Capital Partners Ltd,E2 Investments Pty Ltd",179.52,"Completed","Industrials","Financials, Financials, Consumer Staples",,,,
"M&A",2016/5/6,"Masterpayment GmbH","Lesaka Technologies Inc",148.90,"Completed","Communications","Financials",,11987.1,,11585.4
"AST",2010/9/2,"East African Rift Basins of Kenya and Ethiopia","Tullow Oil PLC",72.35,"Completed","N.A.","Energy",,15143.9,,54319.6
"M&A",2010/5/4,"Thos Begbie Holdings","Jubilee Metals Group PLC",75.53,"Completed","Materials","Materials",,356.779,,10005.5
"M&A",2009/1/23,"Florsheim South Africa Pty Ltd,Florsheim Asia Pacific Ltd,Stacy Adams & Florsheim retail business","Weyco Group Inc",102.25,"Completed","Consumer Discretionary, Consumer Discretionary","Consumer Discretionary",,4937.75,,5295.89
"INV",2007/10/25,"DiKgosi Gold Pty Ltd","Gorilla Gold Mines Ltd",65.41,"Completed","Materials","Materials",,,,1117.88
"AST",2002/10/28,"BoE Asset Management","Aka Capital and Sphere Holdings",100.00,"Completed","Financials","Financials",,,,
"M&A",2019/6/28,"Standard General Insurance Co Ltd/The","King Price Financial Services Pty Ltd",140.00,"Completed","Financials","Financials",,,,
"AST",2003/11/14,"8 ppty letting businesses","Prima Property Trust",66.50,"Completed","Real Estate","N.A.",,123.436,,887.838
"M&A",2009/11/23,"MediKredit Integrated Healthcare Pty Ltd","Lesaka Technologies Inc",74.00,"Completed","Industrials","Financials",,11987.1,,11585.4
"M&A",2026/2/9,"RMB Holdings Ltd","Atterbury Property Holdings Pty Ltd",157.38,"Completed","Real Estate","Real Estate",13,,720,
"M&A",2002/11/6,"New Kleinfontein Mining Co","Aflease Gold and Uranium Resources Ltd",97.26,"Completed","Materials","Materials",,16.128,,337.258
"M&A",2006/12/5,"Madibeng Platinum Pty Ltd","James Allan & Associates Pty Ltd",70.00,"Completed","Materials","Financials",,,,
"M&A",2020/10/13,"Delta Drone South Africa Pty Ltd","RocketDNA Ltd",162.17,"Completed","Industrials","Industrials",,88.5969,,125.919
"AST",2001/1/18,"Savana portfolio","Paramount Property Fund Ltd",77.20,"Completed","N.A.","Real Estate",,,,
"AST",2003/9/15,"Plate Manufacturing Facility","Creo Inc",72.37,"Completed","N.A.","Industrials",,4204.5,,3744.64
"M&A",2011/4/5,"Chemstof Pty Ltd","Jubilee Metals Group PLC",65.50,"Completed","Materials","Materials",,356.779,,10005.5
"AST",2003/11/13,"2 Properties/Cape Town","Paramount Property Fund Ltd",64.90,"Completed","N.A.","Real Estate",,,,
"AST",2021/12/6,"EB standalone administration business","Alexander Forbes Group Holdings Ltd",154.00,"Completed","Financials","Financials",,6518,,567786
"INV",2012/7/20,"Boschendal Pty Ltd","Canombys Ltd",80.00,"Completed","Real Estate","Financials",,,,
"M&A",2006/5/11,"Tactical Software Systems Ltd","UCS Eye Investments Ltd",58.08,"Completed","Technology","Technology",,,,
"M&A",2009/7/14,"Limpopo Coal Co Pty Ltd","MC Mining Ltd",79.04,"Completed","Materials","Materials",,317.112,,2037.15
"AST",2001/8/12,"Bryanston pptys","Rand Leases Properties Ltd",78.25,"Completed","Real Estate","Real Estate",,27.574,,155.183
"M&A",2022/8/29,"Zeder Africa Pty Ltd","ForAfric Forestry Pty Ltd",160.00,"Completed","Financials","Consumer Staples",,,,
"INV",2013/3/14,"Banque Atlantique","Cauris Management",87.21,"Completed","Financials","Financials",,,,
"M&A",2008/6/25,"Urban Brew Studios Pty Ltd","Kagiso Media Ltd",75.10,"Completed","Communications","Communications",,1335.95,,1826.15
"M&A",1999/1/4,"Abalaon AB","Industri-Matematik International Corp",55.55,"Completed","N.A.","Technology",,,,
"M&A",2000/2/7,"Mercury Alpha Capital Ltd","Mercury Consolidated Holdings Pty Ltd",59.67,"Completed","Financials","Financials",,,,
"M&A",2013/11/13,"Aquilon Pty Ltd","AdaptIT Holdings Ltd",98.00,"Completed","Technology","Technology",,1571.77,,1714.33
"M&A",2005/2/25,"Xpanda Security Pty Ltd","Argent Industrial Ltd",54.94,"Completed","Consumer Discretionary","Industrials",,2839.16,,2903.02
"M&A",2001/11/16,"SAIL Sport & Entertainment Pty Ltd","SAIL Group Ltd",90.09,"Completed","Industrials","Consumer Discretionary",,185.596,,
"M&A",2000/3/28,"SteelServ Pty Ltd","Enviri Corp",60.94,"Completed","N.A.","Industrials",,40056.3,,44874.3
"M&A",2003/11/28,"Helam Mining Pty Ltd","Crown Diamonds Pty Ltd",59.87,"Completed","Materials","Materials",,,,
"AST",2000/12/21,"IPDH portfolio","Pangbourne Properties Ltd",71.30,"Completed","N.A.","Real Estate",,,,
"M&A",2012/3/19,"Pronto Holdings Pty Ltd","PPC Ltd",70.00,"Completed","Materials","Materials",,10255,,10106
"AST",2013/7/18,"Silverton Travel Pty Ltd,Imperial Tourism Assets","Cullinan Holdings Ltd",92.29,"Completed","Consumer Discretionary","Consumer Discretionary",,1005.52,,1302.05
"M&A",2006/12/13,"Congo Korea Telecom","Taihan Cable & Solution Co Ltd",64.39,"Completed","Communications","Industrials",,45748.2,,40067.9
"AST",2018/10/3,"Aveng Rail business unit/Aveng Ltd","Mathupha Capital Investment Pty Ltd",133.00,"Completed","Industrials","Financials",,,,
"M&A",2011/12/21,"Ferrum Resources Ltd","OKYO Pharma Ltd",75.92,"Completed","Materials","Health Care",,,,92.2917
"INV",2007/3/15,"DCD-Dorbyl Pty Ltd","Tiso Blackstar Group SE,Siyahamba Engineering Pty Ltd",68.00,"Completed","Industrials","Financials, Industrials",,,,
"M&A",2008/5/20,"Donkerhoek Quartzite Pty Ltd,Leopont 365 Prperties Pty Ltd","Brikor Ltd",70.00,"Completed","Consumer Discretionary, Materials","Materials",,317.702,,309.067
"M&A",2002/2/13,"Crown Consolidated Gold Recoveries Ltd","Khumo Bathong Holdings Ltd",105.50,"Completed","Materials","Materials",93.863,,,
"M&A",2000/3/28,"Advsource Holdings Ltd","Advtech Ltd",59.41,"Completed","Industrials","Consumer Discretionary",198.022,9330.4,139.136,11297
"M&A",2010/2/26,"FIHRST Management Services Pty Ltd","Lesaka Technologies Inc",70.00,"Completed","Financials","Financials",,11987.1,,11585.4
"AST",2019/7/5,"Aveng Dynamic Fluid Control business unit","Copaflo Fluid Control LP",129.00,"Completed","Industrials","Financials",,,,
"M&A",2011/4/14,"Cashbuild Management Services Pty Ltd","Cashbuild Management Services Pty Ltd",62.21,"Completed","Health Care","Health Care",,,,
"M&A",2008/12/19,"Ferro Industrial Products Pty Ltd","Tiso Blackstar Group SE",87.66,"Completed","Materials","Financials",,2209.25,,3837.64
"INV",2007/11/8,"Vox Telecom Ltd","New Bond Capital Ltd",59.13,"Completed","Communications","Financials",,,,2416.14
"INV",2010/12/9,"International Diamond Consultants Ltd","Paragon Diamonds Ltd",62.14,"Completed","Materials","Materials",,,,609.705
"M&A",2007/11/22,"Westingcorp Power Industries Proprietary Ltd","Kelgran Ltd",61.00,"Completed","Utilities","Materials",,,,30.06
"M&A",2011/6/23,"Eastern Belt Chrome Mines Pty Ltd","Metmar Ltd",61.41,"Completed","Materials","Materials",,1951.26,,1219.34
"M&A",2021/11/30,"EBS International Proprietary ltd","Alexander Forbes Group Holdings Ltd",142.00,"Completed","Financials","Financials",,6518,,567786
"M&A",2005/1/18,"Hilfort Plastics Ltd","Astrapak Ltd",53.79,"Completed","Materials","Materials",,1348.37,,1840.51
"M&A",2017/2/23,"IMP Properties Pty Ltd","Newpark REIT LTD",113.75,"Completed","Real Estate","Real Estate",,129.38,,1053.15
"M&A",2008/6/18,"Checkered Flag Investments 2 Pty Ltd","Firestone Energy Ltd",70.79,"Completed","Financials","Materials",,,,
"AST",2013/7/29,"Coricraft Distribution Centre","Annuity Properties Pty Ltd",86.15,"Completed","N.A.","Real Estate",,229.584,,1940.51
"INV",2019/7/29,"Efficient Group Ltd","Apis Partners LLP",125.00,"Completed","Financials","Financials",1073.37,,673.756,
"M&A",2025/12/19,"Stellar Energy Solutions RF Pty Ltd","NOA Group Holdings Pty Ltd",147.50,"Completed","Energy","Energy",,,,
"INV",2006/8/22,"Afriminerals Pty Ltd","Eastern Platinum Ltd",62.66,"Completed","Materials","Materials",,1101.12,,2946.01
"AST",2020/8/17,"Meat processing businesses/South Affrica","Synapp International Ltd",153.00,"Completed","Consumer Staples","Financials",,,,
"INV",2015/1/20,"OneLogix Group Ltd","Kagiso Sizanani Capital Pty Ltd",101.10,"Completed","Industrials","Financials",3065.79,,3138.17,
"M&A",2005/11/21,"Balele Leisure Pty Ltd","Century Casinos Inc",57.50,"Completed","Consumer Discretionary","Consumer Discretionary",,10244.5,,19006.7
"M&A",2006/11/1,"Holmwoods and Back and Mason Pty Ltd","Innovation Group Ltd/The",63.84,"Completed","Industrials","Technology",,3677.06,,6119.22
"AST",2001/1/15,"3 Shopping centers","Razorbill Properties Pty Ltd",67.50,"Completed","N.A.","Real Estate",,,,
"AST",2003/7/23,"Cheese division assets","Parmalat Finanziaria SpA",64.55,"Completed","N.A.","Consumer Staples",,31692.8,,23334.3
"M&A",2008/8/14,"Computer Software Consultants Ltd","UCS Eye Investments Ltd",67.61,"Completed","Technology","Technology",,,,
"AST",2004/3/19,"Dorbyl ppty","Quantum Capital Ltd",57.00,"Completed","Real Estate","Real Estate",,,,
"M&A",2015/5/15,"Morvest Group Ltd","MS Varachia Discretionary Family Trust/The",100.87,"Completed","Technology","Financials",1100.76,,643.895,
"M&A",2001/5/14,"Velocit-e","Nampak Ltd",68.00,"Completed","Industrials","Materials",,10726.8,,10992.4
"M&A",2007/10/17,"Goldquest International Hydraulics SA Pty Ltd","Invicta Holdings Ltd",58.00,"Completed","Materials","Consumer Discretionary",,8442.75,,9603.56
"INV",2017/2/6,"Ascension Properties Ltd","Meago Asset Managers Pty Ltd",113.41,"Completed","Real Estate","Financials",533.595,,4331.78,
"INV",2004/12/2,"Tjate Platinum Corp Ltd","Jubilee Metals Group PLC",49.00,"Completed","Materials","Materials",,356.779,,10005.5
"AST",2020/10/8,"Grand Prix park/Germiston","Growthpoint Properties Ltd",140.00,"Completed","Consumer Discretionary","Real Estate",,13568,,152179
"M&A",2003/4/3,"Omaruru Exploration Ltd","Centurion Gold Holdings Inc",66.45,"Completed","Materials","Materials",,,,
"AST",2000/11/1,"Ppty portfolio/Bruma","Rand Leases Properties Ltd",63.05,"Completed","N.A.","Real Estate",,27.574,,155.183
"M&A",2005/11/23,"Tool Room Services Co","Argent Industrial Ltd",54.99,"Completed","Consumer Discretionary","Industrials",,2839.16,,2903.02
"AST",2005/10/27,"Certain assets of Set Point Instruments","Double Ring Trading 338 Pty Ltd",56.30,"Completed","N.A.","Financials",,,,
"M&A",2013/12/19,"Automotive Leather Co Group Pty Ltd","Exco Technologies Ltd",87.02,"Completed","Consumer Discretionary","Materials",,7955.71,,7616.77
"M&A",2021/11/9,"Hulisani Ltd","Reatile Group Pty Ltd",125.67,"Completed","Utilities","Financials",62.392,,557.701,
"M&A",2000/7/25,"Atholl Ridge office park","Kirchmann-Hurry Properties Ltd",57.82,"Completed","N.A.","Real Estate",,20.9,,
"AST",2002/1/18,"Afrox Healthcare Ltd","Real Africa Holdings Ltd",94.86,"Completed","Health Care","Consumer Discretionary",4913.78,72.312,3249.87,952.3
"AST",2006/6/13,"High voltage power lines & mobile telecoms businesses","Babcock International Group PLC",56.63,"Completed","N.A.","Industrials",,120423,,88320.7
"M&A",2011/11/8,"Fish & Chip Co/The","Luxe Holdings Ltd",65.00,"Completed","Consumer Discretionary","Consumer Discretionary",,361.951,,431.551
"M&A",2006/5/4,"Petrex Mines","Pamodzi Resources Pty Ltd",50.00,"Completed","N.A.","Materials",,,,
"AST",2004/2/11,"Boundary Terraces","Emira Property Fund Ltd",56.10,"Completed","N.A.","Real Estate",,1459.26,,16388.7
"M&A",2019/6/20,"Treppo Group Pty Ltd","Insimbi Industrial Holdings Ltd",117.50,"Completed","Industrials","Industrials",,5270.12,,1437.37
"M&A",2004/10/31,"Edward Nathan & Friedland Inc","Edward Nathan Pty Ltd",50.00,"Completed","Industrials","Financials",,,,
"M&A",2004/6/18,"Barplats Investments Pty Ltd","Consortium",52.01,"Completed","Materials","N.A.",385.624,,685.425,
"AST",2016/6/6,"NMC Decorative Mouldings,Taylor Blinds & Shutters","Trellidor Holdings Ltd",120.99,"Completed","Industrials, Industrials","Consumer Discretionary",,367.138,,356.455
"AST",2013/3/19,"SA Ladder Building","Burstone Group Limited",75.00,"Completed","N.A.","Real Estate",,2024.64,,17662.3
"M&A",2023/3/1,"Brikor Ltd","Nikkel Trading 392 Pty Ltd",146.34,"Completed","Materials","Materials",317.702,,309.067,
"AST",2001/12/27,"Glen Shopping Centre/Johannesburgh","Hyprop Investments Ltd",95.00,"Completed","N.A.","Real Estate",,4879.83,,41638.4
"M&A",2003/8/22,"MGX Business Continuity Solutions Pty Ltd","ContinuitySA Pty Ltd",60.00,"Completed","Technology","Industrials",,,,
"M&A",2002/11/6,"Laeveld Korporatiewe Beleggings Beperk","Afgri Ltd",79.00,"Completed","Consumer Staples","Consumer Staples",,8573,,7396
"INV",2008/8/4,"Sheltam Grindrod Holdings Pty Ltd","PME African Infrastructure Opportunities PLC",58.00,"Completed","Industrials","Financials",,,,38.2394
"INV",2022/4/19,"Redsun Dried Fruit & Nuts Pty Ltd","Norfund AS",119.65,"Completed","Consumer Staples","Financials",,,,
"INV",2024/2/22,"Hohm Energy Services Pty Ltd","Tekton Ventures,Musha Ventures LP,4DX Ventures Management LLC (Fund: 4DX Ventures II LP),Climate Venture Capital Fund LP,To.org,Energy Access Ventures SAS (Fund: E3 Low Carbon Economy Fund I),Breega Capital Sarl (Fund: Breega Capital Venture 4),E4E Africa (Fund: E4E Africa Fund II),Sunu Capit...",153.24,"Completed","Consumer Discretionary","Financials, Financials, Financials, Financials, Financials, Financials, Financials, Financials, Financials",,,,
"AST",2014/10/31,"Beares brand & some stores","Lewis Group Ltd",88.26,"Completed","N.A.","Consumer Discretionary",,10319.9,,9159.1
"INV",2012/11/1,"Instaff Pty Ltd,Inn-staff Swaziland Pty Ltd","Kelly Group SA Pty Ltd",69.19,"Completed","Industrials, Industrials","Industrials",,1422.64,,562.664
"AST",2005/9/2,"Drilling Business/South Africa","Bacarac Trading 4 Pty Ltd",49.89,"Completed","N.A.","Materials",,,,
"M&A",2006/3/23,"Anker Coal & Mineral Holdings South Africa Pty Ltd","Salungano Group Ltd",50.00,"Completed","Materials","Materials",,4467.76,,3437.53
"M&A",2017/12/4,"Sturrock & Robson Industries Pty Ltd","WABCO Holdings Inc",107.04,"Completed","Industrials","Industrials",,49431.8,,56423.7
"AST",2013/6/7,"Coal trading business","Salungano Group Ltd",79.00,"Completed","N.A.","Materials",,4467.76,,3437.53
"AST",2006/8/21,"Holfontein coal project,Baobab coal joint venture","MC Mining Ltd",55.47,"Completed","N.A.","Materials",,317.112,,2037.15
"M&A",2010/2/17,"Wire Systems Technology Pty Ltd","First Strut Pty Ltd",59.72,"Completed","Industrials","Industrials",,,,
"AST",2018/3/7,"Exxaro Resources Ltd North Block Coal Complex","Universal Coal PLC",93.00,"Completed","Materials","Materials",,4411.56,,3769.07
"AST",2006/11/22,"Flexpak business","Transpaco Ltd",56.00,"Completed","N.A.","Materials",,2432.37,,1532.02
"M&A",2003/11/26,"Protector Group Holdings PTY Ltd","TradeWorx Pty Ltd",50.00,"Completed","Industrials","Financials",,,,
"AST",2019/9/23,"Katale Square Shopping Centre","Exemplar REITail Ltd",116.00,"Completed","Real Estate","Real Estate",,1586.17,,11710.5
"M&A",2020/8/17,"Coza Mining Pty Ltd","Afrimat Ltd",135.75,"Completed","Materials","Materials",,10009,,9900.95
"AST",2012/9/12,"Erf 155 Edenburg","Texton Property Fund Ltd",64.50,"Completed","N.A.","Real Estate",,278.371,,2473.35
"M&A",2017/10/30,"Law Trusted Third Party Services Pty Ltd","Etion Ltd",108.50,"Completed","Technology","Technology",,,,512.325
"M&A",2014/10/21,"Arthur Kaplan Jewellery Holdings Ltd","Luxe Holdings Ltd",85.00,"Completed","Consumer Discretionary","Consumer Discretionary",,361.951,,431.551
"AST",2009/7/17,"Enterprise Solutions SAP practice","HCL Technologies Ltd",61.90,"Completed","N.A.","Technology",,254933,,208434
"M&A",2007/12/13,"Davgram Construction Pty Ltd","Erbacon Investment Holdings Ltd",52.03,"Completed","Industrials","Industrials",,757.926,,275.979
"AST",2001/1/25,"South Africa cooler division","Frigoglass SAIC",60.60,"Completed","N.A.","Industrials",,380.669,,521.614
"INV",2015/10/15,"Datacentrix Holdings Ltd","Alviva Holdings Ltd",100.36,"Completed","Technology","Consumer Discretionary",2609.26,23429.2,1185.04,9722.62
"M&A",2008/4/14,"SME Corporate Solutions Ltd","Vunani Ltd",60.20,"Completed","Industrials","Financials",,808.796,,1989.22
"AST",2004/4/20,"Knowledge Park","Spearhead Property Holdings Ltd",49.66,"Completed","N.A.","Real Estate",,,,
"INV",2007/2/14,"Swiftnet Pty Ltd","Radio Surveillance Consortium",55.00,"Completed","Communications","Financials",,,,
"INV",2008/10/16,"Minero Zinc Pty Ltd","Metmar Ltd",80.00,"Completed","Materials","Materials",,1951.26,,1219.34
"INV",2007/11/6,"Veremo Holdings Ltd","Petmin Ltd",49.74,"Completed","Financials","Materials",,1282.62,,2139.91
"M&A",2024/6/13,"EnX Leasing Investments Proprietary Ltd","Nedbank Group Ltd",140.50,"Completed","Financials","Financials",,164033,,1.55863e+06
"INV",2006/6/20,"Boschendal Ltd","IFA Hotels & Resorts Ltd",53.90,"Completed","Consumer Staples","Consumer Discretionary",,35117.3,,578.522
"AST",2012/12/26,"1 Industrial Plant/South Africa","SA San Miguel AGICI y F",65.10,"Completed","N.A.","Consumer Staples",,2521.97,,6647.31
"INV",2021/10/1,"Novus Holdings Ltd","A2 Investment Partners Pty Ltd",112.83,"Completed","Industrials","Financials",4194.86,,3920.17,
"M&A",2002/4/11,"Huntsman Tioxide Southern Africa","Huntsman Tioxide PLC",85.00,"Completed","Materials","Materials",,,,
"AST",2008/5/29,"Smokey Hills Platinum Mine","Platinum Australia Ltd",57.32,"Completed","N.A.","Materials",,,,2000.86
"M&A",2001/10/9,"Fedsure General Insurance Namibia Ltd","Old Mutual Insure Ltd",70.00,"Completed","Financials","Financials",,,,
"INV",2021/9/6,"Investec Capital Services India Pvt Ltd","State Bank of India",107.09,"Completed","Financials","Financials",,1.40217e+06,,1.49871e+07
"M&A",2001/4/18,"Eggbert Eggs","Unnamed Buyer",61.00,"Completed","Consumer Staples","N.A.",,,,
"M&A",2007/8/27,"Impson Freight","Santova Ltd",54.19,"Completed","Industrials","Industrials",,1187.02,,2226.98
"M&A",2008/3/12,"Paint and Ladders Ltd","Argent Industrial Ltd",59.02,"Completed","Materials","Industrials",,2839.16,,2903.02
"INV",2022/7/27,"Summer Health Inc","Private Investor,Box Group Co,Metrodora Venture Partners GP I LLC (Fund: Metrodora Venture Partners I LP),FootPrint Coalition Ventures LLC,Shrug Capital LP (Fund: Shrug III LP),Springbank Collective",126.46,"Completed","Health Care","Consumer Discretionary, Financials, Financials, Financials, Financials",,,,
"INV",2024/8/31,"Omnisient RF Pty Ltd","Arise Pty Ltd",133.72,"Completed","Technology","Financials",,,,
"INV",2000/8/30,"Plant building project","Exelon Corp",52.17,"Completed","N.A.","Utilities",,433719,,1.9312e+06
"M&A",2012/4/4,"Industrial Cable Suppliers Pty Ltd","ARB Holdings Ltd",58.33,"Completed","Industrials","Industrials",,2922.92,,2052.93
"M&A",1999/1/28,"*mistake Oxbridge Solutions Group Limited","Oxbridge Online Ltd",45.00,"Completed","N.A.","Communications",,0.467,,9.89
"INV",2002/11/27,"BizAfica 1673 Pty Ltd","African Platinum PLC",68.91,"Completed","Materials","Materials",,,,262.936
"M&A",2009/2/9,"Phoenix Platinum Mining Pty Ltd","Pan African Resources PLC",71.25,"Completed","Materials","Materials",,9812.67,,17802.4
"INV",2003/11/3,"Lenco Holdings Ltd","Brimstone Investment Corp Ltd",51.32,"Completed","Financials","Consumer Staples",133.993,413.736,318.8,4495.57
"M&A",2004/8/26,"Mettle Ltd","Hosken Consolidated Investments Ltd",48.71,"Completed","Financials","Consumer Discretionary",,24172.5,,64182
"M&A",2009/11/23,"Nice Equipment Co Pty Ltd","Bidvest Group Ltd/The",55.00,"Completed","Consumer Staples","Consumer Staples",,126605,,124590
"M&A",2019/12/4,"Sustainable Power Solutions Investments","Gridworks Development Partners LLP",106.70,"Completed","Financials","Financials",,,,
"AST",2004/6/1,"Thohoyandou retail ppty","Resilient REIT Ltd",47.00,"Completed","Real Estate","Real Estate",,3926.84,,41469.4
"M&A",2012/12/12,"MacNeil Proprietary Ltd","Invicta Holdings Ltd",63.00,"Completed","Consumer Discretionary","Consumer Discretionary",,8442.75,,9603.56
"M&A",2011/7/20,"Grindrod PCA","Lonrho Ltd",50.00,"Completed","Industrials","Consumer Staples",,,,
"INV",2015/11/26,"Portfolio Bureau Pty Ltd/The,Portfolio Bureau Investments Pty Ltd","Anchor Group Ltd",102.96,"Completed","Financials, Financials","Financials",,501.132,,805.287
"M&A",2007/6/13,"Sparnoon-Dynatech Group","DataTec Ltd",52.15,"Completed","Financials","Consumer Discretionary",,64153.5,,73847.9
"M&A",2026/4/30,"Glenart Trading Pty Ltd,Marcorp Marketing Consultants Pty Ltd,Glenart Trading Ltd","IG Design Group Plc",120.29,"Completed","Consumer Discretionary, Communications, Financials","Consumer Discretionary",,3781.15,,3112.86
"INV",2001/5/4,"Corporate Warranty Administrators Pty Ltd","Innovation Group Ltd/The",57.69,"Completed","Communications","Technology",,3677.06,,6119.22
"M&A",2014/2/5,"NuCoal Mining Proprietary Ltd","Unnamed Buyer",80.00,"Completed","Materials","N.A.",,,,
"AST",2006/10/23,"Mine Infrastructure","Simmer & Jack Mines Pty Ltd",55.00,"Completed","N.A.","Materials",,,,42.978
"INV",2007/2/20,"UraMin-Mago-Lukisa JV Co Ltd","AREVA Resources Southern Africa Inc",51.00,"Completed","Materials","Materials",,,,1049.42
"AST",2012/3/12,"Pump Business/South Africa","WPIL Ltd",54.00,"Completed","N.A.","Industrials",,3600.63,,5881.08
"AST",2005/9/9,"Commercial Vehicle Finance Division","SA Taxi Holdings Pty Ltd",45.00,"Completed","N.A.","Financials",,,,
"INV",2002/4/4,"Aflease Gold and Uranium Resources Ltd","Lwami Investments Ltd",80.00,"Completed","Materials","Financials",16.128,,337.258,
"INV",2019/2/28,"Spartan SME Finance Pty Ltd","SA SME Fund/The",100.00,"Completed","Financials","Financials",,,,
"M&A",2007/4/19,"CCT","Unicorn Capital Partners Ltd",50.00,"Completed","Materials","Materials",,958.289,,1075.94
"M&A",2021/5/17,"South32 SA Energy Coal Holdings Pty Ltd/South Africa","Seriti Resources Holdings Proprietary Ltd",100.00,"Completed","Materials","Materials",,,,
"M&A",2007/9/19,"Tirisano Diamond Mine","Endeavour Resources Inc",50.00,"Completed","Materials","Materials",,586.956,,1269.94
"M&A",2001/3/13,"Pivot Consolidated Pty Ltd","Real People Finance Ltd",55.06,"Completed","Financials","Financials",,177.185,,
"AST",2001/4/20,"BB & RW Pptys","Fountainhead Property Trust",57.66,"Completed","N.A.","Real Estate",,1282.03,,12601.5
"AST",2014/1/6,"Nu Metro Cinemas Afrique Du Sud,Popcorn Cinema advertising business","One Fifty Capital",75.00,"Completed","Communications","Financials",,,,
"M&A",2015/4/17,"Infrasol Pty Ltd","Datacentrix Holdings Ltd",85.00,"Completed","Consumer Discretionary","Technology",,2609.26,,1185.04
"AST",2001/1/18,"Longkloof Studios","Paramount Property Fund Ltd",55.24,"Completed","N.A.","Real Estate",,,,
"M&A",2008/1/11,"Verge Management Services Pty Ltd","Dialogue Group Holdings Ltd",47.50,"Completed","Industrials","Technology",,343.988,,184.685
"INV",2021/7/2,"ProfitShare Partners Pty Ltd","SA SME Fund/The",100.00,"Completed","Financials","Financials",,,,
"INV",2021/12/9,"Lulalend","Blue Earth Capital AG",111.73,"Completed","Financials","Financials",,,,
"INV",2022/6/1,"Talk360 Group BV","Private Investor,Endeavor Schools LLC,Kalon Venture Partners Ltd,4D Innovative Capital Pty Ltd (Fund: 4Di Capital Fund III),E2 Venture Capital GmbH & Co KG,E4E Africa (Fund: E4E Africa Fund),Havaic General Partners (Fund: HAVAIC Universum Core African Fund/The)",109.10,"Completed","Technology","Financials, Financials, Consumer Discretionary, Financials, Financials, Financials",,,,
"INV",2023/2/9,"Sendmarc Pty Ltd","Endeavor Global Inc,Allan Gray Pty Ltd,Kalon Venture Partners Ltd,4D Innovative Capital Pty Ltd (Fund: 4Di Capital Fund III),Endeavor Catalyst Inc (Fund: Endeavor Catalyst IV LP),E Squared Ventures,Fireball Capital Pty Ltd,Altantica Ventures",124.18,"Completed","Technology","Financials, Financials, Financials, Consumer Discretionary, Financials, Industrials, Financials, Financials",,,,
"AST",2025/6/3,"Trading assets & liabilities/FloSolve Pty Ltd","Hudaco Industries Ltd",125.00,"Completed","Industrials","Consumer Discretionary",,8748.36,,6727.25
"INV",2007/11/30,"Sibize International Pty Ltd","Dialogue Group Holdings Ltd",47.50,"Completed","Communications","Technology",,343.988,,184.685
"M&A",2018/9/5,"Atlantis Group","Master Drilling Group Ltd",107.50,"Completed","Industrials","Materials",,5220.45,,7196.51
"M&A",2011/12/15,"Western Utilities Corp Ltd","Mantengu Ltd",58.60,"Completed","Industrials","Technology",,393.238,,1355.09
"M&A",2015/11/27,"Instant Life Pty Ltd","Absa Group Ltd",100.00,"Completed","Financials","Financials",,207703,,2.23948e+06
"M&A",2000/3/6,"PSG Online","PSG Group Ltd",45.00,"Completed","N.A.","Financials",,7453,,26793
"M&A",2010/7/9,"Lion of Africa Holdings Co Pty Ltd","Brimstone Investment Corp Ltd",52.37,"Completed","Financials","Consumer Staples",,413.736,,4495.57
"M&A",2008/12/19,"Rothwell International SA Pty Ltd","iOCO Ltd",66.66,"Completed","Technology","Technology",,5583.22,,2798.11
"AST",2003/10/21,"Shopping Center/South Africa","SA Retail Properties Ltd",49.00,"Completed","N.A.","Real Estate",,296.704,,1977.47
"AST",2019/1/18,"Aveng Water Australia Pty Ltd,Aveng Namibia Water business","Cambrose 735 Pty Ltd",95.00,"Completed","Utilities, Utilities","Financials",,,,
"M&A",2011/2/11,"Stanger Brick and Tile Pty Ltd","Private Co",50.00,"Completed","Industrials","Energy",,,,
"AST",2013/3/19,"BMW Auto Alpina","Burstone Group Limited",63.44,"Completed","Consumer Discretionary","Real Estate",,2024.64,,17662.3
"M&A",2017/12/20,"Talhado Fishing Enterprises Pty Ltd","Premier Fishing and Brands Ltd",85.95,"Completed","Consumer Staples","Consumer Staples",,475.086,,1008.14
"AST",2023/4/12,"Erf 51 Frankenwald Extension 16 Township/Gauteng,Erf 131 Frankenwald Extension 9 Township/Gauteng","Micasa Asset Management Pty Ltd",125.00,"Completed","Real Estate, Real Estate","Real Estate",,,,
"INV",2010/3/24,"Thyssenkrupp Engineering","PD Naidoo & Associates Consulting Engineers",50.00,"Completed","Industrials","Industrials",,,,
"INV",2025/3/3,"Khula App Pty Ltd","AECI Ltd,Absa Bank Ltd,Private Investor,E-Squared Systems LLC",126.00,"Completed","Technology","Materials, Financials, Industrials",,,,
"INV",2025/3/24,"Enza Group","Unnamed Buyer,Algebra Ventures BV (Fund: Algebra Ventures Fund Coop II AV),Quona Capital Management Ltd (Fund: Quona Accion Inclusion Fund IV SCSp)",123.17,"Completed","Financials","Financials, Financials",,,,
"M&A",2005/7/18,"Retailer Brands Ltd","AH-Vest Ltd",44.55,"Completed","Consumer Discretionary","Consumer Staples",,237.081,,177.458
"M&A",2008/12/8,"Spintelligent Pty Ltd","Clarion Events Ltd",67.76,"Completed","Industrials","Industrials",,2554.3,,12685.7
"M&A",2003/4/24,"Credit Guarantee Insurance Co","Old Mutual Insure Ltd",48.65,"Completed","Financials","Financials",,,,
"M&A",2016/3/9,"Premier Rainwatergoods Pty Ltd","Deneb Investments Ltd",101.50,"Completed","Consumer Discretionary","Consumer Discretionary",,4339.29,,3431.78
"INV",2003/7/3,"Primedia Outdoor Pty Ltd","Mineworkers Investment Co",50.00,"Completed","Communications","Financials",,2540.4,,9932.2
"M&A",2009/6/4,"Nupayment Solutions Pty Ltd","Allied Technologies Ltd",53.50,"Completed","Technology","Communications",,10161,,3764
"AST",2004/10/19,"South African phone activities","Telkom SA SOC Ltd",41.77,"Completed","N.A.","Communications",,44477,,64418
"M&A",2013/3/5,"Embury Institute for Teacher Education","Curro Holdings Ltd",60.00,"Completed","Consumer Discretionary","Consumer Discretionary",,5144,,12321
"M&A",2008/8/15,"Roco Fittings Pty Ltd","Distribution and Warehousing Network Ltd",52.00,"Completed","Industrials","Consumer Discretionary",,3478.63,,1222.27
"AST",2004/3/29,"Building and properties","Paramount Property Fund Ltd",42.20,"Completed","Real Estate","Real Estate",,,,
"AST",2004/3/29,"Goodwood Mall","Paramount Property Fund Ltd",42.20,"Completed","Real Estate","Real Estate",,,,
"M&A",2003/4/1,"Prodigy-Coris Asset Management Pty Ltd","Cadiz Holdings Ltd",52.00,"Completed","Financials","Financials",,623.113,,6668.99
"AST",2001/5/2,"3 Shopping center units","Octodec Investments Ltd",52.90,"Completed","N.A.","Real Estate",,2172.6,,11479.6
"AST",2013/3/19,"Minolta Highveld Property,Minolta Bellville Property","Burstone Group Limited",60.80,"Completed","N.A.","Real Estate",,2024.64,,17662.3
"AST",2011/11/3,"Union Park","Vividend Income Fund Ltd",51.30,"Completed","N.A.","Financials",,198.702,,2276.2
"INV",2019/6/26,"Lulalend","Private Investor,International Finance Corp (Fund: IFC Financial Institutions Growth Fund LP),Quona Capital Management Ltd (Fund: Accion Quona Inclusion Fund LP)",92.41,"Completed","Financials","Government, Financials",,,,
"INV",2015/9/30,"thumbzup Innovations Pty Ltd","Visa Inc,Entree Capital",90.11,"Completed","Financials","Financials, Financials",,,,
"M&A",1999/8/5,"CAD/CAM Systems Holdings Ltd","Maxtec Ltd",40.00,"Completed","N.A.","Technology",,64.198,,20.682
"INV",2011/11/29,"Ezimbokodweni Mining Proprietary Ltd","HSTI 17 Proprietary Ltd",54.20,"Completed","Materials","Financials",,,,
"M&A",2017/11/26,"Manyeka Coal Mines Pty Ltd","Universal Coal PLC",90.00,"Completed","Materials","Materials",,4411.56,,3769.07
"M&A",2022/2/4,"Cadac SA","Hudaco Industries Ltd",100.00,"Completed","Consumer Staples","Consumer Discretionary",,8748.36,,6727.25
"INV",2020/11/13,"Alphawave Holdings","Kagiso Capital RF Pty Ltd",100.00,"Completed","Financials","Financials",,,,
"AST",2015/3/25,"Recycling business of Nampak","Ethos Private Equity Pty Ltd",76.30,"Completed","Industrials","Financials",,,,
"AST",2009/8/24,"Nashua Central","Reunert Ltd",50.00,"Completed","N.A.","Technology",,13881,,12759
"M&A",2012/11/5,"Integr8 IT Proprietary Ltd","Business Connexion Group Ltd",56.00,"Completed","Technology","Technology",,6512.28,,4001.55
"M&A",2008/12/15,"V Cellular Stores Pty Ltd","Management Group",64.81,"Completed","Technology","N.A.",,,,
"M&A",2017/2/9,"Unique Flavors Pty Ltd,Unique Food Solutions Pty Ltd","Frutarom Industries Ltd",86.04,"Completed","Consumer Staples, Consumer Staples","Consumer Staples",,211873,,603300
"INV",2017/7/21,"GRI Towers South Africa","Hulisani Ltd",82.50,"Completed","Energy","Utilities",,62.392,,557.701
"M&A",2008/6/5,"Compass Glass Pty Ltd","Mazor Group Ltd",50.00,"Completed","Consumer Discretionary","Materials",,366.477,,351.289
"M&A",2019/2/7,"Distribution and Warehousing Network Ltd","Polanofield Pty Ltd",86.92,"Completed","Consumer Discretionary","Industrials",3478.63,,1222.27,
"M&A",2003/12/2,"International Healthcare Distributors Pty Ltd","UTi Worldwide Inc",40.00,"Completed","Industrials","Industrials",,45590.6,,23008.8
"AST",2012/1/25,"South African exploration assets","Gorilla Gold Mines Ltd,Galabyte Pty Ltd",50.45,"Completed","N.A.","Materials, Materials",,,,
"INV",2008/8/20,"Paracon Holdings Ltd","Paracon Holdings Ltd",49.01,"Completed","Technology","Technology",,,,
"INV",2008/3/4,"Heunis Steel Pty Ltd","Unnamed Buyer",50.00,"Completed","Materials","N.A.",,,,
"M&A",2000/2/15,"Agency For Advertising & Marketing Pty Ltd","Union Alliance Holdings Ltd",40.00,"Completed","N.A.","N.A.",,,,
"INV",2022/11/28,"Revio","Private Investor,Two Culture Capital Ltd,QED Investors LLC (Fund: QED Growth Fund LP),Fund 2 LLC/The,Partech International Inc (Fund: Partech Entrepreneur IV),Speedinvest GmbH (Fund: Speedinvest 4),RaliCap",107.99,"Completed","Financials","Financials, Financials, Financials, Financials, Financials, Financials",,,,
"AST",2004/6/1,"Vanderbijlpark Mall/South Africa","ApexHi Properties Ltd",40.50,"Completed","Real Estate","Real Estate",,,,
"INV",2004/3/23,"Cadiz Holdings Ltd","Makana Financial Services Ltd",41.14,"Completed","Financials","Financials",623.113,,6668.99,
"M&A",2003/3/27,"NiMag Ltd","MC Mining Ltd",50.00,"Completed","Materials","Materials",,317.112,,2037.15
"M&A",2000/12/11,"Clidet No 309 Pty Ltd","Wilson Bayly Holmes-Ovcon Ltd",48.00,"Completed","N.A.","Industrials",,28493.2,,16076.4
"AST",2016/2/1,"Trading assets & liabilities/Hydraulic Engineering Repair Services Pty Ltd","Hudaco Industries Ltd",100.00,"Completed","N.A.","Industrials",,8748.36,,6727.25
"M&A",2004/9/1,"Mexicare Holdings Pty Ltd","Innovation Group Ltd/The",41.15,"Completed","Industrials","Technology",,3677.06,,6119.22
"INV",2019/3/19,"FlexiiDrive BV","Private Investor,CRE Venture Capital,Kindred Ventures Inc (Fund: Kindred Ventures II LP),Endeavor Catalyst Inc (Fund: Harvest Fund II)",89.67,"Completed","Communications","Financials, Financials, Financials",,,,
"M&A",2012/9/18,"Quintica SA Pty Ltd,Quintica International Ltd","Watchstone Group PLC",50.57,"Completed","Technology, Technology","Technology",,,,36.9079
"M&A",2007/10/31,"Engineered Linings Pty Ltd","PSV Holdings Ltd",40.25,"Completed","Industrials","Industrials",,237.533,,103.104
"M&A",1999/5/6,"Gibson Dax Ltd","Metropolis Transactive Holdings Ltd",37.50,"Completed","N.A.","Communications",,,,
"INV",2017/11/14,"10x Investments Pty Ltd","Old Mutual Private Equity (Fund: Old Mutual Private Equity Fund IV),DiGAME Investment Management Ltd",88.21,"Completed","Financials","Financials, Financials",,,,
"AST",2022/4/5,"Amcor Cape Town Bag in Box/Amcor Flexibles South Africa Pty Ltd,Amcor Port Elizabeth operations/Amcor Flexibles South Africa Pty Ltd","Caxton and CTP Publishers and Printers Ltd",90.00,"Completed","Materials, Materials","Communications",,6709.08,,9942.71
"INV",2001/6/5,"Ampath Trust","Investor Group",49.25,"Completed","Industrials","N.A.",,,,
"INV",2001/6/5,"Ampath Trust","Netcare Ltd",49.25,"Completed","Industrials","Health Care",,26344,,29225
"M&A",2000/7/31,"Maestro Commerce Inc","FrontRange Ltd",42.31,"Completed","N.A.","Technology",,409.482,,337.967
"M&A",2007/7/2,"Telesto Communications Pty Ltd","Stellar Capital Partners Ltd",42.18,"Completed","Communications","Financials",,75.586,,1151.61
"AST",2006/8/30,"Hillcrest Corner","Acucap Properties Ltd",43.00,"Completed","N.A.","Real Estate",,679.829,,12572.8
"M&A",2005/7/21,"QdotPharma","PAREXEL International Corp",39.58,"Completed","Health Care","Health Care",,33211.2,,30203.5
"INV",2004/2/26,"Freestone Property Holdings Ltd","Corovest Property Group Ltd",40.00,"Completed","Real Estate","Real Estate",256.962,,2198.85,
"INV",2020/3/31,"Mobiz SA","Futuregrowth Asset Management Pty Ltd,E Squared Asset LLC,Endeavor Catalyst Inc (Fund: Endeavor Catalyst I LP),Havaic General Partners,Kalon Venture Partners Ltd,Launch Africa Ventures,Capacitech Pty Ltd",106.80,"Completed","Technology","Financials, Financials, Financials, Financials, Financials, Financials, Financials",,,,
"INV",2021/2/25,"Stitch Money Corp","Private Investor",89.81,"Completed","Technology","N.A.",,,,
"INV",2007/7/10,"SA Independent Liner Services Pty Ltd","Lonrho Ltd",41.97,"Completed","Industrials","Consumer Staples",,,,
"M&A",2003/8/7,"Aquachlor Pty Ltd","Arch Chemicals Inc",43.69,"Completed","Materials","Materials",,,,
"AST",2003/9/11,"Plessey Broadband Wireless","Aviat US Inc",44.32,"Completed","N.A.","Technology",,1478.01,,1112.19
"INV",2024/3/11,"NFTFi","Private Investor,Launch Labs Inc,Maven 11 Capital BV,Reciprocal Ventures (Fund: Reciprocal Ventures II LP),Placeholder Management LLC (Fund: Placeholder Fund II LP),LAO LLC/The,Cypher Capital,LongHash Ventures Pte Ltd (Fund: Longhash Ventures Fund II),Kahuna Ventures Ltd",112.06,"Completed","Financials","Technology, Financials, Financials, Financials, Financials, Financials, Technology, Financials",,,,
"INV",2023/12/22,"Cloudline Africa","Private Investor,Raba Partnership/The (Fund: Raba Partnership 1 LP),4D Innovative Capital Pty Ltd (Fund: 4Di Capital Seed Fund),Verod-Kepple Africa Ventures (Fund: Verod-Kepple Africa Ventures Fund)",111.00,"Completed","Industrials","Financials, Financials, Financials",,,,
"INV",2015/12/18,"Jumo/South Africa","VEF Ltd",90.58,"Completed","Technology","Financials",,1407.45,,5706.37
"INV",2008/9/1,"Aardvark","Private Investor,Baseline Ventures LLC,August Capital Corp (Fund: August Capital V Special Opportunities LP)",46.59,"Completed","Communications","Financials, Financials",,,,
"INV",2025/1/16,"Faro Fashion Pty Ltd","Private Investor,Presight Capital Ltd (Fund: Presight Global Venture Opportunities Fund II),Gharage Ventures GmbH",112.79,"Completed","Consumer Discretionary","Financials, Financials",,,,
"INV",2020/10/28,"Enso Security Ltd","Private Investor,Lyra Ventures,YL Ventures GP Ltd (Fund: YLV IV LP),Jump Capital LLC (Fund: JCDP-6)",98.31,"Completed","Technology","Financials, Financials, Financials",,,,
"M&A",2003/11/13,"Fairoak Investment Holdings Pty Ltd","Locifan Trust",40.01,"Completed","Real Estate","N.A.",,,,
"M&A",2007/10/10,"Centurion Glass and Aluminium","Accentuate Ltd",40.92,"Completed","Materials","Consumer Discretionary",,199.567,,141.502
"M&A",2009/4/20,"Forbes Lever Baker Educational Institute for Accountancy and Management","Advtech Ltd",54.00,"Completed","Consumer Discretionary","Consumer Discretionary",,9330.4,,11297
"M&A",2001/9/1,"Dorbyl Water Solutions","New Adventure Investments 262 Pty Ltd",50.00,"Completed","Industrials","Financials",,,,
"M&A",1999/6/7,"Envig Holdings","Weir PLC",36.03,"Completed","Materials","Industrials",,60434.4,,101166
"M&A",2009/1/7,"Queensgate Business Development Ltd","Queensgate Hotel and Leisure Ltd",56.06,"Completed","Real Estate","Consumer Discretionary",,121.011,,457.958
"M&A",2007/8/24,"Finbond Securities Pty Ltd","Finbond Group Ltd",42.50,"Completed","Financials","Financials",,1479.51,,4410.01
"M&A",2008/5/23,"Ilitha Mining Pty Ltd","Chromex Mining Ltd",45.00,"Completed","Materials","Materials",,28.0839,,153.749
"AST",2005/1/21,"Drilling fluids & chemical ops","Imdex Ltd",35.00,"Completed","N.A.","Materials",,5959.72,,12829.9
"AST",2007/6/8,"Ergo operation","Mintails SA Pty Ltd,DRD South African Operations Ltd",42.80,"Completed","N.A.","Industrials, Industrials",,,,
"M&A",2003/7/17,"Affinity Logic Holdings Pty Ltd","UCS Eye Investments Ltd",45.19,"Completed","Technology","Technology",,,,
"M&A",2013/7/5,"Travest Investments Proprietary Ltd","Santam Ltd",59.20,"Completed","Industrials","Financials",,50952,,82392
"M&A",2008/11/10,"Tricks Wrought Iron Services Pty Ltd","Argent Industrial Ltd",58.00,"Completed","Materials","Industrials",,2839.16,,2903.02
"INV",2005/6/29,"Geratech Zirconium Beneficiation Ltd","Private Investor,Swedfund International AB",38.78,"Completed","Materials","Financials",,,,
"M&A",2005/11/21,"Puku Minerals Ltd","Weatherly International PLC",38.41,"Completed","Materials","Materials",,1021.32,,1754.27
"INV",2017/11/22,"Group Five Pipe","LB Pipes Pty Ltd",80.00,"Completed","Industrials","Industrials",,,,
"AST",2015/6/24,"Diesel generator rental business","enX Group Ltd",70.00,"Completed","N.A.","Industrials",,378.355,,1554.24
"M&A",2017/6/19,"Tidy FIles Proprietary Ltd","Metrofile Holdings Ltd",75.00,"Completed","Technology","Technology",,1066.13,,1379.22
"M&A",2007/10/10,"Amadou Investments Proprietary Ltd,Oudema Concrete Proprietary Ltd,Rockcrete Readymix Proprietary Ltd,Rockcrete Transport Proprietary Ltd","Protech Khuthele Holdings Ltd",39.60,"Completed","Materials, Materials, Materials, Industrials","Industrials",,974.501,,719.759
"M&A",2008/9/23,"Calibrated Diamonds Investment Holdings Pty Ltd","Gem Diamonds Ltd",47.00,"Completed","Materials","Materials",,1759.59,,4635.48
"M&A",2013/8/19,"RACEC Group Ltd","Grindrod Holdings South Africa",58.78,"Completed","Industrials","Financials",355.192,,209.633,
"AST",2017/11/20,"Marks & Spencer food hall/Nottingham","Unnamed Buyer",80.77,"Completed","Real Estate","N.A.",,,,
"AST",2001/6/15,"Bond Street Centre","Orion Real Estate Ltd",46.00,"Completed","N.A.","Real Estate",,78.739,,818.336
"AST",2001/7/24,"Meteor pptys","ApexHi Properties Ltd",47.10,"Completed","N.A.","Real Estate",,,,
"INV",2007/10/30,"Adreach Group Pty Ltd","Tiso Blackstar Group SE",37.50,"Completed","Communications","Financials",,2209.25,,3837.64
"AST",2019/12/10,"Rihno Africa building/The","RDC Properties Ltd/Botswana",84.53,"Completed","Real Estate","Real Estate",,790.36,,7539.49
"INV",2017/2/28,"Hero Telecoms Pty Ltd","Medu Capital",74.25,"Completed","Communications","Financials",,,,
"M&A",2022/2/16,"Tharisa Minerals Pty Ltd","Tharisa PLC",85.12,"Completed","Materials","Materials",,12120.8,,21373.8
"AST",2006/9/28,"Gauteng Development Project","Akani Group",43.29,"Completed","N.A.","Financials",,,,
"INV",2011/11/2,"Beige Holdings Ltd","Lion Match Co Pty Ltd/The",45.03,"Completed","Consumer Staples","Consumer Staples",478.074,245.982,288.112,435.004
"AST",2017/7/28,"ISOPLUS","Marico Ltd",73.07,"Completed","Consumer Staples","Consumer Staples",,26780.5,,18145.1
"M&A",2015/9/17,"Archer Digital Ltd","Imimobile Ltd",74.84,"Completed","Communications","Technology",,3214.77,,4532.06
"INV",2025/7/14,"FutureRent Pty Ltd/SA","Private Investor",100.00,"Completed","Communications","N.A.",,,,
"M&A",2006/4/1,"Incledon Pty Ltd","Distribution and Warehousing Network Ltd",34.29,"Completed","Financials","Consumer Discretionary",,3478.63,,1222.27
"AST",2014/8/1,"Aggregate and quarry operations","Raubex Group Ltd",59.70,"Completed","N.A.","Industrials",,22048.1,,16458.7
"AST",2011/2/11,"Operations in Donkerhoe","Corne Kruger Family Trust",40.60,"Completed","N.A.","Financials",,,,
"INV",2009/6/18,"RACEC Group Ltd","Solethu Investments",45.00,"Completed","Industrials","Financials",355.192,,209.633,
"INV",2013/12/9,"Citrus Payment Solutions Pvt Ltd","econtext Asia Ltd,Beenos Asia Pte Ltd,Peak XV Partners Advisors India LLP",57.13,"Completed","Financials","Financials, Financials, Financials",,,,
"M&A",2007/6/22,"Best Cut Group","Best Cut Ltd",39.20,"Completed","Consumer Staples","Technology",,,,
"INV",2013/2/19,"G-Mobile Holdings Ltd","Broad-Based Black Economic Empowerment Consortium",48.50,"Completed","Communications","Financials",,,,
"AST",2012/6/8,"Ethos Building/Illovo","Annuity Properties Pty Ltd",46.00,"Completed","N.A.","Real Estate",,229.584,,1940.51
"M&A",2007/6/19,"Spotlight Interactive","IRESS Ltd",38.29,"Completed","Technology","Financials",,6410.59,,7399.04
"M&A",2013/3/13,"Emberton Residential Property Co","Unnamed Buyer",50.00,"Completed","Consumer Discretionary","N.A.",,,,
"INV",2012/3/5,"thumbzup Innovations Pty Ltd","Entree Capital",40.80,"Completed","Financials","Financials",,,,
"M&A",2010/4/1,"Bundu Oil & Gas Exploration Pty Ltd","Challenger Gold Ltd",39.13,"Completed","Materials","Energy",,,,3031.66
"INV",2021/7/30,"A&R Engineering & Mining Supplies Pty Ltd,Lamp Room Solutions & Consulting Pty Ltd,Moxie Digital Pty Ltd,Embedded IQ Pty Ltd","Master Drilling Group Ltd",78.60,"Completed","Materials, Financials, Technology, Technology","Materials",,5220.45,,7196.51
"M&A",2021/3/2,"Zebediela Nickel Co Pty Ltd","ZEB Nickel Corp",80.32,"Completed","Materials","Financials",,,,3.7413
"AST",2006/4/26,"Limpopo province coal deposit","MC Mining Ltd",32.72,"Completed","N.A.","Materials",,317.112,,2037.15
"AST",2021/8/2,"Okiep Copper Complex/South Africa","Orion Minerals Ltd",76.50,"Completed","Materials","Materials",,,,1668.37
"M&A",2007/10/10,"Instant Concrete Products Proprietary Ltd","Protech Khuthele Holdings Ltd",36.40,"Completed","Materials","Industrials",,974.501,,719.759
"INV",2022/4/21,"Inseco Pty Ltd","Futuregrowth Asset Management Pty Ltd,E4E Africa (Fund: E4E Africa Fund),Oak Drive Ventures Inc",81.69,"Completed","Materials","Financials, Financials, Financials",,,,
"AST",2010/12/6,"Nickel Sulphate Plant","Advance Metals Ltd,Muva Metals Pty Ltd",36.30,"Completed","N.A.","Materials, Materials",,,,
"AST",1999/8/24,"Carlton Centre Building","Transnet SOC Ltd",32.00,"Completed","N.A.","Industrials",,82691,,366867
"AST",2021/4/13,"2 high-rise office buildings/Kimberley & Johannesburg","Department of Human Settlements Water & Sanitation",76.10,"Completed","Real Estate","Government",,,,
"M&A",1999/11/17,"Brainware Mit Solutions Proprietary Ltd","Prada Technologies Ltd",32.13,"Completed","N.A.","Communications",,1.562,,0.877
"INV",2022/5/17,"Nile fresh Pty Ltd","Naspers Ventures Ltd,Platform Partners Investment Co LLC (Fund: Platform Partners Capital LLC),Raba Partnership/The (Fund: Raba Partnership 1 LP),Base Capital Partners Ltda",83.00,"Completed","Consumer Staples","Financials, Financials, Financials, Financials",,,,
"INV",2009/11/10,"Firefly Investments 74 Pty Ltd","Private Investor",38.50,"Completed","Financials","N.A.",,,,
"M&A",2006/4/18,"Nelesco 346 Pty Ltd","ENRC Africa Holdings Ltd",31.32,"Completed","Financials","Materials",,,,0.0600846
"INV",2023/2/15,"Naked Financial Technology Pty Ltd","Hollard Insurance Co Ltd,DEG-Deutsche Investitions- und Entwicklungsgesellschaft mbH,International Finance Corp (Fund: IFC Financial Institutions Growth Fund LP),Yellowwoods Group,BlueOrchard Finance SA (Fund: Insuresilience Investment Fund-Equity Sub-Fund)",94.02,"Completed","Financials","Financials, Government, Communications, Financials, Financials",,,,
"M&A",2013/5/2,"JannDeRee Pty Ltd","Frutarom Industries Ltd",46.68,"Completed","Materials","Consumer Staples",,211873,,603300
"M&A",2009/3/3,"Phone House Pty Ltd","eTelecare Global Solutions Inc",54.60,"Completed","Technology","Technology",,2472.65,,1642.21
"AST",2003/10/1,"MIFA Industrial Park/The Boulders Shopping Centre","Fountainhead Property Trust",36.00,"Completed","N.A.","Real Estate",,1282.03,,12601.5
"M&A",2015/3/3,"Subtech Pty Ltd","James Fisher & Sons PLC",61.00,"Completed","Industrials","Industrials",,9294.34,,11454.9
"AST",2001/11/16,"3 commercial IPD properties","Primegro Properties Ltd",49.63,"Completed","Real Estate","Real Estate",,339.939,,2465.73
"M&A",2000/9/20,"Interpark Ltd","Excellerate Holdings Ltd",37.99,"Completed","Industrials","Consumer Staples",,792.052,,636.692
"M&A",2001/8/20,"Getronics South Africa Pty Ltd","CS Computer Services Holdings Ltd",43.01,"Completed","Technology","Technology",,503.295,,
"M&A",2025/5/23,"Ayo Technology Solutions Ltd","Sekunjalo Investment Holdings Pty Ltd",91.94,"Completed","Technology","Financials",1879.84,,2019.68,
"INV",2026/4/21,"AI Diagnostics Pty Ltd","Global Innovation Fund,Steele Foundation for Hope,IFSP Group Pty Ltd/The,Africa Health Ventures Ltd,Savant Ventures LLC",85.00,"Completed","Health Care","Financials, Financials, Financials, Communications, Financials",,,,
"M&A",2011/10/7,"Orbis Security Solutions Pty Ltd","Securitas AB",41.02,"Completed","Industrials","Industrials",,283128,,196596
"M&A",2008/4/4,"Rollex Pty Ltd,Fresh Direct Ltd","Lonrho Ltd",40.00,"Completed","Industrials, Industrials","Consumer Staples",,,,
"INV",2007/7/11,"Fundamo Pty Ltd","VenFin Pty Ltd,Sanlam Ltd,Knife Capital Proprietary Ltd",36.00,"Completed","Financials","Financials, Financials, Financials",,,,
"INV",2007/8/24,"Blue Chip National","Finbond Group Ltd",36.75,"Completed","Financials","Financials",,1479.51,,4410.01
"M&A",2025/7/1,"Taylor Blinds & Shutters,Trellidor Decor Pty Ltd","Sole Ceramics Pty Ltd",90.00,"Completed","Industrials, Industrials","Consumer Discretionary",,,,
"M&A",2000/3/31,"Clearway","AG Industries Ltd",33.34,"Completed","N.A.","Materials",,,,
"INV",2006/12/14,"Biotech Laboratories Pty Ltd","JB Chemicals & Pharmaceuticals Ltd",35.55,"Completed","Health Care","Health Care",,8062.69,,8948.53
"INV",2012/5/23,"Westcon Africa Middle East Pty Ltd","DataTec Ltd",43.02,"Completed","Technology","Consumer Discretionary",,64153.5,,73847.9
"INV",2021/12/1,"OfferZen Premium Pty Ltd","Base Capital Pty Ltd",81.41,"Completed","Technology","Financials",,,,
"M&A",2010/12/23,"Comwezi Security Services Pty Ltd","Command Holdings Ltd",34.30,"Completed","Industrials","Industrials",,153.247,,68.765
"AST",2002/5/8,"Cleary Park Shopping Centre","Ingenuity Property Investments Ltd",52.04,"Completed","N.A.","Real Estate",,468.379,,3969.21
"M&A",1999/5/26,"EC Financial Consultants Ltd","Thuthukani Group Ltd",31.75,"Completed","N.A.","Financials",,,,
"M&A",2003/12/9,"Tangney Investments Proprietary Ltd","Hosken Consolidated Investments Ltd",32.50,"Completed","Financials","Consumer Discretionary",,24172.5,,64182
"M&A",2012/11/23,"Sizwe Africa It Group Proprietary Ltd","Stellar Capital Partners Ltd",45.00,"Completed","Technology","Financials",,75.586,,1151.61
"AST",2005/2/8,"6 pptys portfolio","Globus Investment Pty Ltd",31.48,"Completed","Real Estate","Financials",,,,
"AST",2003/11/10,"Ethekwini Municipality ppty","ApexHi Properties Ltd",35.00,"Completed","N.A.","Real Estate",,,,
"AST",2013/12/24,"Property situated at Bofors Circle and Losack Ave","Sactwu Investments Group Pty Ltd",52.20,"Completed","N.A.","Financials",,,,
"M&A",2007/9/26,"Insitu Pipelines Pty Ltd","Wilson Bayly Holmes-Ovcon Ltd",35.00,"Completed","Energy","Industrials",,28493.2,,16076.4
"INV",2007/12/19,"C&L Mining & Resources Pty Ltd","Sweet Sensation 161 Pty Ltd",35.00,"Completed","Materials","Financials",,,,
"INV",2009/12/24,"Emerald Risk Transfer Pty Ltd","Santam Ltd",38.00,"Completed","Financials","Financials",,50952,,82392
"M&A",2005/8/23,"New Kleinfontein Mining Co","One Africa Ltd",32.55,"Completed","Materials","Materials",,,,
"M&A",2015/9/29,"Basil Read Energy Pty Ltd","Afri-Coast Engineers SA Pty Ltd,African Pioneer Energy Pty Ltd",70.00,"Completed","Industrials","Financials, Financials",,,,
"M&A",2007/11/20,"Formula Naturelle Pty Ltd","Strides Pharma Science Ltd",33.59,"Completed","Health Care","Health Care",,9559.76,,12475.9
"INV",2026/3/25,"Happy Pay Pty Ltd","Partech International Inc,Futuregrowth Asset Management Pty Ltd,4D Innovative Capital Pty Ltd (Fund: 4Di Capital Seed Fund),E4E Africa (Fund: E4E Africa Fund II),Equitable Ventures Ltd,Felix Strategic Investments Ltd",84.60,"Completed","Technology","Financials, Financials, Financials, Financials, Financials, Financials",,,,
"INV",2021/11/16,"NFTFi","Private Investor,Maven 11 Capital BV,Sound Ventures LLC (Fund: Sound Ventures II LP),Scalar Capital Management LLC,1kx BV,Kleiner Perkins Caufield & Byers LLC (Fund: Kleiner Perkins Select Fund)",77.67,"Completed","Financials","Financials, Financials, Financials, Financials, Financials",,,,
"INV",2021/6/2,"Solar Capital De Aar 3 Pty Ltd","Greenstreet 1 Pty Ltd",67.78,"Completed","Energy","Energy",,,,
"INV",2025/7/24,"Data Guardian Tech Ltd","Private Investor,Dropper Group Pty Ltd",88.27,"Completed","Communications","Technology",,,,
"M&A",2011/5/3,"Goldex Healthcare","Litha Healthcare Group Ltd",33.00,"Completed","Health Care","Health Care",,1045.33,,1944.3
"INV",2004/3/30,"Dimension Data South Africa Holdings Pty Ltd","BEE consortium",31.39,"Completed","Technology","N.A.",,,,
"AST",2013/3/18,"Timber Wholesale Business","York Timber Holdings Ltd",45.50,"Completed","N.A.","Materials",,1994.91,,4978.92
"M&A",2002/10/30,"Triomed Pty Ltd","Aspen Pharmacare Holdings Ltd",50.00,"Completed","Health Care","Health Care",,43363,,135893
"M&A",2009/2/20,"Consolidated Steel Industries Pty Ltd","Tiso Blackstar Group SE",50.00,"Completed","Materials","Financials",,2209.25,,3837.64
"AST",2013/7/11,"Ferreira Northriding ceramics business","Portion 140 Springs Properties CC",49.64,"Completed","N.A.","Real Estate",,,,
"INV",2020/7/23,"AlleyRoads/South Africa","Vantage Capital Pty Ltd",82.00,"Completed","Industrials","Financials",,,,
"AST",2018/11/15,"2 key properties","MC Mining Ltd",70.00,"Completed","Materials","Materials",,317.112,,2037.15
"INV",2006/4/13,"Coleus Packaging Pty Ltd","Nokusa Investment Ltd",29.99,"Completed","Materials","N.A.",,,,
"M&A",2006/12/15,"Boabab Mining & Exploration Pty Ltd","MC Mining Ltd",34.20,"Completed","Materials","Materials",,317.112,,2037.15
"AST",1999/8/10,"Illmans Plastic Injection Moulding Business","Plasgroup Ltd",30.00,"Completed","N.A.","Industrials",,70.965,,184.086
"AST",2001/6/14,"5th Avenue pptys","Primegro Properties Ltd",39.11,"Completed","N.A.","Real Estate",,339.939,,2465.73
"AST",2001/1/18,"Sovereign Quay","Paramount Property Fund Ltd",38.05,"Completed","N.A.","Real Estate",,,,
"M&A",2003/10/15,"Alacrity Financial Services Ltd","Pamodzi Ukuvikela Investments Pty Ltd",33.83,"Completed","Financials","Financials",110.61,,70.63,
"AST",2001/6/15,"Cisco/Boogertman Krige ppty","Orion Real Estate Ltd",38.60,"Completed","N.A.","Real Estate",,78.739,,818.336
"M&A",2008/8/14,"Torque Holdings Pty Ltd","Kelly Group SA Pty Ltd",37.85,"Completed","Industrials","Industrials",,1422.64,,562.664
"M&A",2008/5/9,"Trinity Asset Management Pty Ltd","Agape Global Investments Ltd",37.10,"Completed","Financials","Financials",,,,21.2165
"M&A",2005/12/6,"Aerospace Monitoring and Systems Ltd","Saab AB",30.00,"Completed","Industrials","Industrials",,144466,,224006
"AST",2007/8/9,"Chrome Project/Bushveld Prospect","Chromex Mining Ltd",34.00,"Completed","N.A.","Materials",,28.0839,,153.749
"M&A",2003/10/28,"Delkor Investment Holdings Pty Ltd","IST Group Ltd",33.00,"Completed","Industrials","Financials",,320.207,,235.739
"M&A",2006/6/30,"Durnpike Investments Pty Ltd","Rockwell Diamonds Inc",34.00,"Completed","Financials","Materials",,,,0.234374
"AST",2003/5/22,"Sammy Marks Square","Ingenuity Property Investments Ltd",37.00,"Completed","N.A.","Real Estate",,468.379,,3969.21
"M&A",2006/9/26,"URAMAD SA","UMC Energy Corp",36.21,"Completed","Materials","Materials",,,,472.448
"AST",2001/7/24,"Streicher pptys","ApexHi Properties Ltd",38.57,"Completed","Real Estate","Real Estate",,,,
"M&A",2023/4/24,"Dariel Solutions Pty Ltd","Araxi Ltd",85.30,"Completed","Technology","Financials",,1166.16,,1828.16
"AST",2000/7/13,"OroAfrica","AngloGold Ashanti Ltd",32.05,"Completed","N.A.","Materials",,,,
"AST",2004/9/27,"Dancarl Diamond Mine","Consortium",30.00,"Completed","N.A.","N.A.",,,,
"AST",2000/2/9,"Beijing Wisdom Network Technology Co Ltd","Pacific Systems Control Technology Inc",29.56,"Completed","N.A.","Consumer Discretionary",,,,0.124957
"M&A",2008/7/14,"Industex Technical Textiles","SRF Ltd",35.70,"Completed","Consumer Discretionary","Consumer Discretionary",,31060.9,,43488.2
"M&A",2019/3/5,"Northern Colombia Holdings Ltd","Royal Road Minerals Ltd",65.95,"Completed","Materials","Materials",,,,106.94
"INV",2007/2/21,"Pump Brands Proprietary Ltd","Franklin Electric Co Inc",33.00,"Completed","Industrials","Industrials",,38105.6,,32212.4
"INV",2019/4/16,"Brandmed Pty Ltd","Cipla Ltd/India",65.00,"Completed","Health Care","Health Care",,54524.5,,76535.3
"M&A",2010/5/4,"Glen Douglas Dolomite Pty Ltd","Afrimat Ltd",35.00,"Completed","Materials","Materials",,10009,,9900.95
"M&A",2001/4/24,"Diamix PLC","Ubecorp Ltd",37.51,"Completed","Materials","Materials",,,,4.2768
"AST",2019/8/8,"Grinaker LTA building,Aveng Grinaker-LTA Construction Pty Ltd","Oteo Investments Holdings Pty Ltd,Manzini Ventures Pty Ltd,Upsize Trading Pty Ltd",69.50,"Completed","Real Estate, Industrials","Financials, Financials, Financials",,,,
"AST",2003/8/25,"Mondi timber business","Vuka Alliance",34.45,"Completed","N.A.","Financials",,,,
"AST",2006/12/19,"Goedgeloof Plantation business","York Timber Holdings Ltd",32.30,"Completed","N.A.","Materials",,1994.91,,4978.92
"AST",2011/10/3,"Prepaid Airtime & Electricity Businesses","Lesaka Technologies Inc",37.86,"Completed","N.A.","Financials",,11987.1,,11585.4
"AST",2013/7/8,"Property at 17 Lower Long Street/Cape Town","Ingenuity Property Investments Ltd",46.85,"Completed","N.A.","Real Estate",,468.379,,3969.21
"M&A",2000/2/14,"Duiker Mining Ltd","Glencore PLC",29.14,"Completed","Materials","Materials",1817.85,4.42579e+06,3052.18,2.3558e+06
"M&A",2009/10/22,"Skelton & Plummer Investment Holding Co Pty Ltd","Stefanutti Stocks Holdings Ltd",34.00,"Completed","Industrials","Industrials",,7839.87,,5740.61
"M&A",2003/12/19,"SAIL Sport & Entertainment Pty Ltd","Tree Tell 23 Pty Ltd",31.50,"Completed","Industrials","Financials",,,,
"M&A",2017/5/10,"MICROS South Africa Pty Ltd","AdaptIT Holdings Ltd",61.30,"Completed","Technology","Technology",,1571.77,,1714.33
"M&A",2020/3/26,"Rondebosch Medical Centre Pty Ltd","RH Bophelo Ltd",78.75,"Completed","Health Care","Financials",,,,1258.64
"M&A",2001/8/1,"Viro Locks Pty Ltd","Assa Abloy AB",37.48,"Completed","Industrials","Industrials",,278191,,374297
"M&A",2001/11/21,"Affinity Logic Holdings Pty Ltd","Management Group",45.00,"Completed","Technology","N.A.",,,,
"AST",2009/6/24,"Khanyisa Mine","Salungano Group Ltd",36.50,"Completed","N.A.","Materials",,4467.76,,3437.53
"AST",2000/2/2,"Lyons Financial Solutions Pty Ltd","Lyons Financial Solutions Holdings Ltd",28.48,"Completed","N.A.","Real Estate",,12.038,,14.509
"AST",2004/1/27,"Photography and equipment stores","Connection Group Holdings Ltd",32.00,"Completed","N.A.","Consumer Discretionary",,,,
"M&A",2017/11/22,"Africa Healthcare Pty Ltd","RH Bophelo Ltd",62.50,"Completed","Health Care","Financials",,,,1258.64
"M&A",2018/4/2,"Simulation Engineering Technologies Proprietary Ltd","4Sight Holdings Ltd",53.50,"Completed","Industrials","Financials",,1163.46,,632.188
"AST",2021/12/17,"Erf 21623 Bellville/South Africa","GMCC Investments Pty Ltd",71.40,"Completed","Real Estate","Financials",,,,
"M&A",2005/7/20,"Denny Dalton Pty Ltd","Connected Minerals Ltd",30.07,"Completed","Materials","Materials",,,,85.9053
"INV",2013/5/22,"thumbzup Innovations Pty Ltd","Entree Capital",42.99,"Completed","Financials","Financials",,,,
"INV",2023/1/18,"Flow Platform Pty Ltd","Futuregrowth Asset Management Pty Ltd,Private Investor,Buffet Investments Pty Ltd,Kalon Venture Partners Ltd,Vunani Capital Partners Ltd,Endeavor Catalyst Inc (Fund: Harvest Fund II)",77.05,"Completed","Technology","Financials, Financials, Financials, Financials, Financials",,,,
"M&A",2007/7/19,"Gearing Moss Supplies Proprietary Ltd","enX Group Ltd",30.73,"Completed","Industrials","Industrials",,378.355,,1554.24
"M&A",2019/11/28,"Avior Capital Markets Pty Ltd","Char Trade 117 CC",65.87,"Completed","Financials","Industrials",143.286,,371.943,
"AST",1999/8/20,"Pix Websence Ltd","Unnamed Buyer",27.25,"Completed","N.A.","N.A.",,,,
"M&A",1999/2/25,"CA Miller Raw & Co Ltd","SIB Holdings Ltd",27.50,"Completed","Unclassifiable","Financials",,,,
"AST",2011/2/23,"Rynfield Shopping Centre","Vividend Income Fund Ltd",31.50,"Completed","N.A.","Financials",,198.702,,2276.2
"AST",2010/11/5,"Turquoise Moon Iron Project","Mkhombi Investments Pty Ltd",30.00,"Completed","Materials","Materials",,,,
"AST",2018/3/6,"All-Store Self Storage/ Cape Town","Stor-Age Property REIT Ltd",52.00,"Completed","Real Estate","Real Estate",,1452.88,,14324
"M&A",2000/5/22,"Britz/Maui Rental-South Africa","Imperial Logistics Ltd",31.48,"Completed","N.A.","Consumer Discretionary",,52208,,30329
"M&A",2004/9/7,"Auto Umhlanga","Combined Motor Holdings Ltd",29.25,"Completed","Consumer Discretionary","Consumer Discretionary",,15711.2,,5908.41
"M&A",2002/4/11,"Natural Health Holdings Ltd","Nutri Global Ltd",49.17,"Completed","Health Care","Health Care",83.612,,,
"M&A",2010/12/13,"Swist Technology Solutions Pty Ltd","Allied Technologies Ltd",30.00,"Completed","Technology","Communications",,10161,,3764
"M&A",2005/6/13,"Sea Munye Port Holdings","Grindrod Ltd",30.00,"Completed","Industrials","Industrials",,5558.33,,16129.9
"M&A",2010/10/7,"Cons Murch Mine Pty Ltd","Village Main Reef Ltd",30.00,"Completed","Materials","Materials",,1480.08,,2326.38
"AST",2000/3/15,"ESO Management Services Ltd","Taufin Holdings Ltd",27.90,"Completed","N.A.","Financials",,,,
"AST",2000/6/20,"Infant nutritional assets","Nutricia Pty Ltd/South Africa",29.70,"Completed","N.A.","Health Care",,,,
"M&A",2017/12/20,"Trinity Pharma Pty Ltd","Strides Pharma Science Ltd",54.16,"Completed","Health Care","Health Care",,9559.76,,12475.9
"M&A",2006/12/12,"A Million Up Investments 105 Pty Ltd","Quantum Property Group Ltd",30.00,"Completed","Real Estate","Real Estate",,37.291,,792.859
"M&A",2007/7/5,"Lillicrap Crutchfield Pty Ltd","WSP Group Ltd",30.00,"Completed","Industrials","Industrials",,,,10164
"M&A",2008/5/19,"Alumicor SA Holdings Pty Ltd","Realm Resources Ltd",32.02,"Completed","Materials","Materials",,3519.61,,2434.41
"M&A",2007/8/8,"Property Fund Managers Ltd","Diversified Property Fund Ltd/fund",30.00,"Completed","Financials","N.A.",,,,
"INV",2018/12/12,"CRH Africa Automotive Pty Ltd","P Pather Capital Pty Ltd",60.00,"Completed","Consumer Discretionary","Financials",,,,
"AST",2017/2/2,"Three C30 Locomotives","Pointer Investments Ltd",56.80,"Completed","Industrials","Real Estate",,,,
"INV",2001/7/18,"Phaphama Holdings Pty Ltd","Women Investment Portfolio Holdings Ltd",35.00,"Completed","Financials","Financials",,81.201,,666.271
"AST",2008/2/6,"Sanbonani Holiday Spa","Gooderson Leisure Corp Ltd",32.50,"Completed","N.A.","Consumer Discretionary",,150.33,,304.39
"M&A",2001/8/10,"Energy Measurements Pty Ltd","Siemens AG",34.80,"Completed","Technology","Industrials",,1.57693e+06,,3.37339e+06
"AST",2022/1/31,"27 Junction Road/Parow","Spear REIT Ltd",65.00,"Completed","Real Estate","Real Estate",,853.197,,7584.07
"INV",2009/1/20,"Glenrand MIB Ltd","Trustee Board Investments Pty Ltd",43.08,"Completed","Financials","Financials",545.666,,581.591,
"AST",2015/6/4,"Employee Benefit Assets","Getbucks Pty Ltd",52.00,"Completed","Industrials","Communications",,,,
"INV",2021/9/15,"Releaf","Private Investor,Future Africa Investment Holdings Ltd,Consonance Investment Managers,Samurai Incubate Inc (Fund: Samurai Incubate Fund No 6 Investment LP)",60.66,"Completed","Technology","Financials, Financials, Financials",,,,
"INV",2007/11/22,"Cloudberry Investments 18 Pty Ltd","Trematon Capital Investments Ltd",28.50,"Completed","Financials","Financials",,267.313,,642.32
"M&A",2006/3/7,"Sindele Mining Supplies Pty Ltd","Alliance Mining Corp Ltd",26.27,"Completed","Materials","Materials",,484.52,,499.102
"M&A",2017/3/17,"Agama Exploration & Mining Pty Ltd","Orion Minerals Ltd",53.00,"Completed","Materials","Materials",,,,1668.37
"M&A",2005/7/8,"Weir Envig Pty Ltd","Veolia Environnement SA",28.67,"Completed","Utilities","Utilities",,896240,,1.37405e+06
"M&A",2001/11/16,"Mon Desert Alma Investments Ltd","ENL Investment Ltd",39.57,"Completed","Financials","Financials",,2597.89,,8886.62
"M&A",2007/10/5,"Platinum Mining Ventures Ltd","Great Australian Resources Ltd",28.05,"Completed","Materials","Materials",,,,10.9204
"M&A",2009/12/1,"Paragon Electrical Group","ARB Holdings Ltd",30.00,"Completed","Consumer Discretionary","Industrials",,2922.92,,2052.93
"M&A",2010/4/15,"Disaki Cores and Tubes Pty Ltd","Transpaco Ltd",30.00,"Completed","Materials","Materials",,2432.37,,1532.02
"M&A",2000/2/15,"Vaal Triangle Trading Dvision","Q Mart Holdings Ltd",26.00,"Completed","N.A.","Consumer Staples",,144.232,,
"AST",2003/8/14,"Sugar cane farm","Crookes Brothers Ltd",30.00,"Completed","N.A.","Consumer Staples",,777.586,,1704.15
"M&A",2007/7/19,"Neptune Plant Proprietary Ltd,Neptune Plant Hire Proprietary Ltd","enX Group Ltd",27.89,"Completed","Consumer Discretionary, Consumer Discretionary","Industrials",,378.355,,1554.24
"AST",2010/5/3,"Koornfontein Coal Mine","Optimum Coal Holdings Pty Ltd",30.00,"Completed","Materials","Materials",,5289.39,,11462.1
"M&A",2002/3/12,"PSG Investment Services Pty Ltd","Tradek Holdings Ltd",46.13,"Completed","Financials","Financials",,31.801,,267.739
"INV",2019/8/27,"Nomanini SA","Standard Bank Group Ltd,Goodwell Investments BV (Fund: Goodwell West Africa Microfinance Fund)",61.56,"Completed","Technology","Financials, Financials",,,,
"INV",2022/1/26,"Floatpays Pty Ltd","MFS Investment Grade Municipal Trust,Private Investor,GFC Global Founders Capital SARL (Fund: Global Founders Fund GmbH),Norrsken Foundation/The (Fund: Norrsken Founders Fund),Raba Partnership/The (Fund: Raba Partnership 1 LP),Kepple Africa Ventures KK,4DX Ventures Management LLC (Fund: 4DX V...",60.71,"Completed","Technology","Financials, Financials, Financials, Financials, Financials, Financials, Financials, Financials",,,,
"INV",2021/4/2,"Ovex Pty Ltd","Private Investor",58.60,"Completed","Technology","N.A.",,,,
"INV",2023/10/27,"Plentify Pty Ltd","TELUS Corp",75.27,"Completed","Technology","Communications",,262380,,719773
"AST",2013/12/19,"Karoo Uranium Deposits","Peninsula Energy Ltd",41.51,"Completed","Materials","Materials",,,,3699.04
"INV",2024/10/17,"Hashdata Pty Ltd","Private Investor,Anagram Inc,CMS Holdings LLC,Coinfund LLC (Fund: CoinFund Seed IV LP),Interop Ventures",70.78,"Completed","Technology","Financials, Technology, Financials, Financials",,,,
"INV",2024/11/5,"PargoPoints Pty Ltd","Private Investor",69.51,"Completed","Industrials","N.A.",,,,
"AST",2014/4/17,"African Chrome Fields Pvt Ltd","Moti Holdings Ltd",41.98,"Completed","Materials","Industrials",,,,
"INV",2012/3/2,"Zoona Transactions International Ltd","Accion International,Omidyar Network India Advisors Pvt Ltd,Mennonite Economic Development Associates Inc",30.07,"Completed","Financials","Consumer Discretionary, Financials, Industrials",,,,
"INV",2011/2/23,"Greenhills Resources Ltd","Woodbois Ltd",28.50,"Completed","Materials","Materials",,146.552,,3975.94
"INV",2021/11/16,"Zendascape Pty Ltd","Private Investor,Buffet Investments Pty Ltd,MultiChoice Group,KLT Holdings BVI LP",62.00,"Completed","Technology","Financials, Communications, Financials",,,,
"M&A",2021/9/3,"American Shutters Pty Ltd","Argent Industrial Ltd",56.90,"Completed","Consumer Discretionary","Industrials",,2839.16,,2903.02
"M&A",2018/12/20,"Cumbrae Island Investments Pty Ltd,Elisenheim Estate Property Number One Hundred & One Pty Ltd,Kuiseb Country Estate Pty Ltd","Trustco Group Holdings Ltd",56.90,"Completed","Financials, Financials, Financials","Financials",,91,,3828
"M&A",2008/11/10,"African Brick Centre Ltd","Yakani Group Pty Ltd",39.64,"Completed","Materials","Financials",83.5968,,87.0035,
"M&A",2019/7/17,"SynergERP Pty Ltd","Alviva Holdings Ltd",55.40,"Completed","Technology","Consumer Discretionary",,23429.2,,9722.62
"M&A",2005/7/19,"Quality Products Pty Ltd","Beige Holdings Ltd,Thebe Health Care Pty Ltd,Mothebe Investments Pty Ltd",26.59,"Completed","Consumer Staples","Consumer Staples, Financials, Financials",,,,
"M&A",2001/1/8,"Samrand Mitrajaya Development Pty Ltd","Mitrajaya Holdings Bhd",30.00,"Completed","Real Estate","Industrials",,3375.46,,4704.51
"M&A",1999/3/24,"Automotive Export Supplies Ltd","African Lakes Corp",24.45,"Completed","Consumer Discretionary","Technology",,316.237,,495.081
"AST",2002/10/23,"Boxing promotion & event ops","Sport Entertainment & Media Group PLC",40.17,"Completed","N.A.","Industrials",,99.1968,,170.287
"AST",2025/10/22,"Nicol Garage/Durban","Trestan Distributors Pty Ltd",68.50,"Completed","Industrials","Consumer Staples",,,,
"M&A",2003/8/19,"Lyons Financial Solutions Holdings Ltd","Icarus Investment Corp",28.84,"Completed","Real Estate","Financials",12.038,,14.509,
"AST",2019/11/27,"Presmed Australia Pty Ltd","Advanced Health Ltd",57.78,"Completed","Health Care","Health Care",,664.746,,1095.95
"M&A",2006/10/26,"Personnel Concept Pty Ltd/The","Paracon Holdings Ltd",29.29,"Completed","Industrials","Technology",,,,
"M&A",2005/4/27,"Global Asset Tracking Technologies Pty Ltd","Mobicom Corp",23.69,"Completed","Technology","Technology",,476.543,,7430.93
"M&A",2012/9/3,"HBS Aluminium Pty Ltd","Mazor Group Ltd",32.75,"Completed","Consumer Discretionary","Materials",,366.477,,351.289
"M&A",2008/12/18,"CII Hotels And Resorts Pty Ltd","CII Holdings Pty Ltd",37.00,"Completed","Consumer Discretionary","Financials",,,,
"M&A",2001/1/30,"Home of Living Brands Holdings Ltd","Russell Hobbs Inc",30.13,"Completed","Consumer Discretionary","Consumer Discretionary",995.7,,,
"M&A",2023/8/22,"Aarden Solar Pty Ltd","Main Road Centurion 30311 Pty Ltd",72.44,"Completed","Energy","Financials",,,,
"M&A",2011/1/26,"Power Alt","Jubilee Metals Group PLC",27.30,"Completed","Energy","Materials",,356.779,,10005.5
"M&A",2013/1/25,"Quality Beverages 2000 Pty Ltd","Bowler Metcalf",34.50,"Completed","Consumer Staples","Materials",,945.851,,1030.63
"M&A",2020/9/29,"Ukusekela Holdings Pty Ltd","Nutritional Holdings LTD",65.00,"Completed","Consumer Staples","Consumer Staples",,40.829,,48.021
"M&A",2024/6/30,"IronTree Internet Services CC","Metrofile Holdings Ltd",70.00,"Completed","Technology","Technology",,1066.13,,1379.22
"INV",2005/10/11,"Pump Brands Proprietary Ltd","Contralesa Investment Holdings Proprietary Ltd",25.09,"Completed","Industrials","Industrials",,,,
"M&A",2001/2/16,"Vehicle Delivery Services Pty Ltd","OneLogix Group Ltd",30.00,"Completed","Industrials","Industrials",,3065.79,,3138.17
"M&A",2008/3/4,"Eersteling Gold Mining Corp Ltd","Private Co",30.34,"Completed","Materials","Energy",0.29,,,
"INV",2017/3/23,"InCred Finance Pty Ltd","Paragon Advisor Partners LLP",47.58,"Completed","Financials","Financials",,,,
"M&A",2001/1/18,"Protector Group Holdings PTY Ltd","Glenrand MIB Ltd",30.00,"Completed","Industrials","Financials",,545.666,,581.591
"M&A",2010/6/16,"Central African Gold Ltd","New Dawn Mining Corp",28.93,"Completed","Materials","Materials",12.0534,532.464,128.015,577.155
"M&A",2018/9/10,"Roeland Street Investments 3 Pty Ltd,Roeland Street Investments 2 Pty Ltd","Stor-Age Property REIT Ltd",58.00,"Completed","Financials, Financials","Real Estate",,1452.88,,14324
"AST",2013/7/29,"Clarins SA Property Portfolio","Annuity Properties Pty Ltd",37.20,"Completed","N.A.","Real Estate",,229.584,,1940.51
"INV",2020/6/5,"ROI Digital Pty Co","Business Growth Fund Ltd",64.14,"Completed","Communications","Financials",,,,
"AST",2015/8/17,"Business & certain assets of TFCG","Frontier Services Group Ltd",49.00,"Completed","N.A.","Industrials",,1494.16,,1487.17
"M&A",2016/10/13,"Shu Powders Ltd","GEM Co Ltd",53.84,"Completed","Materials","Industrials",,92256,,175724
"M&A",2005/9/5,"Highbury Monarch Communications Pty Ltd","RMB Corvest Pty Ltd",23.80,"Completed","Communications","Financials",,,,
"AST",2009/3/23,"Property in Korsten Port Elizabeth","Slip Knot Investments 777 Pty Ltd",36.00,"Completed","N.A.","Financials",,,,
"M&A",2004/4/15,"Isotec Nutrition Ltd","Fresenius SE & Co KGaA",25.00,"Completed","Health Care","Health Care",,461747,,804839
"AST",2017/1/12,"Office property/Western Cape","Gamlan Investments Proprietary Ltd",50.82,"Completed","Real Estate","Financials",,,,
"M&A",1999/2/9,"Spier Home Farms Winery","Winecorp Ltd",23.00,"Completed","N.A.","Consumer Staples",,85.633,,64.0823
"INV",2001/11/22,"Jay & Jayendra Pty Ltd","Om Residual UK Ltd",37.50,"Completed","Financials","Financials",,174991,,910113
"M&A",2000/6/13,"H&H Financing Ltd","Real People Finance Ltd",26.37,"Completed","N.A.","Financials",,177.185,,
"M&A",2007/7/6,"Bateman Howden South Africa Ltd","Charter International Ltd",26.32,"Completed","Industrials","Industrials",,19430.2,,15069.6
"M&A",2006/6/14,"Explix Technologies Pty Ltd","Alviva Holdings Ltd",25.74,"Completed","Technology","Consumer Discretionary",,23429.2,,9722.62
"AST",2015/11/4,"franchising security business","CSG Holdings Ltd/South Africa",52.50,"Completed","Industrials","Industrials",,1301.93,,729.55
"M&A",2011/12/5,"Doregos","Spur Corp Ltd",30.00,"Completed","Consumer Discretionary","Consumer Discretionary",,3863.17,,1533.94
"M&A",2009/4/23,"Supreme Finance Pty Ltd","Finbond Group Ltd",33.50,"Completed","Financials","Financials",,1479.51,,4410.01
"INV",2007/7/30,"Labat Traffic Solutions Proprietary Ltd","Mvelaphanda Holdings Pty Ltd",26.54,"Completed","Industrials","Financials",,,,
"M&A",2006/2/16,"Atoll Group","Bateman Engineering NV",22.60,"Completed","Materials","Industrials",,,,1492.06
"M&A",2011/6/6,"Cappucino's","Spur Corp Ltd",25.00,"Completed","Consumer Discretionary","Consumer Discretionary",,3863.17,,1533.94
"M&A",2013/6/10,"Map Integration Technologies Pty Ltd","TomTom NV",37.49,"Completed","Technology","Technology",,11197.7,,13924.8
"INV",2007/7/27,"Labat Traffic Solutions Proprietary Ltd","Labat Traffic Solutions Proprietary Ltd",26.00,"Completed","Industrials","Industrials",,,,
"AST",2014/12/3,"Hilfort Plastics Bloemfontein and Hilfort Plastics Upington","Boxmore Plastics SA Pty Ltd",41.00,"Completed","Industrials","Materials",,,,
"INV",2006/3/7,"Africon Partnership","Africon Management Services Pty Ltd",22.83,"Completed","Industrials","Industrials",,,,
"M&A",2005/4/5,"Countrywide Footwear Carriers Pty Ltd","Value Group Ltd",22.50,"Completed","Industrials","Industrials",,2939.77,,2478.46
"AST",2000/9/18,"2 finance divisions","Jigsaw Holdings Ltd/South Africa",26.30,"Completed","N.A.","Real Estate",,75.822,,87.212
"M&A",2019/7/23,"Nuco Chrome Bophuthatswana Pty Ltd","Bauba Resources Ltd",50.00,"Completed","Financials","Materials",,277.1,,545.089
"M&A",2001/9/7,"Otterbea International Ltd","Energem Resources Inc",30.41,"Completed","Industrials","Energy",,387.403,,1166.19
"M&A",2004/5/11,"Temenos FOFL Ltd","Wealth Management Software Ltd",24.81,"Completed","Technology","Technology",,,,
"M&A",2004/4/16,"ECO Animal Health Southern Africa Pty Ltd","Afrivet Business Management Pty Ltd",23.11,"Completed","Health Care","Health Care",,,,
"INV",2019/2/22,"Global Asset Management Ltd","UBI General Partner Pty Ltd",50.00,"Completed","Financials","Financials",3.29781,,477.319,
"AST",2026/4/22,"Execustore self storage properties/Ballito","Stor-Age Property REIT Ltd",59.00,"Completed","Real Estate","Real Estate",,1452.88,,14324
"M&A",2007/11/15,"Atlantis Coal Estate CC,Express Technology CC","Salungano Group Ltd",24.00,"Completed","Materials, Materials","Materials",,4467.76,,3437.53
"INV",2016/12/15,"Heunis Steel Pty Ltd","Unnamed Buyer",50.00,"Completed","Materials","N.A.",,,,
"INV",2019/9/9,"GENRIC Insurance Co Ltd","RH Bophelo Ltd",52.50,"Completed","Financials","Financials",,,,1258.64
"AST",2009/9/4,"Mica Norwood,Mica Umhlanga,Mica South Coast","Massmart Holdings Ltd",27.00,"Completed","N.A.","Consumer Staples",,77621.6,,40144.7
"AST",2016/12/19,"Armed response & monitoring division/Stallion Reaction Pty Ltd","CSG Holdings Ltd/South Africa",50.00,"Completed","Industrials","Industrials",,1301.93,,729.55
"AST",2013/2/26,"Hibernian Towers property","Trematon Capital Investments Ltd",31.40,"Completed","N.A.","Financials",,267.313,,642.32
"AST",2000/4/17,"Media & Audio ops","Hentiq 2249 Pty Ltd",23.50,"Completed","N.A.","N.A.",,,,
"M&A",2013/11/1,"Sensepost Pty Ltd","Sensepost Newco Ltd",36.00,"Completed","Industrials","Technology",,,,
"M&A",2013/10/18,"NOSA Global Holdings Ltd","Sebata Holdings Ltd",34.34,"Completed","Industrials","Industrials",,33.149,,468.82
"M&A",2015/12/8,"Atlantic Asset Management Pty Ltd","FirstRand Ltd",51.00,"Completed","Consumer Discretionary","Financials",,155879,,2.58654e+06
"M&A",2017/1/12,"KBC Holdings Pty Ltd","Workforce Holdings Ltd",47.00,"Completed","Industrials","Industrials",,4504.61,,1586.91
"M&A",1999/4/19,"Bull Brand Holdings Ltd","KAP Ltd",21.10,"Completed","Consumer Staples","Consumer Discretionary",,29615,,30805
"AST",2000/11/30,"Fund Mator Group","Stellar Capital Partners Ltd",27.00,"Completed","N.A.","Financials",,75.586,,1151.61
"M&A",2010/9/9,"Transvaal Gold Mining Estates Ltd","Stonewall Mining Pty Ltd",25.00,"Completed","Materials","Materials",,,,
"INV",2020/7/21,"VALR Pty Ltd/South Africa","Private Investor,Bittrex Inc,4D Innovative Capital Pty Ltd (Fund: 4Di Capital Fund III),First Founder Investment Adviser LLP (Fund: 100x Entrepreneur Fund)",57.00,"Completed","Technology","Financials, Financials, Financials",,,,
"AST",2015/5/26,"Aspirata","Sebata Holdings Ltd",41.80,"Completed","Industrials","Industrials",,33.149,,468.82
"M&A",1999/2/11,"Wearcheck Ltd","Set Point Group Ltd",20.90,"Completed","N.A.","Industrials",,359.376,,235.593
"AST",2000/12/14,"2 hospital services businesses","Mediclinic International RF Pty Ltd",26.50,"Completed","N.A.","Health Care",,35238,,79179
"INV",2003/11/10,"Incledon Pty Ltd","Distribution and Warehousing Network Ltd",23.74,"Completed","Financials","Consumer Discretionary",,3478.63,,1222.27
"INV",2021/7/27,"Pineapple Tech Pty Ltd","Hannover Rueck SE,Old Mutual Ltd,E4E Africa (Fund: E4E Africa Fund),Vunani Capital Partners Ltd,Association for Savings & Investment SA",50.32,"Completed","Technology","Financials, Financials, Financials, Financials, Financials",,,,
"INV",2021/12/21,"Planet42","Naspers Ltd,Wise Guys Holding OU,Change Ventures OU (Fund: Change Ventures Fund I LP)",54.00,"Completed","Financials","Communications, Financials, Financials",,,,
"AST",2025/7/7,"Pinewood Dealer Management System/Motify Group Pty Ltd","Pinewood Technologies Group PL",60.49,"Completed","Technology","Consumer Discretionary",,954.414,,5950.31
"AST",2019/5/29,"Tubatse Property/Tubatse Estate Pty Ltd","Cecilo Investments",50.00,"Completed","Real Estate","Financials",,,,
"M&A",1999/2/5,"Hardware Distributors of South Africa","Distribution and Warehousing Network Ltd",20.00,"Completed","Industrials","Consumer Discretionary",,3478.63,,1222.27
"M&A",2021/10/21,"IronTree Internet Services CC","Metrofile Holdings Ltd",48.92,"Completed","Technology","Technology",,1066.13,,1379.22
"AST",2006/8/2,"Adderley Hotel/Cape Town","Tourism Investment Corp Ltd",23.00,"Completed","N.A.","Consumer Discretionary",,1623.78,,1328.08
"M&A",2000/12/22,"Conlog Pty Ltd","Schneider Electric SE",25.20,"Completed","Technology","Industrials",,810565,,1.21526e+06
"INV",2014/3/24,"Braviz Fine Foods Pty Ltd","Spur Corp Ltd",36.00,"Completed","Consumer Staples","Consumer Discretionary",,3863.17,,1533.94
"INV",2021/3/3,"Zingaro Holdings Pty Ltd","Brikor Ltd",50.00,"Completed","Industrials","Materials",,317.702,,309.067
"INV",2023/1/10,"Releaf","Private Investor,Consonance Investment Managers,Samurai Incubate Inc (Fund: Samurai Incubate Fund No 6 Investment LP)",56.19,"Completed","Technology","Financials, Financials",,,,
"INV",2025/3/26,"Jem HR Ltd","Old Mutual Ltd",60.29,"Completed","Technology","Financials",,137675,,1.36792e+06
"M&A",2012/8/3,"Afinis Communication SA","SkyVision Global Networks Ltd",26.84,"Completed","Communications","Communications",,,,
"M&A",2006/11/22,"Burcap Plastics Pty Ltd","Nampak Ltd",23.60,"Completed","Industrials","Materials",,10726.8,,10992.4
"M&A",2013/5/10,"Powerbet Gaming Pty Ltd,Purple Capital Gaming Pty Ltd","Sun International Ltd/South Africa",30.00,"Completed","Consumer Discretionary, Consumer Discretionary","Consumer Discretionary",,12979,,13642
"INV",2013/8/28,"Pure Ocean Aquaculture Proprietary Ltd","BK One Ltd",34.00,"Completed","Consumer Staples","Financials",,3.1181,,160.824
"AST",2005/9/20,"Bouroum Reserves","High River Gold Mines Ltd",21.01,"Completed","N.A.","Materials",,4197.18,,8039.44
"M&A",2001/10/29,"Argil Holdings Pty Ltd","CS Computer Services Holdings Ltd",30.50,"Completed","Industrials","Technology",,503.295,,
"AST",2004/3/4,"Monteer ppty","Metboard Properties Ltd",22.39,"Completed","Real Estate","Real Estate",,,,
"INV",2016/12/9,"Villa Crop Protection Pty Ltd","Land O' Lakes Inc",44.96,"Completed","Materials","Consumer Staples",,293429,,151907
"M&A",2017/12/6,"Hygrotech Properties Pty Ltd","Zeder Investments Ltd",44.00,"Completed","Materials","Consumer Staples",,15,,2389
"INV",2014/4/27,"Stitch Money Pty Ltd","Private Investor,Triplepoint Capital LLC,Tekton Ventures,Foundation Capital LLC (Fund: Foundation Capital VII LP),Freestyle Capital Management LLC (Fund: Freestyle Capital Fund II LP),GV Management Co LLC (Fund: Google Ventures/Fund),Uncork Capital Inc (Fund: SoftTech VC IV LP),Eniac Ventures...",34.59,"Completed","Technology","Financials, Financials, Financials, Financials, Financials, Financials, Financials, Financials",,,,
"AST",2004/3/4,"Redwood ppty","Metboard Properties Ltd",22.16,"Completed","Real Estate","Real Estate",,,,
"M&A",2007/3/15,"Quantum Screening and Crushing Pty Ltd","Canaf Investments Inc",24.00,"Completed","Materials","Financials",,356.784,,224.737
"M&A",2012/4/25,"Brown Mcfarlane Africa Pty Ltd","BSI Steel Ltd",25.00,"Completed","Materials","Materials",,2376.82,,1493.44
"AST",2001/2/2,"Arthur Kaplan Jewellery Holdings Ltd","Consortium",25.00,"Completed","Consumer Discretionary","N.A.",,,,
"AST",2016/12/23,"Non-core assets/Rockwell","Nelesco 318 Pty Ltd",45.00,"Completed","Materials","Materials",,,,
"M&A",2007/4/25,"Press Support Pte Ltd","OneLogix Group Ltd",22.43,"Completed","Communications","Industrials",,3065.79,,3138.17
"M&A",2001/3/13,"Blake Holdings Pty Ltd","Unifer Holdings Ltd",25.00,"Completed","Industrials","Financials",,,,
"M&A",2003/12/8,"Verimark Holdings Ltd","Callidus Consortium",20.75,"Completed","Consumer Discretionary","N.A.",508.137,,226.367,
"INV",2000/2/3,"Finsch Diamonds  Proprietary  Ltd","De Beers Consolidated Mines Ltd / De Beers Centenary AG",20.00,"Completed","N.A.","Materials",,40043,,
"M&A",2020/11/6,"Mogale Gold Pty Ltd,Mintails SA Soweto Cluster Pty Ltd","Pan African Resources PLC",50.00,"Completed","Materials, Materials","Materials",,9812.67,,17802.4
"AST",2009/7/3,"Alluvial diamond projects","Kig Mining PLC",25.35,"Completed","N.A.","Materials",,,,
"M&A",2010/11/25,"Aquarius Shipping International Pty Ltd","CWT Pte Ltd",22.50,"Completed","Industrials","Industrials",,98493.7,,51380
"M&A",2005/3/1,"Britepak Trading Ltd","Transpaco Ltd",18.50,"Completed","Materials","Materials",,2432.37,,1532.02
"AST",2001/7/24,"Cavaleros pptys","ApexHi Properties Ltd",25.87,"Completed","Real Estate","Real Estate",,,,
"M&A",2002/5/2,"Solution Management Networx Ltd","Datacentrix Holdings Ltd",33.22,"Completed","Consumer Discretionary","Technology",,2609.26,,1185.04
"INV",2012/4/13,"Pilot Peridot Investments 1 Pty Ltd","Putprop Ltd",25.00,"Completed","Real Estate","Real Estate",,140.363,,1232.68
"AST",2004/3/4,"Wingfield ppty","Metboard Properties Ltd",21.49,"Completed","Real Estate","Real Estate",,,,
"AST",2005/9/29,"Africard Pty Ltd","Idemia France SAS",20.00,"Completed","Financials","Technology",,,,
"M&A",2000/7/12,"Net1 Investment Holdings Pty Ltd","Net 1 Applied Tech Holdings Ltd",21.35,"Completed","N.A.","Technology",,691.484,,
"M&A",1999/6/15,"Campbell Gardwel","MSA Safety Inc",19.00,"Completed","N.A.","Industrials",,33520.6,,42318.1
"M&A",2001/5/31,"inthebag Pty Ltd","Woolworths Holdings Ltd/South Africa",25.00,"Completed","Consumer Discretionary","Consumer Discretionary",,79537,,40847
"M&A",2013/12/12,"Specialised Battery Systems cc","Hudaco Industries Ltd",32.50,"Completed","Technology","Industrials",,8748.36,,6727.25
"M&A",2023/4/25,"SA Greetings Pty Ltd","Card Factory PLC",56.88,"Completed","Consumer Discretionary","Consumer Discretionary",,13678.7,,14612.8
"M&A",2017/5/25,"Reflex Solutions Pty Ltd","Jasco Electronics Holdings Ltd",39.78,"Completed","Technology","Industrials",,673.343,,408.997
"INV",2026/6/12,"Zimi Charge Pty Ltd","Development Bank of Southern Africa Ltd,Private Investor,Keyo Ventures Pty Ltd",50.00,"Completed","Financials","Government, Financials",,,,
"M&A",2002/4/19,"Cluff Mining South Africa Pty Ltd","Consortium",34.12,"Completed","Materials","N.A.",,,,
"INV",2015/9/1,"WhereIsMyTransport Pty Ltd","Private Investor,Horizon Ventures LLC,Omidyar Network Fund Inc,Goodwell Investments BV",41.10,"Completed","Communications","Financials, Consumer Discretionary, Financials",,,,
"INV",2000/4/10,"Gold Reef Management Pty Ltd","Tsogo Sun Limited",20.00,"Completed","Industrials","Consumer Discretionary",,10841,,14695
"M&A",2016/1/4,"Kanu Equipment Ltd","Torre Industries Ltd",47.58,"Completed","Industrials","Industrials",,1450,,1161
"INV",2013/7/30,"AfriAg SA","Apollon Formularies PLC",29.84,"Completed","Industrials","Health Care",,5.77219,,81.9294
"AST",2015/10/30,"Business units/Alibaba Foods","RFG Holdings Ltd",42.00,"Completed","N.A.","Consumer Staples",,8137.76,,6041.29
"M&A",2022/6/14,"Buffalo Coal Corp","Belvedere Resources DMCC",48.26,"Completed","Materials","Financials",374.285,,174.401,
"M&A",2012/4/26,"m Cubed Holdings Ltd","Trinity Asset Management Pty Ltd",23.38,"Completed","Financials","Financials",23.316,,76.433,
"INV",2020/6/9,"Sun Exchange Pty Ltd/The","Arch Emerging Markets Partners Ltd",49.99,"Completed","Communications","Financials",,,,
"M&A",2006/8/9,"Crop Serve Pty Ltd","UPL Ltd",20.19,"Completed","Financials","Materials",,100942,,171464
"INV",2018/12/6,"Snapt Inc","Nedbank Group Ltd,Convergence Partners,Sanari Capital Pvt Co",42.22,"Completed","Technology","Financials, Financials, Financials",,,,
"M&A",2013/1/30,"G&B African Resources Ltd","AgriMinco Corp",27.13,"Completed","Materials","Materials",,,,4.81461
"M&A",2014/4/1,"Cssa Pty Ltd","Unnamed Buyer",31.64,"Completed","Consumer Discretionary","N.A.",,,,
"M&A",2003/5/19,"Barato Holdings Inc","Blantyre Assets Ltd",23.79,"Completed","Financials","Financials",,,,
"AST",2004/4/5,"Higginsville Gold Project","Avoca Resources Ltd",19.18,"Completed","N.A.","Materials",,,,
"AST",2015/9/14,"Presmed Australia Pty Ltd","Unnamed Buyer",40.07,"Completed","Health Care","N.A.",,,,
"AST",2011/12/14,"3 Private schools/South Africa","Curro Holdings Ltd",25.00,"Completed","N.A.","Consumer Discretionary",,5144,,12321
"INV",2006/3/31,"Zaptronix Ltd","Royal Bafokeng Finance",18.21,"Completed","Industrials","Financials",27.85,,25.019,
"M&A",1999/8/20,"Stobar","Murray & Roberts Holdings Ltd",18.00,"Completed","N.A.","Industrials",,13452.4,,8160.3
"M&A",2014/3/3,"Mettle Investments Ltd","Collins Property Group Ltd",32.00,"Completed","Financials","Consumer Staples",307.041,1264.85,1851.66,12209
"AST",2007/10/18,"Historical database and geological modeling information","MC Mining Ltd",20.00,"Completed","N.A.","Materials",,317.112,,2037.15
"M&A",2006/2/7,"Clover Cargo Holdings Pty Ltd","Toll Global Forwarding Ltd",18.11,"Completed","Financials","Industrials",,,,
"INV",2020/11/18,"Student Hub Online Pty Ltd/The","Naspers Ltd",45.00,"Completed","Communications","Communications",,188265,,1.35492e+06
"INV",2015/3/6,"Inclusivity Solutions Pty Ltd","Private Investor,RGAx LLC",35.00,"Completed","Financials","Financials",,,,
"AST",2005/2/8,"Nedbank Circle ppty/Durban","Magnolia Ridge Properties 194 Pty Ltd",18.00,"Completed","Real Estate","Real Estate",,,,
"M&A",2007/9/26,"Tshikunda Mining Pty Ltd","MC Mining Ltd",20.00,"Completed","Materials","Materials",,317.112,,2037.15
"INV",2007/12/20,"Accentuate Ltd","Thebe Investment Corp Pty Ltd",20.30,"Completed","Consumer Discretionary","Financials",199.567,,141.502,
"M&A",2003/10/23,"Platinexco Pty Ltd","Blackthorn Resources Ltd",20.00,"Completed","Materials","Materials",,,,511.161
"AST",2005/3/30,"Certain rose farming ops","Indigo Flower CC",18.00,"Completed","N.A.","Consumer Discretionary",,,,
"AST",2001/7/24,"Ferreiras pptys","ApexHi Properties Ltd",23.42,"Completed","Real Estate","Real Estate",,,,
"INV",2019/6/13,"Inclusivity Solutions Pty Ltd","Private Investor,Allan Gray Pty Ltd,RGAx LLC,MFS Africa Ltd,Goodwell Investments BV (Fund: Goodwell uMunthu Fund),Umkhathi Wethu Holdings Pty Ltd",42.56,"Completed","Financials","Financials, Financials, Financials, Financials, Financials",,,,
"AST",2007/11/29,"OEM automotive plastics operations","Metair Investments Ltd",19.50,"Completed","N.A.","Consumer Discretionary",,17868.3,,12581
"AST",2000/10/4,"1 Mawenzi property","Primegro Properties Ltd",20.50,"Completed","N.A.","Real Estate",,339.939,,2465.73
"M&A",2006/6/5,"Aerodyne Advanced Composite Pty Ltd","Umeco Ltd",18.72,"Completed","Consumer Discretionary","Materials",,2648.21,,3104.21
"M&A",2001/6/5,"Plateau Resources Pty Ltd","Atlatsa Resources Corp",22.60,"Completed","Materials","Materials",,,,1048.23
"M&A",2010/10/27,"ITS Holdings Pty Ltd","AdaptIT Holdings Ltd",19.86,"Completed","Financials","Technology",,1571.77,,1714.33
"M&A",2003/10/21,"Atos KPMG Consulting Pty","iOCO Ltd",20.00,"Completed","Industrials","Technology",,5583.22,,2798.11
"AST",2022/10/6,"2 tailing storage facilities/South Africa","Pan African Resources PLC",50.00,"Completed","Real Estate","Materials",,9812.67,,17802.4
"M&A",1999/8/20,"Steel Pipe Industries","Murray & Roberts Holdings Ltd",17.00,"Completed","N.A.","Industrials",,13452.4,,8160.3
"M&A",2012/7/3,"600 SA Ltd","eXtract Group Ltd",22.50,"Completed","Industrials","Industrials",,999,,220
"M&A",2023/5/13,"White Rivers Exploration Pty Ltd","Lexington Gold Ltd",53.72,"Completed","Materials","Materials",,,,278.788
"M&A",2007/9/6,"Worthington-Smith & Brouwer GTG Pty Ltd","WSP Group Ltd",20.00,"Completed","Industrials","Industrials",,,,10164
"M&A",2000/12/4,"Westminster Produce Pty Ltd","Investor Group",21.12,"Completed","Consumer Staples","N.A.",,,,
"M&A",2001/2/13,"Internet Gaming Pty Ltd","Essential Beverage Holdings Ltd",21.83,"Completed","Unclassifiable","Consumer Staples",,,,20.502
"AST",2006/11/14,"3 non-core projects","Bushveld Platinum PLC",20.00,"Completed","N.A.","Financials",,,,
"M&A",2009/4/1,"Telesto Communications Pty Ltd","Stellar Capital Partners Ltd",25.80,"Completed","Communications","Financials",,75.586,,1151.61
"AST",2024/11/9,"Chrome mining complex/Volclay Trading Proprietary Ltd","Vishnu Chemicals Ltd",48.41,"Completed","Industrials","Materials",,3153.99,,3760.18
"M&A",2004/8/27,"Forim Holdings Ltd","Thebe Health Care Pty Ltd",18.51,"Completed","Financials","Financials",231.792,,136.274,
"M&A",2007/11/7,"Isicebi Carbon Mining Pty Ltd","Freedom Care Group Holdings Lt",17.74,"Completed","Materials","Technology",,185.966,,17.159
"M&A",2007/3/12,"iSoft Technologies Pty Ltd","Wellpoint Systems Inc",20.03,"Completed","Technology","Technology",,,,
"AST",2008/7/31,"11 A Grace Road","Cargo Carriers Ltd",20.00,"Completed","N.A.","Industrials",,645.598,,763.061
"M&A",2019/3/29,"Table Bay Area Rapid Transport Pty Ltd","Frontier Transport Holdings Lt",39.24,"Completed","Industrials","Industrials",,2840.97,,3333.33
"AST",2003/9/12,"Thisday merchandise & fixed assets","Edgars Consolidated Stores Ltd",20.00,"Completed","N.A.","Consumer Discretionary",,,,
"M&A",2005/7/4,"Automated Outsourcing Services Ltd","Fidentia Holdings Ltd",18.50,"Completed","Industrials","Financials",,,,
"M&A",2000/5/3,"Goodwood Mall","Durban Road Centre Property Trust",18.50,"Completed","Real Estate","Real Estate",,,,
"INV",2022/12/8,"Distributed Power Africa Pty Ltd","SunFunder Inc",46.34,"Completed","Energy","Energy",,,,
"M&A",2000/7/14,"Matrix Vehicle Tracking Ltd","Radiospoor Technology Holdings Ltd",18.50,"Completed","N.A.","Communications",,793.932,,306.476
"M&A",1999/12/8,"Brolink Pty Ltd","Global Technology Ltd",16.54,"Completed","Technology","Technology",,192.584,,72.58
"AST",2010/7/20,"Primrose Gold Metallurgical,ERPM Gold Metallurgical","Labat Africa Ltd",20.37,"Completed","N.A.","Technology",,199.4,,675.514
"M&A",2003/3/6,"Otterbea International Ltd","Energem Resources Inc",21.38,"Completed","Industrials","Energy",,387.403,,1166.19
"M&A",2016/11/22,"Somerset West Pty Ltd","Stor-Age Property REIT Ltd",37.40,"Completed","Financials","Real Estate",,1452.88,,14324
"M&A",2000/7/4,"BUBBLE PAC","Sealed Air Corp",18.00,"Completed","N.A.","Materials",,95830.2,,116180
"INV",2026/4/30,"Shiprazor Pty Ltd","Private Investor,Asia Africa Investment & Consulting Pte Ltd,Tremis Capital,E4E Africa (Fund: E4E Africa Fund II),Norrsken Foundation/The (Fund: Norrsken VC II)",44.30,"Completed","Technology","Financials, Financials, Financials, Financials",,,,
"M&A",2009/11/24,"Pontins Proprietary Ltd","B&W Instrumentation and Electrical Ltd",19.73,"Completed","Industrials","Industrials",,399.86,,287.945
"M&A",2018/2/23,"Ramm Technologies Pty Ltd","Jasco Electronics Holdings Ltd",30.60,"Completed","Industrials","Industrials",,673.343,,408.997
"M&A",2022/3/2,"Silverbridge Holdings Ltd","Rox Equity Partners Ltd",40.34,"Completed","Technology","Financials",105.929,,69.447,
"M&A",2016/10/10,"Tuboseal Pty Ltd,Tuboseal Services Pty Ltd","Esor Ltd",36.25,"Completed","Industrials, Industrials","Industrials",,959.357,,636.305
"INV",2008/5/28,"PTA Reinsurance Co","Kenya Reinsurance Corp Ltd",20.17,"Completed","Financials","Financials",,2433.49,,9271.09
"INV",2006/4/11,"Lucapa Diamond Co Ltd","Lonrho Ltd",16.06,"Completed","Materials","Consumer Staples",127.839,,790.82,
"AST",2009/6/11,"Resourcing business","Paracon Holdings Ltd",20.79,"Completed","N.A.","Technology",,,,
"INV",2002/2/25,"Denel Airmotive","Safran UK Ltd",30.00,"Completed","Industrials","Industrials",,54492.6,,65078
"M&A",2015/9/8,"Excellent Meat Burger Plant Pty Ltd","Grand Parade Investments Ltd",35.80,"Completed","Consumer Staples","Financials",,0.292,,1142.11
"M&A",2007/8/30,"CallForce Direct Pty Ltd","Dialogue Group Holdings Ltd",18.55,"Completed","Industrials","Technology",,343.988,,184.685
"AST",2012/3/28,"Beach Hotel/Durban","Motsa Properties CC",20.00,"Completed","N.A.","Consumer Discretionary",,,,
"M&A",2000/4/3,"Trident Insurance Brokers Pty Ltd","Andulela Investment Holdings Ltd",17.09,"Completed","N.A.","Financials",,1539.39,,714.472
"INV",2015/1/16,"Mazda Southern Africa Pty Ltd","ITOCHU Corp",30.00,"Completed","Consumer Discretionary","Energy",,1.71119e+06,,1.79041e+06
"M&A",2021/2/26,"MS5 Pennyville Pty Ltd","Proptec Residential Pty Ltd,Lonny Enterprise Trading Pty Ltd",38.77,"Completed","Financials","Financials, Financials",,,,
"M&A",2001/6/25,"Mercury Consolidated Holdings Pty Ltd","Peregrine Holdings Ltd",20.40,"Completed","Financials","Financials",,1653.08,,9218.02
"M&A",2015/11/2,"Equipment Sales & Services Pty Ltd","Torre Industries Ltd",35.00,"Completed","Industrials","Industrials",,1450,,1161
"M&A",2014/10/14,"Aquamarine Water Treatment","Murray & Roberts Holdings Ltd",28.00,"Completed","Industrials","Industrials",,13452.4,,8160.3
"AST",2004/5/11,"34 St George's Mall","Paramount Property Fund Ltd",17.50,"Completed","Real Estate","Real Estate",,,,
"M&A",2000/12/14,"Geneva Park & Clinic Holdings Ltd","Mediclinic International RF Pty Ltd",19.50,"Completed","Health Care","Health Care",,35238,,79179
"M&A",2001/8/17,"Clyde Industrial Corp Ltd","Gordon Wilson Family Trust",20.87,"Completed","Materials","N.A.",141.878,,63.774,
"M&A",2013/4/15,"Rockwell Diamonds Inc Holpan/Klipdam Diamond Mine","Unnamed Buyer",23.00,"Completed","N.A.","N.A.",,,,
"M&A",2011/7/4,"Datanet Infrastructure Group Pty Ltd","Alviva Holdings Ltd",16.80,"Completed","Technology","Consumer Discretionary",,23429.2,,9722.62
"INV",2021/5/11,"iXperience Pty Ltd","Kalon Venture Partners Ltd,Caleo Private Equity Pty Ltd",34.99,"Completed","Communications","Financials, Financials",,,,
"INV",2009/8/11,"KAL Group Ltd","Zeder Investments Ltd",20.34,"Completed","Consumer Staples","Consumer Staples",20305.2,15,8229.85,2389
"INV",2021/9/30,"Sun Exchange Pty Ltd/The","Arch Emerging Markets Partners Ltd",37.78,"Completed","Communications","Financials",,,,
"M&A",2010/12/13,"Magix Integration Pty Ltd","Magic Software Enterprises Ltd",17.11,"Completed","Consumer Discretionary","Technology",,10130,,10211.4
"M&A",2010/9/20,"IdealCFD Financial Services","IG Group Holdings PLC",17.75,"Completed","Financials","Financials",,25553.8,,74277.4
"INV",2020/6/16,"Inclusion South Africa Pty Ltd","Private Investor,Change Ventures OU (Fund: Change Ventures Fund II)",42.54,"Completed","Technology","Financials",,,,
"M&A",2003/1/13,"Century Casinos Caledon Pty Ltd","Century Casinos Inc",21.37,"Completed","Consumer Discretionary","Consumer Discretionary",,10244.5,,19006.7
"M&A",2010/4/29,"Braybar","Kirloskar Brothers Ltd",18.17,"Completed","Industrials","Industrials",,8928.78,,7936.77
"INV",2010/8/12,"Sizwe Africa It Group Proprietary Ltd","Stellar Capital Partners Ltd",18.00,"Completed","Technology","Financials",,75.586,,1151.61
"M&A",2006/1/18,"Nkroful Mining Ltd","Adamus Resources Ltd",14.91,"Completed","Materials","Materials",,229.911,,1352.47
"M&A",1999/10/25,"Brait Asset Managers Ltd","Zarara Energy Ltd",15.10,"Completed","N.A.","Health Care",,129.399,,6.917
"M&A",2003/5/16,"MGX Enterprise Solutions Pty Ltd","Dreamteam Investments Pty Ltd",19.00,"Completed","Industrials","Financials",,,,
"M&A",2008/9/24,"Bovell Freeman Holley Pty Ltd","Coffey International Ltd",20.00,"Completed","Industrials","Industrials",,5312.54,,
"M&A",2005/4/18,"3 Diamond mining cos","Ubecorp Ltd",15.34,"Completed","N.A.","Materials",,,,4.2768
"AST",2006/5/29,"IT Storage Solutions Business","Faritec Holdings Ltd",15.97,"Completed","N.A.","Technology",,731.442,,317.228
"M&A",2003/11/26,"T Torre Brickworks Ltd","Kairos Industrial Holdings Ltd",15.70,"Completed","Materials","Industrials",,,,
"INV",2008/2/29,"Altech Information Technologies Pty Ltd","Pamodzi Investment Holdings Ltd",19.00,"Completed","Technology","Financials",,,,
"INV",2005/3/17,"Sequence Oil & Gas Ltd","Inyanga Trading 199 Ltd",14.80,"Completed","Energy","Financials",,,,
"AST",2015/1/14,"Mountain View Shopping Centre property","Milprops 365 Pty Ltd",27.75,"Completed","N.A.","Financials",,,,
"AST",2003/12/30,"Boston Circle ppty","Metboard Properties Ltd",16.00,"Completed","N.A.","Real Estate",,,,
"M&A",2005/7/4,"m Cubed Unit Trust Management Co Ltd","Fidentia Holdings Ltd",16.50,"Completed","Financials","Financials",,,,
"M&A",2010/3/25,"CQuential","UCS Eye Investments Ltd",18.00,"Completed","Technology","Technology",,,,
"M&A",2000/12/14,"A M Moolla Group Ltd","Lordship Trading Enterprises Ltd",18.57,"Completed","Consumer Discretionary","N.A.",280.756,,354.016,
"INV",2020/12/22,"Bauba Resources Ltd","Pelagic Resources Pte Ltd",35.24,"Completed","Materials","N.A.",277.1,,545.089,
"INV",2020/6/16,"Planet42","Private Investor,Change Ventures OU (Fund: Change Ventures Fund I LP)",41.18,"Completed","Financials","Financials",,,,
"AST",2009/3/4,"AM2 Mineral Processing business","Axis House Pty Ltd",24.85,"Completed","N.A.","Materials",,,,
"M&A",2013/5/9,"Three-D Agencies Pty Ltd,Shamrock Plastics Pty Ltd","Hudaco Industries Ltd",21.50,"Completed","Industrials, Industrials","Industrials",,8748.36,,6727.25
"AST",2009/12/8,"Acczone Academy & Software Business","Silverbridge Holdings Ltd",18.00,"Completed","N.A.","Technology",,105.929,,69.447
"M&A",2000/3/6,"Quyn Securities Pty Ltd","Sotta Securitisation International Ltd",15.50,"Completed","N.A.","Financials",,8.354,,
"M&A",2008/7/21,"Geo Compaction Dynamics Pty Ltd","Esor Ltd",18.04,"Completed","Industrials","Industrials",,959.357,,636.305
"M&A",2020/2/10,"Obsidian Healthcare Ltd","Brimstone Investment Corp Ltd",35.70,"Completed","Health Care","Consumer Staples",,413.736,,4495.57
"AST",2000/3/6,"Egolf Ltd","Cycad Financial Holdings Ltd",15.45,"Completed","N.A.","Financials",,-32.933,,30.907
"M&A",2002/8/22,"Jetmaster","Argent Industrial Ltd",25.70,"Completed","Consumer Discretionary","Industrials",,2839.16,,2903.02
"M&A",2000/5/30,"Neuratech Pty Ltd","FrontRange Ltd",16.50,"Completed","N.A.","Technology",,409.482,,337.967
"INV",2026/3/13,"Orca Fraud Pty Ltd","CV VC AG,Enza Capital (Fund: Enza Capital Fund II),Norrsken Foundation/The (Fund: Norrsken VC II),One Day Yes Ltd",39.73,"Completed","Technology","Financials, Financials, Financials, Financials",,,,
"M&A",2006/7/19,"Calulo Property Management Pte Ltd","Pangbourne Properties Ltd",16.50,"Completed","Real Estate","Real Estate",,,,
"AST",2010/2/12,"Road Surfacing business","Aqua Transport and Plant Hire Pty Ltd",18.00,"Completed","N.A.","Industrials",,,,
"AST",2000/3/6,"Egolf Ltd","Cycad Financial Holdings Ltd",15.20,"Completed","N.A.","Financials",,-32.933,,30.907
"INV",2021/7/21,"Ctrl Financial Intermediaries Pty Ltd","Naspers Ventures Ltd",34.00,"Completed","Technology","Financials",,,,
"M&A",1999/7/30,"Syfin Holdings Pty Ltd","Western Cape Property Co Ltd",14.30,"Completed","N.A.","Real Estate",,63.833,,180.225
"INV",2003/11/19,"Prism TranSwitch Services Pty Ltd","Gijima Technologies Afrika Ppty Ltd",15.35,"Completed","Technology","Technology",,,,
"INV",2000/11/22,"South Africa operations","Union Alliance Holdings Ltd",18.11,"Completed","N.A.","N.A.",,,,
"M&A",2008/6/20,"LBJ Drafting Agency Proprietary Ltd","Saag Consolidated M Bhd",18.50,"Completed","Industrials","Energy",,,,
"INV",2008/12/18,"Ambit Management Services Pty Ltd","Absa Bank Ltd",22.00,"Completed","Financials","Financials",,163991,,1.82142e+06
"M&A",2000/1/27,"Industrotech Holdings Ltd","Future Mineral Corp",14.33,"Completed","Materials","Financials",,,,
"M&A",2010/2/26,"I to I Technology Solutions Ltd","Zaptronix Ltd",17.60,"Completed","Financials","Industrials",,27.85,,25.019
"M&A",2013/4/19,"Landela Electronics Proprietary Ltd","Blancco Technology Group PLC",21.20,"Completed","Industrials","Communications",,,,2524.07
"M&A",2006/11/27,"Calibrated Diamonds Investment Holdings Pty Ltd","Petra Diamonds Ltd",16.30,"Completed","Materials","Materials",,3761.29,,9552.43
"M&A",2008/6/9,"Rand Air and Gas Installation Pty Ltd","PSV Holdings Ltd",18.00,"Completed","Energy","Industrials",,237.533,,103.104
"M&A",2014/1/30,"Vuma FM","Blackstar Holdings Group Pty Ltd",25.60,"Completed","Communications","Communications",,3995,,3121
"AST",2017/3/27,"RENG and North West GoPro","Unnamed Buyer",29.00,"Completed","Industrials","N.A.",,,,
"AST",2018/11/6,"Dakota business park/Germiston","Orion Real Estate Ltd",32.00,"Completed","Real Estate","Real Estate",,78.739,,818.336
"M&A",2000/8/31,"Torrex Contracting Pty Ltd","Brandrill Ltd",15.74,"Completed","Materials","Materials",,,,
"M&A",2012/11/23,"Chrystalpine Investments 9 Pty Ltd","Stellar Capital Partners Ltd",20.00,"Completed","Financials","Financials",,75.586,,1151.61
"M&A",2004/6/23,"HS Nuts Pty Ltd","Excellerate Holdings Ltd",14.00,"Completed","Consumer Staples","Consumer Staples",,792.052,,636.692
"M&A",2007/10/16,"KwikBuild Corp Ltd","Lonrho Ltd",15.34,"Completed","Industrials","Consumer Staples",,,,
"AST",2001/7/24,"Aliwal ppty","ApexHi Properties Ltd",18.25,"Completed","Real Estate","Real Estate",,,,
"M&A",2020/3/12,"Efficient Group Ltd","Apis Partners LLP",36.41,"Completed","Financials","Financials",1073.37,,673.756,
"M&A",1999/11/30,"*mistake Syncat Ltd.                                                           ","Sued-Chemie AG",13.73,"Completed","N.A.","Materials",,,,
"M&A",2006/12/20,"Southern African Development","CIC Energy Corp/Bahamas",15.38,"Completed","Industrials","Materials",,,,1434.96
"M&A",2001/10/3,"Rentmeester Assurance Ltd","Rentsure Holdings Ltd",20.79,"Completed","Financials","Financials",,262.975,,393.537
"M&A",2015/11/24,"Dynamic Batteries Ltd","Metair Investments Ltd",31.00,"Completed","Consumer Discretionary","Consumer Discretionary",,17868.3,,12581
"M&A",2003/11/28,"Scarlet Ribbon Properties 3 Ltd","Nkwe Platinum Ltd",14.10,"Completed","Materials","Materials",,,,1111.86
"AST",2005/4/12,"Crispa & Holsum business","Golden Hope Plantations Bhd",13.61,"Completed","N.A.","Consumer Staples",,9486.51,,14155.6
"AST",2013/4/30,"Emang Manganese Project","Emang Mmogo Mining Resources Pty Ltd",19.80,"Completed","N.A.","Materials",,,,
"M&A",2015/7/13,"Prisma Training Solutions Pty Ltd","Workforce Holdings Ltd",27.37,"Completed","Consumer Discretionary","Industrials",,4504.61,,1586.91
"INV",2005/3/24,"Acsis Pty Ltd","Purple Group Ltd",13.68,"Completed","Financials","Financials",,486.671,,1264.74
"AST",2019/5/29,"Oceans Wilderness","Intosol Holdings PLC",32.23,"Completed","Consumer Discretionary","Consumer Discretionary",,7.21624,,57.5013
"INV",2013/7/11,"Linde Financial Services Pty Ltd","BEE investor group",22.00,"Completed","Financials","Financials",,,,
"M&A",2001/1/22,"2 internet gaming cos","Oxbridge Online Ltd",17.20,"Completed","N.A.","Communications",,0.467,,9.89
"M&A",2007/5/5,"Flightscope Ltd","Knife Capital Proprietary Ltd",15.10,"Completed","Industrials","Financials",,,,
"INV",2018/12/5,"Naked Insurance","Hollard Group,Yellowwoods Group",30.00,"Completed","Financials","Financials, Communications",,,,
"M&A",2006/12/7,"Sancino Litho Pty Ltd","Cape Empowerment Trust Ltd",15.20,"Completed","Industrials","Financials",,57.928,,356.288
"M&A",2003/12/8,"Global Credit Rating Co Ltd","Enigma Holdings Ltd",14.00,"Completed","Financials","Financials",,,,
"M&A",2004/6/2,"Two Companies/South Africa","Blackthorn Resources Ltd",14.06,"Completed","N.A.","Materials",,,,511.161
"M&A",2016/1/20,"All-Trade Distributors Pty Ltd,Sanderson Special Steels Pty Ltd,Sanderson Newbould Pty Ltd","Hudaco Industries Ltd",36.30,"Completed","Industrials, Industrials, Industrials","Industrials",,8748.36,,6727.25
"M&A",2016/5/6,"Relational Database Consulting Group Pty Ltd","Telkom SA SOC Ltd",32.00,"Completed","Technology","Communications",,44477,,64418
"M&A",2012/1/3,"BI Planning Services Pty Ltd","AdaptIT Holdings Ltd",17.25,"Completed","Technology","Technology",,1571.77,,1714.33
"AST",2000/6/1,"Almar extrusion plants","Metallumin Ltd",15.00,"Completed","N.A.","N.A.",,,,
"M&A",2025/3/4,"Ahnamu Investments Pty Ltd","Labat Africa Ltd",39.80,"Completed","Consumer Discretionary","Energy",,199.4,,675.514
"M&A",2000/11/17,"Refinery Post Production Facilities Pty Ltd","Consortium",16.50,"Completed","Communications","N.A.",,,,
"M&A",2015/7/22,"United Bulk Pty Ltd","OneLogix Group Ltd",26.52,"Completed","Industrials","Industrials",,3065.79,,3138.17
"M&A",2010/6/8,"First Light Administration Services Pty Ltd","Industrial Credit Co Africa Holdings Ltd",16.42,"Completed","Industrials","Financials",,0.021,,10.41
"AST",2013/4/29,"Property/Chamdor","Consortium",19.00,"Completed","N.A.","N.A.",,,,
"INV",2009/6/19,"Masedi Platinum Pty Ltd,Nkwe Platinum Scarlet Pty Ltd","Realm Resources Ltd",17.08,"Completed","Materials, Materials","Materials",,3519.61,,2434.41
"M&A",2001/2/2,"Afruex Trading Proprietary Ltd","Bauba Resources Ltd",16.37,"Completed","Materials","Materials",,277.1,,545.089
"INV",2026/3/9,"NjiaPay","Private Investor",34.79,"Completed","Technology","N.A.",,,,
"M&A",2000/3/29,"Redsand Publishing Ltd","Core Holdings Ltd/South Africa",13.66,"Completed","N.A.","Technology",,25.042,,35.768
"INV",2019/6/20,"Shift South Pty Ltd","Naspers Ltd",30.00,"Completed","Communications","Communications",,188265,,1.35492e+06
"M&A",2009/3/3,"Ferroprint Western Cape Pty Ltd","CCL Industries Inc",21.92,"Completed","Materials","Materials",,98060.3,,121967
"M&A",2004/3/4,"Southern Sphere Mining and Development Pty Ltd","Blackthorn Resources Ltd",14.22,"Completed","Materials","Materials",,,,511.161
"AST",2011/7/6,"Emang Manganese Project","Arrow Minerals Ltd",14.00,"Completed","N.A.","Materials",,,,72.3866
"M&A",2007/5/15,"Chemtaur Technologies Pty Ltd","Environmental Scientifics Group Holdings Ltd",14.29,"Completed","Industrials","Industrials",,,,1626.57
"INV",2025/12/12,"Ezee Solutions Group Pty Ltd","Private Investor,Flutterwave Inc,Raba Partnership/The (Fund: Raba Partnership 1 LP),Stitch Money Pty Ltd,BVNK Digital Assets Ltd,Fuse Ventures Management LLC (Fund: Fuse Venture Partners II LP),Founder Collective Management Co LLC (Fund: Founder Collective V LP)",34.58,"Completed","Financials","Financials, Industrials, Financials, Financials, Technology, Financials",,,,
"M&A",2000/6/20,"Velocity Fund Managers       Ltd","African Harvest Ltd",14.00,"Completed","N.A.","Financials",,38.357,,680.291
"AST",2003/4/7,"Watson-Marlow Bredel distributorships","Spirax Group PLC",16.26,"Completed","N.A.","Industrials",,40130.2,,59304.7
"AST",2008/9/18,"ARMCO road safety products business","O-line Holdings Ltd",16.70,"Completed","N.A.","Industrials",,427.358,,332.783
"AST",2019/6/7,"Protein snack food business/RCL Foods Consumer Pty Ltd","RFG Holdings Ltd",30.00,"Completed","Industrials","Consumer Staples",,8137.76,,6041.29
"INV",2021/11/18,"VoxCroft Analytics Pty Ltd","African Dawn Capital Ltd",31.22,"Completed","Financials","Financials",,15.435,,13.604
"INV",2022/4/5,"SmartWage Pty Ltd","Standard Bank Group Ltd,Naspers Ltd,Private Investor,Investec PLC,Dimension Data Ltd,Creator Collective Capital GP LLP,Penrose Capital Ltd",29.34,"Completed","Technology","Financials, Communications, Financials, Industrials, Financials, Technology",,,,
"INV",2022/5/24,"FoondaMate","Private Investor,Fund For Africa's Future Inc,LoftyInc Capital Management LLC (Fund: LoftyInc Afropreneurs Fund 3),LocalGlobe LLP (Fund: Latitude III LP),FirstCheck Africa Ltd (Fund: FirstCheck Africa Fund I),Emerge Venture Partners LLP (Fund: Emerge Venture Partners I LP)",31.38,"Completed","Communications","Financials, Financials, Financials, Financials, Financials",,,,
"INV",2022/6/30,"Sava Technologies Inc","Sherpa Ventures Inc,Ingressive Capital Nigeria Ltd (Fund: Ingressive Capital Fund I),Quona Capital Management Ltd (Fund: Quona Accion Inclusion Fund III LP),Unicorn Growth Capital LLC,CRE Venture Capital (Fund: CRE Venture Capital Fund II LP),Rally Cap Ventures LLC (Fund: Rally Cap Ventures F...",32.53,"Completed","Technology","Financials, Financials, Financials, Financials, Financials, Financials, Financials",,,,
"INV",2021/10/28,"Stitch Money Pty Ltd","Private Investor,CRE Venture Capital,Firstminute Capital LLP (Fund: Firstminute Capital I LP),Village Global Management LLC (Fund: Village Global LP),500 Startups Management Co LLC (Fund: 500 Startups V LP),Raba Partnership/The (Fund: Raba Partnership 1 LP),Norrsken Foundation/The (Fund: NVC ...",30.22,"Completed","Technology","Financials, Financials, Financials, Financials, Financials, Financials, Consumer Discretionary",,,,
"INV",2018/8/8,"Aerobotics Pty Ltd","Private Investor,Agfunder Inc,Nedbank CIB,4D Innovative Capital Pty Ltd (Fund: 4Di Exponential Tech Fund I),Savannah Fund,Angellist Venture LLC",26.85,"Completed","Technology","Financials, Financials, Financials, Financials, Financials",,,,
"INV",2016/2/23,"Hepstar","Amadeus Capital Partners Ltd",30.40,"Completed","Financials","Financials",,133.238,,247.727
"INV",2025/1/31,"US Plus Ltd","Verdant Capital Ltd",37.21,"Completed","Financials","Financials",,,519.625,
"INV",2026/2/19,"Points Africa Pty Ltd","Private Investor,VestedWorld Inc (Fund: VestedWorld Rising Star Fund LP)",32.37,"Completed","Technology","Financials",,,,
"INV",2014/3/19,"Depston 1 Pty Ltd","Craven House Capital PLC",21.51,"Completed","Consumer Discretionary","Financials",,,,10.2822
"INV",2010/8/6,"BCG South Africa","BCG Share Trust",14.41,"Completed","Technology","Financials",,,,
"M&A",2009/2/23,"Safair Technical Pty Ltd","1time Holdings Ltd",20.00,"Completed","Industrials","Industrials",,1285.4,,623.742
"AST",2009/2/18,"Business of Moneyline Financial Services Pty Ltd","Finbond Group Ltd",20.18,"Completed","N.A.","Financials",,1479.51,,4410.01
"INV",2016/6/29,"Global Asset Management Ltd","African Rainbow Capital Pty Ltd",29.48,"Completed","Financials","Financials",3.29781,,477.319,
"INV",2004/4/7,"Pak 2000","BEE consortium",12.50,"Completed","Materials","N.A.",,,,
"INV",2022/1/14,"Yolele Foods Inc","United States Agency for International Development,Private Investor",30.55,"Completed","Consumer Staples","Government",,,,
"M&A",2001/10/12,"Capital Guarantee Ltd","Nictus Ltd",18.03,"Completed","Financials","Consumer Discretionary",,22.264,,1094.22
"INV",2006/7/19,"Calulo Asset Management Pte Ltd","Pangbourne Properties Ltd",13.90,"Completed","Real Estate","Real Estate",,,,
"AST",2003/12/30,"Prolecon ppty","Metboard Properties Ltd",13.00,"Completed","N.A.","Real Estate",,,,
"AST",2004/4/20,"Shoprite Checkers Claremont","Spearhead Property Holdings Ltd",12.75,"Completed","N.A.","Real Estate",,,,
"M&A",2003/3/4,"Flowmax Investments Pty Ltd","Set Point Group Ltd",15.69,"Completed","Financials","Industrials",,359.376,,235.593
"M&A",2000/12/18,"Campbell & Thiselton Investment Holdings Ltd","Natural Health Holdings Ltd",14.98,"Completed","Consumer Staples","Health Care",,83.612,,
"M&A",2011/11/8,"African Brick Centre Ltd","Yakani Group Pty Ltd",15.34,"Completed","Materials","Financials",83.5968,,87.0035,
"M&A",2016/6/7,"Brewtech Engineering CC","Hudaco Industries Ltd",29.00,"Completed","Materials","Industrials",,8748.36,,6727.25
"INV",2007/11/28,"Eurosteel Holdings Pty Ltd","Private Investor",13.35,"Completed","Materials","N.A.",,,,
"INV",2009/4/28,"Westcon Southern Africa Holdings Pty Ltd","DataTec Ltd",16.92,"Completed","Technology","Consumer Discretionary",,64153.5,,73847.9
"M&A",2017/3/31,"Anmarate Pty Ltd","Cipla Ltd/India",26.00,"Completed","Health Care","Health Care",,54524.5,,76535.3
"M&A",2017/4/3,"Momentous Technologies Pty Ltd","Hulisani Ltd",26.50,"Completed","Industrials","Utilities",,62.392,,557.701
"M&A",2006/4/13,"BTM Manufacturing Pty Ltd","Sebata Holdings Ltd",11.82,"Completed","Industrials","Industrials",,33.149,,468.82
"AST",2004/4/20,"Roy Beamish Centre","Spearhead Property Holdings Ltd",12.50,"Completed","Real Estate","Real Estate",,,,
"AST",2022/6/27,"Block 3B/4B","Eco Atlantic Oil & Gas Ltd",30.46,"Completed","Energy","Energy",,,,521.714
"INV",2001/2/5,"Global Edge technologies Pty Ltd","Sherwood International PLC",14.90,"Completed","Technology","Technology",,822.301,,661.129
"M&A",2006/10/24,"Clinical Research Centers SA Ltd","Synexus Clinical Research PLC",14.79,"Completed","Industrials","Health Care",,137.918,,166.231
"M&A",2000/7/1,"Mead & McGrouther","Corporate Warranty Administrators Pty Ltd",13.00,"Completed","N.A.","Communications",,,,
"M&A",2015/11/4,"Hi-Tech Security Nelspruit Pty Ltd","CSG Holdings Ltd/South Africa",26.60,"Completed","Industrials","Industrials",,1301.93,,729.55
"M&A",2021/11/4,"365 Digital Media Pty Ltd","Entravision Communications Corp",29.00,"Completed","Communications","Communications",,8002.73,,6419.86
"M&A",2008/5/9,"Phakamile Holdings Pty Ltd","Zelira Therapeutics Ltd",14.59,"Completed","Materials","Health Care",,0.00771674,,15.1518
"M&A",2003/12/12,"Brolink Pty Ltd","Clidet No 475 Pty Ltd",12.00,"Completed","Technology","Financials",,,,
"M&A",2002/10/16,"Metorex Ltd","Grupo Minersa Minerales y Productos Derivados SA",19.60,"Completed","Materials","Materials",507.315,9254.15,972.895,17823.7
"AST",1999/5/5,"Rewards Co Ltd","Aquila Growth Ltd",11.51,"Completed","N.A.","Financials",,53.592,,267.461
"INV",2009/6/1,"ITS Holdings Pty Ltd","AdaptIT Holdings Ltd",15.00,"Completed","Financials","Technology",,1571.77,,1714.33
"INV",2013/11/6,"EmVest Barvale Pty Ltd,EmVest Evergreen Pty Ltd,EmVest Foods Pty Ltd","Craven House Capital PLC",19.28,"Completed","Consumer Staples, Consumer Staples, Consumer Staples","Financials",,,,10.2822
"AST",2000/11/1,"Ppty portfolio/Sunninghill","Rand Leases Properties Ltd",13.95,"Completed","N.A.","Real Estate",,27.574,,155.183
"M&A",2017/7/10,"Formex Industries Pty Ltd","Deneb Investments Ltd",25.06,"Completed","Consumer Discretionary","Consumer Discretionary",,4339.29,,3431.78
"INV",2004/8/12,"Blake & Associates Holdings Pty Ltd","JD Group Ltd/South Africa",12.00,"Completed","Financials","Consumer Discretionary",,30582,,21035
"M&A",2010/5/19,"Aviocean Pty Ltd","Santova Ltd",14.57,"Completed","Industrials","Industrials",,1187.02,,2226.98
"M&A",2019/3/29,"Sibanye Bus Services Pty Ltd","Frontier Transport Holdings Lt",26.58,"Completed","Industrials","Industrials",,2840.97,,3333.33
"AST",2013/9/30,"Chamber House/Cape Town","Ingenuity Property Investments Ltd",18.50,"Completed","N.A.","Real Estate",,468.379,,3969.21
"M&A",2009/3/11,"RFB Logistics Ltd,Lnyx Investments Ltd,PM Hire Ltd","OneLogix Group Ltd",18.50,"Completed","Industrials, Financials, Financials","Industrials",,3065.79,,3138.17
"M&A",2005/1/13,"Coffee Tea & Chocolate Co","Southern Superfoods Pty Ltd",11.00,"Completed","Consumer Staples","Consumer Staples",,,,
"M&A",2000/7/1,"ITS Integrated Tertiary Software Ltd","Consortium",12.28,"Completed","N.A.","N.A.",,,,
"M&A",2003/12/18,"Absolute Colleccions Pty Ltd","Bauba Resources Ltd",12.00,"Completed","Materials","Materials",,277.1,,545.089
"INV",2024/9/17,"Happy Pay Pty Ltd","Private Investor,Gaingels LLC,4D Innovative Capital Pty Ltd (Fund: 4Di Capital Fund III),Launch Africa Ventures (Fund: Launch Africa Ventures Fund 1),E4E Africa (Fund: E4E Africa Fund II),DotExe Ventures Ltd,Equitable Ventures Ltd,Felix Strategic Investments Ltd",31.77,"Completed","Technology","Financials, Financials, Financials, Financials, Financials, Financials, Financials",,,,
"INV",2025/6/21,"Open Access Energy Pty Ltd","Equator Capital Partners LLC (Fund: Shorecap III LP),Factore Ventures Pbc,Energy Access Ventures SAS (Fund: E3 Low Carbon Economy Fund I)",32.33,"Completed","Technology","Financials, Financials, Financials",,,,
"INV",2025/11/27,"Lions Bay Resources Pty Ltd","Metals One PLC",30.87,"Completed","Materials","Materials",,,,445.377
"M&A",2015/11/4,"Hi-Tech Security Services Pty Ltd","CSG Holdings Ltd/South Africa",25.00,"Completed","Industrials","Industrials",,1301.93,,729.55
"M&A",2006/2/15,"Neutralink Pty Ltd","Vox Telecom Ltd",10.86,"Completed","Technology","Communications",,,,
"AST",2002/2/8,"AfroCentric Investment Corp Ltd","Consortium",20.37,"Completed","Consumer Staples","N.A.",7358.39,,4180.45,
"M&A",2016/2/9,"Tellumat Pty Ltd","Stellar Capital Partners Ltd",28.53,"Completed","Technology","Financials",,75.586,,1151.61
"AST",2007/11/7,"3 coal projects/Waterberg","Isicebi Carbon Mining Pty Ltd",11.48,"Completed","N.A.","Materials",,,,
"INV",2009/5/13,"Tertiary School in Business Administration/The","TSiBA Education Trust",15.00,"Completed","Consumer Discretionary","Financials",,,,
"AST",2015/3/26,"21 fashion accessory stores/South Africa","Lovisa Holdings Ltd",21.07,"Completed","N.A.","Consumer Discretionary",,9388.7,,8136.05
"M&A",2005/7/1,"Websoft Pty Ltd","Innovation Group Ltd/The",12.00,"Completed","Technology","Technology",,3677.06,,6119.22
"AST",2001/11/9,"Automotive Export Supplies Ltd","Kjaer Group",16.84,"Completed","Consumer Discretionary","Financials",,202.875,,586.401
"M&A",1999/8/20,"Transvaal Gold Mining Estates Ltd","Simmer & Jack Mines Pty Ltd",10.66,"Completed","Materials","Materials",,,,42.978
"AST",2008/9/18,"Immovable property/Isando","O-line Holdings Ltd",14.48,"Completed","N.A.","Industrials",,427.358,,332.783
"AST",2001/12/6,"Transport division customer base","OneLogix Group Ltd",19.00,"Completed","N.A.","Industrials",,3065.79,,3138.17
"AST",2023/8/30,"Valley View Industrial Park/New Germany","Sebata Holdings Ltd",32.24,"Completed","Real Estate","Technology",,33.149,,468.82
"INV",2009/10/5,"Sallies Ltd","Firebird Management LLC",13.00,"Completed","Materials","Financials",56.071,,171.53,
"M&A",2007/11/21,"Apply IT Pty Ltd,Microzone Investment Holdings Pty Ltd","AdaptIT Holdings Ltd",11.70,"Completed","Technology, Financials","Technology",,1571.77,,1714.33
"INV",2004/2/27,"Jubilee Platinum SA Pty Ltd","New Africa Mining Fund",11.36,"Completed","Materials","N.A.",,,,
"AST",2003/12/30,"Pasteur ppty","Metboard Properties Ltd",11.30,"Completed","N.A.","Real Estate",,,,
"M&A",2008/8/11,"Direct Medicines","Clicks Group Ltd",13.20,"Completed","Health Care","Consumer Staples",,47828.1,,22591.9
"M&A",2009/6/1,"DiverseIT Pty Ltd","Management Group",13.55,"Completed","Industrials","N.A.",,,,
"INV",2017/10/25,"Ikeja Wireless Pty Ltd","AngelHub Ventures Pty Ltd",23.94,"Completed","Communications","Financials",,,,
"AST",2009/10/21,"Investment properties/South Africa","Finbond Group Ltd",12.50,"Completed","N.A.","Financials",,1479.51,,4410.01
"M&A",1999/6/3,"NetChauffeur","CCN Holdings Ltd",10.50,"Completed","N.A.","Industrials",,36.017,,
"M&A",2000/3/13,"Glohold Ltd","Consortium",10.92,"Completed","Consumer Discretionary","N.A.",66.907,,69.588,
"INV",2011/7/28,"Centrafin Ltd","Alviva Holdings Ltd",11.36,"Completed","Technology","Consumer Discretionary",,23429.2,,9722.62
"INV",2020/2/11,"A2Pay SA","SA SME Fund/The",25.00,"Completed","Technology","Financials",,,,
"AST",2004/3/4,"Herron ppty","Metboard Properties Ltd",11.49,"Completed","Real Estate","Real Estate",,,,
"M&A",2008/5/13,"Arnott Panels Pty Ltd","Lonrho Ltd",12.75,"Completed","Industrials","Consumer Staples",,,,
"M&A",2002/1/31,"Marlin Holdings Ltd","Finstone Srl",19.17,"Completed","Materials","Materials",750.3,,,
"M&A",2014/6/19,"Whatiph Business Consultants CC","3P Learning Ltd",18.00,"Completed","Communications","Consumer Discretionary",,1280.85,,2318.63
"M&A",2002/4/8,"CSS Logistics","Santova Ltd",18.65,"Completed","Consumer Discretionary","Industrials",,1187.02,,2226.98
"AST",2003/12/30,"Gazelle ppty","Metboard Properties Ltd",11.00,"Completed","Real Estate","Real Estate",,,,
"AST",2004/5/11,"Varsity College Bldg","Paramount Property Fund Ltd",11.50,"Completed","N.A.","Real Estate",,,,
"AST",2009/3/26,"Grand Central","Putprop Ltd",15.50,"Completed","N.A.","Real Estate",,140.363,,1232.68
"AST",2003/6/20,"Treasury & risk management unit","J&J Financial Services Pty Ltd",13.00,"Completed","N.A.","Financials",,,,
"M&A",2007/9/25,"Dumont Healthcare Pty Ltd","African Dawn Capital Ltd",11.50,"Completed","Financials","Financials",,15.435,,13.604
"AST",2009/10/29,"Montana Park","Putprop Ltd",12.70,"Completed","N.A.","Real Estate",,140.363,,1232.68
"M&A",2014/10/1,"African Star/ South Africa","Southstone Minerals Ltd",18.52,"Completed","Materials","Materials",,46.8334,,10.1414
"M&A",2000/7/5,"Catwalk Investments 250 Ltd","Real People Finance Ltd",11.13,"Completed","N.A.","Financials",,177.185,,
"M&A",2012/1/23,"Ferro Resonant Technologies Proprietary Ltd","Jasco Electronics Holdings Ltd",13.00,"Completed","Industrials","Industrials",,673.343,,408.997
"M&A",2014/3/18,"Agchem Properties","Rolfes Holdings Ltd",17.60,"Completed","Real Estate","Materials",,1532.53,,874.388
"AST",2009/5/22,"Rooderand platinum project","Platinum Australia Ltd",13.50,"Completed","N.A.","Materials",,,,2000.86
"M&A",2012/10/8,"Dorbyl Ltd","Naledi Foundry of Republic Pty Ltd",14.32,"Completed","Consumer Discretionary","Financials",143.461,,116.724,
"AST",2026/3/18,"Okiep Copper Complex/South Africa","Orion Minerals Ltd",27.14,"Completed","Materials","Materials",,,,1668.37
"M&A",2010/12/15,"Sign & Seal Trading 154 Ltd","Cape Sawmills Properties Ltd",11.00,"Completed","Materials","Materials",,,,
"AST",2008/3/5,"Healthcare business","Absa Group Ltd",12.50,"Completed","N.A.","Financials",,207703,,2.23948e+06
"INV",2022/3/25,"Pilot Peridot Investments 1 Pty Ltd","Putprop Ltd",23.38,"Completed","Real Estate","Real Estate",,140.363,,1232.68
"AST",1999/6/24,"LS Pressings","Management Group",9.70,"Completed","N.A.","N.A.",,,,
"INV",2017/10/20,"Sun Exchange Pty Ltd/The","Techstars Central LLC (Fund: Bullet Time Ventures II LP),Powerhouse Ventures LLC,Boost VC (Fund: Boost VC Fund 3 LP),Network Society Ventures Management LLC,Kalon Venture Partners Ltd",21.87,"Completed","Communications","Financials, Financials, Financials, Financials, Financials",,,,
"INV",2020/11/18,"Peach Bots Pty Ltd","Kalon Venture Partners Ltd,Saviu Ventures Ltd,Compass Venture Capital",24.60,"Completed","Industrials","Financials, Financials, Financials",,,,
"AST",2001/7/24,"Martprop pptys","ApexHi Properties Ltd",13.02,"Completed","Real Estate","Real Estate",,,,
"M&A",2007/8/22,"Steel Giant Pty Ltd","Alert Steel Holdings Ltd",11.55,"Completed","Materials","Materials",,716.78,,237.03
"INV",2000/7/21,"Del Monte Royal Holdings Ltd","Management Group",11.00,"Completed","Financials","N.A.",3510.92,,5190.36,
"AST",2020/5/19,"ERF 918 of the Lynwood Township","Citosolve Investments Pty Ltd",29.00,"Completed","Real Estate","Real Estate",,,,
"INV",2003/9/29,"Pinnacle Point Casino Proprietary Ltd","Tsogo Sun Limited",11.30,"Completed","Consumer Discretionary","Consumer Discretionary",,10841,,14695
"M&A",2004/1/16,"Safeguard IT Pty Ltd","Guardian iT",11.50,"Completed","Industrials","Industrials",,,,243.203
"M&A",2004/2/6,"Intermap Proprietary Ltd","Sebata Holdings Ltd",11.00,"Completed","Financials","Industrials",,33.149,,468.82
"M&A",2016/12/22,"Micromega Securities Pty Ltd","GFI Group Inc",22.10,"Completed","Financials","Financials",,9558.61,,15731.8
"INV",2003/12/12,"Octogen Ltd","Sanlam Ltd",10.00,"Completed","Industrials","Financials",,237116,,1.2957e+06
"INV",2012/9/21,"Dorbyl Ltd","African Dune Investments 311 Pty Ltd",12.91,"Completed","Consumer Discretionary","Financials",143.461,,116.724,
"AST",2001/9/14,"33 Sportshoe World stores","Fashion Africa Ltd",13.50,"Completed","N.A.","Consumer Discretionary",,452.275,,177.2
"INV",2019/6/6,"Biodelta Nutraceuticals Ltd","M2bio Sciences Inc",23.48,"Completed","Health Care","Industrials",,659.922,,2429.57
"AST",2007/6/6,"Exploration assets","Eland Platinum Holdings Ltd",11.29,"Completed","N.A.","Materials",,,,
"M&A",2004/8/27,"Alliance Pharmaceuticals Ltd/South Africa","Thebe Health Care Pty Ltd",10.55,"Completed","Health Care","Financials",230.021,,113.916,
"M&A",2004/11/3,"Bonlife and Benmed","African Equity Empowerment Investments Ltd",9.51,"Completed","N.A.","Consumer Staples",,734.246,,1711.96
"M&A",2020/10/12,"Accentuate Ltd","Pruta Securities Jersey Ltd",25.69,"Completed","Consumer Discretionary","Financials",199.567,,141.502,
"AST",2000/10/18,"Joint Venture","Siltek Ltd",12.00,"Completed","N.A.","Technology",,3476.92,,1272.38
"AST",2013/3/1,"Waste collection assets","Interwaste Holdings Ltd",14.00,"Completed","N.A.","Industrials",,1033.09,,1082.08
"M&A",2014/3/7,"Dunn Roman Holdings - Africa Pty Ltd","Plandai Biotechnology Inc",16.47,"Completed","Financials","Consumer Staples",,,,
"M&A",1999/2/22,"TM Training Initiative Skills Enhancement College","President Steyn Gold Mines Ltd",9.50,"Completed","Consumer Discretionary","Materials",,48.145,,
"INV",2014/6/2,"GoMetro Pty Ltd","Tritech Group Ltd/Singapore,AngelHub Ventures Pty Ltd,Kalon Venture Partners Ltd,Hlayisani Capital (Fund: Hlayisani Growth Fund),E Squared Investments,4 Decades Capital Pty Ltd",16.30,"Completed","Consumer Discretionary","Financials, Financials, Industrials, Financials, Financials, Financials",,,,
"M&A",2017/5/15,"Pentafloor Proprietary Ltd","Accentuate Ltd",20.00,"Completed","Consumer Discretionary","Consumer Discretionary",,199.567,,141.502
"M&A",2016/4/21,"RBDL Capital Managers Ltd","International Hotel Properties Ltd",21.64,"Completed","Financials","Real Estate",,201.391,,1810.29
"AST",2000/8/16,"IDE Securities","Tisec Ltd",10.52,"Completed","N.A.","Financials",,0.103,,0.415
"AST",2006/8/30,"Hillcrest Corner","Acucap Properties Ltd,Shoprite Checkers Pty Ltd",10.75,"Completed","N.A.","Real Estate, Consumer Staples",,,,
"AST",2014/1/29,"Zabro's chicken business","Luxe Holdings Ltd",17.00,"Completed","N.A.","Consumer Discretionary",,361.951,,431.551
"M&A",2005/3/3,"Ensemble Technology Pty Ltd","FIS Capital Markets US LLC",9.00,"Completed","Technology","Financials",,30475.7,,75162.4
"AST",2001/1/8,"2 properties","Mitrajaya Holdings Bhd",11.40,"Completed","N.A.","Industrials",,3375.46,,4704.51
"INV",2020/3/17,"GrindstoneXL","Knife Capital Proprietary Ltd (Fund: KNF Ventures),SA SME Fund/The",24.87,"Completed","Financials","Financials, Financials",,,,
"INV",2021/5/29,"WhereIsMyTransport Pty Ltd","Capria Ventures LLC (Fund: Capria Accelerator Fund LP),Wuri Ventures",20.64,"Completed","Communications","Financials, Financials",,,,
"M&A",2008/4/10,"ICX Platform Pty Ltd","63 Moons Technologies Ltd",11.71,"Completed","Technology","Financials",,414.427,,6999.74
"INV",2021/10/27,"RMed Online Pty Ltd","Arlington Asset Investment Corp,Vunani Capital Pty Ltd,Push Ventures GmbH,Growth Grid Venture Capital Partners Pty Ltd",22.51,"Completed","Communications","Financials, Financials, Financials, Financials",,,,
"INV",2023/10/30,"Inclusivity Solutions Pty Ltd","Private Investor,Goodwell Investments BV (Fund: Goodwell uMunthu Fund)",28.26,"Completed","Financials","Financials",,,,
"M&A",2016/11/1,"CTL Contracting Pty Ltd","Dabur India Ltd",20.49,"Completed","Consumer Staples","Consumer Staples",,25957.2,,31481.3
"M&A",2015/3/24,"BMi Sport Info Pty Ltd,BMi Sponsorwatch Pty Ltd,Sponsor Value Research Services","Cognition Holdings Ltd",17.67,"Completed","Communications, Consumer Discretionary, Consumer Discretionary","Industrials",,79.2048,,266.275
"INV",2004/10/25,"Explix Technologies Pty Ltd","Alviva Holdings Ltd",9.31,"Completed","Technology","Consumer Discretionary",,23429.2,,9722.62
"INV",2025/12/5,"Immobazyme Pty Ltd","University Of Stellenbosch,Fireball Capital Pty Ltd,University Technology Fund",25.00,"Completed","Health Care","Consumer Discretionary, Financials, Financials",,,,
"M&A",2000/6/30,"Knowledge Factory Pty Ltd","Old Primedia Ltd",10.00,"Completed","Technology","Communications",,,,
"M&A",2005/7/4,"Policy Exchange Proprietary Ltd","Fidentia Holdings Ltd",10.00,"Completed","Financials","Financials",,,,
"M&A",2016/7/13,"Gooderson Leisure Corp Ltd","ALJU Family Trust",21.11,"Completed","Consumer Discretionary","Financials",150.33,,304.39,
"AST",2001/11/19,"Durban chemical plant","Zarara Energy Ltd",14.00,"Completed","N.A.","Health Care",,129.399,,6.917
"M&A",2024/5/2,"Purple Bellflower Pty Ltd","Aurobindo Pharma Ltd",26.51,"Completed","Health Care","Health Care",,65686.5,,105362
"AST",2005/2/4,"Proprint House/Durban","Abrina 353 Pty Ltd",8.75,"Completed","Real Estate","Real Estate",,,,
"AST",2016/2/24,"Portolan Place property","Garvin Investment Holdings Proprietary Ltd",22.00,"Completed","Real Estate","Financials",,,,
"AST",2016/9/16,"Non-performing Loans/South Africa","Craven House Capital PLC",20.00,"Completed","Financials","Financials",,,,10.2822
"AST",2011/12/2,"South African businesses","Titan Europe Ltd/United Kingdom",11.30,"Completed","N.A.","Industrials",,9364.65,,8847.35
"M&A",2008/8/12,"Interior Wooden Floors Pty Ltd","Accentuate Ltd",10.99,"Completed","Industrials","Consumer Discretionary",,199.567,,141.502
"INV",2022/1/27,"Sun Exchange Pty Ltd/The","Private Investor",21.69,"Completed","Communications","N.A.",,,,
"M&A",2007/3/5,"iSERVE Ltd","Gateway Technologies Ltd",10.45,"Completed","Financials","Communications",,,,
"INV",2021/7/7,"Omnisient RF Pty Ltd","Compass Technology Partners,Nedbank Capital Private Equity,Investec PLC (Fund: INVC fund),Tahseen Consulting,Kepple Africa Ventures KK,Technova Pty Ltd,Grand Bay Ventures Inc",20.06,"Completed","Technology","Financials, Financials, Financials, Financials, Financials, Financials, Financials",,,,
"INV",2021/8/3,"Khula App Pty Ltd","AECI Ltd,Private Investor,E Squared Investments",20.00,"Completed","Technology","Materials, Financials",,,,
"M&A",1999/11/2,"Britsaf Trading & Investment Co Proprietary Ltd","OTR Mining Ltd",8.58,"Completed","N.A.","Materials",,0.046,,
"M&A",2013/4/30,"RGT Smart Market Intelligence Ltd","Halls Technologies Pty Ltd",12.55,"Completed","Communications","Communications",36.6576,,36.9325,
"M&A",2007/11/27,"Emerging Signals Pty Ltd","Etion Ltd",9.77,"Completed","Industrials","Technology",,,,512.325
"M&A",2011/10/10,"Kloppenheim Country Estate","Gooderson Leisure Corp Ltd",10.90,"Completed","Real Estate","Consumer Discretionary",,150.33,,304.39
"M&A",2005/11/30,"Minnex Exploration Ltd","Thabex Ltd",8.97,"Completed","Materials","Materials",,0.409011,,19.0776
"M&A",2004/7/21,"Duo Solutions Provider Pty Ltd","Zaptronix Ltd",8.44,"Completed","Industrials","Industrials",,27.85,,25.019
"M&A",2013/11/4,"Property 259 Properties Pty Ltd","Polska Properties Direct Pty Ltd",14.00,"Completed","Real Estate","Real Estate",,,,
"AST",2000/7/1,"Mator Funds & Information Ideals","Private Investor",9.35,"Completed","N.A.","N.A.",,,,
"M&A",2007/10/31,"Amica Fashion Co Ltd","Pacific Pioneer Investments Ltd",8.91,"Completed","Consumer Discretionary","Financials",,,,
"M&A",2012/10/10,"Swicon360 Pty Ltd","AdaptIT Holdings Ltd",11.86,"Completed","Industrials","Technology",,1571.77,,1714.33
"AST",2009/3/26,"Eagle Canyon","Putprop Ltd",12.70,"Completed","N.A.","Real Estate",,140.363,,1232.68
"INV",2004/5/13,"Aon South Africa Pty Ltd","Brimstone Investment Corp Ltd",9.33,"Completed","Financials","Consumer Staples",,413.736,,4495.57
"INV",2006/10/27,"DRDGOLD Ltd","KhumoGold SPV Pty Ltd",10.00,"Completed","Materials","Financials",7878.2,,12246,
"INV",2000/12/21,"Sperrylite Resources Pty Ltd","Ridge Mining Ltd",10.24,"Completed","Materials","Materials",,,,1560.04
"INV",2018/7/6,"Southern Coal Proprietary Ltd","Amandla Amakhulu Pty Ltd",18.00,"Completed","Materials","Materials",,,,
"AST",2018/2/2,"PLG Retirement Villages/South Africa","Pembury Lifestyle Group Ltd",16.00,"Completed","Health Care","Consumer Discretionary",,134.174,,243.484
"M&A",2003/2/17,"Smelting Technologies Pty Ltd","Intelligent Monitoring Group L",11.10,"Completed","Materials","Materials",,2057.15,,2195.86
"M&A",2008/6/23,"Stilfontein Mining Supplies Pty Ltd","Alliance Mining Corp Ltd",10.66,"Completed","Industrials","Materials",,484.52,,499.102
"M&A",2015/4/24,"Power Development Services Pty Ltd,Gillespie Diesel Services Pty Ltd,Durapower Manufacturing Pty Ltd","Private Investor",16.00,"Completed","Energy, Energy, Energy","N.A.",,,,
"AST",2000/7/25,"Motswedi House office building","Kirchmann-Hurry Properties Ltd",9.16,"Completed","N.A.","Real Estate",,20.9,,
"M&A",2015/2/17,"Gijima Group Ltd","Yebo Guma Investments Pty Ltd",15.29,"Completed","Communications","Financials",1518.64,,777.542,
"M&A",2008/6/5,"Greenbro Close Corp","RACEC Group Ltd",10.34,"Completed","Industrials","Industrials",,355.192,,209.633
"M&A",2010/6/10,"Capricorn Iron Pty Ltd","Livium Ltd",10.10,"Completed","Materials","Materials",,81.2648,,231.139
"INV",2003/1/22,"SecureData Holdings Ltd","Treacle Venture Partners",11.70,"Completed","Technology","Financials",289.677,,63.347,
"INV",2019/4/17,"Centbee Pty Ltd","Private Investor,Bigfoot Holdings Group Ltd,Ayre Group/The",18.25,"Completed","Financials","Financials, Financials",,,,
"AST",2003/2/24,"Riet River mine","Reho Security Services CC",10.55,"Completed","N.A.","Materials",,,,
"M&A",2021/12/3,"Mozambique Green Power","Green Energy SPV PLC",20.95,"Completed","Energy","Energy",,,,
"INV",2007/6/27,"Turnberry Resources Inc","CVI Energy Corp Ltd",9.33,"Completed","Energy","Energy",,,,0.0772233
"INV",2021/8/3,"Khula App Pty Ltd","AECI Ltd,Private Investor,E Squared Investments",18.62,"Completed","Technology","Materials, Financials",,,,
"INV",2022/2/7,"Scans AI Pty Ltd","Kalon Venture Partners Ltd,Launch Africa Ventures (Fund: Launch Africa Ventures Fund 1),IDF Capital",20.00,"Completed","Technology","Financials, Financials, Financials",,,,
"AST",2006/3/14,"Commercial ppty/Pomona","OneLogix Group Ltd",8.00,"Completed","Real Estate","Industrials",,3065.79,,3138.17
"M&A",2015/8/27,"Delta Mining Consolidated Ltd","Anglo African Capital Pty Ltd",16.81,"Completed","Materials","Financials",,,,
"AST",2001/1/12,"5 non-core units","Vestalane Investments Pte Ltd",10.00,"Completed","N.A.","N.A.",,,,
"M&A",2022/4/21,"Belper Investments Pty Ltd","Rex Trueform Group Ltd",19.70,"Completed","Real Estate","Consumer Discretionary",,681.481,,1242.97
"M&A",2004/11/8,"TTS Electronics Pty Ltd","Kidde PLC",7.92,"Completed","Industrials","Industrials",,11632.2,,8183.09
"M&A",2001/3/6,"CCS Software Pty Ltd","UCS Eye Investments Ltd",10.00,"Completed","Technology","Technology",,,,
"M&A",2005/9/22,"Akanani Mining Ltd","AfriOre Ltd",8.00,"Completed","Materials","Materials",,,,230.523
"M&A",2013/12/11,"Umnex Minerals Limpopo Pty Ltd","URU Metals Ltd",12.97,"Completed","Materials","Materials",,,,2.03863
"AST",2013/5/27,"Grain Management business","Afgri Ltd",12.00,"Completed","N.A.","Consumer Staples",,8573,,7396
"INV",2018/3/6,"Pilot Peridot Investments 1 Pty Ltd","Putprop Ltd",14.64,"Completed","Real Estate","Real Estate",,140.363,,1232.68
"M&A",2001/6/5,"Tisec Private Equity Pty Ltd","Winterberry Investments Pty Ltd",10.00,"Completed","Financials","N.A.",,,,
"M&A",2018/6/19,"Presmed Australia Pty Ltd","Management Group,Marc Resnik via Kinser Investments Pty Ltd,Alan Flax via Talocave Pty Ltd,Ivan Kassel via Davilar Pty Ltd,Ysbrand Visser via Maluti Holding AG",17.02,"Completed","Health Care","Financials, Financials, Financials, Financials",,,,
"INV",2007/10/11,"Moneyweb Holdings Ltd","Isingqi Investment Holdings Pty Ltd",8.26,"Completed","Communications","Financials",28.304,,22.084,
"AST",2018/8/2,"Mining equipment/Khethekile Mining Pty Ltd","MC Mining Ltd",16.40,"Completed","Industrials","Materials",,317.112,,2037.15
"INV",2023/12/4,"Brikor Ltd","Nikkel Trading 392 Pty Ltd",23.07,"Completed","Materials","Materials",317.702,,309.067,
"AST",2005/10/7,"Petrol station/South Africa","iFour Properties Ltd",8.02,"Completed","N.A.","Real Estate",,360.516,,2938.82
"M&A",2000/11/29,"Basil Elk Estates (Pty) Ltd","Jigsaw Holdings Ltd/South Africa",9.51,"Completed","Unclassifiable","Real Estate",,75.822,,87.212
"INV",2007/4/20,"Sociedade de Aguas de Mocambique Lda","Lonrho Ltd",8.52,"Completed","Utilities","Consumer Staples",,,,
"INV",2022/7/28,"Qwili Pty Ltd","Private Investor,E4E Africa (Fund: E4E Africa Fund),Next Chymia Consulting HK Ltd,Strat-Tech Inc,Untapped Invest Inc,Codeventures LLC",19.84,"Completed","Technology","Financials, Financials, Technology, Financials, Financials",,,,
"M&A",1999/12/15,"Jejoca Properties Ltd","Chariot Land Ltd",7.34,"Completed","N.A.","Real Estate",,8.375,,183.699
"AST",2012/8/24,"Bronkhorstspruit Property","Private Investor",10.00,"Completed","N.A.","N.A.",,,,
"AST",2002/2/24,"Alpine & Fruti Flow business","Excellerate Holdings Ltd",13.50,"Completed","N.A.","Consumer Staples",,792.052,,636.692
"AST",2001/7/3,"Edge pptys","Rand Leases Properties Ltd",9.49,"Completed","Real Estate","Real Estate",,27.574,,155.183
"AST",2012/4/26,"Monks Cowl Country Club and Lodge","Gooderson Leisure Corp Ltd",9.20,"Completed","N.A.","Consumer Discretionary",,150.33,,304.39
"M&A",2022/12/23,"Constantia Life & Health Assurance Co Ltd","Affinity Financial Services LLC",20.00,"Completed","Financials","Real Estate",,,,
"M&A",2015/12/21,"Earthwize Holdings Pty Ltd","Global Asset Management Ltd",17.78,"Completed","Energy","Financials",,3.29781,,477.319
"AST",2015/9/7,"Monte Circle Office Park/South Africa","Pivotal Fund Ltd/The",16.41,"Completed","Real Estate","N.A.",,,,
"INV",2017/3/27,"Pargo Co Ltd/ South Africa","Private Investor,Tsing Capital,Saad Investment Holdings",15.00,"Completed","Industrials","Financials, Financials",,,,
"M&A",2003/4/8,"Business & Design Software Pty Ltd","National Golf Network Pty Ltd",9.43,"Completed","Technology","Consumer Discretionary",,,,
"INV",2004/8/18,"Equestrian interests in 3 cos","Unnamed Buyer",7.60,"Completed","N.A.","N.A.",,,,
"AST",2000/11/22,"substantial assets","Marlin Corp Ltd",9.09,"Completed","N.A.","Materials",,705.3,,
"M&A",2006/11/20,"Duncan Rhodes","Coffey International Ltd",8.36,"Completed","Real Estate","Industrials",,5312.54,,
"AST",2001/7/24,"Davis pptys","ApexHi Properties Ltd",9.40,"Completed","Real Estate","Real Estate",,,,
"AST",2011/4/14,"Current Trading Site","Cashbuild Management Services Pty Ltd",7.79,"Completed","N.A.","Health Care",,,,
"M&A",2002/2/18,"Topics Pty Ltd","Management Group",13.00,"Completed","Consumer Discretionary","N.A.",,,,
"M&A",2004/9/9,"Spec Systems Pty Ltd","Morvest Group Ltd",7.50,"Completed","Technology","Technology",,1100.76,,643.895
"INV",2012/9/21,"Dorbyl Ltd","African Dune Investments 311 Pty Ltd",9.23,"Completed","Consumer Discretionary","Financials",143.461,,116.724,
"M&A",2014/10/27,"Rdata Pty Ltd","Sebata Holdings Ltd",12.26,"Completed","Technology","Industrials",,33.149,,468.82
"M&A",2006/6/14,"Explix Technologies Pty Ltd","Alviva Holdings Ltd",7.67,"Completed","Technology","Consumer Discretionary",,23429.2,,9722.62
"INV",2018/9/12,"Nutritional Holdings LTD","Baphalane Ba Mantserre Investment Holdings Pty Ltd",16.73,"Completed","Consumer Staples","Financials",40.829,,48.021,
"M&A",1999/5/28,"WSP-MBS Consulting Engineers Ltd","WSP Group Ltd",6.93,"Completed","Industrials","Industrials",,,,10164
"INV",2022/1/6,"HealthLeap Inc","Fifty Years GP LLC",17.31,"Completed","Health Care","Financials",,,,
"INV",2021/4/14,"Quro Medical","Private Investor,Enza Capital,Mohau Equity Partners Pty Ltd",15.82,"Completed","Health Care","Financials, Financials",,,,
"INV",2021/7/19,"Akiba Digital Pty Ltd","Private Investor,Lofty Inc,Soma Capital Partners LLC,Hustle Fund Management LLC (Fund: Hustle Fund II LP),Basecamp Fund,Expert DOJO Ventures LLC,OUI Capital GP LLC (Fund: OUI Capital LP),Fund For Africa's Future Inc",16.03,"Completed","Financials","Consumer Discretionary, Financials, Financials, Financials, Financials, Financials, Financials",,,,
"M&A",2009/9/22,"Cryoshield Pty Ltd","PSV Holdings Ltd",8.00,"Completed","Industrials","Industrials",,237.533,,103.104
"INV",2008/5/19,"Alumicor SA Holdings Pty Ltd","African Dune Investment 114 Pty Ltd",8.00,"Completed","Materials","Financials",,,,
"M&A",1999/9/14,"Reader Pollack","IG Communications Ltd",6.49,"Completed","N.A.","Communications",,2969.6,,4508.19
"INV",2002/11/27,"BizAfica 1673 Pty Ltd","African Platinum PLC",9.84,"Completed","Materials","Materials",,,,262.936
"INV",2007/11/23,"Cybersim Pty Ltd","Saab AB",7.16,"Completed","Industrials","Industrials",,144466,,224006
"M&A",2004/7/19,"Admiral Leisure World Ltd","Novomatic Gaming Industries GmbH",6.20,"Completed","Consumer Discretionary","Consumer Discretionary",18.6512,,11.4573,
"AST",2003/6/23,"Avondale ice cream ops","Ububele Holdings Ltd",8.29,"Completed","N.A.","Consumer Staples",,636.518,,404.359
"M&A",1999/4/8,"Cooperheat of Africa Ltd","Abbot Group Ltd",6.49,"Completed","N.A.","Energy",,164.125,,12274
"INV",2017/8/10,"Snapnsave Pty Ltd","Smollan Group SA Pty Ltd,Kalon Venture Partners Ltd",14.00,"Completed","Communications","Financials, Financials",,,,
"INV",2021/8/5,"Revio","Private Investor,Delta Ventures Ltd",15.00,"Completed","Financials","Financials",,,,
"INV",2018/5/9,"Sensor Networks Pty Ltd","Sanari Capital Pvt Co,4D Innovative Capital Pty Ltd (Fund: 4Di Exponential Tech Fund I),Association for Savings & Investment SA",13.00,"Completed","Communications","Financials, Financials, Financials",,,,
"INV",2022/8/11,"SociumJob","Private Investor,Kima Ventures SASU,Evolem SAS,Teranga Capital,Techmind Ltd,Breega Capital Sarl (Fund: Breega Capital Venture 4)",16.74,"Completed","Industrials","Financials, Financials, Financials, Financials, Technology",,,,
"AST",2003/12/30,"Currie ppty","Metboard Properties Ltd",6.80,"Completed","N.A.","Real Estate",,,,
"INV",2003/11/19,"Coffee Tea & Chocolate Co","Conafex Holdings SA",6.80,"Completed","Consumer Staples","Financials",,34.388,,43.507
"M&A",2001/1/17,"Duff & Phelps Credit Rating Co/Africa","Sebata Holdings Ltd",8.00,"Completed","Financials","Industrials",,33.149,,468.82
"M&A",2006/7/11,"St Giles Street 1025 Ltd","Duration Resources Ltd",7.25,"Completed","Materials","Materials",,,,
"AST",2003/12/30,"Mundt ppty","Unnamed Buyer",6.70,"Completed","Real Estate","N.A.",,,,
"AST",2004/3/4,"PS Props ppty","Metboard Properties Ltd",6.90,"Completed","Real Estate","Real Estate",,,,
"AST",2001/6/14,"Fourways Golf Park","Primegro Properties Ltd",8.10,"Completed","N.A.","Real Estate",,339.939,,2465.73
"M&A",2002/5/7,"Moonlighting Filmmakers Pty Ltd","Management Group",10.24,"Completed","Communications","N.A.",,,,
"AST",2001/5/31,"Infrastructure services business","CS Computer Services Holdings Ltd",8.03,"Completed","N.A.","Technology",,503.295,,
"INV",2000/1/1,"Movile Internet Movel SA","Rio Bravo Investimentos SA DTVM",6.15,"Completed","Industrials","Financials",3051.5,,2098.1,
"M&A",2020/7/2,"IHMS Hotels SA Pty Ltd","Indian Hotels Co Ltd",16.98,"Completed","Consumer Discretionary","Consumer Discretionary",,19064.1,,36554.9
"INV",2022/5/13,"TooMuchWifi","Private Investor,Bamboo Finance Sarl (Fund: BLOC Smart Africa Fund),Connectivity Ventures Fund",16.17,"Completed","Communications","Financials, Financials",,,,
"INV",2020/11/12,"Kasha Technologies Ltd","Swedfund International AB",15.61,"Completed","Consumer Discretionary","Financials",,,,
"INV",2022/12/23,"Centbee Pty Ltd","Private Investor,Ayre Ventures Inc",16.97,"Completed","Financials","Financials",,,,
"INV",2023/12/13,"TUNL Pty Ltd","Private Investor,Dx Digital Africa Pty Ltd,Founders Factory Africa,E4E Africa (Fund: E4E Africa Fund II)",19.08,"Completed","Health Care","Financials, Financials, Technology",,,,
"INV",2023/8/24,"One-Stop-Shop","D-MARKET Elektronik Hizmetler ve Ticaret AS,D4 Ventures LLC",18.77,"Completed","Communications","Consumer Discretionary, Financials",,,,
"AST",2016/8/8,"2 ferromanganese smelting furnaces","Gulf Manganese Corp Ltd",13.61,"Completed","Materials","Materials",,,,266.587
"INV",2016/5/31,"Snapt Inc","Convergence Partners",15.68,"Completed","Technology","Financials",,,,
"INV",2025/1/31,"NjiaPay","Private Investor,Havaic General Partners (Fund: African Innovation Fund 3)",18.61,"Completed","Financials","Financials",,,,
"INV",2010/5/3,"Chizim Investment","DRDGOLD Ltd",7.41,"Completed","Materials","Materials",,7878.2,,12246
"AST",2001/5/15,"Lesotho woven bottom factory","Carry Wealth Holdings Ltd",8.00,"Completed","N.A.","Consumer Discretionary",,722.981,,451.8
"M&A",2022/5/18,"Kalahari Key Mineral Exploration Pty Ltd","Power Metal Resources PLC",16.01,"Completed","Materials","Materials",,1.791,,616.202
"AST",2021/10/4,"22 Impala Road/Chislehurston","Putprop Ltd",15.00,"Completed","Real Estate","Real Estate",,140.363,,1232.68
"M&A",2009/2/16,"Mather + Platt","PSV Holdings Ltd",10.00,"Completed","Industrials","Industrials",,237.533,,103.104
"AST",2012/7/11,"Steel merchandising branch","BSI Steel Ltd",8.20,"Completed","N.A.","Materials",,2376.82,,1493.44
"INV",2026/7/10,"Hyperdev Pty Ltd","Loom Ventures GmbH",16.00,"Completed","Technology","Financials",,,,
"AST",2000/10/26,"Witkrans diamond project","Vaaldiam Resources Ltd",7.52,"Completed","N.A.","Materials",,58.699,,329.479
"AST",2010/1/18,"UCG Technology IP","Salt Lake Potash Ltd",7.22,"Completed","N.A.","Materials",,,,5637.3
"AST",2008/10/27,"Sika-Bopha Projects","Great Australian Resources Ltd",10.53,"Completed","N.A.","Materials",,,,10.9204
"M&A",2004/3/9,"Information Security Architects Pty Ltd","ISA Holdings Ltd",6.37,"Completed","Technology","Technology",,127.887,,86.519
"INV",2011/10/27,"Alviva Holdings Ltd","Alviva Holdings Ltd",7.50,"Completed","Consumer Discretionary","Consumer Discretionary",23429.2,23429.2,9722.62,9722.62
"INV",2022/1/27,"CompariSure Financial Services Pty Ltd","4D Innovative Capital Pty Ltd (Fund: 4Di Exponential Tech Fund I),Havaic General Partners (Fund: HAVAIC Universum Core African Fund/The)",15.00,"Completed","Financials","Financials, Financials",,,,
"AST",2007/11/15,"Kamfersdam tailings dumps","Meepo Investment Consortium Propriety Ltd",6.50,"Completed","N.A.","Materials",,,,
"AST",2007/11/14,"Banfora Gold Project","Teranga Gold Australia Pty Ltd",6.36,"Completed","N.A.","Materials",,,,241.124
"M&A",2020/1/21,"Uni Education Group Pty Ltd","Workforce Holdings Ltd",13.95,"Completed","Consumer Discretionary","Industrials",,4504.61,,1586.91
"INV",2014/12/31,"African Trade Insurance Agency","Kenya Reinsurance Corp Ltd",11.12,"Completed","Financials","Financials",,2433.49,,9271.09
"INV",2023/9/28,"Root Wealth Pty Ltd","Invenfin Pty Ltd",18.19,"Completed","Technology","Financials",,,,
"AST",2018/11/6,"Royal Palms Lodge/Germiston","Orion Real Estate Ltd",13.50,"Completed","Real Estate","Real Estate",,78.739,,818.336
"M&A",2006/5/9,"Kizen Pty Ltd","StatPro Group PLC",5.75,"Completed","Industrials","Financials",,967.326,,1614.04
"INV",2005/3/24,"Bridge Capital Group Ltd","Purple Group Ltd",5.93,"Completed","Financials","Financials",,486.671,,1264.74
"INV",2008/8/12,"Four Rivers Trading 349 Pty Ltd","CIC Holdings Ltd",7.45,"Completed","Financials","Consumer Staples",,,,
"M&A",2025/10/7,"Premier Brands Energy Solutions Pty Ltd","White Pearl Technologies AB",16.29,"Completed","Energy","Financials",,931.768,,588.923
"M&A",2002/8/6,"Interconnexxion Africa Pty Ltd","Intec Telecom Systems Ltd",10.01,"Completed","Consumer Discretionary","Technology",,,,1950.73
"M&A",2009/12/15,"LeBlanc CIH Lighting Structures Pte Ltd","Jasco Electronics Holdings Ltd",7.00,"Completed","Industrials","Industrials",,673.343,,408.997
"AST",2015/11/5,"49 & 51 Beach Road","NVest Financial Holdings Ltd",13.00,"Completed","Real Estate","Financials",,276.231,,664.289
"M&A",2004/12/21,"Masedi Platinum Pty Ltd","Nkwe Platinum Ltd",5.31,"Completed","Materials","Materials",,,,1111.86
"M&A",2019/2/19,"Metaco Holdings Pty Ltd","Comair Ltd",12.90,"Completed","Communications","Industrials",,7125.64,,8146.76
"INV",1999/6/9,"Legacy Financial Holdings Ltd","Cycad Financial Holdings Ltd",5.60,"Completed","N.A.","Financials",,-32.933,,30.907
"M&A",2002/4/22,"CruxInfoTech","Consortium",10.00,"Completed","Technology","N.A.",,,,
"M&A",2016/7/12,"Beige Holdings Ltd","Lion Match Co Pty Ltd/The",12.99,"Completed","Consumer Staples","Consumer Staples",478.074,245.982,288.112,435.004
"M&A",2000/11/27,"Computerkit Systems","UCS Eye Investments Ltd",7.00,"Completed","Technology","Technology",,,,
"M&A",2024/11/20,"Classic International Trading Pty Ltd","Labat Africa Ltd",16.28,"Completed","Financials","Energy",,199.4,,675.514
"AST",2010/12/23,"Ethiopian regional tenements","Ubecorp Ltd",6.04,"Completed","N.A.","Materials",,,,4.2768
"INV",2021/2/25,"NFTFi","Private Investor,Animoca Brands Corp,Maven 11 Capital BV,1kx BV,LAO LLC/The,Coinfund LLC (Fund: Coinfund III),Collab+Currency LLP (Fund: Collab Currency LP)",13.32,"Completed","Financials","Communications, Financials, Financials, Financials, Financials, Technology",,,,
"AST",2001/1/24,"Aqeuro Holding NV","Joint Venture",7.00,"Completed","Unclassifiable","N.A.",,,,
"M&A",2013/11/4,"Milestone Place Properties Pty Ltd","Polska Properties Direct Pty Ltd",9.00,"Completed","Real Estate","Real Estate",,,,
"INV",2000/10/19,"Pascom Electronics","Management Group",6.75,"Completed","Unclassifiable","N.A.",,,,
"M&A",2003/10/30,"Dion Business Systems Pty Ltd","Kia Tanara Price Trust",6.06,"Completed","Real Estate","Financials",,,,
"AST",2015/7/16,"South African legacy assets","Spearhead Capital Ltd",10.86,"Completed","N.A.","Financials",,,,
"AST",2004/3/5,"RadMark Pty Ltd","Kagiso Media Ltd",5.79,"Completed","Communications","Communications",,1335.95,,1826.15
"M&A",2003/2/20,"Equator Holdings Inc","HSBC Holdings PLC",7.00,"Completed","Financials","Financials",,2.42476e+06,,5.35614e+07
"M&A",2012/6/26,"Java Lava Beverage Manufacturing Pty Ltd","Famous Brands Ltd",7.30,"Completed","Consumer Staples","Consumer Staples",,8744.2,,3574.8
"M&A",2015/2/20,"Deemster Pty Ltd","RFG Holdings Ltd",10.00,"Completed","Consumer Staples","Consumer Staples",,8137.76,,6041.29
"M&A",2010/3/10,"Foodcorp Pty Ltd","Management Group,BlueBay Asset Management LLP,Capitau SA Partnership",6.37,"Completed","Consumer Staples","Financials, Financials",,,6063.96,
"M&A",2009/7/29,"MKB Tactical","Securitas AB",6.76,"Completed","Industrials","Industrials",,283128,,196596
"M&A",2001/3/9,"Askari Mining & Equipment Ltd","Bauba Resources Ltd",6.63,"Completed","Materials","Materials",,277.1,,545.089
"AST",2001/7/24,"Kimberley pptys","ApexHi Properties Ltd",7.01,"Completed","Real Estate","Real Estate",,,,
"AST",2021/9/29,"Thorny river project/South Africa","Botswana Minerals PLC",12.98,"Completed","Industrials","Materials",,,,135.069
"M&A",2005/8/24,"Elite Surgical Supplies Pty Ltd","Arovella Therapeutics Ltd",5.52,"Completed","Health Care","Health Care",,1.59981,,251.621
"INV",2022/6/30,"Afrikamart","Orange Digital Ventures SASU,Teranga Capital,Bamboo Finance Sarl (Fund: BLOC Smart Africa Fund),Launch Africa Ventures (Fund: Launch Africa Ventures Fund 1)",13.83,"Completed","Technology","Financials, Financials, Financials, Financials",,,,
"INV",2012/12/11,"KWV Holdings Ltd","Niveus Investments Ltd",7.34,"Completed","Consumer Staples","Consumer Discretionary",,18.398,,571.165
"M&A",2009/5/15,"Ikapa Tours & Travel Proprietary Ltd","DON Group",7.27,"Completed","Consumer Discretionary","Consumer Discretionary",,,,91.335
"AST",2011/10/4,"3 Quarries","PPC Ltd",6.80,"Completed","N.A.","Materials",,10255,,10106
"M&A",2015/10/22,"BMI Research Proprietary Ltd","Cognition Holdings Ltd",11.00,"Completed","Communications","Industrials",,79.2048,,266.275
"M&A",2005/3/8,"Letaba Holdings Pty Ltd","Set Point Group Ltd",4.73,"Completed","Industrials","Industrials",,359.376,,235.593
"INV",2008/7/31,"AfriSam South Africa Pty Ltd","Public Investment Corp Ltd",6.00,"Completed","Materials","Financials",6843.75,1261.76,17859.6,4617.25
"M&A",2001/4/26,"MillionAir Charter Ltd","Consortium",6.53,"Completed","Industrials","N.A.",94.144,,66.123,
"M&A",2002/11/21,"Tradek Holdings Ltd","Northpark Trading 47 Pty Ltd",7.78,"Completed","Financials","Financials",31.801,,267.739,
"AST",1999/5/28,"Log-Tek Group Investments Pty Ltd","Consortium",5.00,"Completed","N.A.","N.A.",,,,
"INV",2014/8/20,"BitX Pty Ltd","Private Investor,Ariadne Capital Ltd (Fund: Ariadne Fund I),Digital Currency Group Inc",8.56,"Completed","Financials","Financials, Financials",,,,
"AST",2013/9/5,"Suntups wooden flooring business","Accentuate Ltd",8.20,"Completed","N.A.","Consumer Discretionary",,199.567,,141.502
"AST",2016/3/15,"Tubatse Homes/Burgersfort","Freedom Property Fund",12.60,"Completed","Real Estate","Real Estate",,24.403,,286.98
"M&A",2000/2/29,"Prescon Publishing Corp Ltd","Moneyweb Holdings Ltd",5.00,"Completed","N.A.","Communications",,28.304,,22.084
"M&A",1999/11/16,"V H Simmons & Co Pty Ltd","Tradek Holdings Ltd",4.85,"Completed","N.A.","Financials",,31.801,,267.739
"AST",2001/10/3,"2 Rockham subsidiaries","Mega First Corp BHD",7.34,"Completed","N.A.","Utilities",,5926.69,,20242.8
"AST",2005/3/17,"SAG mill","Afcan Mining Corp",4.74,"Completed","N.A.","Materials",,,,
"AST",2000/12/7,"Telefunken inventory","Nu-World Holdings Ltd",5.92,"Completed","N.A.","Consumer Discretionary",,2287.62,,1801.03
"AST",2006/8/23,"Modder East and Spaarwater mining area","Micawber 400 Pte Ltd",5.51,"Completed","N.A.","Materials",,,,
"M&A",2005/3/17,"Trufruit Pty Ltd","Famous Brands Ltd",4.61,"Completed","Consumer Staples","Consumer Staples",,8744.2,,3574.8
"M&A",2004/10/4,"IFS Insurance Brokers Pty Ltd","Multifund Financial & Insurance Services Pty Ltd",4.89,"Completed","Financials","Financials",,,,
"M&A",2007/4/3,"Swissta Holdings Ltd","Lonrho Ltd",5.40,"Completed","Financials","Consumer Staples",,,,
"M&A",2004/10/13,"Black Reef Gold Ltd","Minerale Afrique Ltd",4.96,"Completed","Materials","Materials",,,,
"M&A",2015/3/26,"Retroviral Online Branding Pty Ltd","Bidvest Group Ltd/The",9.00,"Completed","Communications","Consumer Staples",,126605,,124590
"AST",2008/10/20,"Automotive Systems Unit","Red Tape Trading 25 Pty Ltd",7.60,"Completed","N.A.","Consumer Discretionary",,,,
"M&A",2000/4/7,"Wizards Snacks (Pty) Ltd","REF Finance and Investment Corp Ltd",4.87,"Completed","Consumer Staples","Financials",,2.831,,10.217
"M&A",2007/12/13,"Midlands Mushrooms Farms Pty Ltd","Country Foods Ltd",5.00,"Completed","Consumer Staples","Consumer Staples",,,,
"M&A",2004/2/25,"Utho Technologies Pty Ltd","Square One Solutions Group Ltd",4.90,"Completed","Technology","Technology",,,,
"AST",2008/12/3,"African and Tanzanian diamond and industrial ops","Belmont Mining Ltd",7.51,"Completed","N.A.","Materials",,,,
"AST",2001/6/5,"eCompany Holdings Ltd","Cycad Financial Holdings Ltd",5.85,"Completed","Technology","Financials",,-32.933,,30.907
"INV",2014/4/23,"OneLogix Projex Pty Ltd","OneLogix Group Ltd",7.65,"Completed","Industrials","Industrials",,3065.79,,3138.17
"M&A",2010/6/8,"Coal Fines Resources SA Ltd","Worldwide Natural Resources PLC",5.59,"Completed","Materials","Financials",,,,25.2282
"M&A",2010/12/17,"Apply IT Pty Ltd","AdaptIT Holdings Ltd",4.95,"Completed","Technology","Technology",,1571.77,,1714.33
"INV",2019/7/23,"Nuco Chrome Bophuthatswana Pty Ltd","Bauba Resources Ltd",10.00,"Completed","Financials","Materials",,277.1,,545.089
"M&A",2000/9/4,"SBBW Holdings Ltd","Ububele Holdings Ltd",5.00,"Completed","Communications","Consumer Staples",,636.518,,404.359
"INV",2006/8/16,"Simply Cereal","Conafex Holdings SA",4.85,"Completed","Consumer Staples","Financials",,34.388,,43.507
"M&A",2013/3/15,"Turf-AG Products Proprietary Ltd","Ububele Holdings Ltd,Private Investor",6.60,"Completed","Industrials","Consumer Staples",,,,
"INV",2017/11/17,"IPay Pty Ltd","Kalon Venture Partners Ltd",10.00,"Completed","Technology","Financials",,,,
"AST",2011/3/31,"Bisie Tin Project","Alphamin Resources Corp",4.82,"Completed","N.A.","Materials",,11101,,9695.13
"M&A",2019/2/15,"Mohlodi Oa Thaba Holdings Pty Ltd","Roughrider Capital Corp",10.00,"Completed","Health Care","Materials",,3.23543,,12.0651
"INV",2007/3/1,"Star Medical Botswana Ltd","Arovella Therapeutics Ltd",5.16,"Completed","Health Care","Health Care",,1.59981,,251.621
"INV",2021/9/9,"WinSalt Manufacture Pty Ltd","Government Institutions Pension Fund",10.00,"Completed","Consumer Staples","N.A.",,,,
"INV",2009/5/30,"Johannesburg International Motor Show Pty Ltd","National Association of Automobile Manufacturers of South Africa",5.59,"Completed","Communications","Industrials",,,,
"INV",2005/6/30,"Motoronline Pty Ltd","TransUnion ITC Pty Ltd",4.65,"Completed","Communications","Financials",,,,
"M&A",2001/8/1,"Coetser Craddock International Pty Ltd","CCI Holdings Ltd/South Africa",5.74,"Completed","Industrials","Technology",,10.1178,,
"M&A",2008/6/18,"Ones `N Zeros Professional Services Pty Ltd","Silverbridge Holdings Ltd",5.56,"Completed","Industrials","Technology",,105.929,,69.447
"M&A",2006/3/10,"Emergent Properties Ltd","Bevdev CC",4.33,"Completed","Real Estate","Financials",,,10.4648,
"M&A",1999/5/6,"Ornico Facilities Partnership","Metropolis Transactive Holdings Ltd",4.20,"Completed","N.A.","Communications",,,,
"M&A",2001/2/13,"Internet Gaming Pty Ltd","Essential Beverage Holdings Ltd",5.46,"Completed","Unclassifiable","Consumer Staples",,,,20.502
"INV",2021/2/12,"MortgageMarket Pty Ltd","Private Investor,IDF Capital SASU",9.94,"Completed","Financials","Financials",,,,
"M&A",2013/3/4,"Food Safety Assessment","Intertek Group PLC",6.20,"Completed","Consumer Staples","Industrials",,80868.3,,83828
"INV",2019/3/5,"InvestSure","Lireas Holdings Pty Ltd,Compass Insurance Co Ltd,4D Innovative Capital Pty Ltd (Fund: 4Di Capital Fund III)",9.60,"Completed","Financials","Financials, Financials, Financials",,,,
"AST",2004/11/9,"2 Diamond exploration datasets","Kincora Copper Ltd",4.17,"Completed","N.A.","Materials",,,,245.889
"M&A",2006/8/23,"NETIntellect Pty Ltd","Square One Solutions Group Ltd",4.80,"Completed","Technology","Technology",,,,
"M&A",2007/5/15,"Gazelle Testing Services Pty Ltd","Environmental Scientifics Group Holdings Ltd",4.63,"Completed","Industrials","Industrials",,,,1626.57
"AST",2000/11/1,"Ppty portfolio/Wierda Rd","Rand Leases Properties Ltd",5.00,"Completed","N.A.","Real Estate",,27.574,,155.183
"M&A",2008/8/11,"ACTOM Pty Ltd","Actis LLP",5.16,"Completed","Industrials","Financials",,,,
"AST",2004/3/4,"Richards ppty","Metboard Properties Ltd",4.52,"Completed","Real Estate","Real Estate",,,,
"M&A",2011/11/2,"Amazon Colours Pty Ltd","Rolfes Holdings Ltd",5.25,"Completed","Materials","Materials",,1532.53,,874.388
"AST",2011/5/12,"Five Star property","Mulgravian Ventures Corp",4.51,"Completed","N.A.","Materials",,,,
"M&A",2022/3/2,"Lima Romeo Air Pty Ltd","Labat Africa Ltd",10.00,"Completed","Consumer Staples","Energy",,199.4,,675.514
"AST",2004/5/11,"MLT House","Paramount Property Fund Ltd",4.50,"Completed","N.A.","Real Estate",,,,
"INV",2008/6/3,"Adcheck Pty Ltd","Morvest Group Ltd",5.00,"Completed","Technology","Technology",,1100.76,,643.895
"M&A",2001/3/26,"Femco Mining Motors Pty Ltd","Pasdec Resources SA Ltd",5.15,"Completed","Industrials","Industrials",,125.608,,129.555
"INV",2016/7/14,"African Star/ South Africa","Southstone Minerals Ltd",9.19,"Completed","Materials","Materials",,46.8334,,10.1414
"AST",2002/8/28,"Badenhorst Combine","Kirrin Resources Inc",6.76,"Completed","N.A.","Materials",,,,14.14
"M&A",1999/12/31,"Y3K.ICE (Pty) Ltd","Unnamed Buyer",3.94,"Completed","Communications","N.A.",,,,
"M&A",2023/6/27,"Four Rivers Trading 123 Pty Ltd","Luma Pty Ltd",11.83,"Completed","Financials","Financials",,,,
"M&A",2001/2/21,"Consolidated African Technologies Pty Ltd","Sebata Holdings Ltd",4.95,"Completed","Industrials","Industrials",,33.149,,468.82
"AST",2013/11/22,"Spanjaard's assets","Rand Refinery Ltd",6.35,"Completed","N.A.","Materials",,,,
"M&A",2002/5/15,"Industrial Credit Co Ltd","Industrial Credit Co Africa Holdings Ltd",6.44,"Completed","Financials","Financials",,0.021,,10.41
"AST",2004/5/18,"Vacant property in Brackenfell","Aroma Sands Pty Ltd",4.25,"Completed","Real Estate","Consumer Discretionary",,,,
"M&A",2000/5/3,"Halleria pty Ltd","Cobham Ltd",4.26,"Completed","N.A.","Industrials",,225.026,,31865.5
"M&A",2000/5/23,"Newinvest 151 Pty Ltd","Forza Group Ltd",4.40,"Completed","N.A.","Consumer Discretionary",,988.477,,229.831
"AST",2003/12/30,"Bison ppty","Metboard Properties Ltd",4.10,"Completed","N.A.","Real Estate",,,,
"AST",2001/9/10,"Fleet Management Services ops","Control Instruments Group Pty Ltd",5.25,"Completed","N.A.","Industrials",,553.549,,329.789
"INV",2001/10/31,"SecureData Holdings Ltd","Treacle Venture Partners",5.80,"Completed","Technology","Financials",289.677,,63.347,
"M&A",1999/9/30,"Neuro Stim 2000 Ltd","APS Technologies Ltd",3.68,"Completed","N.A.","Health Care",,4.145,,2.272
"AST",2006/3/14,"1/3 Goodwood Road Westmead Pinetown","OneLogix Group Ltd",3.80,"Completed","N.A.","Industrials",,3065.79,,3138.17
"M&A",2012/5/27,"York Energy NL","Prairie Lithium Ltd",5.09,"Completed","Materials","Materials",,,,1151.54
"AST",2000/8/17,"Cyberexpress division","Cyberkiosks Ltd",4.20,"Completed","N.A.","N.A.",,,,
"INV",2017/8/1,"Aerobotics Pty Ltd","4D Innovative Capital Pty Ltd (Fund: 4Di Exponential Tech Fund I),Savannah Fund",8.00,"Completed","Technology","Financials, Financials",,,,
"M&A",2000/3/30,"Ballard & King Communications","IG Communications Ltd",3.98,"Completed","N.A.","Communications",,2969.6,,4508.19
"M&A",2019/2/19,"EPT Aviation Training Pty Ltd,Global Training College South Africa Pty Ltd","Comair Ltd",8.50,"Completed","Consumer Discretionary, Consumer Discretionary","Industrials",,7125.64,,8146.76
"M&A",2018/3/22,"Vanadium Resources Pty Ltd","Vanadium Resources Ltd",7.12,"Completed","Materials","Materials",,,,345
"M&A",2006/4/3,"Nutribrands Pty Ltd","BioScience Brands Ltd",3.67,"Completed","Health Care","Health Care",,24.5151,,51.1716
"AST",2015/11/6,"Brits Vanadium Project","Bushveld Minerals Ltd",8.51,"Completed","Materials","Materials",,3156.58,,4193.67
"M&A",1999/9/30,"Geotechnical Engineering and Mining Computing Services Pty Ltd","Dassault Systemes Canada Software Inc",3.60,"Completed","N.A.","Technology",,,,
"AST",2001/1/23,"Plant and related equipment","Marley Roofing Ltd",4.66,"Completed","N.A.","N.A.",,,,
"M&A",2000/7/1,"Sterikleen Ltd","Excellerate Holdings Ltd",4.01,"Completed","N.A.","Consumer Staples",,792.052,,636.692
"M&A",2009/6/18,"Greenbro Proprietary Ltd","RACEC Group Ltd",4.77,"Completed","Industrials","Industrials",,355.192,,209.633
"BUY",2021/10/30,"Spanjaard Ltd","Shareholders",8.97,"Completed","Materials","Materials",136.755,136.755,75.502,75.502
"AST",2004/3/4,"Garfield ppty","Metboard Properties Ltd",4.00,"Completed","Real Estate","Real Estate",,,,
"M&A",2013/12/6,"Mpower Radio Pty Ltd","Blackstar Holdings Group Pty Ltd",6.00,"Completed","Communications","Communications",,3995,,3121
"AST",2006/3/14,"45 Sim Road Pomona","OneLogix Group Ltd",3.60,"Completed","N.A.","Industrials",,3065.79,,3138.17
"M&A",2000/8/29,"Cullinan Precision Engineering","Unnamed Buyer",4.00,"Completed","Industrials","N.A.",,,,
"M&A",2000/4/7,"Villa Italia Investments (Pty) Ltd","REF Finance and Investment Corp Ltd",3.77,"Completed","Consumer Discretionary","Financials",,2.831,,10.217
"M&A",1999/1/5,"Reyrolle Industrial Division","Fortfield Investments PLC",3.30,"Completed","N.A.","Industrials",,,,6.78106
"INV",2008/2/20,"Data Factory Pty Ltd/The","SAB&T Ubuntu Holdings Ltd",4.50,"Completed","Industrials","Industrials",,,,
"INV",2021/2/13,"hearX Group Pty Ltd","Futuregrowth Asset Management Pty Ltd,Sphere Holdings Pty Ltd,Bose Ventures,Havaic General Partners (Fund: HAVAIC Universum Core African Fund/The)",8.30,"Completed","Health Care","Financials, Financials, Financials, Financials",,,,
"AST",2001/7/24,"Town Centre ppty","ApexHi Properties Ltd",4.60,"Completed","Real Estate","Real Estate",,,,
"INV",2018/11/15,"Peach Bots Pty Ltd","Kalon Venture Partners Ltd,Compass Venture Capital",8.00,"Completed","Industrials","Financials, Financials",,,,
"M&A",2003/4/8,"De Aar Abattoir Pty Ltd","GWK Ltd",4.50,"Completed","Consumer Staples","Consumer Staples",,,,
"M&A",2023/5/30,"AJR Enterprises LLC,Pinnacle Outsource Solutions Pty Ltd","Primeserv Group Ltd",10.94,"Completed","Consumer Discretionary, Consumer Discretionary","Industrials",,1096.37,,311.574
"INV",2005/11/9,"Chirano Gold Mines Ltd","Red Back Mining Inc",3.74,"Completed","Materials","Materials",,,,
"M&A",2008/10/27,"Rubax Pty Ltd","AL-KO Trailco Pty Ltd",6.00,"Completed","Industrials","Industrials",,,,
"M&A",2000/2/11,"Dexterous Developments International Pty Ltd","HR Focus Holdings Pty Ltd",3.50,"Completed","N.A.","N.A.",,,,
"M&A",2006/8/2,"Thuso Information Technology Pty Ltd","Gijima Group Ltd",3.80,"Completed","Technology","Communications",,1518.64,,777.542
"INV",2024/5/24,"Orca/South Africa","Private Investor,Musha Ventures LP,First Circle Capital (Fund: First Circle Africa Fund I LP),Kara Ventures Ltd,Norrsken Foundation/The (Fund: Norrsken VC II)",10.12,"Completed","Technology","Financials, Financials, Financials, Financials",,,,
"INV",2016/6/22,"RARE Holdings Ltd","Mayfair Speculators Pty Ltd",8.02,"Completed","Materials","Unclassifiable",345.998,,272.085,
"AST",2001/7/24,"Delpen ppty","ApexHi Properties Ltd",4.50,"Completed","Real Estate","Real Estate",,,,
"M&A",2007/11/16,"Star Medical Botswana Ltd","Arovella Therapeutics Ltd",3.63,"Completed","Health Care","Health Care",,1.59981,,251.621
"M&A",2004/6/22,"Synovate South Africa Pty Ltd","Dentsu International Ltd",3.40,"Completed","Industrials","Communications",,77946.7,,282616
"INV",2004/3/8,"E-SAP Project Management & Consulting Pty Ltd","Maximum Dynamics Inc",3.54,"Completed","Industrials","Technology",,,,
"AST",2005/3/22,"Tawana's South African projects","Seven Falls Trading 155 Pty Ltd",3.24,"Completed","N.A.","Materials",,,,
"M&A",2001/9/4,"Ability - Inventory Optimization","Xponential Solutions",4.50,"Completed","Communications","Communications",,,,
"M&A",2013/2/10,"DiKgosi Gold Pty Ltd","Gorilla Gold Mines Ltd",4.70,"Completed","Materials","Materials",,,,1117.88
"INV",2006/4/1,"Quality Products Pty Ltd","Beige Holdings Ltd",3.24,"Completed","Consumer Staples","Consumer Staples",,478.074,,288.112
"AST",2020/4/24,"Temporary employment services & the training support services businesses","Primeserv Group Ltd",10.00,"Completed","Industrials","Industrials",,1096.37,,311.574
"M&A",2000/12/18,"Dynamic Cables S A Proprietary Ltd","Cape Empowerment Ltd",4.00,"Completed","Technology","Industrials",,199.347,,449.946
"M&A",2006/9/1,"Bushlands Game Lodge Pty Ltd","Gooderson Leisure Corp Ltd",3.75,"Completed","Consumer Discretionary","Consumer Discretionary",,150.33,,304.39
"M&A",2013/3/1,"Wearne Drilling and Blasting Pty Ltd","Private Investor",4.70,"Completed","Industrials","N.A.",,,,
"M&A",2002/8/29,"Skyservices Pty Ltd","Intertrading Ltd",5.49,"Completed","Industrials","Consumer Staples",,,,
"M&A",2010/11/15,"Kagiso Treasury Solutions Pty Ltd","IQuad Group Ltd",3.58,"Completed","Financials","Industrials",,85.628,,149.664
"M&A",2001/7/10,"Invescor Pty Ltd","Saambou Holdings Ltd",4.20,"Completed","Financials","Financials",,,,
"M&A",2011/5/18,"Fish On Line Pty Ltd","Lonrho Ltd",3.50,"Completed","Consumer Staples","Consumer Staples",,,,
"M&A",2000/5/31,"TA Securities South Africa Ltd","InsingerGilissen Bankiers NV",3.49,"Completed","N.A.","Financials",,,,
"M&A",2009/10/22,"Diamond Core Resources Ltd","Unnamed Buyer",3.71,"Completed","Materials","N.A.",,,325.478,
"INV",2018/10/11,"Sun Exchange Pty Ltd/The","Alphabit Digital Currency Fund",7.29,"Completed","Communications","Financials",,,,
"M&A",2012/11/7,"Isibaya Mining Resources Pty Ltd","Velox Energy Materials Inc",4.33,"Completed","Materials","Materials",,,,37.2879
"M&A",2000/4/7,"Nutrihealth International Ltd","Natural Health Holdings Ltd",3.28,"Completed","N.A.","Health Care",,83.612,,
"AST",1999/2/3,"Progressive Systems Natal CC","Vox Telecom Ltd",3.00,"Completed","N.A.","Communications",,,,
"INV",2009/7/7,"Maringo Communications Pty Ltd","Jasco Electronics Holdings Ltd",4.00,"Completed","Communications","Industrials",,673.343,,408.997
"AST",2007/10/10,"Fixed property","Protech Khuthele Holdings Ltd",3.40,"Completed","N.A.","Industrials",,974.501,,719.759
"M&A",2000/4/7,"IB Financial Services Pty Ltd","REF Finance and Investment Corp Ltd",3.25,"Completed","Financials","Financials",,2.831,,10.217
"M&A",2001/6/29,"Alacrity Financial Solutions Pty Ltd","Alacrity Financial Services Ltd",3.98,"Completed","Financials","Financials",,110.61,,70.63
"M&A",1999/9/14,"Rainmaker Public Relations","IG Communications Ltd",2.99,"Completed","N.A.","Communications",,2969.6,,4508.19
"M&A",2012/4/26,"International Diamond Consultants Ltd","Paragon Diamonds Ltd",3.84,"Completed","Materials","Materials",,,,609.705
"M&A",2000/1/31,"Logicon CC","Streamworks Group Ltd",3.10,"Completed","N.A.","N.A.",,10.961,,0.088
"M&A",2020/9/14,"Africibum Co Pty Ltd","Galileo Resources PLC",8.14,"Completed","Materials","Financials",,,,315.35
"M&A",2015/12/1,"Ngwedi Alternative Investment Managers Pty Ltd","Afristrat Investment Holdings",7.00,"Completed","Financials","Financials",,0.722,,705.664
"M&A",2000/2/22,"Commercial Integrated Transport Investments  Pty  Ltd","Venter Leisure & Commercial Trailers Ltd",3.05,"Completed","N.A.","Industrials",,51.233,,38.316
"M&A",2011/9/30,"Sky Absolut Auto Pty Ltd","Trust Co Ltd",3.83,"Completed","Consumer Discretionary","Consumer Discretionary",,6015.38,,7275.49
"AST",2019/11/1,"13 Starbucks stores","Unnamed Buyer",7.00,"Completed","Consumer Staples","N.A.",,,,
"INV",2016/11/22,"Delvv Pty Ltd","Private Investor,Havaic General Partners",6.50,"Completed","Technology","Financials",,,,
"M&A",1999/11/24,"F H Collier & Associates","iOCO Ltd",2.80,"Completed","N.A.","Technology",,5583.22,,2798.11
"M&A",2010/3/31,"MitonOptimal Group Ltd,Midas Capital Asset Management Pty Ltd","Private Investor,MitonOptimal International Ltd",3.31,"Completed","Financials, Financials","Financials",,,,
"INV",2009/12/18,"Premier Freight Pty Ltd","Sasfin Holdings Ltd",3.42,"Completed","Industrials","Financials",,1932.99,,12860.6
"AST",2001/8/1,"South African property","Murray & Roberts Holdings Ltd",3.71,"Completed","Real Estate","Industrials",,13452.4,,8160.3
"INV",2000/11/20,"Popufin Ltd","Vantaris Capital Fund Ltd",3.50,"Completed","N.A.","N.A.",,,,
"AST",2007/1/30,"Musefu Gold Project","Kore Potash PLC",3.28,"Completed","N.A.","Materials",,,,3478.5
"M&A",2007/5/15,"Molopo South Africa Exploration & Production Pty Ltd","Molopo Energy Ltd",3.10,"Completed","Energy","Energy",,,,100.105
"M&A",2001/1/24,"RRM Investment Holdings Ltd","Usat Trust Ltd",3.50,"Completed","Materials","N.A.",,,,
"AST",2008/7/7,"Admiral sportswear trademarks","Admiral IP Ltd",3.45,"Completed","N.A.","Industrials",,,,
"M&A",2001/5/15,"Pioneer Minerals Pty Ltd","New Hope Mining Pty Ltd",3.50,"Completed","Materials","Materials",,,,
"M&A",2000/11/8,"Video Options","Elvey Security Technologies Ltd",3.35,"Completed","Communications","Industrials",,,,
"M&A",2007/5/7,"Filterworks Pty Ltd","Litha Healthcare Group Ltd",3.00,"Completed","Health Care","Health Care",,1045.33,,1944.3
"AST",1999/6/14,"Hi-Fi Corporation","Profurn Ltd",2.60,"Completed","N.A.","Consumer Discretionary",,2719.63,,3497.23
"M&A",2009/6/10,"Mvela Phanda Construction Ltd,Contract Plumbing and Sanitation Ltd,P Gerolemou Construction Ltd","Basil Read Holdings Ltd",3.45,"Completed","Industrials, Industrials, Industrials","Industrials",,4581.14,,2748.98
"M&A",2016/4/14,"Kanhyhm Procurement Pty Ltd","ASA Resource Group PLC,Vital Profit Group Ltd",6.20,"Completed","Consumer Staples","Materials, Financials",,,,
"M&A",2006/2/7,"PSV Holdings Ltd/Old","PSV Holdings Ltd",2.63,"Completed","Industrials","Industrials",,237.533,,103.104
"M&A",2007/12/12,"Quantum Screening and Crushing Pty Ltd","Canaf Investments Inc",2.78,"Completed","Materials","Financials",,356.784,,224.737
"M&A",2005/6/2,"FSK Electronics Group","Tisec Ltd",2.81,"Completed","Industrials","Financials",,0.103,,0.415
"M&A",2015/7/23,"Micron Investments Pty Ltd","Gratomic Inc",5.02,"Completed","Materials","Materials",,,,379.632
"M&A",2002/11/20,"S&J Land Holdings Ltd","Partridge Investments Ltd",3.90,"Completed","Real Estate","Financials",0.807,,54.421,
"M&A",2006/5/3,"RentNet Rentals Pty Ltd","Alviva Holdings Ltd",2.43,"Completed","Technology","Consumer Discretionary",,23429.2,,9722.62
"INV",2017/8/29,"Pineapple Tech Pty Ltd","Hannover Rueck SE",5.20,"Completed","Technology","Financials",,557590,,1.39075e+06
"M&A",2024/11/26,"Deal Design Commercial Property & Business Broking Pty Ltd","Private Investor,HMF7 Pty Ltd",7.24,"Completed","Real Estate","Consumer Discretionary",,,,
"INV",2019/12/19,"Quasar Holdings Ltd","B90 Holdings PLC",5.65,"Completed","Technology","Technology",,144.368,,162.207
"M&A",2000/12/8,"Cutmaster Steel Pty Ltd","FE Squared Holdings Ltd",3.01,"Completed","Materials","Materials",,37.04,,
"AST",2013/8/26,"Kareevlei Diamond Project","BlueRock Diamonds plc",4.00,"Completed","N.A.","Materials",,159.591,,185.062
"M&A",1999/1/25,"Primatronic Systems CC","FrontRange Ltd",2.33,"Completed","N.A.","Technology",,409.482,,337.967
"INV",2008/12/23,"Ocneblok Properties Pty Ltd","Sebata Holdings Ltd",3.67,"Completed","Consumer Discretionary","Industrials",,33.149,,468.82
"AST",2001/1/24,"Brainware ILC Pty Ltd","Management Group",3.00,"Completed","Unclassifiable","N.A.",,,,
"AST",2001/7/12,"Peter Place ppty","Rand Leases Properties Ltd",3.15,"Completed","Real Estate","Real Estate",,27.574,,155.183
"M&A",2000/2/18,"EG Chapman Property Management Services  Proprietary  Ltd","Jigsaw Holdings Ltd/South Africa",2.40,"Completed","N.A.","Real Estate",,75.822,,87.212
"M&A",2004/4/28,"Futeni Collections Proprietary Ltd","Nictus Ltd",2.60,"Completed","Financials","Consumer Discretionary",,22.264,,1094.22
"INV",2005/12/15,"Mathomo Group Ltd","Mineworkers Investment Co",2.40,"Completed","Consumer Discretionary","Financials",402.753,2540.4,111.512,9932.2
"M&A",2007/11/6,"NS Consultancy","Coffey International Ltd",2.42,"Completed","Industrials","Industrials",,5312.54,,
"M&A",2011/12/22,"Erf 128/1 Hatfield Pty Ltd","Kairos Industrial Holdings Ltd",3.00,"Completed","Real Estate","Industrials",,,,
"AST",2016/9/26,"Medicines Control Council registered dossiers & related trademarks","Avid Brands Pty Ltd",5.00,"Completed","Health Care","Consumer Staples",,,,
"M&A",2004/4/29,"Sammy Q Properties Pty Ltd","Castle Rock Properties Pty Ltd",2.51,"Completed","Real Estate","Real Estate",,,,
"JV",2024/9/10,"Mbodla Investments Pty Ltd","",6.54,"Completed","Industrials","Materials, Financials",,,,
"M&A",2008/1/9,"Optocon Systems Pty Ltd","Etion Ltd",2.50,"Completed","Industrials","Technology",,,,512.325
"AST",2001/8/1,"Quality Engineering Services Pty Ltd","Sempres International Technology Holdings Ltd",2.89,"Completed","Industrials","Communications",,107.572,,
"INV",2025/8/15,"Street Wallet Pty Ltd","Private Investor",6.16,"Completed","Technology","N.A.",,,,
"INV",2002/4/11,"Transworld Energy & Minerals Resources SA Pty Ltd","Mineral Commodities Ltd",3.91,"Completed","Materials","Materials",,,,342.54
"AST",2004/8/17,"Head office building","Emerald Sky Trading 24 Pte Ltd",2.25,"Completed","N.A.","Real Estate",,,,
"INV",2009/8/28,"Private Co","Bonatla Property Holdings Ltd",2.69,"Completed","Energy","Real Estate",,7.648,,376.524
"M&A",2008/9/19,"M Ltd","Vast Resources PLC",2.72,"Completed","Unclassifiable","Materials",,8.82896,,435.604
"AST",2016/6/20,"Mama Chaka's business & brands","Gold Brands Investments Ltd",5.00,"Completed","Consumer Staples","Consumer Discretionary",,40.1682,,41.1051
"M&A",1999/12/31,"AMJ","Private Investor",2.04,"Completed","Technology","N.A.",,,,
"AST",2007/8/8,"Coffee Business and Brands","Conafex Holdings SA",2.30,"Completed","N.A.","Financials",,34.388,,43.507
"M&A",2013/10/1,"Driver Group Africa Pty","Diales PLC",3.30,"Completed","Industrials","Industrials",,1014.43,,521.979
"M&A",2010/9/17,"Export Credit Exchange Pty Ltd","IQuad Group Ltd",2.32,"Completed","Financials","Industrials",,85.628,,149.664
"INV",2025/8/25,"Sedibelo Platinum Mines Ltd","Traxys Lithium Investments Ltd",5.65,"Completed","Materials","Financials",2125.19,,3866.8,
"M&A",2014/11/18,"Pollux Investment Holdings Pty Ltd","Jubilee Metals Group PLC",3.50,"Completed","Materials","Materials",,356.779,,10005.5
"M&A",2003/5/8,"House of Busby Ltd/The","Consortium",2.28,"Completed","Consumer Discretionary","N.A.",,,,
"AST",2019/5/7,"Assets/Prodmark Pty Ltd","K2FLY Ltd",4.55,"Completed","Technology","Materials",,153.316,,228.006
"AST",2010/8/13,"Wynbring uranium project","Marmota Ltd",2.29,"Completed","N.A.","Materials",,1.52907,,273.698
"AST",2004/8/17,"2 properties","Andulela Investment Holdings Ltd",1.98,"Completed","N.A.","Financials",,1539.39,,714.472
"AST",2003/12/30,"Kramer ppty","Metboard Properties Ltd",2.00,"Completed","N.A.","Real Estate",,,,
"M&A",2020/7/20,"Sekaka Diamonds Exploration Pty Ltd","Botswana Minerals PLC",5.00,"Completed","Materials","Materials",,,,135.069
"INV",2020/10/7,"Franc Group Pty Ltd","Private Investor",5.00,"Completed","Technology","N.A.",,,,
"M&A",2017/2/18,"Moringa Cooperative Inc","Fiore Cannabis Ltd",3.93,"Completed","Consumer Staples","Consumer Staples",,37.1595,,219.642
"M&A",2000/3/24,"Lanlink CC","ISA Holdings Ltd",1.94,"Completed","N.A.","Technology",,127.887,,86.519
"M&A",2017/1/24,"A-Tek Distribution Ltd","Cyber Security 1 AB",3.95,"Completed","Consumer Discretionary","Technology",,746.207,,349.525
"AST",2008/7/9,"Botswana Uranium Project","Impact Minerals Ltd",2.26,"Completed","N.A.","Materials",,,,141.994
"M&A",2000/9/7,"*MISTAKE(Towles Edgar Jacobs Pty Ltd)","*MISTAKE(Texel International Ltd)",2.08,"Completed","N.A.","N.A.",,,,
"M&A",2006/7/27,"De Beers Tailings JV","Ubecorp Ltd",2.00,"Completed","N.A.","Materials",,,,4.2768
"M&A",2010/12/22,"Focus Coal Investments Pty Ltd","Xceed Resources Ltd",1.98,"Completed","Materials","Health Care",,,,308.159
"M&A",2005/10/6,"Bhenka Financial Services Pty Ltd","African Dawn Capital Ltd",1.88,"Completed","Financials","Financials",,15.435,,13.604
"M&A",2017/6/16,"Intact Software Distribution Pty Ltd","Cyber Security 1 AB",3.65,"Completed","Technology","Technology",,746.207,,349.525
"M&A",1999/7/30,"Peremba Nursery Sdn Bhd","Saujana Consolidated BHD",1.75,"Completed","N.A.","Consumer Discretionary",,145.631,,536.366
"AST",2004/12/6,"Toecap & Philipps rubber assets","Management Group",1.62,"Completed","N.A.","N.A.",,,,
"M&A",2000/9/14,"Brainware Consulting","Private Investor",2.00,"Completed","Industrials","N.A.",,,,
"M&A",2014/8/19,"Omina Supplies Pty Ltd","Mincon Group Plc",2.97,"Completed","Industrials","Industrials",,3002.27,,4009.09
"M&A",2026/7/10,"Southern Atlantic Cables Pty Ltd","South Ocean Holdings Ltd",4.53,"Completed","Industrials","Industrials",,2502.28,,1433.45
"M&A",2021/4/7,"ConexLink Pty Ltd","Telemasters Holdings Ltd",3.92,"Completed","Communications","Communications",,64.5461,,53.8002
"M&A",2002/3/15,"AfroCentric Investment Corp Ltd","Consortium",3.12,"Completed","Consumer Staples","N.A.",7358.39,,4180.45,
"M&A",2002/11/21,"Tradek Holdings Ltd","Northpark Trading 47 Pty Ltd",2.52,"Completed","Financials","Financials",31.801,,267.739,
"M&A",2004/1/21,"Unilogic Solutions Pty Ltd","Maximum Dynamics Inc",1.86,"Completed","Technology","Technology",,,,
"M&A",2006/3/14,"Capensis Proprietary Ltd","Cape Empowerment Ltd",1.59,"Completed","Financials","Industrials",,199.347,,449.946
"AST",2010/11/29,"Vlakplaats Coal Mine","Korea Resources Corp",1.80,"Completed","Materials","Financials",,,,67559.2
"M&A",2001/6/15,"Equip Securities Consultants Pty Ltd","Investment Solutions Holdings Ltd",2.00,"Completed","Financials","Financials",,428.173,,
"M&A",2007/10/17,"Motako Ltd","Central African Gold Ltd",1.71,"Completed","Materials","Materials",,12.0534,,128.015
"INV",2023/2/28,"Releaf","Plesion Capital",4.58,"Completed","Technology","Financials",,,,
"AST",2003/12/30,"Jetmin ppty","Unnamed Buyer",1.65,"Completed","Real Estate","N.A.",,,,
"M&A",2001/4/18,"Teleflorist SA","Private Investor",2.00,"Completed","Consumer Discretionary","N.A.",,,,
"M&A",2000/7/29,"Vox Telecom Ltd","Black Information Technology Consortium (Pty) Ltd",1.70,"Completed","Communications","N.A.",,,,
"AST",2000/11/1,"Ppty portfolio/Illovo","Rand Leases Properties Ltd",1.81,"Completed","N.A.","Real Estate",,27.574,,155.183
"AST",2001/7/24,"Mesbart ppty","ApexHi Properties Ltd",1.90,"Completed","Real Estate","Real Estate",,,,
"M&A",2010/2/25,"Monastery Holdings","Thabex Ltd",1.80,"Completed","Industrials","Materials",,0.409011,,19.0776
"AST",2003/12/30,"Otto Ppty","Unnamed Buyer",1.50,"Completed","Real Estate","N.A.",,,,
"INV",2018/6/12,"GoDoChurch","AngelHub Ventures Pty Ltd",3.00,"Completed","Technology","Financials",,,,
"AST",1999/5/21,"Kynoch Fertilizer Ltd","Norsk Hydro ASA",1.40,"Completed","N.A.","Materials",,358203,,342209
"M&A",2005/7/20,"Securipark Pty Ltd","Private Investor",1.50,"Completed","Industrials","N.A.",,,,
"M&A",2000/10/5,"Ressources Mandala SARL","New Frontier Ventures Inc",1.63,"Completed","Materials","Financials",,,,0.221367
"AST",2000/6/1,"Mawenzi Financial Services","Private Investor",1.50,"Completed","N.A.","N.A.",,,,
"M&A",2010/11/30,"Western Breeze Trading 23 Pty Ltd","Trust Co Ltd",1.50,"Completed","Consumer Discretionary","Consumer Discretionary",,6015.38,,7275.49
"M&A",2001/10/23,"Two Inc Consulting Pty Ltd","Cargo Carriers Ltd",2.00,"Completed","Technology","Industrials",,645.598,,763.061
"M&A",2015/5/25,"Prana Products Pty Ltd","BUKA INVESTMENTS LTD",2.53,"Completed","Consumer Staples","Consumer Discretionary",,19.004,,3.521
"M&A",2003/9/24,"Unilogic Solutions Pty Ltd","Maximum Dynamics Inc",1.46,"Completed","Technology","Technology",,,,
"M&A",2008/1/16,"Offline Digital Proprietary Ltd","DTH Dynamic Technology Holdings Ltd",1.40,"Completed","Technology","Technology",,,,
"AST",2013/9/26,"Marble Hall Tin Project In Limpopo Province","Bushveld Minerals Ltd",2.00,"Completed","N.A.","Materials",,3156.58,,4193.67
"AST",2006/9/26,"Exploration Project","Carlton Resources PLC",1.49,"Completed","N.A.","Materials",,,,4.09155
"AST",2025/1/30,"Warmbad Uranium Project/Namibia","Pioneer Minerals Ltd",3.54,"Completed","Materials","Materials",,,,54.7092
"M&A",2003/2/24,"Global Investment Planning Services Pty Ltd","Indequity Group Ltd",1.50,"Completed","Financials","Financials",,68.75,,59.828
"M&A",2013/11/25,"Southern African Nickel Ltd","URU Metals Ltd",1.86,"Completed","Materials","Materials",,,,2.03863
"INV",2006/7/18,"D1 Oils South Africa Pty Ltd","Neos Resources PLC",1.31,"Completed","Energy","Energy",,12.2895,,11.3769
"M&A",2006/12/15,"Steel Test Pty Ltd","Velosi Ltd",1.27,"Completed","Materials","Energy",,1544.09,,819.623
"INV",2001/5/16,"Cape Natural Tea Products Pty Ltd","Conafex Holdings SA",1.40,"Completed","Consumer Staples","Financials",,34.388,,43.507
"AST",2002/1/28,"Rustenburg black granite quarry","Dimension Resources Ltd",2.00,"Completed","N.A.","Materials",,,,0.275454
"INV",2015/10/1,"Yoco Technologies Pty Ltd","Private Investor,CRE Venture Capital",2.40,"Completed","Technology","Financials",,,,
"M&A",2000/8/30,"Khululeka Cash Loans","PSG Group Ltd",1.20,"Completed","N.A.","Financials",,7453,,26793
"INV",2011/3/18,"Sky Absolut Auto Pty Ltd","Trust Co Ltd",1.21,"Completed","Consumer Discretionary","Consumer Discretionary",,6015.38,,7275.49
"INV",2009/12/22,"Glenrand MIB Credit and Political Risk Consultants","Glenrand MIB Ltd",1.28,"Completed","Industrials","Financials",,545.666,,581.591
"AST",2003/7/24,"Widgiemooltha mining license","Mincor Resources NL",1.24,"Completed","N.A.","Materials",,357.334,,2524.63
"INV",2023/5/11,"enX Group Ltd","African Phoenix Investments Ltd",3.16,"Completed","Industrials","Financials",378.355,102.993,1554.24,1400.32
"AST",2000/7/13,"Kolonnade Shopping Centre","Vestacor Ltd",1.13,"Completed","N.A.","Financials",,82.317,,354.755
"M&A",2006/3/10,"Emergent Properties Ltd","Bevdev CC",1.02,"Completed","Real Estate","Financials",,,10.4648,
"M&A",2004/4/7,"Mountclarke Pty Ltd","Unnamed Buyer",1.02,"Completed","Materials","N.A.",,,,
"AST",1999/8/20,"Pentravel","Cullinan Holdings Ltd",0.97,"Completed","N.A.","Consumer Discretionary",,1005.52,,1302.05
"INV",2001/8/31,"Askari Mining & Equipment Ltd","Bauba Resources Ltd",1.35,"Completed","Materials","Materials",,277.1,,545.089
"INV",2014/7/1,"Yoco Technologies Pty Ltd","Private Investor,CRE Venture Capital",1.70,"Completed","Technology","Financials",,,,
"M&A",2002/6/19,"Ultimate Connection","UCS Eye Investments Ltd",1.60,"Completed","Technology","Technology",,,,
"M&A",2000/7/13,"Walmer Park Shopping Centre","Vestacor Ltd",1.06,"Completed","N.A.","Financials",,82.317,,354.755
"INV",2004/11/30,"Health In Form Pty Ltd","Arovella Therapeutics Ltd",0.90,"Completed","Health Care","Health Care",,1.59981,,251.621
"M&A",2003/5/22,"Impro Systems Pty Ltd","Blick PLC",1.20,"Completed","Industrials","Financials",,915.614,,806.628
"INV",2017/7/1,"Vumatel Pty Ltd","Stockdale Street Ltd",2.00,"Completed","Technology","Financials",,,,
"INV",2009/8/4,"Excellerate Investment Holdings Pty Ltd","Excellerate Holdings Ltd",1.20,"Completed","Financials","Consumer Staples",,792.052,,636.692
"M&A",2000/4/7,"Body Science Health Products Pty Ltd","Natural Health Holdings Ltd",1.00,"Completed","N.A.","Health Care",,83.612,,
"M&A",2006/8/15,"Nyala Resources Pty Ltd","Paramount Mining Corp Ltd",1.04,"Completed","Materials","Materials",,,,
"M&A",1999/12/9,"Promra CC","Planit Technology Holdings Ltd",0.93,"Completed","N.A.","Technology",,21.29,,93.061
"INV",2001/4/26,"MillionAir Charter Ltd","Consortium",1.22,"Completed","Industrials","N.A.",94.144,,66.123,
"AST",2004/2/25,"Sanlam Centre Pinetown","SA Retail Properties Ltd",0.95,"Completed","N.A.","Real Estate",,296.704,,1977.47
"AST",2000/7/28,"Absolute Systems (Pty) Ltd","Cycad Financial Holdings Ltd",1.00,"Completed","N.A.","Financials",,-32.933,,30.907
"AST",2000/4/7,"Panama Telecomms & Technologgy Cos","REF Finance and Investment Corp Ltd",0.93,"Completed","N.A.","Financials",,2.831,,10.217
"M&A",2001/10/1,"A-ON Systems Furniture Proprietary Ltd","Poh Huat Resources Holdings BHD",1.29,"Completed","Consumer Discretionary","Consumer Discretionary",,1727.29,,2307.45
"M&A",2003/10/15,"Alacrity Financial Services Ltd","Pamodzi Ukuvikela Investments Pty Ltd",0.99,"Completed","Financials","Financials",110.61,,70.63,
"M&A",2000/11/16,"Nota Bene Media Planning Agency Pty Ltd","Tempus Group Ltd",1.05,"Completed","Unclassifiable","Communications",,,,2058.53
"SPIN",2019/3/15,"Southern Sun Ltd","Shareholders",1.94,"Completed","Real Estate","Consumer Discretionary",7190, ,14339, 
"INV",2000/2/4,"Queensgate Hotel and Leisure Ltd","Africainternet Corp",0.84,"Completed","Consumer Discretionary","N.A.",121.011,,457.958,
"M&A",1999/7/6,"Murchison United Zambia Ltd","BOS Global Holdings NL",0.81,"Completed","N.A.","Technology",,,,0.512572
"AST",2000/7/13,"Northgate Shopping Centre","Vestacor Ltd",0.90,"Completed","N.A.","Financials",,82.317,,354.755
"M&A",2019/12/18,"Tectonic South Africa Pty Ltd","Kazera Global PLC",1.87,"Completed","Materials","Financials",,,,140.165
"AST",2009/12/4,"Nassile Gold Project","Cassidy Gold Corp",0.97,"Completed","Materials","Materials",,24.7832,,28.2303
"INV",2017/9/14,"Kalahari Key Mineral Exploration Pty Ltd","BrandShield Systems PLC",1.71,"Completed","Materials","Technology",,104.751,,187.109
"INV",2009/6/1,"ITS Holdings Pty Ltd","AdaptIT Holdings Ltd",1.00,"Completed","Financials","Technology",,1571.77,,1714.33
"INV",2017/3/31,"Advanced Agricultural Holdings Pty Ltd","Block Commodities Ltd",1.68,"Completed","Materials","Materials",,,,42.2489
"M&A",2002/4/19,"3 Maxtec subsidiaries","Private Investor",1.35,"Completed","N.A.","N.A.",,,,
"INV",2016/11/3,"Dynamic Intertrade Agri Ltd","Everest Global PLC",1.61,"Completed","Consumer Staples","Financials",,13.391,,55.0451
"M&A",2012/11/2,"New Africa Investments Ltd","Primedia Pty Ltd",1.02,"Completed","Financials","Communications",,,39.023,
"AST",1999/12/10,"Goldmine.com","FrontRange Ltd",0.69,"Completed","N.A.","Technology",,409.482,,337.967
"AST",2000/10/12,"Y2 Profit Investments (Pty) Ltd","Private Investor",0.79,"Completed","N.A.","N.A.",,,,
"INV",2006/7/25,"Comair Ltd","Thelo Aviation Investments,Lefa Group Holdings,Golden Dividend,DEC Investment Holding Co,White Sail Investments",0.74,"Completed","Industrials","Financials, Financials, Financials, Financials, Financials",7125.64,,8146.76,
"INV",2022/8/16,"PixelBlue Innovations","Private Investor,Capacitech Pty Ltd",1.70,"Completed","Consumer Discretionary","Financials",,,,
"M&A",2000/8/24,"Vox Telecom Ltd","Black Information Technology Consortium (Pty) Ltd",0.69,"Completed","Communications","N.A.",,,,
"M&A",2009/1/31,"Boseng Pty Ltd","Distribution and Warehousing Network Ltd",1.00,"Completed","Materials","Consumer Discretionary",,3478.63,,1222.27
"AST",2002/9/5,"Personal loan book","African Phoenix Investments Ltd",1.00,"Completed","N.A.","Financials",,102.993,,1400.32
"INV",1999/6/22,"Gem Diamond Mining Corp Ltd","Tokyo Sexwale",0.55,"Completed","Materials","N.A.",22.356,,,
"INV",2010/6/30,"Flawless Diamond Trading House","Rockwell Diamonds Inc",0.70,"Completed","Materials","Materials",,,,0.234374
"M&A",2004/12/1,"Bonatla Property Holdings Ltd","Dream World Investments 158 Pty Ltd",0.52,"Completed","Real Estate","Financials",7.648,,376.524,
"M&A",2004/3/9,"iSecure Pty Ltd/South Africa","ISA Holdings Ltd",0.57,"Completed","Technology","Technology",,127.887,,86.519
"M&A",1999/12/8,"Call 9 Pty Ltd","National Sporting Index Ltd",0.53,"Completed","N.A.","Consumer Discretionary",,112.268,,6.878
"M&A",2021/5/13,"CNA Holdings Pty Ltd","Astoria Investments Ltd",1.20,"Completed","Consumer Discretionary","Financials",,-174.892,,730.957
"INV",2018/4/11,"Mafami Pty Ltd","Havaic General Partners",1.00,"Completed","Technology","Financials",,,,
"M&A",2006/3/27,"Apply IT Pty Ltd","AdaptIT Holdings Ltd",0.50,"Completed","Technology","Technology",,1571.77,,1714.33
"AST",1999/6/18,"Pro Shop/The","Moresport Holdings Ltd",0.48,"Completed","N.A.","Consumer Discretionary",,520.01,,302.782
"AST",2005/7/31,"7 sulphide nickel projects","Braemore Resources Ltd",0.50,"Completed","N.A.","Materials",,51.2993,,665.496
"AST",2012/12/14,"PWC Musgrave Building","SA Corporate Real Estate Ltd",0.65,"Completed","N.A.","Real Estate",,2922.45,,21463.5
"M&A",2000/9/8,"Alligator SARL","HPQ Silicon Inc",0.52,"Completed","Materials","Materials",,,,522.293
"INV",2000/12/13,"Meyers Metal Works PTY Ltd","Andulela Investment Holdings Ltd",0.54,"Completed","Consumer Discretionary","Financials",,1539.39,,714.472
"INV",2019/9/12,"Digemy","Greenwold Capital LLC",1.00,"Completed","Technology","Financials",,,,
"INV",2019/10/24,"Dx Digital Africa Pty Ltd","Private Investor",1.00,"Completed","Technology","N.A.",,,,
"M&A",2013/10/14,"Stella Vista Technologies Ltd","Private Investor,OUT & About Marketing & Media Pty Ltd",0.68,"Completed","Technology","Communications",13.988,,18.728,
"M&A",2009/4/22,"Ho Hup Corp South Africa Pty Ltd","Private Investor",0.60,"Completed","Industrials","N.A.",,,,
"JV",2024/2/8,"West Africa Cargo Ltd","",1.27,"Completed","N.A.","Industrials, Industrials, Industrials",,,,
"AST",2004/4/6,"Meyers Motor Metal Work","Unnamed Buyer",0.42,"Completed","N.A.","N.A.",,,,
"M&A",1999/12/31,"Cyberknowledge","Private Investor",0.40,"Completed","Industrials","N.A.",,,,
"M&A",2003/8/15,"Zaptronix Ltd","Gandalf Trust",0.46,"Completed","Industrials","Financials",27.85,,25.019,
"M&A",2005/4/20,"Andulela Investment Holdings Ltd","Consortium",0.35,"Completed","Financials","N.A.",1539.39,,714.472,
"M&A",2003/10/2,"Corporate Warranty Administrators Pty Ltd","Innovation Group Ltd/The",0.37,"Completed","Communications","Technology",,3677.06,,6119.22
"M&A",2000/12/13,"Red Car Hire","Andulela Investment Holdings Ltd",0.40,"Completed","Consumer Discretionary","Financials",,1539.39,,714.472
"M&A",2013/7/23,"Emergent Properties Ltd","Sherbourne Capital Ltd",0.50,"Completed","Real Estate","Technology",,,10.4648,5.357
"INV",2000/4/7,"Thokoza Ltd","REF Finance and Investment Corp Ltd",0.34,"Completed","Technology","Financials",,2.831,,10.217
"M&A",2009/6/18,"Northern Electric Cape Proprietary Ltd","RACEC Group Ltd",0.38,"Completed","Industrials","Industrials",,355.192,,209.633
"M&A",2020/12/9,"African Cannabis Enterprises Pty Ltd","Labat Africa Ltd",0.69,"Completed","Consumer Staples","Energy",,199.4,,675.514
"M&A",1999/6/4,"Flagship Private Asset Management","Adrenna Property Group Ltd",0.28,"Completed","Real Estate, Financials","Real Estate",,27.793,,290.993
"M&A",2002/7/19,"Daewoo Electronics SA Ltd","Winiadaewoo Co Ltd",0.41,"Completed","Technology","Consumer Discretionary",149.544,,158.088,
"M&A",2023/3/16,"Buffalo Coal Corp","Belvedere Resources DMCC",0.74,"Completed","Materials","Financials",374.285,,174.401,
"M&A",2003/12/18,"Maxtec Ltd","C&MA Shelf 72 Pty Ltd",0.26,"Completed","Technology","Financials",64.198,,20.682,
"M&A",1999/5/1,"Graphic Mining Solutions International Ltd","Gijima Group Ltd",0.24,"Completed","Industrials","Communications",,1518.64,,777.542
"M&A",2001/12/18,"Furnex Stores Ltd Pty","Massmart Holdings Ltd",0.44,"Completed","Consumer Discretionary","Consumer Staples",,77621.6,,40144.7
"INV",2000/4/20,"KSNET Inc","General Electric Capital Corp,H&Q Asia Pacific Inc (Fund: Asia Pacific Growth Fund III LP),Lombard Investments Inc (Fund: Lombard/Pacific Partners LP)",0.24,"Completed","Industrials","Financials, Financials, Financials",,,,
"M&A",2003/2/14,"United Stations Pty Ltd","African Media Entertainment Ltd",0.30,"Completed","Communications","Communications",,359.747,,482.236
"M&A",1999/12/31,"Smarttrack Systems","Private Investor",0.21,"Completed","Technology","N.A.",,,,
"INV",2000/4/7,"Villa Italia Investments (Pty) Ltd","REF Finance and Investment Corp Ltd",0.20,"Completed","Consumer Discretionary","Financials",,2.831,,10.217
"M&A",2004/2/16,"Lyons Financial Solutions Holdings Ltd","Icarus Investment Corp",0.20,"Completed","Real Estate","Financials",12.038,,14.509,
"M&A",2019/7/18,"Cartrack Holdings Ltd","Karooooo Ltd",0.40,"Completed","Technology","Technology",1941.89,5479.12,1844.45,5794.14
"INV",1999/5/3,"SAIL Group Ltd","Osprey Securities Ltd",0.13,"Completed","Consumer Discretionary","N.A.",185.596,,,
"M&A",1999/6/9,"RMD Financial Services Ltd","Corvus Capital SA Holding Ltd",0.10,"Completed","N.A.","Financials",,,,0.25
"AST",2016/8/11,"Bergstan House,Matrix House,Nedbank Centre","Camden Bay Investments 44 Pty Ltd",0.20,"Completed","Real Estate, Real Estate, Real Estate","Financials",,,,
"INV",2022/1/27,"Vecteng SciTech Pty Ltd","Advanced Enzyme Technologies Ltd",0.22,"Completed","Consumer Staples","Health Care",,1465.74,,3311.61
"M&A",1999/6/25,"*mistake Bloq Staq SA Pty Ltd.","Nexttvest Holdings Ltd",0.09,"Completed","N.A.","Consumer Discretionary",,4.82,,19.445
"INV",2010/2/4,"Labat Africa Ltd","Aurora Empowerment Systems",0.11,"Completed","Technology","Financials",199.4,,675.514,
"M&A",2003/10/21,"Union Atlantic Minerals Ltd","Gandalf Trust",0.10,"Completed","Materials","Financials",,,40.1888,
"M&A",2025/5/2,"Endless Summer Technologies Pty Ltd","Johnson Outdoors Inc",0.22,"Completed","Consumer Discretionary","Consumer Discretionary",,10706.1,,10406.2
"INV",2022/1/13,"BUKA INVESTMENTS LTD","B&B Media",0.19,"Completed","Consumer Discretionary","Communications",19.004,,3.521,
"M&A",2007/9/11,"Chronic Solutions Co Pty Ltd","UTi Worldwide Inc",0.08,"Completed","Health Care","Industrials",,45590.6,,23008.8
"M&A",1999/10/6,"Teleflorist SA","CCN Holdings Ltd",0.06,"Completed","Consumer Discretionary","Industrials",,36.017,,
"INV",2006/9/28,"Anmic Pty Ltd","Carlton Resources PLC",0.07,"Completed","Materials","Materials",,,,4.09155
"INV",2008/7/11,"Village Main Reef Ltd","To The Point Growth Specialist Investments 2 Pty Ltd",0.06,"Completed","Materials","Financials",1480.08,,2326.38,
"M&A",2000/8/29,"Gateway Africa","Cullinan Holdings Ltd",0.05,"Completed","Consumer Discretionary","Consumer Discretionary",,1005.52,,1302.05
"M&A",1999/6/25,"Air Zone Holdings Ltd","Nexttvest Holdings Ltd",0.04,"Completed","N.A.","Consumer Discretionary",,4.82,,19.445
"M&A",2009/3/11,"Datadot Technology South Africa Proprietary Ltd","Management Buyout Group",0.05,"Completed","Technology","N.A.",,,,
"M&A",2019/9/18,"Laurus Generics SA Pty Ltd","Laurus Labs Ltd",0.07,"Completed","Health Care","Health Care",,13224.4,,18930.7
"INV",2004/10/21,"Metrofile Pty Ltd","Mineworkers Investment Co",0.03,"Completed","Industrials","Financials",,2540.4,,9932.2
"AST",2008/11/14,"On Tap Business","Hardware Warehouse Ltd",0.02,"Completed","N.A.","Materials",,420.774,,105.954
"M&A",2001/11/15,"Kyalami & Mitrajaya Civil Engineering Proprietary Ltd","Mitrajaya Holdings Bhd",0.02,"Completed","Industrials","Industrials",,3375.46,,4704.51
"AST",1999/6/25,"Mould Manufacturers Technologies Pty Ltd","Nexttvest Holdings Ltd",0.01,"Completed","N.A.","Consumer Discretionary",,4.82,,19.445
"AST",1999/6/25,"*mistake Bloq-Staq Group Project Finance Pty Ltd.","Nexttvest Holdings Ltd",0.01,"Completed","N.A.","Consumer Discretionary",,4.82,,19.445
"INV",2019/2/22,"Global Asset Management Ltd","UBI General Partner Pty Ltd",0.01,"Completed","Financials","Financials",3.29781,,477.319,
"AST",2023/5/3,"Steelpoortdrift Vanadium Project","Vanadium Resources Ltd",0.01,"Completed","Energy","Materials",,,,345
"M&A",2003/11/21,"Baneng Lesotho Ltd","Baneng Holdings BHD",0.00,"Completed","Consumer Discretionary","Consumer Discretionary",,279.507,,288.595
"M&A",2011/9/21,"IFCA Software Pty Ltd","Squirewood Investment 99 Pty Ltd",0.00,"Completed","Technology","Financials",,,,
"M&A",2016/9/23,"Lifes' Comfort Solutions Pty Ltd","Rystabelz Pty Ltd",0.00,"Completed","Consumer Discretionary","Financials",,,,
"M&A",2008/11/12,"Business Venture Investments No 1232 Pty Ltd","ApexHi Properties Ltd",0.00,"Completed","Financials","Real Estate",,,,
"INV",2023/3/31,"Tuin Huis Proprietary Ltd","Visual International Holdings Ltd",0.00,"Completed","Consumer Discretionary","Real Estate",,1.76903,,48.1365
"M&A",2026/3/23,"Skynamo Pty Ltd","Kerridge Commercial Systems KSH Ltd",N/A,"Completed","Technology","Technology",,573.432,,1376.75
"INV",2026/4/1,"Datatec PLC","Ray Allen Manufacturing LLC",N/A,"Completed","Financials","Consumer Discretionary",68747.7,,73901.9,
"M&A",2026/4/7,"Profica Pty Ltd","CBRE Group Inc",N/A,"Completed","Real Estate","Real Estate",,725011,,511536
"M&A",2026/4/7,"Response BPO South Africa Pty Ltd","Infomedia Group Inc",N/A,"Completed","Technology","Industrials",,,,
"M&A",2000/3/1,"Appliance City","Relyant Retail Ltd",N/A,"Completed","N.A.","Consumer Discretionary",,2061.18,,2347.61
"M&A",2000/3/24,"Progressive Systems College","Tigon Ltd",N/A,"Completed","N.A.","Financials",,634.179,,1372.43
"INV",2000/6/7,"Auto Carrier Transport Pty Ltd","Grindrod Ltd",N/A,"Completed","Industrials","Industrials",,5558.33,,16129.9
"M&A",2000/6/21,"Aircraft Operating Co Hldgs Pty Ltd","Fugro NV",N/A,"Completed","N.A.","Energy",,37307.8,,45651.6
"M&A",2000/6/21,"First Lifestyle Holdings Ltd","Ethos Private Equity Pty Ltd",N/A,"Completed","Consumer Staples","Financials",596.043,,,
"M&A",2000/7/5,"Hannover Reinsurance Group Africa Pty Ltd","Hannover Rueck SE",N/A,"Completed","Financials","Financials",,557590,,1.39075e+06
"AST",2000/7/5,"3 Walford Meadows subsids","Danzas Holding AG",N/A,"Completed","N.A.","Industrials",,,,
"INV",2000/7/6,"Macsteel Service Centers SA","Macsteel Holdings Pty Ltd/South Africa",N/A,"Completed","Materials","Industrials",,,,
"AST",2000/7/27,"Gabon oil fields JV","Hess Energy Exploration Ltd",N/A,"Completed","N.A.","Energy",,2281.13,,9046.67
"M&A",2000/7/28,"Prepayment metering systems","Schneider Electric SE",N/A,"Completed","N.A.","Industrials",,810565,,1.21526e+06
"M&A",2000/5/5,"Real Estate Agents and Land Trust Organisation Pty Ltd","Bauba Resources Ltd",N/A,"Completed","N.A.","Materials",,277.1,,545.089
"M&A",2000/5/8,"Brasant Enterprises PTY Ltd","Swedish Match AB",N/A,"Completed","N.A.","Consumer Staples",,,,35394.3
"M&A",2000/5/9,"Computer Networks","Labat Africa Ltd",N/A,"Completed","N.A.","Technology",,199.4,,675.514
"M&A",2000/5/13,"W&A Gilbey","UDV South Africa",N/A,"Completed","N.A.","N.A.",,,,
"INV",2000/5/15,"Reclamation Group Pty Ltd","Brait PLC",N/A,"Completed","Industrials","Financials",,1796,,15445
"AST",2000/5/18,"Mergegro Operations Pty Ltd","Credcor Ltd",N/A,"Completed","N.A.","Financials",,192.507,,447.458
"M&A",2000/5/18,"FBC Fidelity Bank","Nedbank Group Ltd",N/A,"Completed","N.A.","Financials",,164033,,1.55863e+06
"M&A",2000/5/24,"Sappi Novobord","Sonae Industria SGPS SA/Old",N/A,"Completed","N.A.","Materials",,12640,,12614.9
"M&A",2000/5/30,"Telecape","Fortune Management Inc",N/A,"Completed","N.A.","Financials",,,,3.52164
"M&A",2000/5/31,"Legae Securities Pty Ltd","Women Investment Portfolio Holdings Ltd",N/A,"Completed","Financials","Financials",,81.201,,666.271
"AST",2000/2/2,"NIB Property Fund Managers Pty Ltd","Coronation Holdings Ltd",N/A,"Completed","N.A.","Financials",,1383,,7026
"M&A",2000/2/16,"Dial-A-Bed","Renaissance Retail Group Ltd",N/A,"Completed","Consumer Discretionary","Consumer Discretionary",,292.065,,
"M&A",2000/2/23,"Alliance Peroxide","Degussa-Huels AG",N/A,"Completed","N.A.","Materials",,103441,,60083.9
"M&A",1999/11/1,"Aqua Laboratories in Durban","Chemical Services Ltd",N/A,"Completed","N.A.","Materials",,,,
"AST",1999/11/17,"Afinta Motor Corp Pty Ltd","Chancellor Corp/Mass",N/A,"Completed","N.A.","Financials",,,,
"M&A",1999/11/29,"Amdahl South Africa","Computer Configurations Holdings Ltd",N/A,"Completed","N.A.","Technology",,421.545,,
"INV",1999/7/16,"Pentow Marine","Smit Internationale NV",N/A,"Completed","N.A.","Industrials",,,,
"M&A",1999/7/23,"National Bank of Commerce Ltd","Absa Group Ltd",N/A,"Completed","Financials","Financials",4363.75,207703,35993.6,2.23948e+06
"M&A",1999/10/1,"Nestrans Group","Imperial Logistics Ltd",N/A,"Completed","N.A.","Consumer Discretionary",,52208,,30329
"M&A",1999/10/1,"Custom Colour Ltd","Chemical Services Ltd",N/A,"Completed","N.A.","Materials",,,,
"M&A",1999/10/1,"Masterbatch CC","Chemical Services Ltd",N/A,"Completed","N.A.","Materials",,,,
"M&A",1999/10/4,"Medicines Control Consultants Pty Ltd","Quintiles Transnational Corp",N/A,"Completed","N.A.","Health Care",,,,
"AST",1999/10/6,"Debtpack Pty","PricewaterhouseCoopers LLP",N/A,"Completed","N.A.","Industrials",,,,31366.7
"M&A",1999/10/6,"Leonard Dingler Pty Ltd","Swedish Match AB",N/A,"Completed","Consumer Staples","Consumer Staples",,,,35394.3
"M&A",1999/10/7,"Software Express CC","iOCO Ltd",N/A,"Completed","N.A.","Technology",,5583.22,,2798.11
"M&A",1999/10/7,"Vebus CC","iOCO Ltd",N/A,"Completed","N.A.","Technology",,5583.22,,2798.11
"AST",1999/10/20,"Assets of Multifruit International Pty Ltd","Ashwood Group",N/A,"Completed","N.A.","N.A.",,,,
"M&A",1999/10/21,"Tanco Properties Sdn Bhd","Tanco Holdings Bhd",N/A,"Completed","Unclassifiable","Real Estate",,530.352,,2173.21
"M&A",1999/10/28,"Edward Nathan & Friedland Inc","Nedbank Group Ltd",N/A,"Completed","Industrials","Financials",,164033,,1.55863e+06
"INV",2000/1/26,"Cotton King","Tigon Ltd",N/A,"Completed","N.A.","Financials",,634.179,,1372.43
"M&A",2000/1/31,"Geodass","Fugro NV",N/A,"Completed","N.A.","Energy",,37307.8,,45651.6
"M&A",2000/4/3,"Intramed Pty Ltd","Fresenius SE & Co KGaA",N/A,"Completed","N.A.","Health Care",,461747,,804839
"INV",2000/4/13,"Computer Configurations Holdings Ltd","Brait PLC",N/A,"Completed","Technology","Financials",421.545,1796,,15445
"M&A",2000/4/21,"Rent A Bakkie","Value Group Ltd",N/A,"Completed","N.A.","Industrials",,2939.77,,2478.46
"M&A",1999/6/17,"Datalec Networks SA","Comparex Holdings Ltd",N/A,"Completed","N.A.","Technology",,2749.53,,3123.14
"M&A",1999/6/17,"Telemation Verwaltungs AG","Comparex Holdings Ltd",N/A,"Completed","N.A.","Technology",,2749.53,,3123.14
"M&A",1999/6/17,"Comtech NV/SA","Comparex Holdings Ltd",N/A,"Completed","N.A.","Technology",,2749.53,,3123.14
"M&A",1999/6/17,"AMI/South Africa","Bollore/Old",N/A,"Completed","N.A.","Industrials",,88374.1,,84374.5
"M&A",1999/6/21,"Just Tiles","Iliad Africa Ltd",N/A,"Completed","Consumer Discretionary","Consumer Discretionary",,4365.45,,1640.62
"M&A",1999/5/5,"Aim Business Solutions Ltd","Aquila Growth Ltd",N/A,"Completed","N.A.","Financials",,53.592,,267.461
"M&A",1999/5/15,"Iganic Pty Ltd","Silverbridge Holdings Ltd",N/A,"Completed","N.A.","Technology",,105.929,,69.447
"INV",1999/5/19,"Enviroserv Holdings Ltd","Zader Investment Group",N/A,"Completed","Industrials","N.A.",,,,
"M&A",1999/5/20,"CG Smith Foods Ltd","CG Smith Ltd",N/A,"Completed","Financials","Financials",23554.2,30841,14336.5,20464.3
"M&A",1999/5/26,"QMuzik Pty Ltd","Denel SOC Ltd",N/A,"Completed","Technology","Industrials",,2729,,8525
"M&A",1999/3/8,"General Controls Systems","Blick PLC",N/A,"Completed","N.A.","Financials",,915.614,,806.628
"AST",1999/3/20,"pharmaceutical business","Aspen Pharmacare Holdings Ltd",N/A,"Completed","N.A.","Health Care",,43363,,135893
"M&A",1999/4/12,"Medlab Pty Ltd","Quintiles Transnational Corp",N/A,"Completed","Health Care","Health Care",,,,
"M&A",1999/4/12,"Niehaus & Botha","Quintiles Transnational Corp",N/A,"Completed","N.A.","Health Care",,,,
"M&A",1999/4/16,"Elite Group Ltd","Thuthukani Group Ltd",N/A,"Completed","N.A.","Financials",,,,
"AST",1999/4/20,"Telephone Manufacturers of South Africa Pty Ltd","General Electric Co",N/A,"Completed","N.A.","Industrials",,819862,,2.1565e+06
"AST",1999/4/29,"Kaizer Chiefs","Old Primedia Ltd",N/A,"Completed","N.A.","Communications",,,,
"M&A",1999/1/12,"*MISTAKE(Cedef Assets Ltd)","*Mistake (Decillion Ltd",N/A,"Completed","N.A.","N.A.",,,,
"AST",1999/1/18,"Transglobe Holdings Ltd","Wananchi Investment Corp Pty Ltd",N/A,"Completed","N.A.","N.A.",,,,
"INV",1999/1/18,"Credit Underwriting Agency Ltd","Cie Francaise d'Assurance pour le Commerce Exterieur SA",N/A,"Completed","Financials","Financials",,7916.41,,14921.1
"M&A",1999/1/19,"King Finance Corp Ltd","African Phoenix Investments Ltd",N/A,"Completed","N.A.","Financials",,102.993,,1400.32
"M&A",1999/1/19,"Alternative Finance Ltd","African Phoenix Investments Ltd",N/A,"Completed","Industrials","Financials",,102.993,,1400.32
"M&A",1999/2/19,"Viva Fruit CC","Intertrading Ltd",N/A,"Completed","N.A.","Consumer Staples",,,,
"M&A",1999/2/19,"Agrilink Ltd","Intertrading Ltd",N/A,"Completed","N.A.","Consumer Staples",,,,
"M&A",2019/6/3,"SOLA Future Energy","Aurora Power Solutions",N/A,"Completed","Energy","Energy",,,,
"M&A",2019/6/7,"Sibanye Bus Services Pty Ltd","Frontier Transport Holdings Lt",N/A,"Completed","Industrials","Industrials",,2840.97,,3333.33
"M&A",2019/6/21,"Africa Counsel GmbH","Centurion Law Group Pty Ltd",N/A,"Completed","Energy","Industrials",,,,
"AST",2019/5/2,"Phish5","Elevate Security Inc",N/A,"Completed","Technology","Technology",,,,
"INV",2019/5/13,"Pansmart Pty Ltd","Huge Group Ltd",N/A,"Completed","Technology","Communications",,28.651,,1973.43
"INV",2019/5/13,"Kalahari Key Mineral Exploration Pty Ltd","Power Metal Resources PLC",N/A,"Completed","Materials","Materials",,1.791,,616.202
"AST",2019/5/17,"Emerald Resort and Casino/South Africa","Mineworkers Investment Co",N/A,"Completed","Consumer Discretionary","Financials",,2540.4,,9932.2
"INV",2019/5/21,"Neosho Trading 86 Pty Ltd","Salungano Group Ltd",N/A,"Completed","Financials","Materials",,4467.76,,3437.53
"M&A",2019/5/22,"Swan Electrical Distributors Pty Ltd","Mobicon Group Ltd",N/A,"Completed","Industrials","Technology",,602.938,,590.535
"AST",2019/5/24,"Offshore exploration blocks/Anadarko Petroleum Corp","Shell PLC",N/A,"Completed","Energy","Energy",,4.77177e+06,,6.13557e+06
"INV",2019/5/28,"Travelstart Online Travel Operations Pty Ltd","HarbourVest Partners LLC",N/A,"Completed","Communications","Financials",,,,
"M&A",2019/5/28,"Sureswipe Pty Ltd","Private Investor,Apis Partners LLP (Fund: Apis Growth Fund I LP),Crossfin Technology Holdings",N/A,"Completed","Technology","Financials, Financials",,,,
"AST",2019/5/29,"Portfolio of 8 residential units/South Africa","Cecilo Investments",N/A,"Completed","Real Estate","Financials",,,,
"M&A",2019/9/4,"Tutuka Software Pty Ltd","Apis Partners LLP",N/A,"Completed","Industrials","Financials",,,,
"M&A",2019/9/4,"STANLIB Investment Management Services Pty Ltd","Unnamed Buyer,Vunani Ltd",N/A,"Completed","Financials","Financials",,,,
"INV",2019/9/11,"Sunedison Renewable Energy Holding Pty Ltd","Unnamed Buyer",N/A,"Completed","Utilities","N.A.",,,,
"AST",2019/9/12,"Blitz Fibre network assets & clients","Vox Telecom Ltd",N/A,"Completed","Communications","Communications",,,,
"M&A",2019/9/17,"United Metropolitan Nigeria Life Insurance Ltd","Verod Capital Management",N/A,"Completed","Financials","Financials",,,,
"AST",2019/4/2,"Latin American businesses/Old Mutual Ltd","China Minsheng Investment Group Corp Ltd",N/A,"Completed","Real Estate","Financials",,56394.3,,582900
"INV",2019/4/8,"AFGRI Grain Silo Co Pty Ltd","Women Investment Portfolio Holdings Ltd,Land & Agricultural Development Bank of South Africa,STANLIB Asset Management Pty Ltd (Fund: STANLIB Infrastructure Fund)",N/A,"Completed","Consumer Staples","Financials, Financials, Government",,,,
"AST",2019/4/14,"OLX Philippines","Carousell Pte Ltd",N/A,"Completed","Financials","Consumer Discretionary",,,,
"M&A",2019/4/16,"Blackett Walker Ltd","Sanlam Ltd",N/A,"Completed","Financials","Financials",,237116,,1.2957e+06
"M&A",2019/4/17,"QED Actuaries & Consultants Pty Ltd","African Rainbow Capital Investments Ltd",N/A,"Completed","Industrials","Financials",,2557,,21129
"M&A",2019/4/23,"Mulderbosch","Third Leaf Partners GP LP",N/A,"Completed","Consumer Staples","Consumer Staples",,,,
"M&A",2019/4/29,"Cadiz Corporate Solutions Pty Ltd","Mergence Renewable Energy Debt Fund",N/A,"Completed","Financials","Financials",,,,
"M&A",2019/3/4,"FibreCo Telecommunications Pty Ltd","Seacom Ltd",N/A,"Completed","Communications","Communications",,,,
"INV",2019/3/6,"Retail Capital SA","Crossfin Technology Holdings",N/A,"Completed","Financials","Financials",,,,
"M&A",2019/3/8,"SA Super Rugby Pty Ltd","Greatest Rugby Co in the Whole Wide World Pty Ltd/The,Eastern Province Rugby Union/The",N/A,"Completed","Consumer Discretionary","Consumer Discretionary, Consumer Discretionary",,,,
"INV",2019/3/11,"Capitec Bank Holdings Ltd","Capital Group Inc/The",N/A,"Completed","Financials","Industrials",61650.7,,263284,
"INV",2019/3/11,"Ecentric Payment Systems Pty Ltd","Financial Software & Systems Pvt Ltd",N/A,"Completed","Financials","Technology",,2137.41,,2483.78
"INV",2019/3/13,"Reunert Ltd","PSG Asset Management Pty Ltd",N/A,"Completed","Industrials","Financials",13881,,12759,
"INV",2019/3/19,"Metro Fibre Networx Pty Ltd","STOA SA",N/A,"Completed","Communications","Financials",,,,
"AST",2019/3/27,"Die Kliphuis/Standerton","BON Hotels Pty Ltd",N/A,"Completed","Consumer Discretionary","Consumer Discretionary",,,,
"M&A",2019/3/28,"Unitrans Ltd/South Africa","Toyota Tsusho Corp",N/A,"Completed","Industrials","Materials",13401.2,1.33472e+06,5078.01,912032
"M&A",2019/3/29,"Kynoch Chemicals Pty Ltd","Sidi Parani Pty Ltd",N/A,"Completed","Materials","Materials",,,,
"M&A",2019/8/1,"Chemgrit Cosmetics Pty Ltd","Brenntag SE",N/A,"Completed","Materials","Materials",,306273,,206596
"M&A",2019/8/1,"BioTherm Energy Pty Ltd","Actis LLP",N/A,"Completed","Energy","Financials",,,,
"M&A",2019/8/5,"Rolfes Colour Pigments International Pty Ltd","Chromaflo Technologies Corp",N/A,"Completed","Materials","Materials",,,,
"M&A",2019/8/5,"Sukema Integrated Solutions Pty Ltd","Unnamed Buyer",N/A,"Completed","Technology","N.A.",,,,
"AST",2019/8/6,"Supa Strikas","Moonbug Entertainment Ltd",N/A,"Completed","Communications","Communications",,834.58,,5447.7
"AST",2019/8/7,"Prieska Copper & Zinc Mine","Safika Resources Pty Ltd",N/A,"Completed","Materials","Financials",,,,
"INV",2019/8/15,"Jonga","Savant Capital",N/A,"Completed","Technology","Financials",,,,
"INV",2019/8/26,"FundingHub Pty Ltd","Finch Technologies",N/A,"Completed","Financials","Financials",,,,
"INV",2019/8/27,"Barloworld Ltd","Silchester International Investors LLP",N/A,"Completed","Consumer Discretionary","Financials",37711,4485.71,44307,2057.61
"M&A",2019/8/28,"East African Seed Co Ltd","Zeder Investments Ltd",N/A,"Completed","Consumer Staples","Consumer Staples",,15,,2389
"M&A",2020/8/3,"Secutel Technologies Pty Ltd","Medu Capital",N/A,"Completed","Technology","Financials",,,,
"INV",2020/8/6,"Sancreed Pty Ltd","AlphaCode Pty Ltd,Endeavor Operating Co LLC",N/A,"Completed","Health Care","Financials, Communications",,,,
"INV",2020/8/6,"Enlabeler Pty Ltd","E4E Africa",N/A,"Completed","Technology","Financials",,,,
"M&A",2020/8/17,"Sensako Pty Ltd","Syngenta Ventures Pte Ltd",N/A,"Completed","Consumer Staples","Financials",,,,
"M&A",2020/8/18,"Bridge Collective Investments RF Pty Ltd","Merchant West Investments",N/A,"Completed","Financials","Financials",,,,
"M&A",2020/8/24,"Mountain Rush Trading 4 Pty Ltd,Tashas Group Ltd","Private Investor",N/A,"Completed","Consumer Discretionary, Consumer Discretionary","N.A.",,,,
"M&A",2020/8/25,"Trade-Safe Holdings Pty Ltd","Standard Bank Group Ltd",N/A,"Completed","Financials","Financials",,307016,,3.62085e+06
"INV",2020/8/25,"IQ Logistica Investments Pty Ltd","Zebu Investment Partners Ltd",N/A,"Completed","Technology","Financials",,,,
"INV",2020/8/26,"Mulilo Energy Holdings Pty Ltd","STANLIB Asset Management Pty Ltd",N/A,"Completed","Energy","Financials",,,,
"M&A",2020/8/27,"Cyber Security Africa Distribution,Cyber Security South Africa","Cyber Security 1 AB",N/A,"Completed","Technology, Financials","Technology",,746.207,,349.525
"INV",2020/8/31,"Pharmafrique Pty Ltd","Imperial Logistics Ltd",N/A,"Completed","Health Care","Industrials",,52208,,30329
"SPIN",2020/8/6,"Vunani Capital Partners Ltd","Shareholders",N/A,"Completed","Financials","Financials",, ,, 
"AST",2001/1/10,"RSA pipe tobacco ops","Swedish Match AB",N/A,"Completed","N.A.","Consumer Staples",,,,35394.3
"M&A",2001/1/15,"Modisons","Clicks Group Ltd",N/A,"Completed","Consumer Staples","Consumer Staples",,47828.1,,22591.9
"AST",2001/1/18,"Nanoteq divisions","Prism Holdings Ltd/South Africa",N/A,"Completed","N.A.","Technology",,301.066,,186.351
"AST",2001/1/29,"Mining timber business","Management Group",N/A,"Completed","N.A.","N.A.",,,,
"M&A",2019/1/7,"Matriarch Equipment","Bell Equipment Ltd",N/A,"Completed","Industrials","Industrials",,11152.3,,8945.79
"M&A",2019/1/9,"Tracker Technology Holdings Pty Ltd","Nedbank Capital Private Equity",N/A,"Completed","Technology","Financials",,,,
"AST",2019/1/18,"Business of SA Towers Pty Ltd","Helios Towers Africa LLP",N/A,"Completed","Industrials","Industrials",,368.715,,512.866
"AST",2019/2/5,"Johannesburg Expo Centre","GL Events",N/A,"Completed","Real Estate","Consumer Discretionary",,34657.6,,63500.5
"M&A",2019/2/6,"Vulcan Labs Inc","EOS GmbH",N/A,"Completed","Financials","Industrials",,,,
"M&A",2019/2/23,"Sonko Sp zoo","Oshee Polska SP ZOO",N/A,"Completed","Consumer Staples","Consumer Staples",719.993,1511.65,757.196,1416.87
"M&A",2019/2/28,"Ridge Street Investments Pty Ltd","Puranium Energy Ltd",N/A,"Completed","Materials","Materials",,,,0.204402
"JV",2019/2/4,"New Life Plastics Ltd","",N/A,"Completed","Industrials","Real Estate, Industrials",,,,
"INV",2020/1/1,"Yoco Technologies Pty Ltd","Musha Ventures LP",N/A,"Completed","Technology","Financials",,,,
"M&A",2020/1/17,"ARISE Integrated Industrial Platforms","Africa Finance Corp",N/A,"Completed","Industrials","Government",,22272.9,,318640
"INV",2020/1/17,"QuickBus Pty Ltd","Private Investor,Shorooq Partners (Fund: Bedaya Fund)",N/A,"Completed","Consumer Discretionary","Financials",,,,
"INV",2020/1/21,"Sendmarc Pty Ltd","Kalon Venture Partners Ltd",N/A,"Completed","Technology","Financials",,,,
"M&A",2020/1/29,"NewSpace Systems Pty Ltd","Schauenburg Ventures SA Pty Ltd",N/A,"Completed","Industrials","Communications",,,,
"INV",2020/7/15,"Shift South Pty Ltd","Futuregrowth Asset Management Pty Ltd",N/A,"Completed","Communications","Financials",,,,
"M&A",2020/7/17,"Tsime Pharmaceuticals & Medicinal Supplies Pty Ltd","M2bio Sciences Inc",N/A,"Completed","Health Care","Industrials",,659.922,,2429.57
"INV",2020/7/20,"Hospitality Property Fund Ltd","Southern Sun Ltd",N/A,"Completed","Real Estate","Real Estate",6047,7190,13674,14339
"M&A",2020/7/20,"Cse Equipment Co Pty Ltd,Landboupart Ltd,Northmec,National Hunting and Shooting Association","CNH Industrial NV",N/A,"Completed","Industrials, Consumer Staples, Industrials, Industrials","Industrials",,323528,,708185
"M&A",2020/2/4,"Clindata","SynteractHCR Inc",N/A,"Completed","Health Care","Health Care",,,,
"M&A",2020/2/4,"Wezart Pty Ltd","African Fashion International",N/A,"Completed","Consumer Discretionary","Consumer Discretionary",,,,
"AST",2020/2/4,"Portfolio of CNA stores","Astoria Investments Ltd",N/A,"Completed","Consumer Discretionary","Financials",,-174.892,,730.957
"INV",2020/2/11,"Montego Pet Nutrition Pty Ltd","Janic Capital Pty Ltd",N/A,"Completed","Consumer Staples","Financials",,,,
"INV",2020/2/12,"Mwave Industries LLC","Anacacia Capital Pty Ltd",N/A,"Completed","Communications","Financials",,,,
"INV",2020/2/19,"CMC Networks Pty Ltd","Ascension Pty Ltd",N/A,"Completed","Communications","Financials",,,,
"M&A",2020/2/20,"LAPA Publishers Pty Ltd","Bertelsmann SE & Co KGaA",N/A,"Completed","Communications","Communications",,382693,,608563
"INV",2020/2/21,"Centbee Pty Ltd","TWO Hop Management BV",N/A,"Completed","Financials","Financials",,,,
"INV",2020/6/4,"MRA Insurance Brokers Pty Ltd","Medu Capital",N/A,"Completed","Financials","Financials",,,,
"INV",2020/6/4,"STP Insurance Brokers Pty Ltd","Medu Capital",N/A,"Completed","Financials","Financials",,,,
"INV",2020/6/4,"Bay Union Financial Services","Medu Capital",N/A,"Completed","Financials","Financials",,,,
"INV",2020/6/4,"Kapara Insurance Brokers Ltd","Medu Capital",N/A,"Completed","Financials","Financials",,,,
"INV",2020/6/4,"Stratafin Pty Ltd","Medu Capital",N/A,"Completed","Financials","Financials",,,,
"INV",2020/6/11,"truID Pty Ltd","Crossfin Ventures",N/A,"Completed","Technology","Financials",,,,
"INV",2020/6/15,"LifeCheq Pty Ltd","Futuregrowth Asset Management Pty Ltd",N/A,"Completed","Financials","Financials",,,,
"AST",2020/6/30,"Air Traffic Management Defence & Security business units","HENSOLDT Holding GmbH",N/A,"Completed","Industrials","Industrials",,17330.2,,36435.6
"AST",2020/3/1,"Mastrantonio corporate catering business","Bidvest Catering Services Pty Ltd",N/A,"Completed","N.A.","Industrials, Industrials",,,,
"M&A",2020/3/3,"StorEx Pty Ltd","Cap Vert Finance SASU",N/A,"Completed","Technology","Technology",,,,
"M&A",2020/3/4,"Engen Holdings Pty Ltd","Vivo Energy PLC",N/A,"Completed","Financials","Energy",,302019,,152094
"INV",2020/3/4,"Omnisient RF Pty Ltd","Compass Technology Partners,Nedbank Capital Private Equity,Investec PLC (Fund: INVC fund)",N/A,"Completed","Technology","Financials, Financials, Financials",,,,
"M&A",2020/3/5,"Onnie Media Pty Ltd","Snapplify Pty Ltd",N/A,"Completed","Communications","Technology",,,,
"AST",2020/3/9,"Paper & pulp business/AECI Ltd","Solenis Technologies South Africa Pty Ltd",N/A,"Completed","Materials","Materials",,,,
"AST",2020/3/9,"Portfolio of 40 logistics property","Burstone Group Limited",N/A,"Completed","Real Estate","Real Estate",,2024.64,,17662.3
"M&A",2020/3/18,"Plush Professional Leather Care Pty Ltd","Adcock Ingram Holdings Ltd",N/A,"Completed","Consumer Staples","Health Care",,9760.33,,8735.68
"AST",2020/5/12,"Vodacom Business operations/Africa","INQ Holdings Ltd",N/A,"Completed","Communications","Communications",,,,
"INV",2020/5/14,"Sephaku Holdings Ltd","Unnamed Buyer",N/A,"Completed","Materials","N.A.",1291.49,,1741.72,
"M&A",2020/5/15,"Nerdworks Pty Ltd,Turrito Networks Pty Ltd","Growth Capital Partners Pty Ltd",N/A,"Completed","Technology, Technology","Financials",,,,
"INV",2020/5/18,"CompariSure Financial Services Pty Ltd","Private Investor,Umkhathi Wethu Holdings Pty Ltd",N/A,"Completed","Financials","Financials",,,,
"M&A",2020/5/18,"Roboro Industries Pty Ltd","Byrna Technologies Inc",N/A,"Completed","Industrials","Industrials",,2126.52,,1445.47
"M&A",2020/5/18,"Sheer Music Publishing Pty Ltd","Downtown Music Publishing LLC",N/A,"Completed","Communications","Communications",,,,
"INV",2020/5/20,"Peach Payments","Private Investor,Umkhathi Wethu Holdings Pty Ltd",N/A,"Completed","Technology","Financials",,,,
"AST",2020/5/22,"Tier IV data centre/Johannesburg","Africa Data Centres",N/A,"Completed","Communications","Technology",,,,
"INV",2020/5/22,"Kamoso Africa Pty Ltd","Botswana Development Corp Ltd",N/A,"Completed","Consumer Discretionary","Financials",,3.84749,,77.9027
"AST",2020/4/6,"M-PESA brand product development & support services","Vodacom Group Ltd,Safaricom PLC",N/A,"Completed","Technology","Communications, Communications",,,,
"INV",2020/4/7,"Payment24 Pty Ltd","Standard Bank Group Ltd",N/A,"Completed","Technology","Financials",,307016,,3.62085e+06
"AST",2020/4/20,"PacBio Sequel II System","Inqaba Biotechnical Industries Pty Ltd",N/A,"Completed","Health Care","Health Care",,,,
"INV",2020/4/27,"Brenn O Kem Pty Ltd","Sana Partners Pty Ltd",N/A,"Completed","Industrials","Financials",,,,
"AST",2000/12/20,"Retail stock brokerage","Sanlam Ltd",N/A,"Completed","N.A.","Financials",,237116,,1.2957e+06
"M&A",2000/12/22,"Adrian Brien Pty Ltd","Adtrans Group Ltd",N/A,"Completed","N.A.","Consumer Discretionary",,4.44973,,130.023
"INV",2000/12/31,"Pan African Communications Network Ltd","Emerging Capital Partners LLC",N/A,"Completed","Communications","Financials",,,,
"M&A",2001/5/17,"Edge Investments Pty Ltd","BOE Ltd",N/A,"Completed","Financials","Financials",,9089,,67236
"M&A",2001/5/21,"Kinesis Logistics Pty Ltd","Joint Retail Logistics Ltd",N/A,"Completed","Consumer Discretionary","Industrials",,19146.6,,6263.55
"AST",2001/5/24,"Rohlig Perishable Cargo Agents Pty Ltd","Grindrod Ltd",N/A,"Completed","Industrials","Industrials",,5558.33,,16129.9
"M&A",2001/5/31,"Sperrylite Resources Pty Ltd","Ridge Mining Ltd",N/A,"Completed","Materials","Materials",,,,1560.04
"AST",2001/5/31,"Sip 'n Save business","Massmart Holdings Ltd",N/A,"Completed","N.A.","Consumer Staples",,77621.6,,40144.7
"M&A",2001/3/8,"South African Futures Exchange","JSE Ltd",N/A,"Completed","Financials","Financials",,3401.17,,67543.9
"M&A",2001/3/12,"Professional Pet Products","Royal Canin SAS",N/A,"Completed","Consumer Staples","Consumer Staples",,16288.8,,12194.8
"M&A",2001/3/12,"Renfreight Circle Pty Ltd","Bidvest Group Ltd/The",N/A,"Completed","Industrials","Consumer Staples",,126605,,124590
"AST",2001/3/13,"Sapekoe Proprietary Ltd","Linton Park PLC",N/A,"Completed","Consumer Staples","Consumer Staples",,1592.22,,2332.43
"AST",2001/3/19,"Building materials ops","Unnamed Buyer",N/A,"Completed","N.A.","N.A.",,,,
"M&A",2000/10/1,"Kelly Group SA Pty Ltd","Management Group,Safika Holdings Ltd,Brait PLC (Fund: Brait III)",N/A,"Completed","Industrials","Financials, Financials",1422.64,,562.664,
"M&A",2000/10/23,"Cathexis Advanced Technologies Pty Ltd","Intervid Ltd",N/A,"Completed","Industrials","Industrials",,446.181,,401.116
"M&A",2000/10/30,"Fedmis Phalaborwa","Sasol Ltd",N/A,"Completed","Materials","Materials",,249096,,359555
"M&A",2001/6/4,"Ellerman & Bucknall SA","Grindrod Ltd",N/A,"Completed","Industrials","Industrials",,5558.33,,16129.9
"M&A",2001/6/11,"Impact Information Pty Ltd","WPP PLC",N/A,"Completed","Communications","Communications",,319316,,536531
"M&A",2001/6/12,"Mustek Training & Development Group Pty Ltd","Coratrade Pty Ltd",N/A,"Completed","Industrials","Industrials",,,,
"INV",2001/6/26,"Witbank Chemicals Pty Ltd","Private Investor",N/A,"Completed","Materials","N.A.",,,,
"M&A",2001/6/27,"Germiston Developments Ltd","Rodamco Asia NV",N/A,"Completed","N.A.","Real Estate",,624.256,,6700.77
"M&A",2001/6/28,"Melville Douglas","Standard Bank Group Ltd",N/A,"Completed","Financials","Financials",,307016,,3.62085e+06
"INV",2000/11/8,"So Ver Mine Pty Ltd","Diamcor Mining Inc",N/A,"Completed","Materials","Materials",,15.6175,,56.7142
"M&A",2000/11/14,"Spescom KMS","Enterprise Informatics Inc",N/A,"Completed","N.A.","Technology",,64.4877,,14.1816
"INV",2000/11/20,"Popufin Direct","Vantaris Capital Fund Ltd",N/A,"Completed","N.A.","N.A.",,,,
"M&A",2000/11/27,"Bastion Wire Pty Ltd","Bekaert SA",N/A,"Completed","Industrials","Industrials",,74810.8,,73920.8
"INV",2000/11/28,"Hertz' South African","Unitrans Ltd/South Africa",N/A,"Completed","N.A.","Industrials",,13401.2,,5078.01
"M&A",2000/8/2,"Schoonspruit","Nestle SA",N/A,"Completed","N.A.","Consumer Staples",,1.93722e+06,,2.6547e+06
"AST",2000/8/2,"Valvita","Nestle SA",N/A,"Completed","N.A.","Consumer Staples",,1.93722e+06,,2.6547e+06
"M&A",2000/8/16,"Oval Industrial Consultants (PTY) Ltd","Arcay Group Ltd",N/A,"Completed","N.A.","Financials",,,,
"INV",2000/8/16,"Southern Bank of Africa Investment Holdings Ltd","Arcay Group Ltd",N/A,"Completed","N.A.","Financials",,,,
"AST",2000/8/16,"Bizznet Business Hub Pty Ltd","Independent Online Pty Ltd",N/A,"Completed","N.A.","N.A.",,,,
"M&A",2000/8/22,"Automated Reasoning Pty Ltd","Rand A Technology Corp",N/A,"Completed","N.A.","Technology",,,,
"AST",2000/8/23,"Metro Gas business","Cinergy Corp",N/A,"Completed","N.A.","Utilities",,,,
"INV",2000/8/29,"Northam Platinum Ltd","Mvelaphanda Holdings Pty Ltd",N/A,"Completed","Materials","Financials",,,,
"M&A",2000/8/31,"PSG Insurance Holdings","Indequity Group Ltd",N/A,"Completed","Financials","Financials",,68.75,,59.828
"AST",2000/8/31,"FBC Fidelity Bank","Nedcor Investment Bank Holdings Ltd",N/A,"Completed","N.A.","Financials",,3587.33,,30242.4
"M&A",2001/7/1,"Price's Daelite Pty Ltd","Sasol Ltd",N/A,"Completed","Industrials","Materials",,249096,,359555
"INV",2001/7/1,"Pamodzi Leisure Solution/South Africa","Pamodzi Investment Holdings Ltd",N/A,"Completed","Real Estate","Financials",,,,
"M&A",2001/7/1,"Woodline Timber Industries","Steinhoff International Holdings Pty Ltd",N/A,"Completed","Consumer Discretionary","Consumer Discretionary",,,,
"AST",2001/7/4,"S African fuel marketing business","Thebe Investment Corp Pty Ltd",N/A,"Completed","N.A.","Financials",,,,
"M&A",2001/7/5,"Thesen & Co","International Holdings Ltd",N/A,"Completed","Materials","Industrials",,,,
"AST",2001/7/11,"Winnaarshoek project","Mmakau Mining Ltd",N/A,"Completed","N.A.","Materials",,,,
"AST",2001/7/16,"JP's RSA private client ops","HSBC Holdings PLC",N/A,"Completed","N.A.","Financials",,2.42476e+06,,5.35614e+07
"AST",2001/7/24,"Redefine pptys","ApexHi Properties Ltd",N/A,"Completed","Real Estate","Real Estate",,,,
"AST",2001/7/24,"7 Compass pptys & assets","ApexHi Properties Ltd",N/A,"Completed","Real Estate","Real Estate",,,,
"INV",2000/9/6,"King Lun Holdings Ltd","Private Investor",N/A,"Completed","Financials","N.A.",,,,
"M&A",2000/9/11,"17inch.com","Conexys Corp Ltd",N/A,"Completed","Industrials","Communications",,,,
"AST",2000/9/21,"Vertical communities","BravoSolution US Inc",N/A,"Completed","Consumer Discretionary","Technology",,,,
"M&A",2000/9/26,"NCS Resins","DIC Corp",N/A,"Completed","Materials","Materials",,125867,,134544
"INV",2000/9/28,"Naledi Computer Systems (Pty) Ltd","Gijima Group Ltd",N/A,"Completed","Technology","Communications",,1518.64,,777.542
"M&A",2001/2/7,"InkTec SA Pty Ltd","Tigon Ltd",N/A,"Completed","Technology","Financials",,634.179,,1372.43
"AST",2001/2/8,"Ungerer Laboratory","Quintiles Transnational Corp",N/A,"Completed","N.A.","Health Care",,,,
"AST",2001/2/13,"Essential Waters Ltd","Palladio Inc",N/A,"Completed","Utilities","N.A.",,,,
"AST",2001/2/13,"Essential Waters BVI Ltd","Palladio Inc",N/A,"Completed","Unclassifiable","N.A.",,,,
"M&A",2001/4/12,"Free Holdings SA","G Leventakis Tex SA",N/A,"Completed","Unclassifiable","Consumer Discretionary",,14.9287,,191.036
"M&A",2001/4/23,"IQ Healthcare","IQ Business Group Ltd",N/A,"Completed","Technology","Industrials",,,,
"M&A",1999/12/2,"Barberton Gold Pty Ltd","Jaguar Mining Inc",N/A,"Completed","N.A.","Materials",,2416.71,,6457.74
"M&A",1999/12/3,"Gridnet Southern Africa Pty Ltd","Whetstone Industrial Holdings Ltd",N/A,"Completed","N.A.","Financials",,60.602,,78.938
"AST",1999/12/3,"Nabera Consortium","Goliath Gold Mining Ltd",N/A,"Completed","N.A.","Materials",,,,168.204
"M&A",1999/12/13,"Sportsgirl Sportscraft Group Pty Ltd","Sussan Corp",N/A,"Completed","N.A.","Consumer Discretionary",,,,
"M&A",1999/12/30,"Skynet","Master Glory Group Ltd",N/A,"Completed","N.A.","Consumer Discretionary",,1914.55,,19014.1
"M&A",2001/10/1,"Sanlam Health Pty Ltd","Medscheme Ltd",N/A,"Completed","Health Care","Health Care",,,,
"M&A",2001/10/10,"Millennium Platinum Group Metals","SouthernEra Diamonds Inc",N/A,"Completed","N.A.","Materials",,2.84363,,266.197
"M&A",2001/10/15,"BTGNet","Bytes Technology Group Ltd/South Africa",N/A,"Completed","Technology","Technology",,,,
"M&A",2001/10/18,"Future Media","Dimension Data Holdings PLC",N/A,"Completed","Technology","Technology",,54282.7,,36905.8
"INV",2001/10/29,"CS Computer Services Holdings Ltd","Pembani Group Pty Ltd",N/A,"Completed","Technology","Financials",503.295,,,
"M&A",2001/10/31,"Blue Valley Golf & Country Club Pty Ltd","Mitrajaya Holdings Bhd",N/A,"Completed","Consumer Discretionary","Industrials",,3375.46,,4704.51
"AST",2001/11/1,"4 outlets-Primax tyres","Bridgestone Maxiprest Pty Ltd",N/A,"Completed","N.A.","Consumer Discretionary",,,,
"M&A",2001/11/2,"West-Cape Bandag","Bridgestone Maxiprest Pty Ltd",N/A,"Completed","Consumer Discretionary","Consumer Discretionary",,,,
"AST",2001/11/6,"Digital Mall Holdings Pty Ltd","Private Investor",N/A,"Completed","Communications","N.A.",,,,
"AST",2001/11/8,"Right to manage 4 casinos","Consortium",N/A,"Completed","N.A.","N.A.",,,,
"M&A",2001/11/15,"Kyalami & Mitrajaya Builders Proprietary Ltd","Mitrajaya Holdings Bhd",N/A,"Completed","Industrials","Industrials",,3375.46,,4704.51
"INV",2001/11/20,"Advance Wealth Management Pty Ltd","Real Africa Holdings Ltd",N/A,"Completed","Financials","Consumer Discretionary",,72.312,,952.3
"M&A",2001/11/27,"Merrill Lynch Private Clients","Sanlam Ltd",N/A,"Completed","Financials","Financials",,237116,,1.2957e+06
"AST",2001/11/27,"Bedrock Capital Co Pty Ltd","National Sporting Index Ltd",N/A,"Completed","Financials","Consumer Discretionary",,112.268,,6.878
"AST",2001/12/5,"2 South African businesses","Citect Corp Ltd",N/A,"Completed","N.A.","Technology",,,,
"INV",2001/12/7,"Sonotha Investment Managers","WDB Investment Holdings",N/A,"Completed","Unclassifiable","Financials",,,,
"M&A",2001/12/18,"Federal Protection Services Pty Ltd","Group 4 Falck A/S",N/A,"Completed","Industrials","Industrials",,39590.3,,20371
"INV",2001/12/20,"Lusemfwa Hydro Power Co","Eskom Holdings SOC Ltd",N/A,"Completed","Energy","Utilities",,340895,,911831
"M&A",2001/8/1,"Harvey Fielders","Macsteel Holdings Pty Ltd/South Africa",N/A,"Completed","Industrials","Industrials",,,,
"M&A",2001/8/6,"Ingwe Health Plan Organisation","African Life Assurance Co Ltd",N/A,"Completed","Financials","Financials",,3604.3,,13106
"M&A",2001/8/16,"Trans Atlantic Holdings Pty Ltd","Absa Trading & Investments Solutions Holdings Pty Ltd",N/A,"Completed","Financials","Financials",,449.268,,3341.51
"M&A",2001/9/3,"Callguard Security Service Pty Ltd","Group 4 Falck A/S",N/A,"Completed","Industrials","Industrials",,39590.3,,20371
"AST",2001/9/4,"Ability - eCommerce Fulfillment & Ability - Financial Management","Consortium",N/A,"Completed","Communications","N.A.",,,,
"AST",2001/9/18,"Protective & marine coatings business","TotalEnergies SE",N/A,"Completed","N.A.","Energy",,3.26021e+06,,4.82188e+06
"AST",1999/8/12,"Reutech Radar Systems","SAP SE",N/A,"Completed","N.A.","Technology",,742897,,1.36804e+06
"M&A",1999/8/16,"Edgetec Pty Ltd","ITI Technology Holdings Ltd",N/A,"Completed","N.A.","Technology",,313.027,,137.239
"AST",1999/8/19,"Orbicom Pty Ltd","Unnamed Buyer",N/A,"Completed","N.A.","N.A.",,,,
"M&A",1999/8/30,"Tedelex Trading Ltd","Home of Living Brands Holdings Ltd",N/A,"Completed","Consumer Discretionary","Consumer Discretionary",,995.7,,
"M&A",1999/8/30,"Empisal Ltd","Home of Living Brands Holdings Ltd",N/A,"Completed","N.A.","Consumer Discretionary",,995.7,,
"M&A",2020/12/3,"Globeflight Worldwide Express SA Pty Ltd","DSV A/S",N/A,"Completed","Industrials","Industrials",,668987,,755899
"M&A",2020/12/3,"Melomax Trading","Syngence Corp",N/A,"Completed","Technology","Technology",,,,
"M&A",2020/12/4,"My Fan Park Pte Ltd","Starsona Inc",N/A,"Completed","Communications","Technology",,,,
"AST",2020/12/18,"Phalaborwa rare earth project/South Africa","Rainbow Rare Earths Ltd",N/A,"Completed","Materials","Materials",,,,397.179
"INV",2020/12/21,"MTN Zambia Ltd","National Pension Scheme Authority",N/A,"Completed","Communications","Consumer Discretionary",,,,
"M&A",2021/12/2,"SwitchPay","Adumo",N/A,"Completed","Financials","Financials",,,,
"INV",2021/12/9,"Entersekt Pty Ltd","Accel-KKR Co LLC",N/A,"Completed","Financials","Financials",,,,
"M&A",2021/12/16,"Permoseal Pty Ltd","Arkema SA",N/A,"Completed","Materials","Materials",,183059,,276964
"INV",2021/11/2,"FinMeUp","ZAQ Ventures",N/A,"Completed","Technology","Financials",,,,
"INV",2021/11/10,"Kwikspace Modular Buildings Pty Ltd","Unnamed Buyer",N/A,"Completed","Consumer Discretionary","N.A.",402.051,,378.586,
"M&A",2021/11/17,"Hospitality Property Fund Ltd","Tsogo Sun Limited",N/A,"Completed","Real Estate","Consumer Discretionary",6047,10841,13674,14695
"AST",2021/11/18,"Nornickels assets/Africa","Bcl Group Ltd",N/A,"Completed","Materials","Financials",,,,
"INV",2021/11/23,"De Novo Dairy","Big Idea Ventures LLC",N/A,"Completed","Consumer Staples","Financials",,,,
"M&A",2021/11/25,"EduOne","Fundi Capital Pty Ltd",N/A,"Completed","Technology","Financials",,,,
"INV",2021/11/25,"DKN Transport","Edge Growth Business Development Pty Ltd",N/A,"Completed","Industrials","Financials",,,,
"INV",2021/11/26,"EFRC Holdings Pty Ltd","Zebu Investment Partners Ltd",N/A,"Completed","Financials","Financials",,,,
"INV",2021/11/30,"Salis For Trading & Marketing Co","Maharah Human Resources Co",N/A,"Completed","Technology","Industrials",,14834.2,,8629.1
"M&A",2022/3/2,"Hywax GmbH","AWAX SpA",N/A,"Completed","Energy","Consumer Staples",,10901.6,4194.02,9882.88
"M&A",2022/3/2,"Furniture Palace International K Ltd","Kitea SA,Tana Africa Investment Managers Ltd",N/A,"Completed","Consumer Discretionary","Consumer Discretionary, Financials",,,,
"M&A",2022/3/2,"Stella Pack SA","Sarantis Group",N/A,"Completed","Materials","Consumer Staples",1318.42,,864.427,
"M&A",2022/3/2,"Respublica Pty Ltd","International Finance Corp,Societe de Promotion et de Participation pour la Cooperation Economique SA,RMB Ventures Six Pty Ltd,Bopa Moruo Capital",N/A,"Completed","Real Estate","Government, Government, Financials, Financials",,,,
"AST",2022/3/3,"Beta/Hertzogville","MGT Solar Pty Ltd",N/A,"Completed","Energy","Energy",,,,
"M&A",2022/3/9,"Evoke New York Corp","Netsurit Pty Ltd",N/A,"Completed","Technology","Technology",,,,
"INV",2022/3/11,"African Homecoming Revolution Pty Ltd","Launch Africa Ventures",N/A,"Completed","Communications","Financials",,,,
"M&A",2022/3/14,"NONA Creative Pty Ltd","Yoco Technologies Pty Ltd",N/A,"Completed","Technology","Technology",,,,
"M&A",2022/3/14,"Omniado Agency","Steinreich Communications LLC",N/A,"Completed","Communications","Communications",,,,
"AST",2022/3/17,"110 MHz of high demand spectrum","Vodacom Group Ltd",N/A,"Completed","Communications","Communications",,167652,,276433
"AST",2022/3/24,"120-key Cape Grace hotel/Cape Town","Kasada Capital Management Pty Ltd",N/A,"Completed","Real Estate","Financials",,,,
"INV",2022/3/28,"Herbivore Earthfoods Pty Ltd","Tiger Brands Ltd,Secha Capital VCC Pty Ltd",N/A,"Completed","Consumer Discretionary","Consumer Staples, Financials",,,,
"M&A",2022/3/31,"Gravity Works","Adaptavist Group Ltd",N/A,"Completed","Industrials","Technology",,371.559,,1416.37
"M&A",2022/1/3,"Adapt IT Pty Ltd","Constellation Software Inc/Canada",N/A,"Completed","Technology","Technology",,207813,,267903
"INV",2022/1/4,"AdaptIT Holdings Ltd","Volaris Group Inc",N/A,"Completed","Technology","Financials",1571.77,,1714.33,
"INV",2022/1/7,"Sedibelo Platinum Mines Ltd","Pallinghurst Ivy Lane Capital SARL",N/A,"Completed","Materials","Financials",2125.19,,3866.8,
"M&A",2022/1/14,"Deltamune Pty Ltd","Management Group,Phatisa Group Ltd (Fund: Phatisa Food Fund 2 LLC)",N/A,"Completed","Health Care","Financials",,,,
"M&A",2022/1/18,"Nedgroup Trust Ltd","Suntera Global Ltd",N/A,"Completed","Financials","Industrials",,,,
"M&A",2022/2/2,"Global Credit Rating Co Ltd","Moody's Corp",N/A,"Completed","Financials","Financials",,137994,,262254
"INV",2022/2/2,"Ascendis Pharma Pty Ltd","Imperial Group Pty Ltd",N/A,"Completed","Health Care","Communications",,,,
"M&A",2022/2/3,"ParkUpp Pty Ltd","Docklands Properties Pty Ltd",N/A,"Completed","Industrials","Financials",,,,
"AST",2022/2/8,"Mupane gold mine/Botswana","Hawks Mining Co Pty Ltd",N/A,"Completed","Materials","Materials",,,,
"AST",2022/2/10,"Non-clinical imaging operations/East Coast Radiology","Life Healthcare Group Holdings Ltd",N/A,"Completed","Health Care","Health Care",,25104,,25690
"INV",2022/2/15,"VO Connect Pty Ltd","Medu Capital",N/A,"Completed","Technology","Financials",,,,
"M&A",2022/2/15,"Mount Carmel Farms Pty Ltd","Medu Capital",N/A,"Completed","Consumer Staples","Financials",,,,
"M&A",2022/2/24,"Green Lion Co Ltd","TradeDepot Inc",N/A,"Completed","Technology","Technology",,,,
"INV",2022/2/24,"Hero Telecoms Pty Ltd","Vumatel Pty Ltd",N/A,"Completed","Communications","Technology",,,,
"INV",2022/2/28,"Kagiso Asset Management Pty Ltd","Sinayo Securities Pty Ltd",N/A,"Completed","Financials","Financials",,,,
"INV",2022/4/6,"Locstat Pty Ltd","Private Investor,Knife Capital Proprietary Ltd (Fund: Grindstone Ventures)",N/A,"Completed","Industrials","Financials",,,,
"M&A",2022/4/19,"Kleine Zalze Wines","Advini",N/A,"Completed","Consumer Staples","Consumer Staples",,5452.21,,6949.73
"AST",2009/6/4,"Tintinba Ouest Licence","Asara Resources Ltd",N/A,"Completed","N.A.","Materials",,,,346.496
"INV",2009/6/18,"Blue Ink Investments Pty Ltd","Ubuntu-Botho Investment Holdings",N/A,"Completed","Financials","Financials",,,,
"M&A",2009/6/23,"Westingcorp Pty Ltd","ABB Ltd",N/A,"Completed","Utilities","Industrials",,593955,,743605
"AST",2009/6/23,"Magnetite stockpile","Msoka Mining",N/A,"Completed","N.A.","Materials",,,,
"M&A",2009/6/23,"VenFin Pty Ltd","Remgro Ltd",N/A,"Completed","Financials","Financials",,51506,,142174
"AST",2009/6/26,"MTN ICS Assets","Proximus SADP",N/A,"Completed","N.A.","Communications",,126131,,252116
"M&A",2009/6/29,"CH Chemicals Pty Ltd","AECI Ltd,Brenntag SE",N/A,"Completed","Materials","Materials, Materials",,,,
"M&A",2009/6/30,"Tranter Rock Drills","Tranter Holdings Pty Ltd",N/A,"Completed","Industrials","Financials",,,,
"M&A",2009/5/6,"Telkom Media Pte Ltd","Shenzhen Media South Africa Pte Ltd",N/A,"Completed","Communications","Communications",,,,
"AST",2009/5/6,"Engineering workshop/Cologne,CMT business/Germany,CMT business/India,CMT business/South Africa,CMT business/Russia,CMT business/China","McNally Bharat Engineering Co Ltd",N/A,"Completed","N.A.","Industrials",,144.637,,1483.56
"INV",2009/5/11,"Kawari Wholesaler","Medu Capital",N/A,"Completed","Consumer Discretionary","Financials",,,,
"M&A",2009/5/15,"Nedgroup Life Assurance Co Ltd","Nedbank Group Ltd",N/A,"Completed","Financials","Financials",,164033,,1.55863e+06
"M&A",2009/5/15,"BoE Private Bank","Nedbank Group Ltd",N/A,"Completed","Financials","Financials",,164033,,1.55863e+06
"M&A",2009/5/20,"Fire Control Systems","Jala Capital Group Ltd",N/A,"Completed","Industrials","Financials",,,,
"M&A",2009/5/21,"Tsogo Sun Limited","Unnamed Buyer",N/A,"Completed","Consumer Discretionary","N.A.",10841,,14695,
"M&A",2009/5/22,"EMK Staffing Solutions","Kelly Group SA Pty Ltd",N/A,"Completed","Industrials","Industrials",,1422.64,,562.664
"AST",2009/5/22,"Crosse & Blackwell Mayonnaise Business","Tiger Brands Ltd",N/A,"Completed","N.A.","Consumer Staples",,34392,,26955
"JV",2009/5/7,"Stanimate Pty Ltd","",N/A,"Completed","Materials","Materials, Consumer Staples",,,,
"M&A",2021/4/1,"Eyethu Coal Pty Ltd","Beryl Group Pty Ltd",N/A,"Completed","Materials","Financials",,,,
"M&A",2021/4/1,"Dry Pet Food Business of Philafrica Food Pty Ltd","Afrique Pet Food Pty Ltd",N/A,"Completed","Consumer Staples","Consumer Staples",,,,
"M&A",2021/4/13,"Solarcentury Africa","BB Energy Holdings NV",N/A,"Completed","Energy","Energy",,,,
"M&A",2021/4/13,"Ngwedi Alternative Investment Managers Pty Ltd","Taquanta Investment Holdings Pty Ltd",N/A,"Completed","Financials","Financials",,,,
"AST",2021/4/21,"Block 2B offshore","Azinam South Africa Ltd",N/A,"Completed","Energy","Energy",,,,9.68177
"INV",2021/4/21,"Payflex Pty Ltd","Zip Co Ltd",N/A,"Completed","Technology","Financials",,12605.5,,40825.9
"M&A",2021/4/22,"Schoolsportlive.com Pty Ltd","SuperSport International Holdings Pty Ltd",N/A,"Completed","Communications","Communications",,960.877,,635.266
"M&A",2021/4/22,"Mobidelas","Warp.ly Ltd",N/A,"Completed","Technology","Communications",,,,
"AST",2021/4/22,"SuperSport Live","Allwyn International AS",N/A,"Completed","Communications","Consumer Discretionary",,182878,,165751
"M&A",2021/4/26,"Bidair Services Pty Ltd","Agility Public Warehousing Co KSC,Management Group,Colossal Africa Infrastructure Pty Ltd",N/A,"Completed","Industrials","Industrials, Financials",,,,
"INV",2021/5/3,"Legal Lens Pty Ltd","Imvelo Ventures Pty Ltd",N/A,"Completed","Industrials","Financials",,,,
"INV",2021/5/3,"Briefco Pty Ltd","Imvelo Ventures Pty Ltd",N/A,"Completed","Industrials","Financials",,,,
"AST",2021/5/4,"Planta fotovoltaica en Iniesta","Lynx Renovables Iberia Fcr",N/A,"Completed","Financials","Financials",,,,
"M&A",2021/5/7,"Kwatani Pty Ltd","Sandvik AB",N/A,"Completed","Industrials","Industrials",,220278,,305120
"AST",2021/5/7,"5 Magwa Cres/Waterfall","Government Employees Pension Fund",N/A,"Completed","Real Estate","Financials",,,,
"INV",2021/5/7,"Kombo King Pty Ltd","Vumela Fund/The",N/A,"Completed","Industrials","Financials",,,,
"M&A",2021/5/12,"HeronBridge College","Curro Holdings Ltd",N/A,"Completed","Consumer Discretionary","Consumer Discretionary",,5144,,12321
"AST",2021/5/17,"78708 sq km block offshore/South Africa","Impact Oil & Gas Ltd",N/A,"Completed","Real Estate","Energy",,,,3510.28
"M&A",2021/5/17,"Worwag coatings SA","PPG Industries Inc",N/A,"Completed","Materials","Materials",,283836,,366095
"M&A",2021/5/18,"MHMK Group Ltd","Afristrat Investment Holdings",N/A,"Completed","Financials","Financials",,0.722,,705.664
"M&A",2021/5/20,"WINK Aparthotels","Afrirent Holdings Pty Ltd",N/A,"Completed","Consumer Discretionary","Financials",,,,
"M&A",2021/5/20,"Front Runner Vehicle Outfitters Pty Ltd","Dometic Group AB",N/A,"Completed","Consumer Discretionary","Consumer Discretionary",,38408.1,,82297.5
"INV",2021/5/24,"NBA Africa","Private Investor,Helios Fairfax Partners Corp",N/A,"Completed","Technology","Financials",,,,
"INV",2021/5/27,"Eko Food Market/The","Lloyds Bank Pension Trust No 1 Ltd",N/A,"Completed","Consumer Staples","Financials",,,,
"INV",2021/5/27,"TQ Group Pty Ltd","Legacy Africa Fund Managers Pty Ltd",N/A,"Completed","Communications","Financials",,,,
"M&A",2021/2/1,"Datatec Co Ltd","Kanematsu Corp",N/A,"Completed","Technology","Consumer Discretionary",,123252,,78432
"INV",2021/2/11,"Skudu","AgVentures",N/A,"Completed","Technology","Financials",,,,
"M&A",2021/2/23,"Parcelninja Pty Ltd","Imperial Logistics Ltd",N/A,"Completed","Technology","Industrials",,52208,,30329
"INV",2021/1/1,"Hello HR","Musha Ventures LP",N/A,"Completed","Technology","Financials",,,,
"AST",2021/1/12,"Portfolio of 4 distribution business/Capital Equipment Group","CNH Industrial NV",N/A,"Completed","Communications","Industrials",,323528,,708185
"AST",2021/1/14,"St George's Preparatory school/Port Elizabeth","Curro Holdings Ltd",N/A,"Completed","Consumer Discretionary","Consumer Discretionary",,5144,,12321
"M&A",2021/1/14,"SwiftNova Engineering","Grindrod Ltd",N/A,"Completed","Industrials","Industrials",,5558.33,,16129.9
"INV",2021/1/27,"Thebe Tourism Group Pty Ltd","Futuregrowth Asset Management Pty Ltd",N/A,"Completed","Consumer Discretionary","Financials",,,,
"M&A",2006/12/4,"Coffee Contact Pty Ltd","Famous Brands Ltd",N/A,"Completed","Consumer Staples","Consumer Staples",,8744.2,,3574.8
"M&A",2006/12/4,"Terex Africa Pty Ltd","Imperial Logistics Ltd",N/A,"Completed","Industrials","Consumer Discretionary",,52208,,30329
"INV",2006/12/11,"Pamodzi Gold Ltd","Pamodzi Investment Holdings Ltd",N/A,"Completed","Materials","Financials",,,862.653,
"INV",2006/12/13,"President Steyn Gold Mines Ltd","Iningi Investments",N/A,"Completed","Materials","Financials",48.145,,,
"M&A",2006/12/14,"Wade Walker Pty Ltd","Murray & Roberts Holdings Ltd",N/A,"Completed","Industrials","Industrials",,13452.4,,8160.3
"M&A",2006/12/14,"Borbet South Africa Pty Ltd","Borbet GmbH",N/A,"Completed","Industrials","Consumer Discretionary",,20279.9,,11958.7
"INV",2006/12/19,"Hernic Ferrochrome Pty Ltd","Mmakau Mining Ltd",N/A,"Completed","Materials","Materials",,,,
"AST",2006/12/31,"Al Hail ORIX Finance PJSC","Musa Capital Advisors Ltd",N/A,"Completed","N.A.","Financials",,,,
"M&A",2007/1/11,"Marine Propeller Pty Ltd","Wartsila OYJ Abp",N/A,"Completed","Industrials","Industrials",,138768,,164079
"INV",2007/1/12,"Research Surveys Pty Ltd","TNS Group Holdings Ltd",N/A,"Completed","Industrials","Communications",,,,40976.2
"M&A",2007/1/17,"Safrican Insurance Co Ltd","Sanlam Ltd",N/A,"Completed","Financials","Financials",,237116,,1.2957e+06
"M&A",2007/1/18,"TAC,Tylon","Cie de Saint-Gobain",N/A,"Completed","Consumer Discretionary, Consumer Discretionary","Materials",,938371,,1.18283e+06
"M&A",2007/1/18,"Owens Corning South Africa","Cie de Saint-Gobain",N/A,"Completed","Industrials","Materials",,938371,,1.18283e+06
"M&A",2007/1/24,"KIVU Resources Ltd","Metmar Ltd,Coronation Capital Ltd,Edin Mining Ltd",N/A,"Completed","Materials","Materials, Financials, Financials",,,,
"INV",2007/1/26,"MXit Lifestyle Pty Ltd","Naspers Ltd",N/A,"Completed","Communications","Communications",,188265,,1.35492e+06
"AST",2007/1/31,"Investment services business","Fifth Quadrant Actuaries & Consultants Ltd",N/A,"Completed","N.A.","Financials",,,,
"AST",2007/1/31,"Employee benefit administration business","Kagiso Media Ltd,Momentum Group Limited",N/A,"Completed","N.A.","Communications, Financials",,,,
"INV",2006/11/8,"Lereko Investments Ltd","Absa Group Ltd",N/A,"Completed","Financials","Financials",,207703,,2.23948e+06
"INV",2006/11/8,"Capricorn Investment Holdings Proprietary Ltd","Unnamed Buyer",N/A,"Completed","Financials","N.A.",,,,
"AST",2006/11/10,"Farmout Mali Blocks","Eni SpA,Sonatrach Petroleum Corp/Algeria",N/A,"Completed","N.A.","Energy, Energy",,,,
"M&A",2006/11/20,"Andisa Capital Ltd","Management Group,Safika Holdings Ltd",N/A,"Completed","Financials","Financials",,,,
"M&A",2006/11/21,"Jurgens Ci Pty Ltd","Imperial Logistics Ltd",N/A,"Completed","Consumer Discretionary","Consumer Discretionary",,52208,,30329
"M&A",2006/11/27,"Quaestor Capital Pty Ltd","Barnard Jacobs Mellet Holdings Ltd",N/A,"Completed","Financials","Financials",,,,
"INV",2006/11/30,"G-Mobile Holdings Ltd","Vodacom Group Ltd",N/A,"Completed","Communications","Communications",,167652,,276433
"INV",2006/10/5,"Joekels Tea Packers Pty Ltd","Tata Consumer Products Ltd",N/A,"Completed","Consumer Staples","Consumer Staples",,39922.7,,62049.8
"AST",2006/10/24,"Casa do Sol","Tourism Investment Corp Ltd",N/A,"Completed","N.A.","Consumer Discretionary",,1623.78,,1328.08
"M&A",2006/10/30,"Datanet Infrastructure Group Pty Ltd","Alviva Holdings Ltd",N/A,"Completed","Technology","Consumer Discretionary",,23429.2,,9722.62
"INV",2006/10/31,"Real People Investments Holdings Ltd","Abraaj Group Ltd/The",N/A,"Completed","Financials","Financials",833.5,,1993.28,
"M&A",2006/8/3,"Exactmobile","Old Primedia Ltd",N/A,"Completed","Communications","Communications",,,,
"AST",2006/8/3,"Manufacturing unit","Management Group",N/A,"Completed","N.A.","N.A.",,,,
"M&A",2006/8/8,"Advalloy Pty Ltd","BHP Group UK LTD",N/A,"Completed","Industrials","Materials",,1.04144e+06,,1.86653e+06
"AST",2006/8/14,"Makalali Game Lodge","Tourism Investment Corp Ltd",N/A,"Completed","N.A.","Consumer Discretionary",,1623.78,,1328.08
"AST",2006/8/21,"3 Limpopo prospecting licenses","MC Mining Ltd",N/A,"Completed","N.A.","Materials",,317.112,,2037.15
"AST",2006/8/21,"Plastics Division","Plastomark Pty Ltd",N/A,"Completed","N.A.","Consumer Discretionary",,,,
"AST",2006/8/23,"Ventersburg mining areas","Micawber 472 Pte Ltd",N/A,"Completed","N.A.","Financials",,,,
"AST",2006/8/25,"Peanut shelling and processing uint","Olam International Ltd",N/A,"Completed","N.A.","Consumer Staples",,,,
"M&A",2006/8/28,"Warwick Sport & Media Pty Ltd","Old Primedia Ltd",N/A,"Completed","Communications","Communications",,,,
"M&A",2006/8/28,"Bioharmony","Cipla Medpro South Africa Ltd",N/A,"Completed","Health Care","Health Care",,2297.22,,3012.93
"M&A",2006/8/28,"Adroit Pharmaceuticals","Cipla Medpro South Africa Ltd",N/A,"Completed","Health Care","Health Care",,2297.22,,3012.93
"M&A",2006/8/28,"Galilee Marketing","Cipla Medpro South Africa Ltd",N/A,"Completed","Health Care","Health Care",,2297.22,,3012.93
"M&A",2006/8/28,"TransUnion Cheque Guarantee Services","Trans Union LLC",N/A,"Completed","Financials","Financials",,,,
"INV",2006/8/30,"Macsteel Service Centers SA","Kagiso Trust Investments Ltd,Shanduka Group Pty Ltd,Peotona Development Investments Ltd,Kheip Ltd,Future Africa Investment Holdings Ltd",N/A,"Completed","Materials","Financials, Financials, Financials, Financials, Financials",,,,
"AST",2006/8/31,"FUSE Communication South Africa","Sisulu Media Group",N/A,"Completed","N.A.","Communications",,,,
"M&A",2006/9/1,"African National Engineering","Hiab Oyj",N/A,"Completed","Industrials","Industrials",,31417.7,,31656.9
"M&A",2006/9/4,"Solvadis Pty Ltd/ South Africa","IMCD NV",N/A,"Completed","Materials","Materials, Materials",,96473.1,,90134.8
"M&A",2006/9/8,"Designer Group Holdings Ltd","Tiger Brands Ltd",N/A,"Completed","Consumer Discretionary","Consumer Staples",,34392,,26955
"M&A",2006/9/14,"Tenova South Africa Pty Ltd","Techint Group",N/A,"Completed","Materials","Energy",,,,
"AST",2006/9/26,"Retirement fund administration business","Coris Capital Ltd",N/A,"Completed","N.A.","Financials",,,,
"M&A",2006/9/28,"Tylon Holding","BPB Gypsum Ltd",N/A,"Completed","Industrials","Industrials",,,,
"INV",2006/9/30,"Athi River Steel Plant Ltd","Abraaj Group Ltd/The",N/A,"Completed","Materials","Financials",,,,
"INV",2022/5/1,"Ampaglas SA Pty Ltd","Private Investor,Medu Capital",N/A,"Completed","Industrials","Financials",,,,
"M&A",2022/5/6,"Syrex Pty Ltd","Inq Holding Ltd",N/A,"Completed","Technology","Technology",,,,
"M&A",2022/5/10,"Team Radar Pty Ltd","Standard Bank Group Ltd",N/A,"Completed","Technology","Financials",,307016,,3.62085e+06
"INV",2022/5/18,"Inhance Supply Chain Solutions Pty Ltd","New GX Capital Holdings Pty Ltd,RMB Ventures Six Pty Ltd",N/A,"Completed","Energy","Financials, Financials",,,,
"M&A",2022/5/20,"E Squared Education Enterprises Pty Ltd","Genius Group Ltd",N/A,"Completed","Consumer Discretionary","Technology",,149.959,,2268.61
"M&A",2022/5/21,"Unlimited Group Pty Ltd/The","Lona Group Pty Ltd",N/A,"Completed","Consumer Staples","Consumer Staples",,,,
"INV",2022/5/23,"Lona Group Pty Ltd","British International Investment PLC,Finnfund,Norfund AS,Phatisa Group Ltd (Fund: Phatisa Food Fund 2 LLC)",N/A,"Completed","Consumer Staples","Financials, Financials, Financials, Financials",,,,
"INV",2022/5/24,"Groupe Cofina","Development Partners International LLP",N/A,"Completed","Financials","Financials",,329.88,,252.272
"INV",2022/5/30,"GLOVent Solutions Pty Ltd","Huge Group Ltd",N/A,"Completed","Technology","Communications",,28.651,,1973.43
"AST",2022/6/2,"independent Distribution facilities","Montego Pet Nutrition Pty Ltd",N/A,"Completed","Consumer Staples","Consumer Staples",,,,
"INV",2022/6/2,"Shopstar Pty Ltd","Launch Africa Ventures",N/A,"Completed","Consumer Discretionary","Financials",,,,
"AST",2022/6/6,"Block 2913B,Block 2912","TotalEnergies EP Namibia BV",N/A,"Completed","Energy, Energy","Energy",,,,
"M&A",2022/6/6,"JaSure Financial Services Pty Ltd","Santam Ltd",N/A,"Completed","Financials","Financials",,50952,,82392
"M&A",2022/6/9,"EnviroServ Waste Management Pty Ltd","Royal Bafokeng Holdings Pty Ltd,African Infrastructure Investment Managers Pty Ltd,SUEZ Ventures SASU",N/A,"Completed","Industrials","Financials, Financials, Financials",,,,
"INV",2022/6/10,"Vantage Africa","Crossfin Technology Holdings",N/A,"Completed","Technology","Financials",,,,
"M&A",2022/6/13,"Glomor Three Pty Ltd","Afine Investments Ltd",N/A,"Completed","Financials","Real Estate",,55.0644,,449.837
"INV",2022/6/15,"Co Des Bois du Gabon","TotalEnergies SE",N/A,"Completed","Materials","Energy",,3.26021e+06,,4.82188e+06
"M&A",2022/6/29,"Eiger Living","Massmart Holdings Ltd",N/A,"Completed","Consumer Discretionary","Consumer Staples",,77621.6,,40144.7
"M&A",2022/6/30,"Halewood International South Africa Pty Ltd","Unnamed Buyer",N/A,"Completed","Consumer Staples","N.A.",,,,
"INV",2022/6/30,"Moove Vehicle Ltd","British International Investment PLC",N/A,"Completed","Technology","Financials",,4514.29,,201411
"M&A",2022/7/4,"Coleus Packaging Pty Ltd","Ideal Holdings SA",N/A,"Completed","Materials","Financials",,9715.53,,19520.4
"M&A",2022/7/5,"IDU KZN","IDU Holdings Pty Ltd",N/A,"Completed","Financials","Technology",,,,
"INV",2022/7/5,"Continuous Power Africa Pyt Ltd","Legacy Africa Fund Managers Pty Ltd",N/A,"Completed","Technology","Financials",,,,
"INV",2022/7/7,"Afrikamart","Private Investor,Investisseurs & Partenaires (Fund: I&P Afrique Entrepreneurs 2),Teranga Capital",N/A,"Completed","Technology","Financials, Financials",,,,
"M&A",2022/7/11,"Lottostar Pty Ltd","Betfred Group Ltd",N/A,"Completed","Consumer Discretionary","Consumer Discretionary",,20311.7,,16516.7
"AST",2022/7/12,"5 Leader Price stores/Abidjan","Kering SA",N/A,"Completed","Real Estate","Consumer Discretionary",,296250,,800698
"INV",2022/7/13,"Honeydew Dairies Pty Ltd","Atooro Fund",N/A,"Completed","Consumer Staples","Financials",,,,
"INV",2022/7/15,"DigsConnect Pty Ltd","Delta Ventures Ltd,Goodwater Capital LLC (Fund: Goodwater Capital IV LP),Five35 Ventures,Launch Africa Ventures (Fund: Launch Africa Ventures Fund 1)",N/A,"Completed","Communications","Financials, Financials, Financials, Financials",,,,
"M&A",2022/7/18,"First National Bank of Tanzania Ltd","EXIM Bank Tanzania Ltd",N/A,"Completed","Financials","Financials",,3014.07,,26799.6
"M&A",2022/7/19,"J&J Group","Dubai World Corp",N/A,"Completed","Industrials","Financials",,,,
"INV",2022/8/11,"SodaWorld Pvt Ltd","CV VC AG",N/A,"Completed","Technology","Financials",,,,
"INV",2022/8/12,"Dropper Group Pty Ltd","Skynet Worldwide Express Ltd",N/A,"Completed","Technology","Industrials",,,,0.00210649
"M&A",2022/8/17,"Afrivet Business Management Pty Ltd","Bimeda Holdings PLC",N/A,"Completed","Health Care","Health Care",,1507.12,,1187.07
"M&A",2022/8/25,"AARD Mining Equipment Pty Ltd","Epiroc AB",N/A,"Completed","Industrials","Industrials",,113165,,144381
"INV",2022/9/5,"Octiv Fitness Ltd","Private Investor,Knife Capital Proprietary Ltd (Fund: Knife III Equity Fund)",N/A,"Completed","Technology","Financials",,,,
"INV",2022/9/7,"De Novo Dairy","UM6P Ventures LLC",N/A,"Completed","Consumer Staples","Financials",,,,
"AST",2022/9/8,"Supermarkets/Cambridge,Supermarkets/Rhino","Shoprite Holdings Ltd",N/A,"Completed","Real Estate, Real Estate","Consumer Staples",,256682,,124944
"AST",2022/9/13,"Emerald Resort & Casino/South Africa","Unnamed Buyer",N/A,"Completed","Technology","N.A.",,,,
"INV",2022/9/14,"Acrobat Genomics Inc,Dama Health Ltd,Nusantics Pte Ltd,Pandora Biosciences Inc,Terrapeutics Pharma Ltd,Viridian Seeds Inc","Illumina Inc",N/A,"Completed","Health Care, Health Care, Health Care, Health Care, Health Care, Health Care","Health Care",,77746.5,,110892
"M&A",2022/9/15,"FHM Pty Ltd","Virtual Nation Builders Pty Ltd",N/A,"Completed","Financials","Financials",,,,
"AST",2022/9/16,"5 Simmons Street/Johannesburg","Mpande Property Fund General Partner Pty Ltd",N/A,"Completed","Real Estate","Financials",,,,
"M&A",2022/9/19,"Samancor Chrome Ltd","Sinosteel Corp",N/A,"Completed","Materials","Materials",4082.13,201554,6260.85,134580
"M&A",2022/9/21,"Activate Group/South Africa","Vox Telecom Ltd",N/A,"Completed","Technology","Communications",,,,
"M&A",2022/9/22,"Solarafrica Energy Pty Ltd","Starsight Energy Utility Ltd",N/A,"Completed","Unclassifiable","Energy",,,,
"INV",2022/9/22,"LocumBase Pty Ltd","Knife Capital Proprietary Ltd",N/A,"Completed","Technology","Financials",,,,
"M&A",2022/10/3,"Blue Falcon 188 Trading Pty Ltd","Mr Price Group Ltd",N/A,"Completed","Consumer Discretionary","Consumer Discretionary",,42654,,40687
"M&A",2022/10/19,"TPN Group Pty Ltd","MRI Software LLC",N/A,"Completed","Real Estate","Technology",,,,
"M&A",2022/10/31,"Urbansigns Pty Ltd","Tractor Outdoor Pty Ltd",N/A,"Completed","Communications","Communications",,,,
"M&A",2011/11/1,"Pro-Tec Boiler Inspection & NDT Services Pty Ltd","Tuev Sued AG",N/A,"Completed","Industrials","Industrials",,73466,,70851.9
"M&A",2011/11/3,"Phoenix Racks Pty Ltd,Logos Industrias","Beijer Ref AB",N/A,"Completed","Industrials, Industrials","Industrials",,67658.6,,79969.5
"M&A",2011/11/8,"Sentronics SD Pty Ltd","DataTec Ltd",N/A,"Completed","Technology","Consumer Discretionary",,64153.5,,73847.9
"AST",2011/11/15,"ADDvance Brand","Adcock Ingram Holdings Ltd",N/A,"Completed","N.A.","Health Care",,9760.33,,8735.68
"INV",2011/11/18,"ProMet Engineers Africa Pty Ltd","Dadi Engineering Development Co Ltd",N/A,"Completed","Materials","Industrials",,,,
"M&A",2011/11/22,"FlavourCraft Pty Ltd","Kerry Ingredients South Africa Pty Ltd",N/A,"Completed","Materials","Consumer Staples",,,,
"M&A",2011/11/25,"Supercare Services Group Pty Ltd","Management Group",N/A,"Completed","Industrials","N.A.",,,,
"INV",2011/11/29,"CRH Africa Automotive Pty Ltd","Pasdec Resources SA Ltd",N/A,"Completed","Consumer Discretionary","Industrials",,125.608,,129.555
"M&A",2010/1/20,"Centriq Insurance Co Ltd","Santam Ltd",N/A,"Completed","Financials","Financials",,50952,,82392
"AST",2010/1/27,"750 towers","Helios Towers Ghana Ltd",N/A,"Completed","N.A.","Communications",,,,
"JV",2010/1/28,"Nalco Africa Pty Ltd","",N/A,"Completed","Industrials","Materials, Industrials",,,,
"INV",2020/11/10,"Sustainable Power Generation Pty Ltd","Emerging Energy Corp AG",N/A,"Completed","Energy","Financials",,,,
"INV",2020/11/19,"Yebo Fresh","Private Investor,E4E Africa (Fund: E4E Africa Fund)",N/A,"Completed","Consumer Discretionary","Financials",,,,
"AST",2019/12/3,"Kings School Linbro Park/The","Curro Holdings Ltd",N/A,"Completed","Communications","Consumer Discretionary",,5144,,12321
"AST",2019/12/3,"Land of Oz Nursery School","Curro Holdings Ltd",N/A,"Completed","Communications","Consumer Discretionary",,5144,,12321
"AST",2019/12/5,"Campus office/The","Unnamed Buyer",N/A,"Completed","Real Estate","N.A.",,,,
"M&A",2019/12/8,"Pharmalys Laboratories SA,Pharmalys Tunisia Ltd SA,Pharmalys Africa Sarl","Pharmalys Invest Holding AG",N/A,"Completed","Health Care, Health Care, Health Care","Financials",,,,
"M&A",2019/12/10,"P-E Corporate Services SA Pty Ltd","Willis Towers Watson PLC",N/A,"Completed","Industrials","Financials",,173574,,489221
"AST",2019/12/19,"Yellowtree pharma manufacturing facility & marketing authorizations/SA","Kiara Health Pty Ltd",N/A,"Completed","Health Care","Health Care",,,,
"INV",2019/12/20,"Dewfresh Pty Ltd","EMASA Holdings",N/A,"Completed","Consumer Staples","Financials",,,,
"M&A",2019/12/20,"Southern Mapping Co Pty Ltd","Woolpert Inc",N/A,"Completed","Industrials","Industrials",,,,
"M&A",2019/7/2,"Construction Computer Software Pty Ltd","RIB Software SE",N/A,"Completed","Technology","Technology",,4778.44,,12675.2
"AST",2019/7/3,"Block 3B/4B Orange Basin","Meren Energy Inc",N/A,"Completed","Energy","Energy",,10050,,32336.9
"M&A",2019/7/4,"LiebenLogistics Pty Ltd,GLS Supply Chain Equipment Pty Ltd","Super Group Ltd/South Africa",N/A,"Completed","Industrials, Industrials","Consumer Discretionary",,44510.3,,38528.3
"M&A",2019/7/8,"Mars Technologies Pty Ltd","DataTec Ltd",N/A,"Completed","Technology","Consumer Discretionary",,64153.5,,73847.9
"INV",2019/7/8,"Granite Warehouse Management System","Private Investor,Knife Capital Proprietary Ltd (Fund: KNF Ventures)",N/A,"Completed","Industrials","Financials",,,,
"INV",2019/7/15,"Space in Africa","Private Investor,AC Ventures of Florida LLC",N/A,"Completed","Financials","Financials",,,,
"AST",2019/7/22,"South Africa operations/Whirlpool Corp","Unnamed Buyer",N/A,"Completed","Consumer Discretionary","N.A.",,,,
"M&A",2019/7/23,"Whirlpool South Africa Pty Ltd","Unnamed Buyer",N/A,"Completed","Consumer Discretionary","N.A.",,,,
"M&A",2019/7/30,"PayFast Pty Ltd","3G Direct Pay Ltd",N/A,"Completed","Financials","Financials",,,,
"INV",2019/7/30,"Mobii Systems Pty Ltd","Blu Label Unlimited Group Ltd",N/A,"Completed","Technology","Communications",,14050.2,,19769.9
"AST",2020/10/6,"Jagger Works building/Goodwood","Inospace Pty Ltd",N/A,"Completed","Real Estate","Real Estate",,,,
"M&A",2020/10/11,"Dare Holdings Pty Ltd","Competentia AS",N/A,"Completed","Industrials","Industrials",,297.368,,1243.02
"INV",2020/10/22,"Click2Sure Intermediaries Pty Ltd","SixThirty Inc",N/A,"Completed","Financials","Financials",,,,
"M&A",2020/9/1,"Siyeza Fine Chem Pty Ltd","IMCD NV",N/A,"Completed","Health Care","Materials",,96473.1,,90134.8
"AST",2020/9/7,"Data centre/Johannesburg","Private Investor",N/A,"Completed","Communications","N.A.",,,,
"M&A",2020/9/16,"Okuhle Media Pty Ltd","Trace Global SAS",N/A,"Completed","Communications","Communications",,468.996,,660.666
"INV",2020/9/16,"Food Supply Network","Naspers Ltd",N/A,"Completed","Consumer Discretionary","Communications",,188265,,1.35492e+06
"M&A",2020/9/21,"Reflex Solutions Pty Ltd","Private Investor",N/A,"Completed","Technology","N.A.",,,,
"M&A",2020/9/29,"Grobank Ltd","Access Bank PLC",N/A,"Completed","Financials","Financials",,79771.8,,529141
"AST",2019/11/12,"Pigment trading division","Chemipol Solutions Pty Ltd",N/A,"Completed","Materials","Materials",,,,
"M&A",2019/11/15,"Discover Digital Pty Ltd","Thebe Investment Corp Pty Ltd",N/A,"Completed","Technology","Financials",,,,
"M&A",2019/11/15,"Blue Group Hold Co Ltd","Alteri Partners LLP",N/A,"Completed","Consumer Discretionary","Financials",,,,
"AST",2019/11/18,"Chrome ore mine/Rustenburg","Clover Alloys SA Pty Ltd",N/A,"Completed","Materials","Materials",,,,
"M&A",2019/11/26,"Daily Dish Pty Ltd","T Capital AS",N/A,"Completed","Consumer Staples","Financials",,,,
"INV",2019/11/28,"Unitrans Ltd/South Africa","Marsh & McLennan Cos Inc",N/A,"Completed","Industrials","Financials",13401.2,482405,5078.01,972643
"M&A",2019/10/12,"Starterhub","Riseup LLC",N/A,"Completed","Industrials","Technology",,,,
"INV",2019/10/28,"Edcon Holdings Ltd","BNP Paribas SA",N/A,"Completed","Consumer Discretionary","Financials",25343,2.17164e+06,20809,5.43037e+07
"M&A",2002/7/3,"IDION Solutions","CS Computer Services Holdings Ltd",N/A,"Completed","Technology","Technology",,503.295,,
"INV",2002/7/3,"Unitrans Express Deliveries Ltd","Mvelaphanda Strategic Investments",N/A,"Completed","Industrials","Financials",,,,
"M&A",2002/8/19,"clearing division","Fiserv Inc",N/A,"Completed","N.A.","Financials",,378919,,1.32756e+06
"INV",2018/5/10,"Higher Ed Partners LLC","One Thousand and One Voices LLC",N/A,"Completed","Communications","Financials",,,,
"INV",2018/5/24,"Medhold Medical Pty Ltd","Old Mutual Private Equity",N/A,"Completed","Health Care","Financials, Financials",,,,
"INV",2018/5/25,"Cell C Ltd","ZTE Corp,Huawei Investment & Holding Co Ltd",N/A,"Completed","Communications","Technology, Technology",15749.1,,25636.3,
"M&A",2018/5/28,"Kerry Logistics South Africa Pty Ltd","KLN Logistics Group Ltd",N/A,"Completed","Industrials","Industrials",,129208,,93204.3
"INV",2018/5/31,"British Telecoms South Africa Pty Ltd","Ayo Technology Solutions Ltd",N/A,"Completed","Communications","Technology",,1879.84,,2019.68
"M&A",2018/3/1,"Hytec Holdings Pty Ltd","Robert Bosch Stiftung GmbH",N/A,"Completed","Financials","Consumer Discretionary",,,,
"M&A",2018/3/1,"28e Capital Pty Ltd","PSG Financial Services Ltd",N/A,"Completed","Financials","Financials",,10306.9,,158397
"INV",2018/3/1,"Landelahni Group Holdings Pty Ltd/The","N2Growth Inc",N/A,"Completed","Industrials","Industrials",,,,
"M&A",2018/3/2,"Niche International Brokers Pty Ltd","Aon PLC",N/A,"Completed","Financials","Financials",,307187,,841333
"M&A",2018/3/5,"Popcorn Training Pty Ltd","KnowBe4 Inc",N/A,"Completed","Technology","Technology",,3643.42,,8566.88
"M&A",2018/3/16,"Macquarie Equities South Africa Pty Ltd","AMB Holdings Ltd,Private Investor,Mazi Capital Prime Equity Fund,AWCA Investment Holdings",N/A,"Completed","Financials","Financials, Financials",,,,
"INV",2018/3/22,"DataProphet Pty Ltd","Knife Capital Proprietary Ltd",N/A,"Completed","Technology","Financials",,,,
"M&A",2018/3/27,"Asimmetric Inc","Hewlett Packard Enterprise Co",N/A,"Completed","Technology","Technology",,619309,,1.31613e+06
"INV",2018/4/23,"SkillUp Pty Ltd","Knife Capital Proprietary Ltd",N/A,"Completed","Communications","Financials",,,,
"M&A",2018/4/25,"Dubizzle Ltd","OLX Global BV",N/A,"Completed","Technology","Financials",,1422.17,,38124.1
"M&A",2018/1/11,"Shamrock Handling Concepts Pty Ltd","Invicta Holdings Ltd",N/A,"Completed","Industrials","Consumer Discretionary",,8442.75,,9603.56
"M&A",2018/1/11,"Cannon Asset Managers Pty Ltd","Bidvest Group Ltd/The",N/A,"Completed","Financials","Consumer Discretionary",,126605,,124590
"INV",2018/1/26,"Zar X Pty Ltd","Public Investment Corp Ltd",N/A,"Completed","Financials","Financials",,1261.76,,4617.25
"INV",2018/1/29,"Centbee Pty Ltd","nChain UK Ltd",N/A,"Completed","Financials","Technology",,165.373,,751.71
"INV",2018/1/30,"WiGroup Pty Ltd","Virgin Models Ltd,Smollan Group SA Pty Ltd",N/A,"Completed","Technology","Financials, Financials",,,,
"INV",2018/1/31,"Payment24 Pty Ltd","500 Startups Management Co LLC",N/A,"Completed","Technology","Financials",,,,
"M&A",2018/2/20,"Iconnect Information and Communication Technologies Pty,Greencom Pty Ltd","Saudi Oger Ltd",N/A,"Completed","Communications, Communications","Industrials",,,,
"AST",2018/2/20,"Trade Show & Event Business","Dmg World Media Dubai Ltd",N/A,"Completed","Consumer Discretionary","Consumer Discretionary",,,,
"INV",2018/2/22,"Bowler Metcalf","Aylett & Co Pty Ltd",N/A,"Completed","Materials","Materials",945.851,,1030.63,
"M&A",2018/2/23,"Superior Mining Pty Ltd","Frontier Energy Ltd",N/A,"Completed","Materials","Materials",,7.69084,,999.613
"M&A",2018/2/23,"Flavourome Pty Ltd","Firmenich International SA",N/A,"Completed","Materials","Materials",,23079.4,,
"INV",2018/2/28,"Echo Service Provider","Ethos Private Equity Pty Ltd",N/A,"Completed","Technology","Financials",,,,
"INV",2018/2/28,"Tongaat Hulett Pvt Ltd","Public Investment Corp Ltd",N/A,"Completed","Consumer Staples","Financials",15479,1261.76,14022,4617.25
"M&A",2004/12/9,"Safrican Insurance Co Ltd","Sanlam Ltd",N/A,"Completed","Financials","Financials",,237116,,1.2957e+06
"M&A",2004/12/13,"Proudfoot Consulting Africa","Consortium",N/A,"Completed","Industrials","N.A.",,,,
"AST",2004/11/4,"South African operation","Management Group",N/A,"Completed","N.A.","N.A.",,,,
"AST",2004/11/5,"Cazenove South African business","JPMorgan Chase & Co",N/A,"Completed","N.A.","Financials",,5.01241e+06,,7.33069e+07
"M&A",2004/11/9,"Fastmould Specialists CC","Maximum Dynamics Inc",N/A,"Completed","Materials","Technology",,,,
"INV",2004/11/15,"Netpartner Investments Ltd","South African Medical and Dental Practitioners Association",N/A,"Completed","Financials","Health Care",,,,
"INV",2004/11/26,"Computershare South Africa Pty Ltd","Black Management Forum Investment",N/A,"Completed","Industrials","Financials",,,,
"M&A",2004/11/29,"Dolcre Food Ingredients Pty Ltd","Tate & Lyle PLC",N/A,"Completed","Consumer Staples","Consumer Staples",,46655.5,,82385.7
"M&A",2004/9/13,"Lonrho Africa Trade & Finance Ltd","Castle Support Services PLC",N/A,"Completed","Financials","Industrials",,,,1150.36
"M&A",2004/9/30,"Pepkor Holdco Proprietary Ltd","Investor Group,Medu Capital (Fund: Medu Capital Fund I)",N/A,"Completed","Consumer Discretionary","Financials",,,,
"AST",2004/10/5,"Business Intelligence assets","Euromoney Institutional Investor PLC",N/A,"Completed","N.A.","Financials",,,,52963.3
"INV",2004/10/12,"Grassroots Group Pty Ltd","Conafex Holdings SA",N/A,"Completed","Consumer Staples","Financials",,34.388,,43.507
"M&A",2004/10/15,"Ten-50-Six","Glenrand MIB Ltd",N/A,"Completed","Financials","Financials",,545.666,,581.591
"AST",2004/10/27,"Dancarl Diamonds Pty Ltd","Investor Group",N/A,"Completed","Materials","N.A.",,,,
"AST",2004/8/5,"Kalplats PGM project","Platinum Australia Ltd",N/A,"Completed","N.A.","Materials",,,,2000.86
"INV",2007/5/10,"Prostart Investments Pty","Izingwe Capital",N/A,"Completed","Materials","Financials",,,,
"M&A",2007/5/15,"Trigger Communications Consulting Pty Ltd","Dentsu International Ltd",N/A,"Completed","Communications","Communications",,77946.7,,282616
"M&A",2007/5/16,"Allan Maskew","Argent Industrial Ltd",N/A,"Completed","Industrials","Industrials",,2839.16,,2903.02
"INV",2007/5/18,"Pump Brands Proprietary Ltd","Franklin Electric Co Inc",N/A,"Completed","Industrials","Industrials",,38105.6,,32212.4
"M&A",2007/5/21,"Aqua Online","WPP PLC",N/A,"Completed","Communications","Communications",,319316,,536531
"JV",2007/5/9,"Molopo South Africa Exploration & Production Pty Ltd","",N/A,"Completed","Energy","Energy, Energy",,,,
"JV",2007/5/14,"Joint Venture","",N/A,"Completed","Financials","Consumer Staples, Materials",,,,
"JV",2007/5/21,"Medtecs Phambilli SA Proprietary Ltd","",N/A,"Completed","Health Care","Health Care, Financials",,,,
"SPIN",2007/5/15,"Product Co","Shareholders",N/A,"Completed","N.A.","Technology",, ,, 
"AST",2007/6/18,"Housing Loan Book","FirstRand Ltd",N/A,"Completed","N.A.","Financials",,155879,,2.58654e+06
"INV",2007/6/20,"Dynamic Crane Systems Ltd","Konecranes Oyj",N/A,"Completed","Industrials","Industrials",,84540.8,,88480.7
"M&A",2007/6/21,"Y&R Hedley Byrne Pty Ltd","WPP PLC,Memeza",N/A,"Completed","Communications","Communications, Financials",,,,
"M&A",2007/6/27,"Gammid Trading Pty Ltd","Argent Industrial Ltd",N/A,"Completed","Materials","Industrials",,2839.16,,2903.02
"M&A",2007/6/27,"Atomic Office Equipment","Argent Industrial Ltd",N/A,"Completed","Consumer Discretionary","Industrials",,2839.16,,2903.02
"M&A",2007/6/28,"Maxweld & Braze Pty Ltd,Unique Welding","Destiny Corp Holdings",N/A,"Completed","Industrials, Industrials","Financials",,,,
"AST",2007/6/29,"Licensed business","Billabong International Ltd",N/A,"Completed","N.A.","Consumer Discretionary",,10039.3,,5795.29
"JV",2007/6/7,"Ergo Mining Pty Ltd","",N/A,"Completed","Materials","Materials, Materials",,,,
"M&A",2007/7/2,"RTT Group Pty Ltd","Management Group,Actis LLP (Fund: Actis Africa Empowerment Fund LP)",N/A,"Completed","Industrials","Financials",,,,
"INV",2007/7/3,"Nature's Choice Holdings Pty Ltd","Brait PLC",N/A,"Completed","Consumer Staples","Financials",,1796,,15445
"M&A",2007/7/3,"Rockbury Properties Ltd","Zebra Copper PLC",N/A,"Completed","Financials","Materials",,,,
"M&A",2007/7/10,"USM Building Supplies","Iliad Africa Ltd",N/A,"Completed","Consumer Discretionary","Consumer Discretionary",,4365.45,,1640.62
"M&A",2007/7/10,"Lumber City","Iliad Africa Ltd",N/A,"Completed","Consumer Discretionary","Consumer Discretionary",,4365.45,,1640.62
"M&A",2007/7/12,"Britehouse Group","Vodafone Group PLC,Safika Holdings Ltd,Black Economic Empowerment Partners,Convergence Partners Investments Pty Ltd",N/A,"Completed","Technology","Communications, Financials, Financials, Financials",,,,
"M&A",2007/7/17,"Gham Gourmet,Town and Country Cuisine","Compass Group PLC",N/A,"Completed","Industrials, Industrials","Industrials",,833164,,461200
"M&A",2007/7/18,"Cirebelle","Bukekayo",N/A,"Completed","Materials","Financials",,,,
"M&A",2007/7/23,"IST Nuclear","Toshiba Corp",N/A,"Completed","Financials","Technology",,422139,,472846
"JV",2007/7/23,"Peakstar Mine Project near Theunissen South Africa","",N/A,"Completed","N.A.","Materials, Materials",,,,
"M&A",2007/3/1,"BOSS Mining SPRL","ENRC Africa Holdings Ltd",N/A,"Completed","Materials","Materials",,,,0.0600846
"M&A",2007/3/8,"CA-Ratings","Moody's Corp",N/A,"Completed","Financials","Financials",,137994,,262254
"M&A",2007/3/9,"Coffee Contact Pty Ltd","Famous Brands Ltd",N/A,"Completed","Consumer Staples","Consumer Staples",,8744.2,,3574.8
"AST",2007/3/14,"Optical Unit","Carl Zeiss AG",N/A,"Completed","N.A.","Health Care",,218955,,308773
"M&A",2007/3/27,"3J Holdings Pty Ltd","UCS Eye Investments Ltd",N/A,"Completed","Communications","Technology",,,,
"M&A",2007/4/2,"Global Forest Products Ltd,South African Plywood Ltd","York Timber Holdings Ltd",N/A,"Completed","Materials, Materials","Materials",,1994.91,,4978.92
"AST",2007/4/4,"African INSURE/90 insurer systems business and assets","SSP Holdings Ltd",N/A,"Completed","N.A.","Technology",,920.919,,1971.12
"AST",2007/4/12,"Northern Cape and Thabazimbi Iron Ore Projects","Aquila Resources Ltd",N/A,"Completed","N.A.","Materials",,,,9115.78
"AST",2007/4/20,"Van Schaik Bookstore","ElementOne Ltd",N/A,"Completed","N.A.","Communications",,,,
"M&A",2007/4/29,"Atlantique Telecom","Emirates Telecommunications Group Co PJSC",N/A,"Completed","Communications","Communications",,354594,,924940
"INV",2007/4/30,"MTN Cote d'Ivoire SA","Emerging Capital Partners LLC (Fund: Central Africa Growth Sicar),Emerging Capital Partners LLC (Fund: ECP Africa Fund II PCC)",N/A,"Completed","Communications","Financials",,,,
"INV",2007/4/30,"Allied Catering Equipment/South Africa","Abraaj Group Ltd/The",N/A,"Completed","Industrials","Financials",,,,
"M&A",2007/8/30,"Ecoserv","SGS SA",N/A,"Completed","Health Care","Industrials",,149680,,164584
"INV",2007/2/8,"Anglo Inyosi Coal Pty Ltd","Pamodzi Investment Holdings Ltd",N/A,"Completed","Materials","Financials, Financials",,,,
"AST",2007/2/21,"Dairybelle business","Consortium",N/A,"Completed","Consumer Staples","N.A.",,,,
"M&A",2007/2/23,"Futeni Collections Proprietary Ltd","Nictus Ltd",N/A,"Completed","Financials","Consumer Discretionary",,22.264,,1094.22
"M&A",2007/2/27,"Safripol Pty Ltd","ABSA Capital Private Equity Pty Ltd",N/A,"Completed","Industrials","Financials",,,,
"INV",2007/2/28,"Salestalk 32 Pty Ltd","Bisan Ltd/Fund",N/A,"Completed","Materials","Financials",,,,
"AST",2007/2/28,"Dawn Wing Time Freight","La Poste Francaise",N/A,"Completed","N.A.","Industrials",,,,
"M&A",2007/9/3,"New Generation Solutions Pty Ltd","SecureData Holdings Ltd",N/A,"Completed","Technology","Technology",,289.677,,63.347
"M&A",2007/9/10,"Sasol Dia Acrylates","Sasol Ltd",N/A,"Completed","Materials","Materials",,249096,,359555
"M&A",2007/9/13,"Blue Ink Investments Pty Ltd","Octane Holdings Ltd",N/A,"Completed","Financials","Financials",,,,
"M&A",2007/9/19,"Markinor","IPSOS",N/A,"Completed","Health Care","Communications",,50967.4,,59844.9
"M&A",2007/9/19,"Markinor","IPSOS",N/A,"Completed","Health Care","Communications",,50967.4,,59844.9
"M&A",2007/9/21,"Microfinance Bank","Lonrho Ltd",N/A,"Completed","Financials","Consumer Staples",,,,
"M&A",2007/9/21,"Rawsen Equipment Pty Ltd","Donaldson Co Inc",N/A,"Completed","Industrials","Industrials",,66910.7,,54161.2
"M&A",2007/9/25,"11 Coal Mine Licenses in Mozambique","Sancia Global Infraprojects Ltd",N/A,"Completed","Materials","Financials",,0.0393544,,26.4741
"INV",2007/9/27,"Vecto Trade 436 Pty Ltd","Tawana Resources NL",N/A,"Completed","Materials","Materials",,0.0306075,,699.99
"JV",2007/9/3,"Joint Venture","",N/A,"Completed","Financials","Materials, Materials, Financials",,,,
"M&A",2018/6/8,"Grinding Media South Africa Pty Ltd","Sigdo Koppers SA",N/A,"Completed","Communications","Materials",,73647.2,,84749.3
"INV",2018/6/11,"Lumkani","Lireas Holdings Pty Ltd,Accion Venture Lab LP/DE,4D Innovative Capital Pty Ltd (Fund: 4Di Exponential Tech Fund I)",N/A,"Completed","Industrials","Financials, Financials, Consumer Discretionary",,,,
"M&A",2018/6/21,"DNI-4PL Contracts Pty Ltd","Lesaka Technologies Inc",N/A,"Completed","Technology","Financials",,11987.1,,11585.4
"M&A",2018/7/4,"PropSys Solutions","GI Partners LLC",N/A,"Completed","Technology","Financials",,,,
"INV",2018/7/6,"Aveng Ltd","ATON GmbH",N/A,"Completed","Industrials","Consumer Discretionary",2629.94,,1038.94,
"M&A",2018/7/10,"Anchor Stockbrokers Pty Ltd","Masimong Group Holdings Pty Ltd",N/A,"Completed","Financials","Financials",,,,
"AST",2018/7/11,"8 prospecting licences/Namibia","Barys Resources Ltd",N/A,"Completed","Materials","Energy",,0.877886,,30.6898
"M&A",2018/7/17,"Skyservices Pty Ltd","Panalpina Welttransport Holding AG",N/A,"Completed","Industrials","Industrials",,81655.2,,32986.8
"INV",2018/7/23,"Mototolo JV","Xstrata South Africa Pty Ltd",N/A,"Completed","Materials","Materials",,,,
"M&A",2018/9/3,"Clarotech Pty Ltd","DataTec Ltd",N/A,"Completed","Technology","Consumer Discretionary",,64153.5,,73847.9
"INV",2018/9/6,"New GX Capital Holdings Pty Ltd","Unnamed Buyer",N/A,"Completed","Financials","N.A.",,,,
"M&A",2018/9/29,"Chibuku Products Ltd","Management Group,Ethos Private Equity Pty Ltd (Fund: Ethos Mezzanine Partners 3)",N/A,"Completed","Consumer Staples","Financials",,,,
"AST",2018/8/1,"West Rand Tailings Retreatment Project","DRDGOLD Ltd",N/A,"Completed","Materials","Materials",,7878.2,,12246
"M&A",2018/8/8,"Tyme Bank","African Rainbow Capital Investments Ltd",N/A,"Completed","Financials","Financials",,2557,,21129
"INV",2005/9/1,"Orion Telecom Investment Holdings Pte Ltd","Arch Equity Ltd",N/A,"Completed","Communications","Financials",,33.538,,543.967
"M&A",2005/9/1,"Cash Axcess Corp Pty Ltd","Bidvest Group Ltd/The",N/A,"Completed","Financials","Consumer Staples",,126605,,124590
"M&A",2005/9/2,"Buffelsfontein Gold Mines Ltd","Simmer & Jack Mines Pty Ltd",N/A,"Completed","Materials","Materials",1043.73,,1658.81,42.978
"M&A",2005/9/6,"Security World","Assa Abloy AB",N/A,"Completed","Industrials","Industrials",,278191,,374297
"M&A",2005/9/21,"Sancino Projects Ltd","Cape Empowerment Trust Ltd",N/A,"Completed","Financials","Financials",,57.928,,356.288
"M&A",2005/9/23,"Dana South Africa Pty Ltd","Control Instruments Group Pty Ltd",N/A,"Completed","Industrials","Industrials",,553.549,,329.789
"M&A",2005/9/23,"Basil Read Holdings Ltd","Amabubesi Investments Ltd,Metallon Ventures Ltd",N/A,"Completed","Industrials","Financials",4581.14,,2748.98,
"M&A",2005/9/26,"Eastern Goldfields SA Pty Ltd","Eastern Goldfields Inc",N/A,"Completed","Materials","Materials",,,,
"M&A",2005/9/28,"Consolidated Rock Machinery Ltd","Atlas Copco AB",N/A,"Completed","Consumer Discretionary","Industrials",,307277,,363668
"INV",2005/8/11,"Internet Solutions","Dimension Data Holdings PLC",N/A,"Completed","Technology","Technology",,54282.7,,36905.8
"INV",2005/8/15,"Callietha Investments Pty Ltd","Arysta LifeScience Corp",N/A,"Completed","Financials","Materials",,,,
"M&A",2005/8/25,"Fannor Trading 108 Ltd","Easton Minerals Ltd",N/A,"Completed","Materials","Materials",,,,
"SPIN",2005/8/17,"IFS Insurance Brokers Pty Ltd","Shareholders",N/A,"Completed","Financials","Financials",, ,, 
"INV",2005/7/5,"Protea Hospitality Corp","Private Investor",N/A,"Completed","Consumer Discretionary","N.A.",,,,
"INV",2005/7/5,"African operations","Yabohle Investmests Pty Ltd",N/A,"Completed","N.A.","Financials",,,,
"INV",2005/7/12,"African Phoenix Investments Ltd","Eyomhlaba Investment Holdings Ltd",N/A,"Completed","Financials","Financials",102.993,,1400.32,
"INV",2006/5/12,"Trans African Concessions Pty Ltd","African Infrastructure Investment Fund",N/A,"Completed","Industrials","Consumer Discretionary",,,,
"INV",2006/5/15,"Nkwe Platinum South Africa Pty Ltd","Blue Nightingale Trading 709 Pty Ltd",N/A,"Completed","Materials","Financials",,,,
"AST",2006/5/16,"Conveyor belting business","Peotona Group Holdings Pty Ltd",N/A,"Completed","N.A.","Industrials",,,,
"INV",2006/5/18,"Cash Axcess Corp Pty Ltd","Vodafone Group PLC",N/A,"Completed","Financials","Communications",,813593,,2.5496e+06
"M&A",2006/5/25,"Wire Products Stainless Steel Pty Ltd","Novametal SA",N/A,"Completed","Materials","Materials",,,,
"AST",2006/5/31,"Riviera property","Carlton Resources PLC",N/A,"Completed","N.A.","Materials",,,,4.09155
"M&A",2006/5/31,"Industrial Cable Suppliers Pty Ltd","Zest WEG Group Africa Pty Ltd,Medu Capital (Fund: Medu Capital Fund I)",N/A,"Completed","Industrials","Financials, Industrials",,,,
"SPIN",2006/5/5,"Heritage Warehousing Property Ltd","Shareholders",N/A,"Completed","N.A.","Materials",, ,, 
"AST",2006/3/1,"Flexibles Plastics Business","Polypaks Ltd",N/A,"Completed","N.A.","Materials",,,,
"M&A",2006/3/8,"Internet Solutions","Dimension Data Holdings PLC",N/A,"Completed","Technology","Technology",,54282.7,,36905.8
"M&A",2006/3/13,"Nalane Manaka","Werksmans Inc",N/A,"Completed","Industrials","Industrials",,,,
"M&A",2006/3/14,"Auto Carrier Transport Pty Ltd","Grindrod Ltd",N/A,"Completed","Industrials","Industrials",,5558.33,,16129.9
"M&A",2006/3/14,"Grindrod Perishable Cargo Agents","Grindrod Ltd",N/A,"Completed","Industrials","Industrials",,5558.33,,16129.9
"INV",2006/3/15,"South African business","Vuya Investments Pty Ltd",N/A,"Completed","N.A.","Financials",,,,
"INV",2006/3/16,"Igoda Coal Ltd","Eyesizwe Coal Ltd",N/A,"Completed","Consumer Discretionary","Materials",,,,
"M&A",2006/3/27,"Ultra Registers Ltd","Pacific Equity Partners Pty Ltd",N/A,"Completed","Financials","Financials",,,,
"M&A",2006/3/28,"Cross Country Containers Ltd","Grindrod Ltd",N/A,"Completed","Industrials","Industrials",,5558.33,,16129.9
"M&A",2006/3/30,"Hill Optics Pty Ltd","Hoya Corp",N/A,"Completed","Health Care","Technology",,109409,,139196
"JV",2006/3/23,"Credit Suisse Standard Securities Pty Ltd","",N/A,"Completed","N.A.","Financials, Financials",,,,
"M&A",2006/6/6,"Edward Nathan Pty Ltd","Sonnenberg Hoffman & Galombik Inc",N/A,"Completed","Financials","Financials",,,,
"INV",2006/6/16,"First Africa Group Holdings Ltd/South Africa","Standard Chartered PLC",N/A,"Completed","Industrials","Financials",,726513,,1.52408e+07
"M&A",2006/6/30,"HC van Wyk Diamonds Pty Ltd","Rockwell Diamonds Inc",N/A,"Completed","Materials","Materials",,,,0.234374
"JV",2006/6/15,"Denel Saab Aerostructures Pty Ltd","",N/A,"Completed","Industrials","Industrials, Industrials",,,,
"AST",2006/4/5,"Sugar unit/South Africa","Tiger Brands Ltd",N/A,"Completed","N.A.","Consumer Staples",,34392,,26955
"INV",2006/4/10,"Paramount Property Fund Ltd","BEE consortium",N/A,"Completed","Real Estate","N.A.",,,,
"INV",2006/4/12,"Kermas South Africa Pty Ltd","Ehlobo Holdings Pty Ltd",N/A,"Completed","Materials","Financials",,,,
"AST",2006/4/28,"Plastform business","Astrapak Ltd",N/A,"Completed","N.A.","Materials",,1348.37,,1840.51
"AST",2006/7/1,"Marula Platinum Mine","Mmakau Mining Ltd",N/A,"Completed","N.A.","Materials",,,,
"M&A",2006/7/1,"Diamonaire Exploration Pty Ltd","Iron Eagle Group Inc",N/A,"Completed","Materials","Industrials",,,,5.98802
"M&A",2006/7/3,"Imbani Coal Pty Ltd","Pembani Group Pty Ltd",N/A,"Completed","Materials","Financials",,,,
"AST",2006/7/4,"Hair color unit","Godrej Consumer Products Ltd",N/A,"Completed","N.A.","Consumer Staples",,29710.4,,38421.8
"M&A",2006/7/19,"Biocells Pty Ltd","Netcare Ltd",N/A,"Completed","Health Care","Health Care",,26344,,29225
"AST",2006/7/21,"Mining/South Africa","Peotona Group Holdings Pty Ltd,Motjoli Resources Pty Ltd",N/A,"Completed","N.A.","Industrials, Materials",,,,
"AST",2006/7/21,"Manufacturing related to mining","Peotona Group Holdings Pty Ltd,Motjoli Resources Pty Ltd",N/A,"Completed","N.A.","Industrials, Materials",,,,
"M&A",2006/7/26,"H&D Environmental Services","Perma-Pipe International Holdings Inc",N/A,"Completed","Industrials","Industrials",,3727.27,,3507.7
"AST",2006/1/24,"Stockbroking unit","Standard Bank Group Ltd",N/A,"Completed","N.A.","Financials",,307016,,3.62085e+06
"M&A",2006/1/31,"Andulela Investment Holdings Ltd","Zungu Investments Co Pty Ltd",N/A,"Completed","Financials","Financials",1539.39,,714.472,
"JV",2006/1/19,"Samsac Holdings Pty Ltd","",N/A,"Completed","Financials","Industrials, Financials",,,,
"M&A",2006/2/3,"Medscheme Ltd","Netpartner Investments Ltd",N/A,"Completed","Health Care","Financials",,,,
"INV",2006/2/8,"Merrill Lynch South Africa Pty Ltd","Consortium",N/A,"Completed","Financials","N.A.",,,,
"INV",2006/2/9,"Batsomi Investment Holdings Ltd","Investec Ltd",N/A,"Completed","Financials","Financials",,111529,,1.43453e+06
"M&A",2006/2/13,"Vector Securities & Derivatives Ltd","Vunani Ltd",N/A,"Completed","Financials","Financials",,808.796,,1989.22
"AST",2006/2/15,"DRFM Technology","Herley Industries Inc",N/A,"Completed","N.A.","Industrials",,,,
"M&A",2006/2/20,"Cumming Travel","Tourism Investment Corp Ltd",N/A,"Completed","Consumer Discretionary","Consumer Discretionary",,1623.78,,1328.08
"M&A",2006/2/22,"Integrator","Dentsu International Ltd",N/A,"Completed","Communications","Communications",,77946.7,,282616
"M&A",2006/2/22,"Uzzi","Truworths International Ltd",N/A,"Completed","Consumer Discretionary","Consumer Discretionary",,21323,,19904
"M&A",2006/2/22,"Uzzi","Truworths International Ltd",N/A,"Completed","Consumer Discretionary","Consumer Discretionary",,21323,,19904
"INV",2006/2/28,"Mototolo JV","Kagiso Trust Investments Ltd",N/A,"Completed","Materials","Financials",,,,
"JV",2006/2/3,"SmartSwitch Botswana Ltd","",N/A,"Completed","Financials","Financials, Financials",,,,
"M&A",2005/11/1,"Computicket Pty Ltd","Shoprite Holdings Ltd",N/A,"Completed","Communications","Consumer Staples",,256682,,124944
"AST",2005/11/3,"Non Vodacom Group assets","Newco",N/A,"Completed","N.A.","N.A.",,,,
"M&A",2005/11/9,"Scientific Group Pty Ltd/The","Tiger Brands Ltd",N/A,"Completed","Health Care","Consumer Staples",,34392,,26955
"INV",2005/11/10,"Assore Ltd","Shanduka Resources Ltd",N/A,"Completed","Materials","Materials",6301.57,,34106.3,
"M&A",2005/11/11,"Kermas South Africa Pty Ltd","International Mineral Resources Inc",N/A,"Completed","Materials","Materials",,,,
"AST",2005/11/17,"38 Bimbos/Engen franchisees","Famous Brands Ltd",N/A,"Completed","Energy","Consumer Staples",,8744.2,,3574.8
"AST",2005/11/18,"P&O Nedloyd's South Africa Operations","Mitsui OSK Lines Ltd",N/A,"Completed","N.A.","Industrials",,210690,,637960
"M&A",2005/11/30,"Q Lite","Iliad Africa Ltd",N/A,"Completed","Industrials","Consumer Discretionary",,4365.45,,1640.62
"M&A",2026/5/7,"PayCurve Pty Ltd","Paymenow Group Pty Ltd",N/A,"Completed","Financials","Financials",,,,
"M&A",2008/6/9,"Simayla Pharmaceuticals Pty Ltd","Zydus Lifesciences Ltd",N/A,"Completed","Health Care","Health Care",,52572.7,,94384.3
"M&A",2008/6/12,"MAB Auto Body Parts & Paint Centre Ltd","BASF SE",N/A,"Completed","Consumer Discretionary","Materials",,1.20432e+06,,1.48104e+06
"M&A",2008/6/20,"Sareco Engineering CC","SMT Scharf AG",N/A,"Completed","Industrials","Industrials",,2077.97,,3020.24
"M&A",2008/6/25,"Verizon South Africa Pty Ltd","MTN Group Ltd",N/A,"Completed","Communications","Communications",,226707,,498712
"M&A",2008/6/26,"Indaba Productions","Pure Communications",N/A,"Completed","Communications","Industrials",,,,
"M&A",2008/6/27,"i-Talk Cellular","MTN Group Ltd",N/A,"Completed","Communications","Communications",,226707,,498712
"M&A",2008/6/30,"Noah Financial Innovation Pty Ltd","Management Group",N/A,"Completed","Financials","N.A.",,,,
"M&A",2008/6/30,"Eris Property Group Pty Ltd","Management Group,Royal Bafokeng Holdings Pty Ltd,Tiso Group Pty Ltd",N/A,"Completed","Real Estate","Financials, Financials",,,,
"M&A",2008/7/1,"Callietha Investments Pty Ltd","Arysta LifeScience Corp",N/A,"Completed","Financials","Materials",,,,
"INV",2008/7/1,"Shell & BP South African Petroleum Refineries Pty Ltd","Thebe Investment Corp Pty Ltd",N/A,"Completed","Energy","Financials",,,,
"INV",2008/7/2,"East Balt SA","Astral Foods Ltd",N/A,"Completed","Consumer Staples","Consumer Staples",,22619.2,,9325.82
"M&A",2008/7/2,"Steadman Group","Dentsu International Ltd",N/A,"Completed","Communications","Communications",,77946.7,,282616
"M&A",2008/7/3,"Foskor Zirconia Pty Ltd","Carborundum Universal Ltd",N/A,"Completed","Materials","Materials",,10131.7,,9528.26
"INV",2008/7/7,"Bombela Concession Co Pty Ltd","Absa Group Ltd,J&J Group",N/A,"Completed","Industrials","Financials, Industrials",,,,
"AST",2008/7/8,"Safair Lease Finance Pty Ltd,Imperial Aviation Division","Aergo Capital Ltd",N/A,"Completed","Financials","Financials",,463.968,,749.513
"INV",2008/7/13,"Intaka Tech","New Bond Capital Ltd,Unnamed Buyer",N/A,"Completed","Utilities","Financials",,,,
"M&A",2008/7/14,"Le Sel Research Pty Ltd","Lexshell 103 General Trading Pty Ltd,Lexshell 104 General Trading Pty Ltd,Lexshell 766 Investments Pty Ltd",N/A,"Completed","Industrials","Industrials, Industrials, Industrials",,,,
"INV",2008/7/18,"Laser Measurement Pty Ltd","K-Tek Corp LLC",N/A,"Completed","Industrials","Industrials",,,,
"INV",2008/7/29,"Securex","UBM Ltd/Jersey",N/A,"Completed","Industrials","Communications",,17201.8,,41086.9
"M&A",2008/7/31,"Rentmeester Assurance Ltd","Channel Life Ltd",N/A,"Completed","Financials","Financials",,,,
"M&A",2008/4/1,"Adcock Ingram Ltd","Adcock Ingram Holdings Ltd",N/A,"Completed","Health Care","Health Care",,9760.33,,8735.68
"AST",2008/4/1,"Yelland Control/ZA","Omron Corp",N/A,"Completed","N.A.","Industrials",,88583.5,,162240
"M&A",2008/4/1,"Bowman Cranes Pty Ltd","Hiab Oyj",N/A,"Completed","Industrials","Industrials",,31417.7,,31656.9
"INV",2008/4/1,"Movile Internet Movel SA","Private Investor,Montague International Holding Ltd,Prosus Ventures",N/A,"Completed","Industrials","Communications, Financials",3051.5,,2098.1,
"AST",2008/4/2,"Manufacturing business","Petch Fabricators Pty Ltd",N/A,"Completed","N.A.","Industrials",,,,
"INV",2008/4/3,"Editors Inc","Moneyweb Holdings Ltd",N/A,"Completed","Communications","Communications",,28.304,,22.084
"M&A",2008/4/7,"Doosan Infracore South Africa Pty Ltd","Invicta Holdings Ltd",N/A,"Completed","Industrials","Consumer Discretionary",,8442.75,,9603.56
